"sequence_rank","queried_miRNA","circRNA_seed_2_8","circRNA_weighted_seed_score","target_symbol","target_entrez","target_ensembl","best_TargetScan_score","mean_TargetScan_score","n_TargetScan_records","Entrez_ID"
2,"hsa-miR-5197-5p","AAUGGCA",6,"BTBD8","284697","ENSG00000189195",-0.893,-0.893,1,"284697"
2,"hsa-miR-5197-5p","AAUGGCA",6,"PIGP","51227","ENSG00000185808",-0.856,-0.856,1,"51227"
2,"hsa-miR-5197-5p","AAUGGCA",6,"EMC7","56851","ENSG00000134153",-0.711,-0.711,1,"56851"
2,"hsa-miR-5197-5p","AAUGGCA",6,"UPP1","7378","ENSG00000183696",-0.704,-0.704,1,"7378"
2,"hsa-miR-5197-5p","AAUGGCA",6,"CENPX","201254","ENSG00000169689",-0.702,-0.702,1,"201254"
2,"hsa-miR-5197-5p","AAUGGCA",6,"TIGD7","91151","ENSG00000140993",-0.674,-0.674,1,"91151"
2,"hsa-miR-5197-5p","AAUGGCA",6,"PTPRZ1","5803","ENSG00000106278",-0.662,-0.662,1,"5803"
2,"hsa-miR-5197-5p","AAUGGCA",6,"OR8J1","219477","ENSG00000172487",-0.63,-0.63,1,"219477"
2,"hsa-miR-5197-5p","AAUGGCA",6,"COX7C","1350","ENSG00000127184",-0.62,-0.422,2,"1350"
2,"hsa-miR-5197-5p","AAUGGCA",6,"TXNL1","9352","ENSG00000091164",-0.618,-0.4125,2,"9352"
2,"hsa-miR-5197-5p","AAUGGCA",6,"RNF208","727800","ENSG00000212864",-0.609,-0.609,1,"727800"
2,"hsa-miR-5197-5p","AAUGGCA",6,"SAP18","10284","ENSG00000150459",-0.608,-0.608,1,"10284"
2,"hsa-miR-5197-5p","AAUGGCA",6,"FUCA2","2519","ENSG00000001036",-0.591,-0.591,1,"2519"
2,"hsa-miR-5197-5p","AAUGGCA",6,"MYC","4609","ENSG00000136997",-0.585,-0.585,1,"4609"
2,"hsa-miR-5197-5p","AAUGGCA",6,"CFL2","1073","ENSG00000165410",-0.578,-0.578,1,"1073"
2,"hsa-miR-5197-5p","AAUGGCA",6,"AFMID","125061","ENSG00000183077",-0.572,-0.572,1,"125061"
2,"hsa-miR-5197-5p","AAUGGCA",6,"CCDC190","339512","ENSG00000185860",-0.571,-0.571,1,"339512"
2,"hsa-miR-5197-5p","AAUGGCA",6,"TEX26","122046","ENSG00000175664",-0.562,-0.562,1,"122046"
2,"hsa-miR-5197-5p","AAUGGCA",6,"AGO2","27161","ENSG00000123908",-0.561,-0.561,1,"27161"
2,"hsa-miR-5197-5p","AAUGGCA",6,"SNRNP27","11017","ENSG00000124380",-0.556,-0.556,1,"11017"
2,"hsa-miR-5197-5p","AAUGGCA",6,"OSGIN2","734","ENSG00000164823",-0.554,-0.554,1,"734"
2,"hsa-miR-5197-5p","AAUGGCA",6,"FCER1G","2207","ENSG00000158869",-0.549,-0.549,1,"2207"
2,"hsa-miR-5197-5p","AAUGGCA",6,"CSAD","51380","ENSG00000139631",-0.548,-0.548,1,"51380"
2,"hsa-miR-5197-5p","AAUGGCA",6,"CHRAC1","54108","ENSG00000104472",-0.545,-0.545,1,"54108"
2,"hsa-miR-5197-5p","AAUGGCA",6,"ANXA5","308","ENSG00000164111",-0.538,-0.538,1,"308"
2,"hsa-miR-5197-5p","AAUGGCA",6,"NSA2","10412","ENSG00000164346",-0.538,-0.538,1,"10412"
2,"hsa-miR-5197-5p","AAUGGCA",6,"RFESD","317671","ENSG00000175449",-0.534,-0.534,1,"317671"
2,"hsa-miR-5197-5p","AAUGGCA",6,"GBP3","2635","ENSG00000117226",-0.527,-0.527,1,"2635"
2,"hsa-miR-5197-5p","AAUGGCA",6,"XCL1","6375","ENSG00000143184",-0.525,-0.525,1,"6375"
2,"hsa-miR-5197-5p","AAUGGCA",6,"AL627171.2",NA,"ENSG00000269832",-0.524,-0.524,1,NA
2,"hsa-miR-5197-5p","AAUGGCA",6,"MPV17L2","84769","ENSG00000254858",-0.522,-0.522,1,"84769"
2,"hsa-miR-5197-5p","AAUGGCA",6,"NHLRC1","378884","ENSG00000187566",-0.516,-0.516,1,"378884"
2,"hsa-miR-5197-5p","AAUGGCA",6,"KLRF1","51348","ENSG00000150045",-0.507,-0.507,1,"51348"
2,"hsa-miR-5197-5p","AAUGGCA",6,"MRPL22","29093","ENSG00000082515",-0.504,-0.504,1,"29093"
2,"hsa-miR-5197-5p","AAUGGCA",6,"C4orf19","55286","ENSG00000154274",-0.503,-0.503,1,"55286"
2,"hsa-miR-5197-5p","AAUGGCA",6,"BOC","91653","ENSG00000144857",-0.499,-0.388,2,"91653"
2,"hsa-miR-5197-5p","AAUGGCA",6,"TRMT6","51605","ENSG00000089195",-0.498,-0.498,1,"51605"
2,"hsa-miR-5197-5p","AAUGGCA",6,"RPS4X","6191","ENSG00000198034",-0.492,-0.492,1,"6191"
2,"hsa-miR-5197-5p","AAUGGCA",6,"MED21","9412","ENSG00000152944",-0.489,-0.489,1,"9412"
2,"hsa-miR-5197-5p","AAUGGCA",6,"HOXA5","3202","ENSG00000106004",-0.484,-0.484,1,"3202"
2,"hsa-miR-5197-5p","AAUGGCA",6,"NUDT5","11164","ENSG00000165609",-0.484,-0.339,2,"11164"
2,"hsa-miR-5197-5p","AAUGGCA",6,"VAMP3","9341","ENSG00000049245",-0.484,-0.484,1,"9341"
2,"hsa-miR-5197-5p","AAUGGCA",6,"TPO","7173","ENSG00000115705",-0.481,-0.481,1,"7173"
2,"hsa-miR-5197-5p","AAUGGCA",6,"UBAC2","337867","ENSG00000134882",-0.47,-0.47,1,"337867"
2,"hsa-miR-5197-5p","AAUGGCA",6,"ACTRT1","139741","ENSG00000123165",-0.465,-0.465,1,"139741"
2,"hsa-miR-5197-5p","AAUGGCA",6,"GLE1","2733","ENSG00000119392",-0.46,-0.46,1,"2733"
2,"hsa-miR-5197-5p","AAUGGCA",6,"GVQW1",NA,"ENSG00000241043",-0.46,-0.46,1,NA
2,"hsa-miR-5197-5p","AAUGGCA",6,"PSAT1","29968","ENSG00000135069",-0.459,-0.459,1,"29968"
2,"hsa-miR-5197-5p","AAUGGCA",6,"CHMP2B","25978","ENSG00000083937",-0.458,-0.3335,2,"25978"
2,"hsa-miR-5197-5p","AAUGGCA",6,"KDELR2","11014","ENSG00000136240",-0.456,-0.456,1,"11014"
2,"hsa-miR-5197-5p","AAUGGCA",6,"CRISP1","167","ENSG00000124812",-0.452,-0.363,2,"167"
2,"hsa-miR-5197-5p","AAUGGCA",6,"CRISPLD1","83690","ENSG00000121005",-0.451,-0.451,1,"83690"
2,"hsa-miR-5197-5p","AAUGGCA",6,"PGM2","55276","ENSG00000169299",-0.45,-0.45,1,"55276"
2,"hsa-miR-5197-5p","AAUGGCA",6,"MGAT4EP",NA,"ENSG00000184774",-0.449,-0.449,1,"641515"
2,"hsa-miR-5197-5p","AAUGGCA",6,"STEAP2","261729","ENSG00000157214",-0.449,-0.3855,2,"261729"
2,"hsa-miR-5197-5p","AAUGGCA",6,"MTO1","25821","ENSG00000135297",-0.448,-0.448,1,"25821"
2,"hsa-miR-5197-5p","AAUGGCA",6,"SDHD","6392","ENSG00000204370",-0.448,-0.448,1,"6392"
2,"hsa-miR-5197-5p","AAUGGCA",6,"SH3BGRL","6451","ENSG00000131171",-0.448,-0.448,1,"6451"
2,"hsa-miR-5197-5p","AAUGGCA",6,"CBX3","11335","ENSG00000122565",-0.447,-0.447,1,"11335"
2,"hsa-miR-5197-5p","AAUGGCA",6,"DDX41","51428","ENSG00000183258",-0.447,-0.447,1,"51428"
2,"hsa-miR-5197-5p","AAUGGCA",6,"TANK","10010","ENSG00000136560",-0.446,-0.446,1,"10010"
2,"hsa-miR-5197-5p","AAUGGCA",6,"MATN3","4148","ENSG00000132031",-0.444,-0.3465,2,"4148"
2,"hsa-miR-5197-5p","AAUGGCA",6,"RPAP3","79657","ENSG00000005175",-0.443,-0.443,1,"79657"
2,"hsa-miR-5197-5p","AAUGGCA",6,"STK33","65975","ENSG00000130413",-0.441,-0.441,1,"65975"
2,"hsa-miR-5197-5p","AAUGGCA",6,"ZNF345","25850","ENSG00000251247",-0.44,-0.44,1,"25850"
2,"hsa-miR-5197-5p","AAUGGCA",6,"WNT8B","7479","ENSG00000075290",-0.439,-0.439,1,"7479"
2,"hsa-miR-5197-5p","AAUGGCA",6,"SIL1","64374","ENSG00000120725",-0.437,-0.333,2,"64374"
2,"hsa-miR-5197-5p","AAUGGCA",6,"USP10","9100","ENSG00000103194",-0.435,-0.435,1,"9100"
2,"hsa-miR-5197-5p","AAUGGCA",6,"RABGGTB","5876","ENSG00000137955",-0.434,-0.434,1,"5876"
2,"hsa-miR-5197-5p","AAUGGCA",6,"IL1A","3552","ENSG00000115008",-0.431,-0.431,1,"3552"
2,"hsa-miR-5197-5p","AAUGGCA",6,"ACAP1","9744","ENSG00000072818",-0.43,-0.43,1,"9744"
2,"hsa-miR-5197-5p","AAUGGCA",6,"RDH16","8608","ENSG00000139547",-0.43,-0.43,1,"8608"
2,"hsa-miR-5197-5p","AAUGGCA",6,"TRAM1","23471","ENSG00000067167",-0.429,-0.317,2,"23471"
2,"hsa-miR-5197-5p","AAUGGCA",6,"HIKESHI","51501","ENSG00000149196",-0.427,-0.3095,2,"51501"
2,"hsa-miR-5197-5p","AAUGGCA",6,"RBM3","5935","ENSG00000102317",-0.427,-0.427,1,"5935"
2,"hsa-miR-5197-5p","AAUGGCA",6,"RECQL","5965","ENSG00000004700",-0.426,-0.426,1,"5965"
2,"hsa-miR-5197-5p","AAUGGCA",6,"UBE2D1","7321","ENSG00000072401",-0.426,-0.426,1,"7321"
2,"hsa-miR-5197-5p","AAUGGCA",6,"ODF2L","57489","ENSG00000122417",-0.422,-0.422,1,"57489"
2,"hsa-miR-5197-5p","AAUGGCA",6,"SRP68","6730","ENSG00000167881",-0.422,-0.422,1,"6730"
2,"hsa-miR-5197-5p","AAUGGCA",6,"ATL2","64225","ENSG00000119787",-0.421,-0.421,1,"64225"
2,"hsa-miR-5197-5p","AAUGGCA",6,"ILF3","3609","ENSG00000129351",-0.419,-0.419,1,"3609"
2,"hsa-miR-5197-5p","AAUGGCA",6,"MAN2B1","4125","ENSG00000104774",-0.419,-0.419,1,"4125"
2,"hsa-miR-5197-5p","AAUGGCA",6,"CENPA","1058","ENSG00000115163",-0.418,-0.351,2,"1058"
2,"hsa-miR-5197-5p","AAUGGCA",6,"CPB2","1361","ENSG00000080618",-0.418,-0.418,1,"1361"
2,"hsa-miR-5197-5p","AAUGGCA",6,"GJB2","2706","ENSG00000165474",-0.418,-0.418,1,"2706"
2,"hsa-miR-5197-5p","AAUGGCA",6,"SLC35A3","23443","ENSG00000117620",-0.417,-0.417,1,"23443"
2,"hsa-miR-5197-5p","AAUGGCA",6,"ZNF501","115560","ENSG00000186446",-0.416,-0.416,1,"115560"
2,"hsa-miR-5197-5p","AAUGGCA",6,"TBCB","1155","ENSG00000105254",-0.415,-0.415,1,"1155"
2,"hsa-miR-5197-5p","AAUGGCA",6,"C15orf48","84419","ENSG00000166920",-0.414,-0.414,1,"84419"
2,"hsa-miR-5197-5p","AAUGGCA",6,"MPDZ","8777","ENSG00000107186",-0.411,-0.411,1,"8777"
2,"hsa-miR-5197-5p","AAUGGCA",6,"TTC8","123016","ENSG00000165533",-0.411,-0.411,1,"123016"
2,"hsa-miR-5197-5p","AAUGGCA",6,"FGF20","26281","ENSG00000078579",-0.41,-0.41,1,"26281"
2,"hsa-miR-5197-5p","AAUGGCA",6,"GBP1","2633","ENSG00000117228",-0.41,-0.41,1,"2633"
2,"hsa-miR-5197-5p","AAUGGCA",6,"NREP","9315","ENSG00000134986",-0.408,-0.408,1,"9315"
2,"hsa-miR-5197-5p","AAUGGCA",6,"PCYOX1","51449","ENSG00000116005",-0.408,-0.408,1,"51449"
2,"hsa-miR-5197-5p","AAUGGCA",6,"HMGB4","127540","ENSG00000176256",-0.405,-0.405,1,"127540"
2,"hsa-miR-5197-5p","AAUGGCA",6,"NEMF","9147","ENSG00000165525",-0.403,-0.403,1,"9147"
2,"hsa-miR-5197-5p","AAUGGCA",6,"CSTF1","1477","ENSG00000101138",-0.401,-0.401,1,"1477"
2,"hsa-miR-5197-5p","AAUGGCA",6,"DEPDC4","120863","ENSG00000166153",-0.401,-0.401,1,"120863"
2,"hsa-miR-5197-5p","AAUGGCA",6,"BMI1","648","ENSG00000168283",-0.4,-0.4,1,"648"
2,"hsa-miR-5197-5p","AAUGGCA",6,"ZFAND4","93550","ENSG00000172671",-0.397,-0.397,1,"93550"
2,"hsa-miR-5197-5p","AAUGGCA",6,"PET100","100131801","ENSG00000229833",-0.395,-0.395,1,"100131801"
2,"hsa-miR-5197-5p","AAUGGCA",6,"ATP6V0E1","8992","ENSG00000113732",-0.394,-0.306,2,"8992"
2,"hsa-miR-5197-5p","AAUGGCA",6,"CRYBG3","131544","ENSG00000080200",-0.394,-0.394,1,"131544"
2,"hsa-miR-5197-5p","AAUGGCA",6,"C19orf12","83636","ENSG00000131943",-0.393,-0.393,1,"83636"
2,"hsa-miR-5197-5p","AAUGGCA",6,"PHKB","5257","ENSG00000102893",-0.392,-0.306,2,"5257"
2,"hsa-miR-5197-5p","AAUGGCA",6,"GLRX","2745","ENSG00000173221",-0.388,-0.388,1,"2745"
2,"hsa-miR-5197-5p","AAUGGCA",6,"LRRC31","79782","ENSG00000114248",-0.388,-0.388,1,"79782"
2,"hsa-miR-5197-5p","AAUGGCA",6,"CAMTA2","23125","ENSG00000108509",-0.385,-0.385,1,"23125"
2,"hsa-miR-5197-5p","AAUGGCA",6,"APOBEC1","339","ENSG00000111701",-0.384,-0.384,1,"339"
2,"hsa-miR-5197-5p","AAUGGCA",6,"HOXA11","3207","ENSG00000005073",-0.384,-0.384,1,"3207"
2,"hsa-miR-5197-5p","AAUGGCA",6,"ZFP36L2","678","ENSG00000152518",-0.384,-0.384,1,"678"
2,"hsa-miR-5197-5p","AAUGGCA",6,"CHIC1","53344","ENSG00000204116",-0.381,-0.381,1,"53344"
2,"hsa-miR-5197-5p","AAUGGCA",6,"CX3CR1","1524","ENSG00000168329",-0.381,-0.381,1,"1524"
2,"hsa-miR-5197-5p","AAUGGCA",6,"OARD1","221443","ENSG00000124596",-0.381,-0.381,1,"221443"
2,"hsa-miR-5197-5p","AAUGGCA",6,"TMEM50B","757","ENSG00000142188",-0.381,-0.381,1,"757"
2,"hsa-miR-5197-5p","AAUGGCA",6,"TMSB4X","7114","ENSG00000205542",-0.381,-0.381,1,"7114"
2,"hsa-miR-5197-5p","AAUGGCA",6,"ZNF135","7694","ENSG00000176293",-0.38,-0.38,1,"7694"
2,"hsa-miR-5197-5p","AAUGGCA",6,"AP1AR","55435","ENSG00000138660",-0.379,-0.379,1,"55435"
2,"hsa-miR-5197-5p","AAUGGCA",6,"GBP2","2634","ENSG00000162645",-0.379,-0.379,1,"2634"
2,"hsa-miR-5197-5p","AAUGGCA",6,"RNF4","6047","ENSG00000063978",-0.379,-0.379,1,"6047"
2,"hsa-miR-5197-5p","AAUGGCA",6,"CCDC15","80071","ENSG00000149548",-0.378,-0.378,1,"80071"
2,"hsa-miR-5197-5p","AAUGGCA",6,"RRBP1","6238","ENSG00000125844",-0.378,-0.378,1,"6238"
2,"hsa-miR-5197-5p","AAUGGCA",6,"FYTTD1","84248","ENSG00000122068",-0.376,-0.3045,2,"84248"
2,"hsa-miR-5197-5p","AAUGGCA",6,"KNG1","3827","ENSG00000113889",-0.376,-0.376,1,"3827"
2,"hsa-miR-5197-5p","AAUGGCA",6,"SLC25A48","153328","ENSG00000145832",-0.376,-0.376,1,"153328"
2,"hsa-miR-5197-5p","AAUGGCA",6,"BNIP3L","665","ENSG00000104765",-0.373,-0.373,1,"665"
2,"hsa-miR-5197-5p","AAUGGCA",6,"TSC22D1","8848","ENSG00000102804",-0.372,-0.372,1,"8848"
2,"hsa-miR-5197-5p","AAUGGCA",6,"BOLA2","552900","ENSG00000183336",-0.371,-0.371,2,"552900"
2,"hsa-miR-5197-5p","AAUGGCA",6,"BOLA2B","552900","ENSG00000169627",-0.371,-0.371,2,"654483"
2,"hsa-miR-5197-5p","AAUGGCA",6,"RBM22","55696","ENSG00000086589",-0.371,-0.371,1,"55696"
2,"hsa-miR-5197-5p","AAUGGCA",6,"SMIM19","114926","ENSG00000176209",-0.371,-0.371,1,"114926"
2,"hsa-miR-5197-5p","AAUGGCA",6,"ZFP69B","65243","ENSG00000187801",-0.371,-0.371,1,"65243"
2,"hsa-miR-5197-5p","AAUGGCA",6,"ABCG2","9429","ENSG00000118777",-0.37,-0.37,1,"9429"
2,"hsa-miR-5197-5p","AAUGGCA",6,"BLOC1S6","26258","ENSG00000104164",-0.37,-0.37,1,"26258"
2,"hsa-miR-5197-5p","AAUGGCA",6,"GPAT4","137964","ENSG00000158669",-0.37,-0.37,1,"137964"
2,"hsa-miR-5197-5p","AAUGGCA",6,"ADCYAP1","116","ENSG00000141433",-0.369,-0.369,1,"116"
2,"hsa-miR-5197-5p","AAUGGCA",6,"COMMD3-BMI1","100532731","ENSG00000269897",-0.369,-0.369,1,"100532731"
2,"hsa-miR-5197-5p","AAUGGCA",6,"SIX1","6495","ENSG00000126778",-0.367,-0.367,1,"6495"
2,"hsa-miR-5197-5p","AAUGGCA",6,"ZNF561-AS1",NA,"ENSG00000267106",-0.367,-0.367,1,"284385"
2,"hsa-miR-5197-5p","AAUGGCA",6,"ASB4","51666","ENSG00000005981",-0.365,-0.365,1,"51666"
2,"hsa-miR-5197-5p","AAUGGCA",6,"ASIC5","51802","ENSG00000256394",-0.365,-0.365,1,"51802"
2,"hsa-miR-5197-5p","AAUGGCA",6,"TMEM161B","153396","ENSG00000164180",-0.365,-0.365,1,"153396"
2,"hsa-miR-5197-5p","AAUGGCA",6,"MTURN","222166","ENSG00000180354",-0.364,-0.2805,2,"222166"
2,"hsa-miR-5197-5p","AAUGGCA",6,"ANXA8",NA,"ENSG00000165390",-0.363,-0.363,1,"653145"
2,"hsa-miR-5197-5p","AAUGGCA",6,"ANXA8L1",NA,"ENSG00000150165",-0.363,-0.363,1,"728113"
2,"hsa-miR-5197-5p","AAUGGCA",6,"ANXA8L2",NA,"ENSG00000186807",-0.363,-0.363,1,NA
2,"hsa-miR-5197-5p","AAUGGCA",6,"CILP","8483","ENSG00000138615",-0.363,-0.363,1,"8483"
2,"hsa-miR-5197-5p","AAUGGCA",6,"CLDND1","56650","ENSG00000080822",-0.363,-0.363,1,"56650"
2,"hsa-miR-5197-5p","AAUGGCA",6,"SLC35G2","80723","ENSG00000168917",-0.363,-0.363,1,"80723"
2,"hsa-miR-5197-5p","AAUGGCA",6,"VIPR1","7433","ENSG00000114812",-0.363,-0.363,1,"7433"
2,"hsa-miR-5197-5p","AAUGGCA",6,"ABRACL","58527","ENSG00000146386",-0.362,-0.362,1,"58527"
2,"hsa-miR-5197-5p","AAUGGCA",6,"CNOT10","25904","ENSG00000182973",-0.362,-0.362,1,"25904"
2,"hsa-miR-5197-5p","AAUGGCA",6,"DCTN3","11258","ENSG00000137100",-0.362,-0.362,1,"11258"
2,"hsa-miR-5197-5p","AAUGGCA",6,"FAM180B","399888","ENSG00000196666",-0.362,-0.362,1,"399888"
2,"hsa-miR-5197-5p","AAUGGCA",6,"ICA1","3382","ENSG00000003147",-0.362,-0.362,1,"3382"
2,"hsa-miR-5197-5p","AAUGGCA",6,"PRRG4","79056","ENSG00000135378",-0.36,-0.36,1,"79056"
2,"hsa-miR-5197-5p","AAUGGCA",6,"GID4","79018","ENSG00000141034",-0.359,-0.359,1,"79018"
2,"hsa-miR-5197-5p","AAUGGCA",6,"PRKAA1","5562","ENSG00000132356",-0.359,-0.359,1,"5562"
2,"hsa-miR-5197-5p","AAUGGCA",6,"PRKD1","5587","ENSG00000184304",-0.358,-0.358,1,"5587"
2,"hsa-miR-5197-5p","AAUGGCA",6,"KLHL38","340359","ENSG00000175946",-0.357,-0.357,1,"340359"
2,"hsa-miR-5197-5p","AAUGGCA",6,"MAPKAPK2","9261","ENSG00000162889",-0.357,-0.357,1,"9261"
2,"hsa-miR-5197-5p","AAUGGCA",6,"NUBP2","10101","ENSG00000095906",-0.356,-0.356,1,"10101"
2,"hsa-miR-5197-5p","AAUGGCA",6,"IL7R","3575","ENSG00000168685",-0.355,-0.355,1,"3575"
2,"hsa-miR-5197-5p","AAUGGCA",6,"NAA11","84779","ENSG00000156269",-0.355,-0.2695,2,"84779"
2,"hsa-miR-5197-5p","AAUGGCA",6,"STC1","6781","ENSG00000159167",-0.355,-0.355,1,"6781"
2,"hsa-miR-5197-5p","AAUGGCA",6,"RPUSD4","84881","ENSG00000165526",-0.354,-0.354,1,"84881"
2,"hsa-miR-5197-5p","AAUGGCA",6,"PABIR2","159090","ENSG00000156504",-0.352,-0.352,1,"159090"
2,"hsa-miR-5197-5p","AAUGGCA",6,"CILK1","22858","ENSG00000112144",-0.351,-0.351,1,"22858"
2,"hsa-miR-5197-5p","AAUGGCA",6,"CPA2","1358","ENSG00000158516",-0.351,-0.351,1,"1358"
2,"hsa-miR-5197-5p","AAUGGCA",6,"MBOAT2","129642","ENSG00000143797",-0.351,-0.351,1,"129642"
2,"hsa-miR-5197-5p","AAUGGCA",6,"PARP2","10038","ENSG00000129484",-0.351,-0.351,1,"10038"
2,"hsa-miR-5197-5p","AAUGGCA",6,"G6PD","2539","ENSG00000160211",-0.35,-0.35,1,"2539"
2,"hsa-miR-5197-5p","AAUGGCA",6,"TERF1","7013","ENSG00000147601",-0.35,-0.35,1,"7013"
2,"hsa-miR-5197-5p","AAUGGCA",6,"CA1","759","ENSG00000133742",-0.348,-0.348,1,"759"
2,"hsa-miR-5197-5p","AAUGGCA",6,"KRTAP13-4","284827","ENSG00000186971",-0.348,-0.348,1,"284827"
2,"hsa-miR-5197-5p","AAUGGCA",6,"RHBDF1","64285","ENSG00000007384",-0.348,-0.348,1,"64285"
2,"hsa-miR-5197-5p","AAUGGCA",6,"C8orf34-AS1",NA,"ENSG00000248801",-0.346,-0.346,1,"286189"
2,"hsa-miR-5197-5p","AAUGGCA",6,"NCOA6","23054","ENSG00000198646",-0.346,-0.346,1,"23054"
2,"hsa-miR-5197-5p","AAUGGCA",6,"CERS5","91012","ENSG00000139624",-0.345,-0.345,1,"91012"
2,"hsa-miR-5197-5p","AAUGGCA",6,"PIR","8544","ENSG00000087842",-0.345,-0.345,1,"8544"
2,"hsa-miR-5197-5p","AAUGGCA",6,"TPD52L3","89882","ENSG00000170777",-0.345,-0.345,1,"89882"
2,"hsa-miR-5197-5p","AAUGGCA",6,"VAMP7","6845","ENSG00000124333",-0.345,-0.345,1,"6845"
2,"hsa-miR-5197-5p","AAUGGCA",6,"SLC38A8","146167","ENSG00000166558",-0.344,-0.344,1,"146167"
2,"hsa-miR-5197-5p","AAUGGCA",6,"CTAGE9","643854","ENSG00000236761",-0.343,-0.343,1,"643854"
2,"hsa-miR-5197-5p","AAUGGCA",6,"MBNL1","4154","ENSG00000152601",-0.343,-0.343,1,"4154"
2,"hsa-miR-5197-5p","AAUGGCA",6,"ETFRF1","144363","ENSG00000205707",-0.342,-0.342,1,"144363"
2,"hsa-miR-5197-5p","AAUGGCA",6,"SELENOK","58515","ENSG00000113811",-0.342,-0.342,1,"58515"
2,"hsa-miR-5197-5p","AAUGGCA",6,"SLC25A52","147407","ENSG00000141437",-0.342,-0.342,1,"147407"
2,"hsa-miR-5197-5p","AAUGGCA",6,"CENPU","79682","ENSG00000151725",-0.341,-0.341,1,"79682"
2,"hsa-miR-5197-5p","AAUGGCA",6,"ZNF24","7572","ENSG00000172466",-0.341,-0.341,1,"7572"
2,"hsa-miR-5197-5p","AAUGGCA",6,"MICOS13","125988","ENSG00000174917",-0.34,-0.34,1,"125988"
2,"hsa-miR-5197-5p","AAUGGCA",6,"PAFAH1B2","5049","ENSG00000168092",-0.34,-0.34,1,"5049"
2,"hsa-miR-5197-5p","AAUGGCA",6,"DAOA","267012","ENSG00000182346",-0.339,-0.28,2,"267012"
2,"hsa-miR-5197-5p","AAUGGCA",6,"CMPK1","51727","ENSG00000162368",-0.338,-0.338,1,"51727"
2,"hsa-miR-5197-5p","AAUGGCA",6,"CTAGE8","100142659","ENSG00000244693",-0.337,-0.337,1,"100142659"
2,"hsa-miR-5197-5p","AAUGGCA",6,"HS6ST2","90161","ENSG00000171004",-0.337,-0.337,1,"90161"
2,"hsa-miR-5197-5p","AAUGGCA",6,"PBOV1","59351","ENSG00000254440",-0.336,-0.336,1,"59351"
2,"hsa-miR-5197-5p","AAUGGCA",6,"SOCS4","122809","ENSG00000180008",-0.336,-0.26,2,"122809"
2,"hsa-miR-5197-5p","AAUGGCA",6,"BCL2","596","ENSG00000171791",-0.335,-0.335,1,"596"
2,"hsa-miR-5197-5p","AAUGGCA",6,"TRIM6","117854","ENSG00000121236",-0.334,-0.334,1,"117854"
2,"hsa-miR-5197-5p","AAUGGCA",6,"CYP20A1","57404","ENSG00000119004",-0.333,-0.333,1,"57404"
2,"hsa-miR-5197-5p","AAUGGCA",6,"DERL2","51009","ENSG00000072849",-0.333,-0.333,1,"51009"
2,"hsa-miR-5197-5p","AAUGGCA",6,"DNAJC9","23234","ENSG00000213551",-0.333,-0.333,1,"23234"
2,"hsa-miR-5197-5p","AAUGGCA",6,"SKAP2","8935","ENSG00000005020",-0.332,-0.332,1,"8935"
2,"hsa-miR-5197-5p","AAUGGCA",6,"SPRTN","83932","ENSG00000010072",-0.332,-0.332,1,"83932"
2,"hsa-miR-5197-5p","AAUGGCA",6,"GLUL","2752","ENSG00000135821",-0.331,-0.331,1,"2752"
2,"hsa-miR-5197-5p","AAUGGCA",6,"PFN2","5217","ENSG00000070087",-0.331,-0.331,1,"5217"
2,"hsa-miR-5197-5p","AAUGGCA",6,"SAFB2","9667","ENSG00000130254",-0.331,-0.331,1,"9667"
2,"hsa-miR-5197-5p","AAUGGCA",6,"ADAM17","6868","ENSG00000151694",-0.329,-0.329,1,"6868"
2,"hsa-miR-5197-5p","AAUGGCA",6,"ZNF675","171392","ENSG00000197372",-0.329,-0.266,2,"171392"
2,"hsa-miR-5197-5p","AAUGGCA",6,"FGF13","2258","ENSG00000129682",-0.328,-0.328,1,"2258"
2,"hsa-miR-5197-5p","AAUGGCA",6,"TRIM52","84851","ENSG00000183718",-0.328,-0.328,1,"84851"
2,"hsa-miR-5197-5p","AAUGGCA",6,"ASAH2B","653308","ENSG00000204147",-0.327,-0.2755,2,"653308"
2,"hsa-miR-5197-5p","AAUGGCA",6,"PAX4","5078","ENSG00000106331",-0.327,-0.327,1,"5078"
2,"hsa-miR-5197-5p","AAUGGCA",6,"PCDHB3","56132","ENSG00000113205",-0.327,-0.327,1,"56132"
2,"hsa-miR-5197-5p","AAUGGCA",6,"ZNF599","148103","ENSG00000153896",-0.327,-0.327,1,"148103"
2,"hsa-miR-5197-5p","AAUGGCA",6,"ZNF91","7644","ENSG00000167232",-0.327,-0.2585,2,"7644"
2,"hsa-miR-5197-5p","AAUGGCA",6,"RHOXF2","84528","ENSG00000131721",-0.325,-0.325,1,"84528"
2,"hsa-miR-5197-5p","AAUGGCA",6,"SMIM14","201895","ENSG00000163683",-0.325,-0.2515,2,"201895"
2,"hsa-miR-5197-5p","AAUGGCA",6,"ARL15","54622","ENSG00000185305",-0.323,-0.323,1,"54622"
2,"hsa-miR-5197-5p","AAUGGCA",6,"SLC25A16","8034","ENSG00000122912",-0.323,-0.323,1,"8034"
2,"hsa-miR-5197-5p","AAUGGCA",6,"ADK","132","ENSG00000156110",-0.322,-0.322,1,"132"
2,"hsa-miR-5197-5p","AAUGGCA",6,"CPNE6","9362","ENSG00000100884",-0.322,-0.322,1,"9362"
2,"hsa-miR-5197-5p","AAUGGCA",6,"TMEM233","387890","ENSG00000224982",-0.322,-0.322,1,"387890"
2,"hsa-miR-5197-5p","AAUGGCA",6,"DAZAP2","9802","ENSG00000183283",-0.321,-0.321,1,"9802"
2,"hsa-miR-5197-5p","AAUGGCA",6,"SEC31A","22872","ENSG00000138674",-0.321,-0.321,1,"22872"
2,"hsa-miR-5197-5p","AAUGGCA",6,"TMEM50A","23585","ENSG00000183726",-0.321,-0.321,1,"23585"
2,"hsa-miR-5197-5p","AAUGGCA",6,"PHF10","55274","ENSG00000130024",-0.319,-0.319,1,"55274"
2,"hsa-miR-5197-5p","AAUGGCA",6,"SHOC2","8036","ENSG00000108061",-0.319,-0.319,1,"8036"
2,"hsa-miR-5197-5p","AAUGGCA",6,"PITPNC1","26207","ENSG00000154217",-0.318,-0.318,1,"26207"
2,"hsa-miR-5197-5p","AAUGGCA",6,"DGAT2","84649","ENSG00000062282",-0.317,-0.317,1,"84649"
2,"hsa-miR-5197-5p","AAUGGCA",6,"FBXO8","26269","ENSG00000164117",-0.317,-0.317,1,"26269"
2,"hsa-miR-5197-5p","AAUGGCA",6,"GCA","25801","ENSG00000115271",-0.317,-0.317,1,"25801"
2,"hsa-miR-5197-5p","AAUGGCA",6,"PKD1L1-AS1","80099","ENSG00000136275",-0.317,-0.317,1,"80099"
2,"hsa-miR-5197-5p","AAUGGCA",6,"ZNF711","7552","ENSG00000147180",-0.317,-0.317,1,"7552"
2,"hsa-miR-5197-5p","AAUGGCA",6,"ATG12","9140","ENSG00000145782",-0.316,-0.316,1,"9140"
2,"hsa-miR-5197-5p","AAUGGCA",6,"IFNA21","3452","ENSG00000137080",-0.316,-0.316,1,"3452"
2,"hsa-miR-5197-5p","AAUGGCA",6,"IFNA6","3443","ENSG00000120235",-0.315,-0.315,1,"3443"
2,"hsa-miR-5197-5p","AAUGGCA",6,"OTC","5009","ENSG00000036473",-0.315,-0.298,2,"5009"
2,"hsa-miR-5197-5p","AAUGGCA",6,"DAP","1611","ENSG00000112977",-0.314,-0.314,1,"1611"
2,"hsa-miR-5197-5p","AAUGGCA",6,"DGUOK","1716","ENSG00000114956",-0.314,-0.314,1,"1716"
2,"hsa-miR-5197-5p","AAUGGCA",6,"ZNF138","7697","ENSG00000197008",-0.314,-0.314,1,"7697"
2,"hsa-miR-5197-5p","AAUGGCA",6,"GPALPP1","55425","ENSG00000133114",-0.313,-0.2685,2,"55425"
2,"hsa-miR-5197-5p","AAUGGCA",6,"HERC4","26091","ENSG00000148634",-0.313,-0.313,1,"26091"
2,"hsa-miR-5197-5p","AAUGGCA",6,"TUBA4A","7277","ENSG00000127824",-0.313,-0.313,1,"7277"
2,"hsa-miR-5197-5p","AAUGGCA",6,"DPPA3","359787","ENSG00000187569",-0.312,-0.312,1,"359787"
2,"hsa-miR-5197-5p","AAUGGCA",6,"PAPSS2","9060","ENSG00000198682",-0.312,-0.312,1,"9060"
2,"hsa-miR-5197-5p","AAUGGCA",6,"PRDX2","7001","ENSG00000167815",-0.312,-0.312,1,"7001"
2,"hsa-miR-5197-5p","AAUGGCA",6,"TTR","7276","ENSG00000118271",-0.312,-0.312,1,"7276"
2,"hsa-miR-5197-5p","AAUGGCA",6,"ZMYM2","7750","ENSG00000121741",-0.312,-0.312,1,"7750"
2,"hsa-miR-5197-5p","AAUGGCA",6,"CCL22","6367","ENSG00000102962",-0.311,-0.311,1,"6367"
2,"hsa-miR-5197-5p","AAUGGCA",6,"NIT2","56954","ENSG00000114021",-0.311,-0.311,1,"56954"
2,"hsa-miR-5197-5p","AAUGGCA",6,"TMEM252","169693","ENSG00000181778",-0.311,-0.311,1,"169693"
2,"hsa-miR-5197-5p","AAUGGCA",6,"TMEM255A","55026","ENSG00000125355",-0.311,-0.311,1,"55026"
2,"hsa-miR-5197-5p","AAUGGCA",6,"BPNT2","54928","ENSG00000104331",-0.31,-0.31,1,"54928"
2,"hsa-miR-5197-5p","AAUGGCA",6,"CTDSPL2","51496","ENSG00000137770",-0.31,-0.31,1,"51496"
2,"hsa-miR-5197-5p","AAUGGCA",6,"DCN","1634","ENSG00000011465",-0.31,-0.2715,2,"1634"
2,"hsa-miR-5197-5p","AAUGGCA",6,"SRD5A1","6715","ENSG00000145545",-0.31,-0.3065,2,"6715"
2,"hsa-miR-5197-5p","AAUGGCA",6,"CCDC68","80323","ENSG00000166510",-0.309,-0.309,1,"80323"
2,"hsa-miR-5197-5p","AAUGGCA",6,"MOB1B","92597","ENSG00000173542",-0.308,-0.2995,2,"92597"
2,"hsa-miR-5197-5p","AAUGGCA",6,"CFAP68","64776","ENSG00000137720",-0.307,-0.307,1,"64776"
2,"hsa-miR-5197-5p","AAUGGCA",6,"CRH","1392","ENSG00000147571",-0.307,-0.2525,2,"1392"
2,"hsa-miR-5197-5p","AAUGGCA",6,"UBE2L6","9246","ENSG00000156587",-0.307,-0.307,1,"9246"
2,"hsa-miR-5197-5p","AAUGGCA",6,"JCHAIN","3512","ENSG00000132465",-0.305,-0.305,1,"3512"
2,"hsa-miR-5197-5p","AAUGGCA",6,"KPNA3","3839","ENSG00000102753",-0.305,-0.305,1,"3839"
2,"hsa-miR-5197-5p","AAUGGCA",6,"MRC2","9902","ENSG00000011028",-0.305,-0.305,1,"9902"
2,"hsa-miR-5197-5p","AAUGGCA",6,"MYL12B","103910","ENSG00000118680",-0.305,-0.305,1,"103910"
2,"hsa-miR-5197-5p","AAUGGCA",6,"SERAC1","84947","ENSG00000122335",-0.305,-0.2445,2,"84947"
2,"hsa-miR-5197-5p","AAUGGCA",6,"VSX1","30813","ENSG00000100987",-0.305,-0.305,1,"30813"
2,"hsa-miR-5197-5p","AAUGGCA",6,"WWC3","55841","ENSG00000047644",-0.305,-0.305,1,"55841"
2,"hsa-miR-5197-5p","AAUGGCA",6,"PARS2","25973","ENSG00000162396",-0.304,-0.304,1,"25973"
2,"hsa-miR-5197-5p","AAUGGCA",6,"ARHGAP42","143872","ENSG00000165895",-0.303,-0.303,1,"143872"
2,"hsa-miR-5197-5p","AAUGGCA",6,"STYX","6815","ENSG00000198252",-0.302,-0.302,1,"6815"
2,"hsa-miR-5197-5p","AAUGGCA",6,"LBX1","10660","ENSG00000138136",-0.301,-0.241,2,"10660"
2,"hsa-miR-5197-5p","AAUGGCA",6,"LGALSL","29094","ENSG00000119862",-0.3,-0.3,1,"29094"
2,"hsa-miR-5197-5p","AAUGGCA",6,"SPAM1","6677","ENSG00000106304",-0.3,-0.3,1,"6677"
2,"hsa-miR-5197-5p","AAUGGCA",6,"RBMXL1","494115","ENSG00000213516",-0.299,-0.299,1,"494115"
2,"hsa-miR-5197-5p","AAUGGCA",6,"CYB5R4","51167","ENSG00000065615",-0.298,-0.298,2,"51167"
2,"hsa-miR-5197-5p","AAUGGCA",6,"IPO11","51194","ENSG00000086200",-0.298,-0.298,1,"51194"
2,"hsa-miR-5197-5p","AAUGGCA",6,"RPL19","6143","ENSG00000108298",-0.298,-0.298,1,"6143"
2,"hsa-miR-5197-5p","AAUGGCA",6,"SLC25A21-AS1","100129794","ENSG00000258708",-0.298,-0.298,1,"100129794"
2,"hsa-miR-5197-5p","AAUGGCA",6,"UTY","7404","ENSG00000183878",-0.298,-0.298,1,"7404"
2,"hsa-miR-5197-5p","AAUGGCA",6,"RPP14","11102","ENSG00000163684",-0.297,-0.297,1,"11102"
2,"hsa-miR-5197-5p","AAUGGCA",6,"ZBTB11","27107","ENSG00000066422",-0.297,-0.297,1,"27107"
2,"hsa-miR-5197-5p","AAUGGCA",6,"CALCB","797","ENSG00000175868",-0.296,-0.296,1,"797"
2,"hsa-miR-5197-5p","AAUGGCA",6,"CTSS","1520","ENSG00000163131",-0.296,-0.296,1,"1520"
2,"hsa-miR-5197-5p","AAUGGCA",6,"LIN28B","389421","ENSG00000187772",-0.296,-0.296,1,"389421"
2,"hsa-miR-5197-5p","AAUGGCA",6,"VMA21","203547","ENSG00000160131",-0.296,-0.296,1,"203547"
2,"hsa-miR-5197-5p","AAUGGCA",6,"PFDN1","5201","ENSG00000113068",-0.295,-0.295,1,"5201"
2,"hsa-miR-5197-5p","AAUGGCA",6,"SAYSD1","55776","ENSG00000112167",-0.295,-0.295,1,"55776"
2,"hsa-miR-5197-5p","AAUGGCA",6,"TFDP2","7029","ENSG00000114126",-0.295,-0.295,1,"7029"
2,"hsa-miR-5197-5p","AAUGGCA",6,"TMSB4Y","9087","ENSG00000154620",-0.295,-0.295,1,"9087"
2,"hsa-miR-5197-5p","AAUGGCA",6,"MRPS10","55173","ENSG00000048544",-0.294,-0.294,1,"55173"
2,"hsa-miR-5197-5p","AAUGGCA",6,"RBP3",NA,"ENSG00000107618",-0.294,-0.294,1,"5949"
2,"hsa-miR-5197-5p","AAUGGCA",6,"PPCS","79717","ENSG00000127125",-0.293,-0.293,1,"79717"
2,"hsa-miR-5197-5p","AAUGGCA",6,"RTCB","51493","ENSG00000100220",-0.293,-0.293,1,"51493"
2,"hsa-miR-5197-5p","AAUGGCA",6,"HDDC2","51020","ENSG00000111906",-0.292,-0.292,1,"51020"
2,"hsa-miR-5197-5p","AAUGGCA",6,"OSTF1","26578","ENSG00000134996",-0.292,-0.292,1,"26578"
2,"hsa-miR-5197-5p","AAUGGCA",6,"VDAC2","7417","ENSG00000165637",-0.292,-0.292,1,"7417"
2,"hsa-miR-5197-5p","AAUGGCA",6,"GPX8","493869","ENSG00000164294",-0.291,-0.291,1,"493869"
2,"hsa-miR-5197-5p","AAUGGCA",6,"PRR5-ARHGAP8","553158","ENSG00000248405",-0.291,-0.291,1,"553158"
2,"hsa-miR-5197-5p","AAUGGCA",6,"DUX4L2",NA,"ENSG00000259128",-0.29,-0.29,1,"728410"
2,"hsa-miR-5197-5p","AAUGGCA",6,"HS3ST5","222537","ENSG00000249853",-0.29,-0.29,1,"222537"
2,"hsa-miR-5197-5p","AAUGGCA",6,"VSTM4","196740","ENSG00000165633",-0.29,-0.29,1,"196740"
2,"hsa-miR-5197-5p","AAUGGCA",6,"CCDC178","374864","ENSG00000166960",-0.289,-0.261,2,"374864"
2,"hsa-miR-5197-5p","AAUGGCA",6,"CIBAR2","339145","ENSG00000153789",-0.289,-0.289,1,"339145"
2,"hsa-miR-5197-5p","AAUGGCA",6,"GASK1B","51313","ENSG00000164125",-0.289,-0.289,1,"51313"
2,"hsa-miR-5197-5p","AAUGGCA",6,"PTBP3","9991","ENSG00000119314",-0.289,-0.289,1,"9991"
2,"hsa-miR-5197-5p","AAUGGCA",6,"TM7SF3","51768","ENSG00000064115",-0.289,-0.289,1,"51768"
2,"hsa-miR-5197-5p","AAUGGCA",6,"TSGA10","80705","ENSG00000135951",-0.289,-0.289,1,"80705"
2,"hsa-miR-5197-5p","AAUGGCA",6,"ANKS3","124401","ENSG00000168096",-0.287,-0.287,1,"124401"
2,"hsa-miR-5197-5p","AAUGGCA",6,"CD226","10666","ENSG00000150637",-0.287,-0.287,1,"10666"
2,"hsa-miR-5197-5p","AAUGGCA",6,"HSDL2","84263","ENSG00000119471",-0.287,-0.252,2,"84263"
2,"hsa-miR-5197-5p","AAUGGCA",6,"LYRM7","90624","ENSG00000186687",-0.287,-0.287,1,"90624"
2,"hsa-miR-5197-5p","AAUGGCA",6,"PSTPIP2","9050","ENSG00000152229",-0.287,-0.287,1,"9050"
2,"hsa-miR-5197-5p","AAUGGCA",6,"RNF186","54546","ENSG00000178828",-0.287,-0.287,1,"54546"
2,"hsa-miR-5197-5p","AAUGGCA",6,"CD3D","915","ENSG00000167286",-0.286,-0.286,1,"915"
2,"hsa-miR-5197-5p","AAUGGCA",6,"ARL9","132946","ENSG00000196503",-0.285,-0.285,1,"132946"
2,"hsa-miR-5197-5p","AAUGGCA",6,"EED","8726","ENSG00000074266",-0.285,-0.285,1,"8726"
2,"hsa-miR-5197-5p","AAUGGCA",6,"LCP2","3937","ENSG00000043462",-0.285,-0.285,1,"3937"
2,"hsa-miR-5197-5p","AAUGGCA",6,"ST7-OT4","338069","ENSG00000214188",-0.285,-0.285,1,"338069"
2,"hsa-miR-5197-5p","AAUGGCA",6,"STMP1","647087","ENSG00000243317",-0.285,-0.285,1,"647087"
2,"hsa-miR-5197-5p","AAUGGCA",6,"WDR72","256764","ENSG00000166415",-0.285,-0.285,1,"256764"
2,"hsa-miR-5197-5p","AAUGGCA",6,"ZCCHC8","55596","ENSG00000033030",-0.285,-0.285,1,"55596"
2,"hsa-miR-5197-5p","AAUGGCA",6,"A1CF","29974","ENSG00000148584",-0.284,-0.284,1,"29974"
2,"hsa-miR-5197-5p","AAUGGCA",6,"BCL10","8915","ENSG00000142867",-0.284,-0.217666666666667,3,"8915"
2,"hsa-miR-5197-5p","AAUGGCA",6,"ELF5","2001","ENSG00000135374",-0.284,-0.284,1,"2001"
2,"hsa-miR-5197-5p","AAUGGCA",6,"ADH6","130","ENSG00000172955",-0.283,-0.2305,2,"130"
2,"hsa-miR-5197-5p","AAUGGCA",6,"CA8","767","ENSG00000178538",-0.283,-0.283,1,"767"
2,"hsa-miR-5197-5p","AAUGGCA",6,"PCDHB5","26167","ENSG00000113209",-0.283,-0.283,1,"26167"
2,"hsa-miR-5197-5p","AAUGGCA",6,"PON1","5444","ENSG00000005421",-0.283,-0.283,1,"5444"
2,"hsa-miR-5197-5p","AAUGGCA",6,"TSEN54","283989","ENSG00000182173",-0.283,-0.283,1,"283989"
2,"hsa-miR-5197-5p","AAUGGCA",6,"FAM162B","221303","ENSG00000183807",-0.282,-0.282,1,"221303"
2,"hsa-miR-5197-5p","AAUGGCA",6,"GMFB","2764","ENSG00000197045",-0.282,-0.256666666666667,3,"2764"
2,"hsa-miR-5197-5p","AAUGGCA",6,"KCNU1","157855","ENSG00000215262",-0.282,-0.282,1,"157855"
2,"hsa-miR-5197-5p","AAUGGCA",6,"MRPL48","51642","ENSG00000175581",-0.282,-0.282,1,"51642"
2,"hsa-miR-5197-5p","AAUGGCA",6,"ZG16","653808","ENSG00000174992",-0.282,-0.282,1,"653808"
2,"hsa-miR-5197-5p","AAUGGCA",6,"FEZ2","9637","ENSG00000171055",-0.281,-0.281,1,"9637"
2,"hsa-miR-5197-5p","AAUGGCA",6,"TMEM70","54968","ENSG00000175606",-0.281,-0.281,1,"54968"
2,"hsa-miR-5197-5p","AAUGGCA",6,"USP3","9960","ENSG00000140455",-0.281,-0.281,1,"9960"
2,"hsa-miR-5197-5p","AAUGGCA",6,"HNRNPL","3191","ENSG00000104824",-0.28,-0.28,1,"3191"
2,"hsa-miR-5197-5p","AAUGGCA",6,"ABRAXAS2","23172","ENSG00000165660",-0.279,-0.279,1,"23172"
2,"hsa-miR-5197-5p","AAUGGCA",6,"CFAP97D1","284067","ENSG00000231256",-0.279,-0.279,1,"284067"
2,"hsa-miR-5197-5p","AAUGGCA",6,"GIMAP6","474344","ENSG00000133561",-0.279,-0.279,1,"474344"
2,"hsa-miR-5197-5p","AAUGGCA",6,"MSANTD2","79684","ENSG00000120458",-0.279,-0.279,1,"79684"
2,"hsa-miR-5197-5p","AAUGGCA",6,"PCLAF","9768","ENSG00000166803",-0.279,-0.279,1,"9768"
2,"hsa-miR-5197-5p","AAUGGCA",6,"PPP1R3A","5506","ENSG00000154415",-0.279,-0.279,1,"5506"
2,"hsa-miR-5197-5p","AAUGGCA",6,"IFNA2","3440","ENSG00000188379",-0.278,-0.278,1,"3440"
2,"hsa-miR-5197-5p","AAUGGCA",6,"PRCP","5547","ENSG00000137509",-0.278,-0.278,1,"5547"
2,"hsa-miR-5197-5p","AAUGGCA",6,"ATP5F1E","514","ENSG00000124172",-0.277,-0.277,1,"514"
2,"hsa-miR-5197-5p","AAUGGCA",6,"C9orf38",NA,"ENSG00000215066",-0.277,-0.277,1,NA
2,"hsa-miR-5197-5p","AAUGGCA",6,"CALB1","793","ENSG00000104327",-0.277,-0.277,1,"793"
2,"hsa-miR-5197-5p","AAUGGCA",6,"NAP1L1","4673","ENSG00000187109",-0.277,-0.277,1,"4673"
2,"hsa-miR-5197-5p","AAUGGCA",6,"RP11-1102P16.1",NA,"ENSG00000253379",-0.277,-0.277,1,NA
2,"hsa-miR-5197-5p","AAUGGCA",6,"TAFA1","407738","ENSG00000183662",-0.277,-0.2675,2,"407738"
2,"hsa-miR-5197-5p","AAUGGCA",6,"KIAA1191","57179","ENSG00000122203",-0.276,-0.276,1,"57179"
2,"hsa-miR-5197-5p","AAUGGCA",6,"KLHL23","151230","ENSG00000213160",-0.276,-0.276,2,"151230"
2,"hsa-miR-5197-5p","AAUGGCA",6,"DSG4","147409","ENSG00000175065",-0.275,-0.275,1,"147409"
2,"hsa-miR-5197-5p","AAUGGCA",6,"GLS","2744","ENSG00000115419",-0.275,-0.275,1,"2744"
2,"hsa-miR-5197-5p","AAUGGCA",6,"ABHD12B","145447","ENSG00000131969",-0.274,-0.274,1,"145447"
2,"hsa-miR-5197-5p","AAUGGCA",6,"CRISP2","7180","ENSG00000124490",-0.274,-0.274,1,"7180"
2,"hsa-miR-5197-5p","AAUGGCA",6,"EID1","23741","ENSG00000255302",-0.274,-0.274,1,"23741"
2,"hsa-miR-5197-5p","AAUGGCA",6,"METTL1","4234","ENSG00000037897",-0.274,-0.274,1,"4234"
2,"hsa-miR-5197-5p","AAUGGCA",6,"SNX14","57231","ENSG00000135317",-0.273,-0.273,1,"57231"
2,"hsa-miR-5197-5p","AAUGGCA",6,"TCF19","6941","ENSG00000137310",-0.273,-0.273,1,"6941"
2,"hsa-miR-5197-5p","AAUGGCA",6,"CALHM4","221301","ENSG00000164451",-0.272,-0.272,1,"221301"
2,"hsa-miR-5197-5p","AAUGGCA",6,"CD55","1604","ENSG00000196352",-0.272,-0.272,1,"1604"
2,"hsa-miR-5197-5p","AAUGGCA",6,"MTARC1","64757","ENSG00000186205",-0.272,-0.272,1,"64757"
2,"hsa-miR-5197-5p","AAUGGCA",6,"TIPRL","261726","ENSG00000143155",-0.272,-0.225,2,"261726"
2,"hsa-miR-5197-5p","AAUGGCA",6,"BLOC1S4","55330","ENSG00000186222",-0.271,-0.271,1,"55330"
2,"hsa-miR-5197-5p","AAUGGCA",6,"KCNRG","283518","ENSG00000198553",-0.271,-0.271,1,"283518"
2,"hsa-miR-5197-5p","AAUGGCA",6,"RANBP9","10048","ENSG00000010017",-0.271,-0.271,1,"10048"
2,"hsa-miR-5197-5p","AAUGGCA",6,"SH3BGRL2","83699","ENSG00000198478",-0.271,-0.271,1,"83699"
2,"hsa-miR-5197-5p","AAUGGCA",6,"SLC25A26","115286","ENSG00000144741",-0.271,-0.271,1,"115286"
2,"hsa-miR-5197-5p","AAUGGCA",6,"SNRPD2","6633","ENSG00000125743",-0.271,-0.271,1,"6633"
2,"hsa-miR-5197-5p","AAUGGCA",6,"CDC42SE1","56882","ENSG00000197622",-0.27,-0.27,1,"56882"
2,"hsa-miR-5197-5p","AAUGGCA",6,"LTB4R2","56413","ENSG00000272658",-0.27,-0.27,1,"56413"
2,"hsa-miR-5197-5p","AAUGGCA",6,"NPHP3","27031","ENSG00000113971",-0.27,-0.229,2,"27031"
2,"hsa-miR-5197-5p","AAUGGCA",6,"NT5C3A","51251","ENSG00000122643",-0.27,-0.27,1,"51251"
2,"hsa-miR-5197-5p","AAUGGCA",6,"RPL31","6160","ENSG00000071082",-0.27,-0.27,1,"6160"
2,"hsa-miR-5197-5p","AAUGGCA",6,"SMIM8","57150","ENSG00000111850",-0.27,-0.27,2,"57150"
2,"hsa-miR-5197-5p","AAUGGCA",6,"AC069547.2",NA,"ENSG00000269700",-0.269,-0.269,1,NA
2,"hsa-miR-5197-5p","AAUGGCA",6,"DCAF6","55827","ENSG00000143164",-0.269,-0.269,1,"55827"
2,"hsa-miR-5197-5p","AAUGGCA",6,"PPIL1","51645","ENSG00000137168",-0.269,-0.269,1,"51645"
2,"hsa-miR-5197-5p","AAUGGCA",6,"ZCCHC4","29063","ENSG00000168228",-0.269,-0.269,1,"29063"
2,"hsa-miR-5197-5p","AAUGGCA",6,"ANTXR2","118429","ENSG00000163297",-0.268,-0.268,1,"118429"
2,"hsa-miR-5197-5p","AAUGGCA",6,"ATF2","1386","ENSG00000115966",-0.268,-0.268,1,"1386"
2,"hsa-miR-5197-5p","AAUGGCA",6,"GCC1","79571","ENSG00000179562",-0.268,-0.268,1,"79571"
2,"hsa-miR-5197-5p","AAUGGCA",6,"NABP1","64859","ENSG00000173559",-0.268,-0.239666666666667,3,"64859"
2,"hsa-miR-5197-5p","AAUGGCA",6,"ROR2","4920","ENSG00000169071",-0.268,-0.268,1,"4920"
2,"hsa-miR-5197-5p","AAUGGCA",6,"ST13","6767","ENSG00000100380",-0.268,-0.268,1,"6767"
2,"hsa-miR-5197-5p","AAUGGCA",6,"ZNF468","90333","ENSG00000204604",-0.268,-0.268,1,"90333"
2,"hsa-miR-5197-5p","AAUGGCA",6,"GPR88","54112","ENSG00000181656",-0.267,-0.267,1,"54112"
2,"hsa-miR-5197-5p","AAUGGCA",6,"MAP3K15","389840","ENSG00000180815",-0.267,-0.267,1,"389840"
2,"hsa-miR-5197-5p","AAUGGCA",6,"UQCRB","7381","ENSG00000156467",-0.267,-0.267,1,"7381"
2,"hsa-miR-5197-5p","AAUGGCA",6,"CNPPD1","27013","ENSG00000115649",-0.266,-0.266,1,"27013"
2,"hsa-miR-5197-5p","AAUGGCA",6,"DIAPH3","81624","ENSG00000139734",-0.266,-0.266,1,"81624"
2,"hsa-miR-5197-5p","AAUGGCA",6,"HORMAD1","84072","ENSG00000143452",-0.266,-0.266,1,"84072"
2,"hsa-miR-5197-5p","AAUGGCA",6,"PIGX","54965","ENSG00000163964",-0.266,-0.266,1,"54965"
2,"hsa-miR-5197-5p","AAUGGCA",6,"PSMA2","5683","ENSG00000106588",-0.266,-0.266,1,"5683"
2,"hsa-miR-5197-5p","AAUGGCA",6,"TMEM182","130827","ENSG00000170417",-0.266,-0.266,1,"130827"
2,"hsa-miR-5197-5p","AAUGGCA",6,"VAMP4","8674","ENSG00000117533",-0.266,-0.266,1,"8674"
2,"hsa-miR-5197-5p","AAUGGCA",6,"ZNHIT6","54680","ENSG00000117174",-0.266,-0.266,1,"54680"
2,"hsa-miR-5197-5p","AAUGGCA",6,"IKBIP","121457","ENSG00000166130",-0.265,-0.265,1,"121457"
2,"hsa-miR-5197-5p","AAUGGCA",6,"ONECUT1","3175","ENSG00000169856",-0.264,-0.264,1,"3175"
2,"hsa-miR-5197-5p","AAUGGCA",6,"UPK1A","11045","ENSG00000105668",-0.264,-0.264,1,"11045"
2,"hsa-miR-5197-5p","AAUGGCA",6,"ARL14EPL","644100","ENSG00000268223",-0.263,-0.263,1,"644100"
2,"hsa-miR-5197-5p","AAUGGCA",6,"MC2R","4158","ENSG00000185231",-0.263,-0.263,1,"4158"
2,"hsa-miR-5197-5p","AAUGGCA",6,"SMIM13","221710","ENSG00000224531",-0.263,-0.263,1,"221710"
2,"hsa-miR-5197-5p","AAUGGCA",6,"TMEM116","89894","ENSG00000198270",-0.263,-0.263,1,"89894"
2,"hsa-miR-5197-5p","AAUGGCA",6,"ARGFX","503582","ENSG00000186103",-0.262,-0.262,1,"503582"
2,"hsa-miR-5197-5p","AAUGGCA",6,"FDX1","2230","ENSG00000137714",-0.262,-0.262,1,"2230"
2,"hsa-miR-5197-5p","AAUGGCA",6,"LTV1","84946","ENSG00000135521",-0.262,-0.262,1,"84946"
2,"hsa-miR-5197-5p","AAUGGCA",6,"MXD1","4084","ENSG00000059728",-0.262,-0.262,1,"4084"
2,"hsa-miR-5197-5p","AAUGGCA",6,"SNX7","51375","ENSG00000162627",-0.262,-0.262,1,"51375"
2,"hsa-miR-5197-5p","AAUGGCA",6,"ZNF559","84527","ENSG00000188321",-0.262,-0.262,1,"84527"
2,"hsa-miR-5197-5p","AAUGGCA",6,"CENPW","387103","ENSG00000203760",-0.261,-0.261,1,"387103"
2,"hsa-miR-5197-5p","AAUGGCA",6,"IAPP","3375","ENSG00000121351",-0.261,-0.228,2,"3375"
2,"hsa-miR-5197-5p","AAUGGCA",6,"MRPL42","28977","ENSG00000198015",-0.261,-0.261,1,"28977"
2,"hsa-miR-5197-5p","AAUGGCA",6,"NUP43","348995","ENSG00000120253",-0.261,-0.261,1,"348995"
2,"hsa-miR-5197-5p","AAUGGCA",6,"SRSF1","6426","ENSG00000136450",-0.261,-0.261,1,"6426"
2,"hsa-miR-5197-5p","AAUGGCA",6,"CT55","54967","ENSG00000169551",-0.26,-0.26,1,"54967"
2,"hsa-miR-5197-5p","AAUGGCA",6,"NUDT11","55190","ENSG00000196368",-0.26,-0.26,1,"55190"
2,"hsa-miR-5197-5p","AAUGGCA",6,"CRIPT","9419","ENSG00000119878",-0.259,-0.259,1,"9419"
2,"hsa-miR-5197-5p","AAUGGCA",6,"GIMAP8","155038","ENSG00000171115",-0.259,-0.259,1,"155038"
2,"hsa-miR-5197-5p","AAUGGCA",6,"TMED8","283578","ENSG00000100580",-0.259,-0.259,1,"283578"
2,"hsa-miR-5197-5p","AAUGGCA",6,"C1orf186",NA,"ENSG00000196533",-0.258,-0.258,1,NA
2,"hsa-miR-5197-5p","AAUGGCA",6,"DCLRE1B","64858","ENSG00000118655",-0.258,-0.258,1,"64858"
2,"hsa-miR-5197-5p","AAUGGCA",6,"PFN1","5216","ENSG00000108518",-0.258,-0.258,1,"5216"
2,"hsa-miR-5197-5p","AAUGGCA",6,"TCEANC2","127428","ENSG00000116205",-0.258,-0.258,1,"127428"
2,"hsa-miR-5197-5p","AAUGGCA",6,"DPP4","1803","ENSG00000197635",-0.256,-0.256,1,"1803"
2,"hsa-miR-5197-5p","AAUGGCA",6,"DUT","1854","ENSG00000128951",-0.256,-0.256,1,"1854"
2,"hsa-miR-5197-5p","AAUGGCA",6,"SNX18","112574","ENSG00000178996",-0.256,-0.2225,2,"112574"
2,"hsa-miR-5197-5p","AAUGGCA",6,"SUPT16H","11198","ENSG00000092201",-0.256,-0.256,1,"11198"
2,"hsa-miR-5197-5p","AAUGGCA",6,"TMBIM4","51643","ENSG00000155957",-0.256,-0.2345,2,"51643"
2,"hsa-miR-5197-5p","AAUGGCA",6,"ANKRD31","256006","ENSG00000145700",-0.255,-0.255,1,"256006"
2,"hsa-miR-5197-5p","AAUGGCA",6,"BRF2","55290","ENSG00000104221",-0.255,-0.255,1,"55290"
2,"hsa-miR-5197-5p","AAUGGCA",6,"DEK","7913","ENSG00000124795",-0.255,-0.255,1,"7913"
2,"hsa-miR-5197-5p","AAUGGCA",6,"DYNC1LI1","51143","ENSG00000144635",-0.255,-0.255,1,"51143"
2,"hsa-miR-5197-5p","AAUGGCA",6,"NRG4","145957","ENSG00000169752",-0.255,-0.255,1,"145957"
2,"hsa-miR-5197-5p","AAUGGCA",6,"PDE8B","8622","ENSG00000113231",-0.255,-0.2205,2,"8622"
2,"hsa-miR-5197-5p","AAUGGCA",6,"PHACTR2","9749","ENSG00000112419",-0.255,-0.255,1,"9749"
2,"hsa-miR-5197-5p","AAUGGCA",6,"SEM1","7979","ENSG00000127922",-0.255,-0.255,1,"7979"
2,"hsa-miR-5197-5p","AAUGGCA",6,"TTC14","151613","ENSG00000163728",-0.255,-0.255,1,"151613"
2,"hsa-miR-5197-5p","AAUGGCA",6,"ARL8B","55207","ENSG00000134108",-0.254,-0.254,1,"55207"
2,"hsa-miR-5197-5p","AAUGGCA",6,"BCL2L2","599","ENSG00000129473",-0.254,-0.254,1,"599"
2,"hsa-miR-5197-5p","AAUGGCA",6,"DEFB105B","245908","ENSG00000186599",-0.254,-0.254,3,"504180"
2,"hsa-miR-5197-5p","AAUGGCA",6,"NHP2","55651","ENSG00000145912",-0.254,-0.254,1,"55651"
2,"hsa-miR-5197-5p","AAUGGCA",6,"PDE5A","8654","ENSG00000138735",-0.254,-0.254,1,"8654"
2,"hsa-miR-5197-5p","AAUGGCA",6,"RGS21","431704","ENSG00000253148",-0.254,-0.254,1,"431704"
2,"hsa-miR-5197-5p","AAUGGCA",6,"TTF1","7270","ENSG00000125482",-0.254,-0.254,1,"7270"
2,"hsa-miR-5197-5p","AAUGGCA",6,"FAM72C",NA,"ENSG00000203817",-0.253,-0.253,1,"554282"
2,"hsa-miR-5197-5p","AAUGGCA",6,"HTN1","3346","ENSG00000126550",-0.253,-0.253,1,"3346"
2,"hsa-miR-5197-5p","AAUGGCA",6,"PNPT1","87178","ENSG00000138035",-0.253,-0.253,1,"87178"
2,"hsa-miR-5197-5p","AAUGGCA",6,"VPS37A","137492","ENSG00000155975",-0.253,-0.253,1,"137492"
2,"hsa-miR-5197-5p","AAUGGCA",6,"ARHGAP8","23779","ENSG00000241484",-0.252,-0.252,1,"23779"
2,"hsa-miR-5197-5p","AAUGGCA",6,"FBXO45","200933","ENSG00000174013",-0.252,-0.252,1,"200933"
2,"hsa-miR-5197-5p","AAUGGCA",6,"GLT6D1","360203","ENSG00000204007",-0.252,-0.252,1,"360203"
2,"hsa-miR-5197-5p","AAUGGCA",6,"MAF","4094","ENSG00000178573",-0.252,-0.252,1,"4094"
2,"hsa-miR-5197-5p","AAUGGCA",6,"SEC31B","25956","ENSG00000075826",-0.252,-0.252,1,"25956"
2,"hsa-miR-5197-5p","AAUGGCA",6,"SPX","80763","ENSG00000134548",-0.252,-0.252,1,"80763"
2,"hsa-miR-5197-5p","AAUGGCA",6,"DR1","1810","ENSG00000117505",-0.251,-0.251,1,"1810"
2,"hsa-miR-5197-5p","AAUGGCA",6,"PDE8A","5151","ENSG00000073417",-0.251,-0.251,1,"5151"
2,"hsa-miR-5197-5p","AAUGGCA",6,"CETN2","1069","ENSG00000147400",-0.25,-0.25,1,"1069"
2,"hsa-miR-5197-5p","AAUGGCA",6,"COL1A2","1278","ENSG00000164692",-0.25,-0.25,1,"1278"
2,"hsa-miR-5197-5p","AAUGGCA",6,"GCFC2","6936","ENSG00000005436",-0.25,-0.25,1,"6936"
2,"hsa-miR-5197-5p","AAUGGCA",6,"LHFPL2","10184","ENSG00000145685",-0.25,-0.25,1,"10184"
2,"hsa-miR-5197-5p","AAUGGCA",6,"ACVR1C","130399","ENSG00000123612",-0.249,-0.249,1,"130399"
2,"hsa-miR-5197-5p","AAUGGCA",6,"FBXO36","130888","ENSG00000153832",-0.249,-0.249,1,"130888"
2,"hsa-miR-5197-5p","AAUGGCA",6,"FEM1C","56929","ENSG00000145780",-0.249,-0.249,1,"56929"
2,"hsa-miR-5197-5p","AAUGGCA",6,"GPR150","285601","ENSG00000178015",-0.249,-0.249,1,"285601"
2,"hsa-miR-5197-5p","AAUGGCA",6,"HADHB","3032","ENSG00000138029",-0.249,-0.249,1,"3032"
2,"hsa-miR-5197-5p","AAUGGCA",6,"LSM5","23658","ENSG00000106355",-0.249,-0.218,2,"23658"
2,"hsa-miR-5197-5p","AAUGGCA",6,"NOL9","79707","ENSG00000162408",-0.249,-0.249,1,"79707"
2,"hsa-miR-5197-5p","AAUGGCA",6,"TMPRSS11BNL","401136","ENSG00000226894",-0.249,-0.2215,2,"401136"
2,"hsa-miR-5197-5p","AAUGGCA",6,"C3orf80","401097","ENSG00000180044",-0.248,-0.219,2,"401097"
2,"hsa-miR-5197-5p","AAUGGCA",6,"CNGB3","54714","ENSG00000170289",-0.248,-0.248,1,"54714"
2,"hsa-miR-5197-5p","AAUGGCA",6,"PIERCE1","138162","ENSG00000160345",-0.248,-0.248,1,"138162"
2,"hsa-miR-5197-5p","AAUGGCA",6,"RP11-10A14.4",NA,"ENSG00000253426",-0.248,-0.248,1,NA
2,"hsa-miR-5197-5p","AAUGGCA",6,"SLX4IP","128710","ENSG00000149346",-0.248,-0.248,1,"128710"
2,"hsa-miR-5197-5p","AAUGGCA",6,"TCHP","84260","ENSG00000139437",-0.248,-0.248,1,"84260"
2,"hsa-miR-5197-5p","AAUGGCA",6,"TIMM8A","1678","ENSG00000126953",-0.248,-0.2335,2,"1678"
2,"hsa-miR-5197-5p","AAUGGCA",6,"TIRAP","114609","ENSG00000150455",-0.248,-0.248,1,"114609"
2,"hsa-miR-5197-5p","AAUGGCA",6,"TMEM168","64418","ENSG00000146802",-0.248,-0.248,1,"64418"
2,"hsa-miR-5197-5p","AAUGGCA",6,"BAG3","9531","ENSG00000151929",-0.247,-0.247,1,"9531"
2,"hsa-miR-5197-5p","AAUGGCA",6,"IL15RA","3601","ENSG00000134470",-0.247,-0.247,1,"3601"
2,"hsa-miR-5197-5p","AAUGGCA",6,"MAGI2","9863","ENSG00000187391",-0.247,-0.247,1,"9863"
2,"hsa-miR-5197-5p","AAUGGCA",6,"MB","4151","ENSG00000198125",-0.247,-0.247,1,"4151"
2,"hsa-miR-5197-5p","AAUGGCA",6,"MYOG","4656","ENSG00000122180",-0.247,-0.247,1,"4656"
2,"hsa-miR-5197-5p","AAUGGCA",6,"ZNF436","80818","ENSG00000125945",-0.247,-0.247,1,"80818"
2,"hsa-miR-5197-5p","AAUGGCA",6,"BCL2L12","83596","ENSG00000126453",-0.246,-0.246,1,"83596"
2,"hsa-miR-5197-5p","AAUGGCA",6,"FAM120A","23196","ENSG00000048828",-0.246,-0.246,1,"23196"
2,"hsa-miR-5197-5p","AAUGGCA",6,"HOXA13","3209","ENSG00000106031",-0.246,-0.246,1,"3209"
2,"hsa-miR-5197-5p","AAUGGCA",6,"MFF","56947","ENSG00000168958",-0.246,-0.246,1,"56947"
2,"hsa-miR-5197-5p","AAUGGCA",6,"PACRGL","133015","ENSG00000163138",-0.246,-0.246,1,"133015"
2,"hsa-miR-5197-5p","AAUGGCA",6,"AFDN","4301","ENSG00000130396",-0.245,-0.245,1,"4301"
2,"hsa-miR-5197-5p","AAUGGCA",6,"CCDC126","90693","ENSG00000169193",-0.245,-0.245,1,"90693"
2,"hsa-miR-5197-5p","AAUGGCA",6,"DEFB105A","245908","ENSG00000186562",-0.245,-0.245,2,"245908"
2,"hsa-miR-5197-5p","AAUGGCA",6,"POPDC3","64208","ENSG00000132429",-0.245,-0.245,1,"64208"
2,"hsa-miR-5197-5p","AAUGGCA",6,"RTF1","23168","ENSG00000137815",-0.245,-0.245,1,"23168"
2,"hsa-miR-5197-5p","AAUGGCA",6,"SUSD5","26032","ENSG00000173705",-0.245,-0.245,1,"26032"
2,"hsa-miR-5197-5p","AAUGGCA",6,"BBIP1","92482","ENSG00000214413",-0.244,-0.244,1,"92482"
2,"hsa-miR-5197-5p","AAUGGCA",6,"KDM5B","10765","ENSG00000117139",-0.244,-0.219,2,"10765"
2,"hsa-miR-5197-5p","AAUGGCA",6,"KRTAP19-7","337974","ENSG00000244362",-0.244,-0.244,1,"337974"
2,"hsa-miR-5197-5p","AAUGGCA",6,"PPT1","5538","ENSG00000131238",-0.244,-0.244,1,"5538"
2,"hsa-miR-5197-5p","AAUGGCA",6,"SHC4","399694","ENSG00000185634",-0.244,-0.244,1,"399694"
2,"hsa-miR-5197-5p","AAUGGCA",6,"ZNF554","115196","ENSG00000172006",-0.244,-0.244,1,"115196"
2,"hsa-miR-5197-5p","AAUGGCA",6,"ASAP1","50807","ENSG00000153317",-0.243,-0.243,1,"50807"
2,"hsa-miR-5197-5p","AAUGGCA",6,"CELSR1","9620","ENSG00000075275",-0.243,-0.243,1,"9620"
2,"hsa-miR-5197-5p","AAUGGCA",6,"CPZ","8532","ENSG00000109625",-0.243,-0.243,1,"8532"
2,"hsa-miR-5197-5p","AAUGGCA",6,"MPPED2","744","ENSG00000066382",-0.243,-0.243,1,"744"
2,"hsa-miR-5197-5p","AAUGGCA",6,"MTA1","9112","ENSG00000182979",-0.243,-0.243,1,"9112"
2,"hsa-miR-5197-5p","AAUGGCA",6,"MYOZ2","51778","ENSG00000172399",-0.243,-0.243,1,"51778"
2,"hsa-miR-5197-5p","AAUGGCA",6,"TEX9","374618","ENSG00000151575",-0.243,-0.243,1,"374618"
2,"hsa-miR-5197-5p","AAUGGCA",6,"ASTN1","460","ENSG00000152092",-0.242,-0.242,1,"460"
2,"hsa-miR-5197-5p","AAUGGCA",6,"CKAP2","26586","ENSG00000136108",-0.242,-0.242,1,"26586"
2,"hsa-miR-5197-5p","AAUGGCA",6,"CLEC7A","64581","ENSG00000172243",-0.242,-0.242,1,"64581"
2,"hsa-miR-5197-5p","AAUGGCA",6,"HMGA2","8091","ENSG00000149948",-0.242,-0.242,1,"8091"
2,"hsa-miR-5197-5p","AAUGGCA",6,"MINDY3","80013","ENSG00000148481",-0.242,-0.242,1,"80013"
2,"hsa-miR-5197-5p","AAUGGCA",6,"NDUFAF4","29078","ENSG00000123545",-0.242,-0.242,1,"29078"
2,"hsa-miR-5197-5p","AAUGGCA",6,"PGBD2","267002","ENSG00000185220",-0.242,-0.242,1,"267002"
2,"hsa-miR-5197-5p","AAUGGCA",6,"SLC25A51","92014","ENSG00000122696",-0.242,-0.242,1,"92014"
2,"hsa-miR-5197-5p","AAUGGCA",6,"SNRPF","6636","ENSG00000139343",-0.242,-0.242,1,"6636"
2,"hsa-miR-5197-5p","AAUGGCA",6,"DHX29","54505","ENSG00000067248",-0.241,-0.241,1,"54505"
2,"hsa-miR-5197-5p","AAUGGCA",6,"KBTBD3","143879","ENSG00000182359",-0.241,-0.241,1,"143879"
2,"hsa-miR-5197-5p","AAUGGCA",6,"MAPK1IP1L","93487","ENSG00000168175",-0.241,-0.241,1,"93487"
2,"hsa-miR-5197-5p","AAUGGCA",6,"TARS3","123283","ENSG00000185418",-0.241,-0.241,1,"123283"
2,"hsa-miR-5197-5p","AAUGGCA",6,"AK4","205","ENSG00000162433",-0.24,-0.24,1,"205"
2,"hsa-miR-5197-5p","AAUGGCA",6,"CDKN2C","1031","ENSG00000123080",-0.24,-0.24,1,"1031"
2,"hsa-miR-5197-5p","AAUGGCA",6,"CP","1356","ENSG00000047457",-0.24,-0.24,1,"1356"
2,"hsa-miR-5197-5p","AAUGGCA",6,"DUSP19","142679","ENSG00000162999",-0.24,-0.24,1,"142679"
2,"hsa-miR-5197-5p","AAUGGCA",6,"ERG","2078","ENSG00000157554",-0.24,-0.24,1,"2078"
2,"hsa-miR-5197-5p","AAUGGCA",6,"FOXL2NB","401089","ENSG00000206262",-0.24,-0.24,1,"401089"
2,"hsa-miR-5197-5p","AAUGGCA",6,"GNGT1","2792","ENSG00000127928",-0.24,-0.24,1,"2792"
2,"hsa-miR-5197-5p","AAUGGCA",6,"HOMER1","9456","ENSG00000152413",-0.24,-0.24,1,"9456"
2,"hsa-miR-5197-5p","AAUGGCA",6,"KLHL4","56062","ENSG00000102271",-0.24,-0.24,1,"56062"
2,"hsa-miR-5197-5p","AAUGGCA",6,"RAPGEF4","11069","ENSG00000091428",-0.24,-0.24,1,"11069"
2,"hsa-miR-5197-5p","AAUGGCA",6,"RETREG1","54463","ENSG00000154153",-0.24,-0.24,1,"54463"
2,"hsa-miR-5197-5p","AAUGGCA",6,"SLC25A36","55186","ENSG00000114120",-0.24,-0.225,2,"55186"
2,"hsa-miR-5197-5p","AAUGGCA",6,"STK38L","23012","ENSG00000211455",-0.24,-0.24,1,"23012"
2,"hsa-miR-5197-5p","AAUGGCA",6,"CNRIP1","25927","ENSG00000119865",-0.239,-0.239,1,"25927"
2,"hsa-miR-5197-5p","AAUGGCA",6,"CPNE2","221184","ENSG00000140848",-0.239,-0.239,1,"221184"
2,"hsa-miR-5197-5p","AAUGGCA",6,"EIF3A","8661","ENSG00000107581",-0.239,-0.239,1,"8661"
2,"hsa-miR-5197-5p","AAUGGCA",6,"ELOA2","51224","ENSG00000206181",-0.239,-0.239,1,"51224"
2,"hsa-miR-5197-5p","AAUGGCA",6,"SEH1L","81929","ENSG00000085415",-0.239,-0.239,1,"81929"
2,"hsa-miR-5197-5p","AAUGGCA",6,"ZNF225","7768","ENSG00000256294",-0.239,-0.239,1,"7768"
2,"hsa-miR-5197-5p","AAUGGCA",6,"ZNF565","147929","ENSG00000196357",-0.239,-0.239,1,"147929"
2,"hsa-miR-5197-5p","AAUGGCA",6,"ATF6","22926","ENSG00000118217",-0.238,-0.238,1,"22926"
2,"hsa-miR-5197-5p","AAUGGCA",6,"DMRTA1","63951","ENSG00000176399",-0.238,-0.238,1,"63951"
2,"hsa-miR-5197-5p","AAUGGCA",6,"GAL3ST4","79690","ENSG00000197093",-0.238,-0.238,1,"79690"
2,"hsa-miR-5197-5p","AAUGGCA",6,"GALNTL6","442117","ENSG00000174473",-0.238,-0.238,1,"442117"
2,"hsa-miR-5197-5p","AAUGGCA",6,"MRPL15","29088","ENSG00000137547",-0.238,-0.238,1,"29088"
2,"hsa-miR-5197-5p","AAUGGCA",6,"PPEF1","5475","ENSG00000086717",-0.238,-0.238,1,"5475"
2,"hsa-miR-5197-5p","AAUGGCA",6,"RGS1","5996","ENSG00000090104",-0.238,-0.238,1,"5996"
2,"hsa-miR-5197-5p","AAUGGCA",6,"AKTIP","64400","ENSG00000166971",-0.237,-0.237,1,"64400"
2,"hsa-miR-5197-5p","AAUGGCA",6,"C21orf62","56245","ENSG00000205929",-0.237,-0.237,1,"56245"
2,"hsa-miR-5197-5p","AAUGGCA",6,"CD164","8763","ENSG00000135535",-0.237,-0.237,1,"8763"
2,"hsa-miR-5197-5p","AAUGGCA",6,"PPP1R13B","23368","ENSG00000088808",-0.237,-0.237,1,"23368"
2,"hsa-miR-5197-5p","AAUGGCA",6,"SFXN3","81855","ENSG00000107819",-0.237,-0.237,1,"81855"
2,"hsa-miR-5197-5p","AAUGGCA",6,"SINHCAF","58516","ENSG00000139146",-0.237,-0.237,1,"58516"
2,"hsa-miR-5197-5p","AAUGGCA",6,"SSBP4","170463","ENSG00000130511",-0.237,-0.237,1,"170463"
2,"hsa-miR-5197-5p","AAUGGCA",6,"ZNF684","127396","ENSG00000117010",-0.237,-0.237,1,"127396"
2,"hsa-miR-5197-5p","AAUGGCA",6,"CDK4","1019","ENSG00000135446",-0.236,-0.202333333333333,3,"1019"
2,"hsa-miR-5197-5p","AAUGGCA",6,"CTNNA2","1496","ENSG00000066032",-0.236,-0.236,1,"1496"
2,"hsa-miR-5197-5p","AAUGGCA",6,"EBP","10682","ENSG00000147155",-0.236,-0.236,1,"10682"
2,"hsa-miR-5197-5p","AAUGGCA",6,"GEN1","348654","ENSG00000178295",-0.236,-0.236,1,"348654"
2,"hsa-miR-5197-5p","AAUGGCA",6,"ALDH3A2","224","ENSG00000072210",-0.235,-0.2185,2,"224"
2,"hsa-miR-5197-5p","AAUGGCA",6,"FABP7","2173","ENSG00000164434",-0.235,-0.235,1,"2173"
2,"hsa-miR-5197-5p","AAUGGCA",6,"MAGEA11","4110","ENSG00000185247",-0.235,-0.235,1,"4110"
2,"hsa-miR-5197-5p","AAUGGCA",6,"MOCS2","4338","ENSG00000164172",-0.235,-0.235,1,"4338"
2,"hsa-miR-5197-5p","AAUGGCA",6,"NDUFB11","54539","ENSG00000147123",-0.235,-0.235,1,"54539"
2,"hsa-miR-5197-5p","AAUGGCA",6,"NIPAL1","152519","ENSG00000163293",-0.235,-0.235,1,"152519"
2,"hsa-miR-5197-5p","AAUGGCA",6,"CD99","4267","ENSG00000002586",-0.234,-0.234,1,"4267"
2,"hsa-miR-5197-5p","AAUGGCA",6,"RNF152","220441","ENSG00000176641",-0.234,-0.212,2,"220441"
2,"hsa-miR-5197-5p","AAUGGCA",6,"ANKRD10","55608","ENSG00000088448",-0.233,-0.233,1,"55608"
2,"hsa-miR-5197-5p","AAUGGCA",6,"ARHGAP18","93663","ENSG00000146376",-0.233,-0.233,1,"93663"
2,"hsa-miR-5197-5p","AAUGGCA",6,"GPX7","2882","ENSG00000116157",-0.233,-0.233,1,"2882"
2,"hsa-miR-5197-5p","AAUGGCA",6,"KCTD20","222658","ENSG00000112078",-0.233,-0.233,1,"222658"
2,"hsa-miR-5197-5p","AAUGGCA",6,"KDM8","79831","ENSG00000155666",-0.233,-0.233,1,"79831"
2,"hsa-miR-5197-5p","AAUGGCA",6,"OR1L8","138881","ENSG00000171496",-0.233,-0.233,1,"138881"
2,"hsa-miR-5197-5p","AAUGGCA",6,"STAM2","10254","ENSG00000115145",-0.233,-0.233,1,"10254"
2,"hsa-miR-5197-5p","AAUGGCA",6,"VSX2","338917","ENSG00000119614",-0.233,-0.233,1,"338917"
2,"hsa-miR-5197-5p","AAUGGCA",6,"ZNF714","148206","ENSG00000160352",-0.233,-0.233,1,"148206"
2,"hsa-miR-5197-5p","AAUGGCA",6,"CCDC89","220388","ENSG00000179071",-0.232,-0.232,1,"220388"
2,"hsa-miR-5197-5p","AAUGGCA",6,"FLVCR1","28982","ENSG00000162769",-0.232,-0.232,1,"28982"
2,"hsa-miR-5197-5p","AAUGGCA",6,"GAGE1","2543","ENSG00000205777",-0.232,-0.232,1,"2543"
2,"hsa-miR-5197-5p","AAUGGCA",6,"HDHD2","84064","ENSG00000167220",-0.232,-0.232,1,"84064"
2,"hsa-miR-5197-5p","AAUGGCA",6,"PSPC1","55269","ENSG00000121390",-0.232,-0.212,2,"55269"
2,"hsa-miR-5197-5p","AAUGGCA",6,"TCEAL1","9338","ENSG00000172465",-0.232,-0.232,1,"9338"
2,"hsa-miR-5197-5p","AAUGGCA",6,"GFRA2","2675","ENSG00000168546",-0.231,-0.231,1,"2675"
2,"hsa-miR-5197-5p","AAUGGCA",6,"LOH12CR2","503693","ENSG00000205791",-0.231,-0.231,1,"503693"
2,"hsa-miR-5197-5p","AAUGGCA",6,"MICOS10","440574","ENSG00000173436",-0.231,-0.231,1,"440574"
2,"hsa-miR-5197-5p","AAUGGCA",6,"MYD88","4615","ENSG00000172936",-0.231,-0.231,1,"4615"
2,"hsa-miR-5197-5p","AAUGGCA",6,"TKTL2","84076","ENSG00000151005",-0.231,-0.231,1,"84076"
2,"hsa-miR-5197-5p","AAUGGCA",6,"ANKEF1","63926","ENSG00000132623",-0.23,-0.23,1,"63926"
2,"hsa-miR-5197-5p","AAUGGCA",6,"C1orf74","148304","ENSG00000162757",-0.23,-0.23,1,"148304"
2,"hsa-miR-5197-5p","AAUGGCA",6,"CHMP3","51652","ENSG00000115561",-0.23,-0.23,1,"51652"
2,"hsa-miR-5197-5p","AAUGGCA",6,"DEPDC1B","55789","ENSG00000035499",-0.23,-0.23,1,"55789"
2,"hsa-miR-5197-5p","AAUGGCA",6,"DUX4",NA,"ENSG00000258389",-0.23,-0.23,1,"100288687"
2,"hsa-miR-5197-5p","AAUGGCA",6,"DUX4L3",NA,"ENSG00000259034",-0.23,-0.23,1,"653548"
2,"hsa-miR-5197-5p","AAUGGCA",6,"DUX4L4","441056","ENSG00000258834",-0.23,-0.23,1,"441056"
2,"hsa-miR-5197-5p","AAUGGCA",6,"DUX4L6",NA,"ENSG00000258697",-0.23,-0.23,1,"653544"
2,"hsa-miR-5197-5p","AAUGGCA",6,"DUX4L7",NA,"ENSG00000258755",-0.23,-0.23,1,"653543"
2,"hsa-miR-5197-5p","AAUGGCA",6,"EMP2","2013","ENSG00000213853",-0.23,-0.2205,2,"2013"
2,"hsa-miR-5197-5p","AAUGGCA",6,"FAM72B","653820","ENSG00000188610",-0.23,-0.23,1,"653820"
2,"hsa-miR-5197-5p","AAUGGCA",6,"FAM72D","728833","ENSG00000215784",-0.23,-0.23,1,"728833"
2,"hsa-miR-5197-5p","AAUGGCA",6,"GREM2","64388","ENSG00000180875",-0.23,-0.23,1,"64388"
2,"hsa-miR-5197-5p","AAUGGCA",6,"HNRNPD","3184","ENSG00000138668",-0.23,-0.23,1,"3184"
2,"hsa-miR-5197-5p","AAUGGCA",6,"MMP2","4313","ENSG00000087245",-0.23,-0.23,1,"4313"
2,"hsa-miR-5197-5p","AAUGGCA",6,"MOB4","25843","ENSG00000115540",-0.23,-0.23,1,"25843"
2,"hsa-miR-5197-5p","AAUGGCA",6,"NKX2-4","644524","ENSG00000125816",-0.23,-0.23,1,"644524"
2,"hsa-miR-5197-5p","AAUGGCA",6,"RBMX2","51634","ENSG00000134597",-0.23,-0.23,1,"51634"
2,"hsa-miR-5197-5p","AAUGGCA",6,"RNF103-CHMP3","100526767","ENSG00000249884",-0.23,-0.23,1,"100526767"
2,"hsa-miR-5197-5p","AAUGGCA",6,"SSH2","85464","ENSG00000141298",-0.23,-0.23,1,"85464"
2,"hsa-miR-5197-5p","AAUGGCA",6,"BPY2B","442867","ENSG00000183795",-0.229,-0.229,1,"442867"
2,"hsa-miR-5197-5p","AAUGGCA",6,"BPY2C","442868","ENSG00000185894",-0.229,-0.229,1,"442868"
2,"hsa-miR-5197-5p","AAUGGCA",6,"BRINP1","1620","ENSG00000078725",-0.229,-0.229,1,"1620"
2,"hsa-miR-5197-5p","AAUGGCA",6,"FAM72A","729533","ENSG00000196550",-0.229,-0.229,1,"729533"
2,"hsa-miR-5197-5p","AAUGGCA",6,"FECH","2235","ENSG00000066926",-0.229,-0.206666666666667,3,"2235"
2,"hsa-miR-5197-5p","AAUGGCA",6,"GBE1","2632","ENSG00000114480",-0.229,-0.229,1,"2632"
2,"hsa-miR-5197-5p","AAUGGCA",6,"PXYLP1","92370","ENSG00000155893",-0.229,-0.229,1,"92370"
2,"hsa-miR-5197-5p","AAUGGCA",6,"SLC8A3","6547","ENSG00000100678",-0.229,-0.229,1,"6547"
2,"hsa-miR-5197-5p","AAUGGCA",6,"SPARC","6678","ENSG00000113140",-0.229,-0.229,1,"6678"
2,"hsa-miR-5197-5p","AAUGGCA",6,"ZNF644","84146","ENSG00000122482",-0.229,-0.229,1,"84146"
2,"hsa-miR-5197-5p","AAUGGCA",6,"ARL6IP5","10550","ENSG00000144746",-0.228,-0.228,1,"10550"
2,"hsa-miR-5197-5p","AAUGGCA",6,"RACK1","10399","ENSG00000204628",-0.228,-0.228,1,"10399"
2,"hsa-miR-5197-5p","AAUGGCA",6,"RBMS1","5937","ENSG00000153250",-0.228,-0.228,1,"5937"
2,"hsa-miR-5197-5p","AAUGGCA",6,"SRI","6717","ENSG00000075142",-0.228,-0.228,1,"6717"
2,"hsa-miR-5197-5p","AAUGGCA",6,"ABCF1","23","ENSG00000204574",-0.227,-0.227,1,"23"
2,"hsa-miR-5197-5p","AAUGGCA",6,"AC012360.2",NA,"ENSG00000268809",-0.227,-0.227,1,NA
2,"hsa-miR-5197-5p","AAUGGCA",6,"ANKRD27","84079","ENSG00000105186",-0.227,-0.227,1,"84079"
2,"hsa-miR-5197-5p","AAUGGCA",6,"GPRASP3","80823","ENSG00000198908",-0.227,-0.227,1,"80823"
2,"hsa-miR-5197-5p","AAUGGCA",6,"HMGN2","3151","ENSG00000198830",-0.227,-0.227,1,"3151"
2,"hsa-miR-5197-5p","AAUGGCA",6,"MCOLN3","55283","ENSG00000055732",-0.227,-0.227,1,"55283"
2,"hsa-miR-5197-5p","AAUGGCA",6,"PRR3","80742","ENSG00000204576",-0.227,-0.227,1,"80742"
2,"hsa-miR-5197-5p","AAUGGCA",6,"UQCC1","55245","ENSG00000101019",-0.227,-0.227,1,"55245"
2,"hsa-miR-5197-5p","AAUGGCA",6,"YWHAE","7531","ENSG00000108953",-0.227,-0.227,1,"7531"
2,"hsa-miR-5197-5p","AAUGGCA",6,"ARL6IP6","151188","ENSG00000177917",-0.226,-0.226,1,"151188"
2,"hsa-miR-5197-5p","AAUGGCA",6,"C11orf68","83638","ENSG00000175573",-0.226,-0.226,1,"83638"
2,"hsa-miR-5197-5p","AAUGGCA",6,"NHLRC3","387921","ENSG00000188811",-0.226,-0.2105,2,"387921"
2,"hsa-miR-5197-5p","AAUGGCA",6,"NKAIN3","286183","ENSG00000185942",-0.226,-0.226,1,"286183"
2,"hsa-miR-5197-5p","AAUGGCA",6,"SMARCE1","6605","ENSG00000073584",-0.226,-0.226,1,"6605"
2,"hsa-miR-5197-5p","AAUGGCA",6,"ZNF724","440519","ENSG00000196081",-0.226,-0.226,1,"440519"
2,"hsa-miR-5197-5p","AAUGGCA",6,"ATP5MC1","516","ENSG00000159199",-0.225,-0.225,1,"516"
2,"hsa-miR-5197-5p","AAUGGCA",6,"LINC02453","643770","ENSG00000245017",-0.225,-0.225,1,"643770"
2,"hsa-miR-5197-5p","AAUGGCA",6,"LL22NC03-63E9.3","648691","ENSG00000220891",-0.225,-0.225,1,"648691"
2,"hsa-miR-5197-5p","AAUGGCA",6,"NAV3","89795","ENSG00000067798",-0.225,-0.225,1,"89795"
2,"hsa-miR-5197-5p","AAUGGCA",6,"PCOLCE2","26577","ENSG00000163710",-0.225,-0.225,1,"26577"
2,"hsa-miR-5197-5p","AAUGGCA",6,"PLAGL2","5326","ENSG00000126003",-0.225,-0.225,1,"5326"
2,"hsa-miR-5197-5p","AAUGGCA",6,"PRSS16","10279","ENSG00000112812",-0.225,-0.225,1,"10279"
2,"hsa-miR-5197-5p","AAUGGCA",6,"RNF146","81847","ENSG00000118518",-0.225,-0.225,1,"81847"
2,"hsa-miR-5197-5p","AAUGGCA",6,"SLC31A2","1318","ENSG00000136867",-0.225,-0.225,1,"1318"
2,"hsa-miR-5197-5p","AAUGGCA",6,"TCF7L2","6934","ENSG00000148737",-0.225,-0.225,1,"6934"
2,"hsa-miR-5197-5p","AAUGGCA",6,"GOLGA7","51125","ENSG00000147533",-0.224,-0.224,1,"51125"
2,"hsa-miR-5197-5p","AAUGGCA",6,"SEC62","7095","ENSG00000008952",-0.224,-0.224,1,"7095"
2,"hsa-miR-5197-5p","AAUGGCA",6,"TWIST2","117581","ENSG00000233608",-0.224,-0.224,1,"117581"
2,"hsa-miR-5197-5p","AAUGGCA",6,"ZNF430","80264","ENSG00000118620",-0.224,-0.224,1,"80264"
2,"hsa-miR-5197-5p","AAUGGCA",6,"ALAS1","211","ENSG00000023330",-0.223,-0.223,1,"211"
2,"hsa-miR-5197-5p","AAUGGCA",6,"CNR1","1268","ENSG00000118432",-0.223,-0.223,1,"1268"
2,"hsa-miR-5197-5p","AAUGGCA",6,"CRHR2","1395","ENSG00000106113",-0.223,-0.223,1,"1395"
2,"hsa-miR-5197-5p","AAUGGCA",6,"ELAC1","55520","ENSG00000141642",-0.223,-0.223,1,"55520"
2,"hsa-miR-5197-5p","AAUGGCA",6,"GPR6","2830","ENSG00000146360",-0.223,-0.223,1,"2830"
2,"hsa-miR-5197-5p","AAUGGCA",6,"IMPA1","3612","ENSG00000133731",-0.223,-0.223,1,"3612"
2,"hsa-miR-5197-5p","AAUGGCA",6,"LOC283731","283731","ENSG00000248540",-0.223,-0.223,1,"283731"
2,"hsa-miR-5197-5p","AAUGGCA",6,"RASSF8","11228","ENSG00000123094",-0.223,-0.223,1,"11228"
2,"hsa-miR-5197-5p","AAUGGCA",6,"STRN","6801","ENSG00000115808",-0.223,-0.223,1,"6801"
2,"hsa-miR-5197-5p","AAUGGCA",6,"SUPT3H","8464","ENSG00000196284",-0.223,-0.202,2,"8464"
2,"hsa-miR-5197-5p","AAUGGCA",6,"ZNF140","7699","ENSG00000196387",-0.223,-0.223,1,"7699"
2,"hsa-miR-5197-5p","AAUGGCA",6,"BPY2","9083","ENSG00000183753",-0.222,-0.222,1,"9083"
2,"hsa-miR-5197-5p","AAUGGCA",6,"C6orf226","441150","ENSG00000221821",-0.222,-0.222,1,"441150"
2,"hsa-miR-5197-5p","AAUGGCA",6,"CLXN","79645","ENSG00000034239",-0.222,-0.222,1,"79645"
2,"hsa-miR-5197-5p","AAUGGCA",6,"CNEP1R1","255919","ENSG00000205423",-0.222,-0.222,1,"255919"
2,"hsa-miR-5197-5p","AAUGGCA",6,"GALNT1","2589","ENSG00000141429",-0.222,-0.222,1,"2589"
2,"hsa-miR-5197-5p","AAUGGCA",6,"LDAH","60526","ENSG00000118961",-0.222,-0.222,1,"60526"
2,"hsa-miR-5197-5p","AAUGGCA",6,"PPDPFL","492307","ENSG00000168333",-0.222,-0.222,1,"492307"
2,"hsa-miR-5197-5p","AAUGGCA",6,"RTTN","25914","ENSG00000176225",-0.222,-0.222,1,"25914"
2,"hsa-miR-5197-5p","AAUGGCA",6,"TMED7","51014","ENSG00000134970",-0.222,-0.222,1,"51014"
2,"hsa-miR-5197-5p","AAUGGCA",6,"COX16","51241","ENSG00000133983",-0.221,-0.221,1,"51241"
2,"hsa-miR-5197-5p","AAUGGCA",6,"DIPK1C","125704","ENSG00000187773",-0.221,-0.221,1,"125704"
2,"hsa-miR-5197-5p","AAUGGCA",6,"GGA2","23062","ENSG00000103365",-0.221,-0.221,1,"23062"
2,"hsa-miR-5197-5p","AAUGGCA",6,"RPS3","6188","ENSG00000149273",-0.221,-0.221,1,"6188"
2,"hsa-miR-5197-5p","AAUGGCA",6,"SLC25A31","83447","ENSG00000151475",-0.221,-0.221,1,"83447"
2,"hsa-miR-5197-5p","AAUGGCA",6,"VCX3A","51481","ENSG00000169059",-0.221,-0.221,1,"51481"
2,"hsa-miR-5197-5p","AAUGGCA",6,"VCX3B","425054","ENSG00000205642",-0.221,-0.221,1,"425054"
2,"hsa-miR-5197-5p","AAUGGCA",6,"XG","7499","ENSG00000124343",-0.221,-0.221,1,"7499"
2,"hsa-miR-5197-5p","AAUGGCA",6,"ALDOA","226","ENSG00000149925",-0.22,-0.22,1,"226"
2,"hsa-miR-5197-5p","AAUGGCA",6,"ARPC4","10093","ENSG00000241553",-0.22,-0.22,1,"10093"
2,"hsa-miR-5197-5p","AAUGGCA",6,"EPB41L4A","64097","ENSG00000129595",-0.22,-0.22,1,"64097"
2,"hsa-miR-5197-5p","AAUGGCA",6,"GANC","2595","ENSG00000214013",-0.22,-0.22,1,"2595"
2,"hsa-miR-5197-5p","AAUGGCA",6,"MS4A7","58475","ENSG00000166927",-0.22,-0.22,1,"58475"
2,"hsa-miR-5197-5p","AAUGGCA",6,"PATE3","100169851","ENSG00000236027",-0.22,-0.22,1,"100169851"
2,"hsa-miR-5197-5p","AAUGGCA",6,"PLEKHA1","59338","ENSG00000107679",-0.22,-0.22,1,"59338"
2,"hsa-miR-5197-5p","AAUGGCA",6,"PPM1D","8493","ENSG00000170836",-0.22,-0.22,1,"8493"
2,"hsa-miR-5197-5p","AAUGGCA",6,"PPP5D1P",NA,"ENSG00000230510",-0.22,-0.22,1,"100506012"
2,"hsa-miR-5197-5p","AAUGGCA",6,"SURF2","6835","ENSG00000148291",-0.22,-0.22,1,"6835"
2,"hsa-miR-5197-5p","AAUGGCA",6,"TEX2","55852","ENSG00000136478",-0.22,-0.22,1,"55852"
2,"hsa-miR-5197-5p","AAUGGCA",6,"ZFAND5","7763","ENSG00000107372",-0.22,-0.22,1,"7763"
2,"hsa-miR-5197-5p","AAUGGCA",6,"CDC42","998","ENSG00000070831",-0.219,-0.219,1,"998"
2,"hsa-miR-5197-5p","AAUGGCA",6,"DLD","1738","ENSG00000091140",-0.219,-0.219,1,"1738"
2,"hsa-miR-5197-5p","AAUGGCA",6,"DUX4L5",NA,"ENSG00000259063",-0.219,-0.219,1,"653545"
2,"hsa-miR-5197-5p","AAUGGCA",6,"RHOXF2B","727940","ENSG00000203989",-0.219,-0.219,1,"727940"
2,"hsa-miR-5197-5p","AAUGGCA",6,"SDHC","6391","ENSG00000143252",-0.219,-0.219,1,"6391"
2,"hsa-miR-5197-5p","AAUGGCA",6,"TSEN15","116461","ENSG00000198860",-0.219,-0.219,1,"116461"
2,"hsa-miR-5197-5p","AAUGGCA",6,"CSNK1A1","1452","ENSG00000113712",-0.218,-0.203,2,"1452"
2,"hsa-miR-5197-5p","AAUGGCA",6,"FGF2","2247","ENSG00000138685",-0.218,-0.218,1,"2247"
2,"hsa-miR-5197-5p","AAUGGCA",6,"GIMAP1","170575","ENSG00000213203",-0.218,-0.218,1,"170575"
2,"hsa-miR-5197-5p","AAUGGCA",6,"GYPC","2995","ENSG00000136732",-0.218,-0.218,1,"2995"
2,"hsa-miR-5197-5p","AAUGGCA",6,"SAA1","6288","ENSG00000173432",-0.218,-0.218,1,"6288"
2,"hsa-miR-5197-5p","AAUGGCA",6,"SLC25A12","8604","ENSG00000115840",-0.218,-0.218,1,"8604"
2,"hsa-miR-5197-5p","AAUGGCA",6,"SLC35A1","10559","ENSG00000164414",-0.218,-0.218,1,"10559"
2,"hsa-miR-5197-5p","AAUGGCA",6,"ZNF577","84765","ENSG00000161551",-0.218,-0.218,1,"84765"
2,"hsa-miR-5197-5p","AAUGGCA",6,"ZNF793","390927","ENSG00000188227",-0.218,-0.218,1,"390927"
2,"hsa-miR-5197-5p","AAUGGCA",6,"ARL16","339231","ENSG00000214087",-0.217,-0.217,1,"339231"
2,"hsa-miR-5197-5p","AAUGGCA",6,"CNOT6L","246175","ENSG00000138767",-0.217,-0.217,1,"246175"
2,"hsa-miR-5197-5p","AAUGGCA",6,"DUSP6","1848","ENSG00000139318",-0.217,-0.217,1,"1848"
2,"hsa-miR-5197-5p","AAUGGCA",6,"HIST1H2AH",NA,"ENSG00000184825",-0.217,-0.217,1,NA
2,"hsa-miR-5197-5p","AAUGGCA",6,"HSPE1-MOB4","100529241","ENSG00000270757",-0.217,-0.217,1,"100529241"
2,"hsa-miR-5197-5p","AAUGGCA",6,"KCNJ2","3759","ENSG00000123700",-0.217,-0.217,1,"3759"
2,"hsa-miR-5197-5p","AAUGGCA",6,"KIF27","55582","ENSG00000165115",-0.217,-0.217,1,"55582"
2,"hsa-miR-5197-5p","AAUGGCA",6,"LCMT2","9836","ENSG00000168806",-0.217,-0.217,1,"9836"
2,"hsa-miR-5197-5p","AAUGGCA",6,"LEF1","51176","ENSG00000138795",-0.217,-0.217,1,"51176"
2,"hsa-miR-5197-5p","AAUGGCA",6,"LRRC36","55282","ENSG00000159708",-0.217,-0.217,1,"55282"
2,"hsa-miR-5197-5p","AAUGGCA",6,"LYVE1","10894","ENSG00000133800",-0.217,-0.217,1,"10894"
2,"hsa-miR-5197-5p","AAUGGCA",6,"MAP3K4","4216","ENSG00000085511",-0.217,-0.217,1,"4216"
2,"hsa-miR-5197-5p","AAUGGCA",6,"NOTCH1","4851","ENSG00000148400",-0.217,-0.217,1,"4851"
2,"hsa-miR-5197-5p","AAUGGCA",6,"SGPP1","81537","ENSG00000126821",-0.217,-0.217,1,"81537"
2,"hsa-miR-5197-5p","AAUGGCA",6,"TADA1","117143","ENSG00000152382",-0.217,-0.217,1,"117143"
2,"hsa-miR-5197-5p","AAUGGCA",6,"TCP11L1","55346","ENSG00000176148",-0.217,-0.217,1,"55346"
2,"hsa-miR-5197-5p","AAUGGCA",6,"TRIM59","286827","ENSG00000213186",-0.217,-0.217,1,"286827"
2,"hsa-miR-5197-5p","AAUGGCA",6,"VCX","26609","ENSG00000182583",-0.217,-0.217,1,"26609"
2,"hsa-miR-5197-5p","AAUGGCA",6,"ZNF43","7594","ENSG00000198521",-0.217,-0.217,1,"7594"
2,"hsa-miR-5197-5p","AAUGGCA",6,"ANKRD28","23243","ENSG00000206560",-0.216,-0.216,1,"23243"
2,"hsa-miR-5197-5p","AAUGGCA",6,"GALNT12","79695","ENSG00000119514",-0.216,-0.216,1,"79695"
2,"hsa-miR-5197-5p","AAUGGCA",6,"LINC02873","283171","ENSG00000175728",-0.216,-0.216,1,"283171"
2,"hsa-miR-5197-5p","AAUGGCA",6,"MAN1A1","4121","ENSG00000111885",-0.216,-0.216,1,"4121"
2,"hsa-miR-5197-5p","AAUGGCA",6,"PPCDC","60490","ENSG00000138621",-0.216,-0.216,1,"60490"
2,"hsa-miR-5197-5p","AAUGGCA",6,"PRXL2B","127281","ENSG00000157870",-0.216,-0.216,1,"127281"
2,"hsa-miR-5197-5p","AAUGGCA",6,"RAPGEF5","9771","ENSG00000136237",-0.216,-0.216,1,"9771"
2,"hsa-miR-5197-5p","AAUGGCA",6,"SERINC1","57515","ENSG00000111897",-0.216,-0.216,1,"57515"
2,"hsa-miR-5197-5p","AAUGGCA",6,"SLC66A3","130814","ENSG00000162976",-0.216,-0.216,1,"130814"
2,"hsa-miR-5197-5p","AAUGGCA",6,"ATP6V1C2","245973","ENSG00000143882",-0.215,-0.215,1,"245973"
2,"hsa-miR-5197-5p","AAUGGCA",6,"BVES","11149","ENSG00000112276",-0.215,-0.215,1,"11149"
2,"hsa-miR-5197-5p","AAUGGCA",6,"CRBN","51185","ENSG00000113851",-0.215,-0.215,1,"51185"
2,"hsa-miR-5197-5p","AAUGGCA",6,"DMRTB1","63948","ENSG00000143006",-0.215,-0.215,1,"63948"
2,"hsa-miR-5197-5p","AAUGGCA",6,"LHX9","56956","ENSG00000143355",-0.215,-0.215,1,"56956"
2,"hsa-miR-5197-5p","AAUGGCA",6,"SLA2","84174","ENSG00000101082",-0.215,-0.215,1,"84174"
2,"hsa-miR-5197-5p","AAUGGCA",6,"SLITRK4","139065","ENSG00000179542",-0.215,-0.2125,2,"139065"
2,"hsa-miR-5197-5p","AAUGGCA",6,"ZBTB34","403341","ENSG00000177125",-0.215,-0.215,1,"403341"
2,"hsa-miR-5197-5p","AAUGGCA",6,"AP1M1","8907","ENSG00000072958",-0.214,-0.214,1,"8907"
2,"hsa-miR-5197-5p","AAUGGCA",6,"ATP11AUN","400165","ENSG00000197595",-0.214,-0.214,1,"400165"
2,"hsa-miR-5197-5p","AAUGGCA",6,"HTRA1","5654","ENSG00000166033",-0.214,-0.214,1,"5654"
2,"hsa-miR-5197-5p","AAUGGCA",6,"KHK","3795","ENSG00000138030",-0.214,-0.214,1,"3795"
2,"hsa-miR-5197-5p","AAUGGCA",6,"OSBPL8","114882","ENSG00000091039",-0.214,-0.214,1,"114882"
2,"hsa-miR-5197-5p","AAUGGCA",6,"PAX8","7849","ENSG00000125618",-0.214,-0.214,1,"7849"
2,"hsa-miR-5197-5p","AAUGGCA",6,"RALA","5898","ENSG00000006451",-0.214,-0.214,1,"5898"
2,"hsa-miR-5197-5p","AAUGGCA",6,"SRSF4","6429","ENSG00000116350",-0.214,-0.214,1,"6429"
2,"hsa-miR-5197-5p","AAUGGCA",6,"ARPP19","10776","ENSG00000128989",-0.213,-0.199,2,"10776"
2,"hsa-miR-5197-5p","AAUGGCA",6,"ATM","472","ENSG00000149311",-0.213,-0.213,1,"472"
2,"hsa-miR-5197-5p","AAUGGCA",6,"BMPR1A","657","ENSG00000107779",-0.213,-0.213,1,"657"
2,"hsa-miR-5197-5p","AAUGGCA",6,"BTBD3","22903","ENSG00000132640",-0.213,-0.213,1,"22903"
2,"hsa-miR-5197-5p","AAUGGCA",6,"C1QC","714","ENSG00000159189",-0.213,-0.213,1,"714"
2,"hsa-miR-5197-5p","AAUGGCA",6,"CCDC50","152137","ENSG00000152492",-0.213,-0.213,1,"152137"
2,"hsa-miR-5197-5p","AAUGGCA",6,"DAB1","1600","ENSG00000173406",-0.213,-0.213,1,"1600"
2,"hsa-miR-5197-5p","AAUGGCA",6,"FOXC2","2303","ENSG00000176692",-0.213,-0.213,1,"2303"
2,"hsa-miR-5197-5p","AAUGGCA",6,"TEX12","56158","ENSG00000150783",-0.213,-0.213,1,"56158"
2,"hsa-miR-5197-5p","AAUGGCA",6,"THBS2","7058","ENSG00000186340",-0.213,-0.1975,2,"7058"
2,"hsa-miR-5197-5p","AAUGGCA",6,"ZNF681","148213","ENSG00000196172",-0.213,-0.207,2,"148213"
2,"hsa-miR-5197-5p","AAUGGCA",6,"CNGA1","1259","ENSG00000198515",-0.212,-0.212,1,"1259"
2,"hsa-miR-5197-5p","AAUGGCA",6,"DCUN1D3","123879","ENSG00000188215",-0.212,-0.212,1,"123879"
2,"hsa-miR-5197-5p","AAUGGCA",6,"EBAG9","9166","ENSG00000147654",-0.212,-0.212,1,"9166"
2,"hsa-miR-5197-5p","AAUGGCA",6,"HOXA9","3205","ENSG00000078399",-0.212,-0.212,1,"3205"
2,"hsa-miR-5197-5p","AAUGGCA",6,"JAKMIP2","9832","ENSG00000176049",-0.212,-0.212,1,"9832"
2,"hsa-miR-5197-5p","AAUGGCA",6,"SDAD1","55153","ENSG00000198301",-0.212,-0.212,1,"55153"
2,"hsa-miR-5197-5p","AAUGGCA",6,"YWHAZ","7534","ENSG00000164924",-0.212,-0.212,1,"7534"
2,"hsa-miR-5197-5p","AAUGGCA",6,"ZNF780B","163131","ENSG00000128000",-0.212,-0.212,1,"163131"
2,"hsa-miR-5197-5p","AAUGGCA",6,"ARL14EP","120534","ENSG00000152219",-0.211,-0.211,1,"120534"
2,"hsa-miR-5197-5p","AAUGGCA",6,"CNTD1","124817","ENSG00000176563",-0.211,-0.211,1,"124817"
2,"hsa-miR-5197-5p","AAUGGCA",6,"EFNB1","1947","ENSG00000090776",-0.211,-0.211,1,"1947"
2,"hsa-miR-5197-5p","AAUGGCA",6,"PBLD","64081","ENSG00000108187",-0.211,-0.211,1,"64081"
2,"hsa-miR-5197-5p","AAUGGCA",6,"RNF32","140545","ENSG00000105982",-0.211,-0.211,1,"140545"
2,"hsa-miR-5197-5p","AAUGGCA",6,"CD28","940","ENSG00000178562",-0.21,-0.21,1,"940"
2,"hsa-miR-5197-5p","AAUGGCA",6,"CLEC9A","283420","ENSG00000197992",-0.21,-0.21,1,"283420"
2,"hsa-miR-5197-5p","AAUGGCA",6,"COMMD10","51397","ENSG00000145781",-0.21,-0.21,1,"51397"
2,"hsa-miR-5197-5p","AAUGGCA",6,"FRMD3","257019","ENSG00000172159",-0.21,-0.21,1,"257019"
2,"hsa-miR-5197-5p","AAUGGCA",6,"GET3","439","ENSG00000198356",-0.21,-0.21,1,"439"
2,"hsa-miR-5197-5p","AAUGGCA",6,"KLHL42","57542","ENSG00000087448",-0.21,-0.21,1,"57542"
2,"hsa-miR-5197-5p","AAUGGCA",6,"LSM6","11157","ENSG00000164167",-0.21,-0.21,1,"11157"
2,"hsa-miR-5197-5p","AAUGGCA",6,"NETO1","81832","ENSG00000166342",-0.21,-0.21,1,"81832"
2,"hsa-miR-5197-5p","AAUGGCA",6,"RASSF6","166824","ENSG00000169435",-0.21,-0.21,1,"166824"
2,"hsa-miR-5197-5p","AAUGGCA",6,"SLC25A40","55972","ENSG00000075303",-0.21,-0.21,1,"55972"
2,"hsa-miR-5197-5p","AAUGGCA",6,"ANKRD22","118932","ENSG00000152766",-0.209,-0.209,1,"118932"
2,"hsa-miR-5197-5p","AAUGGCA",6,"ANKRD36","375248","ENSG00000135976",-0.209,-0.209,1,"375248"
2,"hsa-miR-5197-5p","AAUGGCA",6,"AQR","9716","ENSG00000021776",-0.209,-0.209,1,"9716"
2,"hsa-miR-5197-5p","AAUGGCA",6,"CAAP1","79886","ENSG00000120159",-0.209,-0.209,1,"79886"
2,"hsa-miR-5197-5p","AAUGGCA",6,"CCDC144A","9720","ENSG00000170160",-0.209,-0.209,1,"9720"
2,"hsa-miR-5197-5p","AAUGGCA",6,"CFHR5","81494","ENSG00000134389",-0.209,-0.209,1,"81494"
2,"hsa-miR-5197-5p","AAUGGCA",6,"IMPACT","55364","ENSG00000154059",-0.209,-0.209,1,"55364"
2,"hsa-miR-5197-5p","AAUGGCA",6,"KCNE4","23704","ENSG00000152049",-0.209,-0.209,1,"23704"
2,"hsa-miR-5197-5p","AAUGGCA",6,"MMUT","4594","ENSG00000146085",-0.209,-0.209,1,"4594"
2,"hsa-miR-5197-5p","AAUGGCA",6,"P2RY6","5031","ENSG00000171631",-0.209,-0.209,1,"5031"
2,"hsa-miR-5197-5p","AAUGGCA",6,"POSTN","10631","ENSG00000133110",-0.209,-0.209,1,"10631"
2,"hsa-miR-5197-5p","AAUGGCA",6,"PYHIN1","149628","ENSG00000163564",-0.209,-0.209,1,"149628"
2,"hsa-miR-5197-5p","AAUGGCA",6,"THEMIS","387357","ENSG00000172673",-0.209,-0.209,1,"387357"
2,"hsa-miR-5197-5p","AAUGGCA",6,"UBE2K","3093","ENSG00000078140",-0.209,-0.209,1,"3093"
2,"hsa-miR-5197-5p","AAUGGCA",6,"UBE2QL1","134111","ENSG00000215218",-0.209,-0.1975,2,"134111"
2,"hsa-miR-5197-5p","AAUGGCA",6,"VCF1","84923","ENSG00000133193",-0.209,-0.209,1,"84923"
2,"hsa-miR-5197-5p","AAUGGCA",6,"ZNF639","51193","ENSG00000121864",-0.209,-0.209,1,"51193"
2,"hsa-miR-5197-5p","AAUGGCA",6,"ANO6","196527","ENSG00000177119",-0.208,-0.208,1,"196527"
2,"hsa-miR-5197-5p","AAUGGCA",6,"BFAR","51283","ENSG00000103429",-0.208,-0.208,1,"51283"
2,"hsa-miR-5197-5p","AAUGGCA",6,"C10orf90","118611","ENSG00000154493",-0.208,-0.208,1,"118611"
2,"hsa-miR-5197-5p","AAUGGCA",6,"CCER1","196477","ENSG00000197651",-0.208,-0.208,1,"196477"
2,"hsa-miR-5197-5p","AAUGGCA",6,"CD3G","917","ENSG00000160654",-0.208,-0.208,1,"917"
2,"hsa-miR-5197-5p","AAUGGCA",6,"CD40LG","959","ENSG00000102245",-0.208,-0.208,1,"959"
2,"hsa-miR-5197-5p","AAUGGCA",6,"FABP2","2169","ENSG00000145384",-0.208,-0.208,1,"2169"
2,"hsa-miR-5197-5p","AAUGGCA",6,"FBXO11","80204","ENSG00000138081",-0.208,-0.208,1,"80204"
2,"hsa-miR-5197-5p","AAUGGCA",6,"FOXG1","2290","ENSG00000176165",-0.208,-0.2035,2,"2290"
2,"hsa-miR-5197-5p","AAUGGCA",6,"GARRE1","9710","ENSG00000166398",-0.208,-0.208,1,"9710"
2,"hsa-miR-5197-5p","AAUGGCA",6,"HCFC2","29915","ENSG00000111727",-0.208,-0.208,1,"29915"
2,"hsa-miR-5197-5p","AAUGGCA",6,"MEX3C","51320","ENSG00000176624",-0.208,-0.208,1,"51320"
2,"hsa-miR-5197-5p","AAUGGCA",6,"MMP19","4327","ENSG00000123342",-0.208,-0.208,1,"4327"
2,"hsa-miR-5197-5p","AAUGGCA",6,"SMU1","55234","ENSG00000122692",-0.208,-0.208,1,"55234"
2,"hsa-miR-5197-5p","AAUGGCA",6,"TMEM106C","79022","ENSG00000134291",-0.208,-0.208,1,"79022"
2,"hsa-miR-5197-5p","AAUGGCA",6,"AFG1L","246269","ENSG00000135537",-0.207,-0.207,1,"246269"
2,"hsa-miR-5197-5p","AAUGGCA",6,"DRC7","84229","ENSG00000159625",-0.207,-0.207,1,"84229"
2,"hsa-miR-5197-5p","AAUGGCA",6,"DYRK4","8798","ENSG00000010219",-0.207,-0.207,1,"8798"
2,"hsa-miR-5197-5p","AAUGGCA",6,"ENOSF1","55556","ENSG00000132199",-0.207,-0.2035,2,"55556"
2,"hsa-miR-5197-5p","AAUGGCA",6,"PLEK2","26499","ENSG00000100558",-0.207,-0.198,2,"26499"
2,"hsa-miR-5197-5p","AAUGGCA",6,"PTPN20","26095","ENSG00000204179",-0.207,-0.207,1,"26095"
2,"hsa-miR-5197-5p","AAUGGCA",6,"PTPN20B",NA,"ENSG00000183675",-0.207,-0.207,1,NA
2,"hsa-miR-5197-5p","AAUGGCA",6,"RTL8B","441518","ENSG00000212747",-0.207,-0.207,1,"441518"
2,"hsa-miR-5197-5p","AAUGGCA",6,"UTP25","27042","ENSG00000117597",-0.207,-0.207,1,"27042"
2,"hsa-miR-5197-5p","AAUGGCA",6,"ZKSCAN8","7745","ENSG00000198315",-0.207,-0.207,1,"7745"
2,"hsa-miR-5197-5p","AAUGGCA",6,"ZNF143","7702","ENSG00000166478",-0.207,-0.207,1,"7702"
2,"hsa-miR-5197-5p","AAUGGCA",6,"EXO1","9156","ENSG00000174371",-0.206,-0.206,1,"9156"
2,"hsa-miR-5197-5p","AAUGGCA",6,"FAM98A","25940","ENSG00000119812",-0.206,-0.206,1,"25940"
2,"hsa-miR-5197-5p","AAUGGCA",6,"GSAP","54103","ENSG00000186088",-0.206,-0.206,1,"54103"
2,"hsa-miR-5197-5p","AAUGGCA",6,"LRRFIP1","9208","ENSG00000124831",-0.206,-0.206,1,"9208"
2,"hsa-miR-5197-5p","AAUGGCA",6,"MARCO","8685","ENSG00000019169",-0.206,-0.206,1,"8685"
2,"hsa-miR-5197-5p","AAUGGCA",6,"MTHFD1L","25902","ENSG00000120254",-0.206,-0.206,1,"25902"
2,"hsa-miR-5197-5p","AAUGGCA",6,"NAPEPLD","222236","ENSG00000161048",-0.206,-0.1925,2,"222236"
2,"hsa-miR-5197-5p","AAUGGCA",6,"PPP2R5E","5529","ENSG00000154001",-0.206,-0.206,1,"5529"
2,"hsa-miR-5197-5p","AAUGGCA",6,"TMCO1","54499","ENSG00000143183",-0.206,-0.206,1,"54499"
2,"hsa-miR-5197-5p","AAUGGCA",6,"CCDC127","133957","ENSG00000164366",-0.205,-0.205,1,"133957"
2,"hsa-miR-5197-5p","AAUGGCA",6,"KCNJ5-AS1","219833","ENSG00000174370",-0.205,-0.205,1,"219833"
2,"hsa-miR-5197-5p","AAUGGCA",6,"MYPN","84665","ENSG00000138347",-0.205,-0.205,1,"84665"
2,"hsa-miR-5197-5p","AAUGGCA",6,"PDSS1","23590","ENSG00000148459",-0.205,-0.205,1,"23590"
2,"hsa-miR-5197-5p","AAUGGCA",6,"PGF","5228","ENSG00000119630",-0.205,-0.205,1,"5228"
2,"hsa-miR-5197-5p","AAUGGCA",6,"SLC30A9","10463","ENSG00000014824",-0.205,-0.1915,2,"10463"
2,"hsa-miR-5197-5p","AAUGGCA",6,"ARL6","84100","ENSG00000113966",-0.204,-0.204,1,"84100"
2,"hsa-miR-5197-5p","AAUGGCA",6,"CREB1","1385","ENSG00000118260",-0.204,-0.204,1,"1385"
2,"hsa-miR-5197-5p","AAUGGCA",6,"DRICH1","51233","ENSG00000189269",-0.204,-0.204,1,"51233"
2,"hsa-miR-5197-5p","AAUGGCA",6,"GSG1L","146395","ENSG00000169181",-0.204,-0.204,1,"146395"
2,"hsa-miR-5197-5p","AAUGGCA",6,"HES6","55502","ENSG00000144485",-0.204,-0.204,1,"55502"
2,"hsa-miR-5197-5p","AAUGGCA",6,"RBM12B","389677","ENSG00000183808",-0.204,-0.204,1,"389677"
2,"hsa-miR-5197-5p","AAUGGCA",6,"WASL","8976","ENSG00000106299",-0.204,-0.204,1,"8976"
2,"hsa-miR-5197-5p","AAUGGCA",6,"WDFY1","57590","ENSG00000085449",-0.204,-0.204,1,"57590"
2,"hsa-miR-5197-5p","AAUGGCA",6,"ANKRD45","339416","ENSG00000183831",-0.203,-0.203,1,"339416"
2,"hsa-miR-5197-5p","AAUGGCA",6,"CAV3","859","ENSG00000182533",-0.203,-0.203,1,"859"
2,"hsa-miR-5197-5p","AAUGGCA",6,"HIST1H2AM",NA,"ENSG00000233224",-0.203,-0.203,1,NA
2,"hsa-miR-5197-5p","AAUGGCA",6,"LSM8","51691","ENSG00000128534",-0.203,-0.203,1,"51691"
2,"hsa-miR-5197-5p","AAUGGCA",6,"MDM4","4194","ENSG00000198625",-0.203,-0.203,1,"4194"
2,"hsa-miR-5197-5p","AAUGGCA",6,"SCRG1","11341","ENSG00000164106",-0.203,-0.203,1,"11341"
2,"hsa-miR-5197-5p","AAUGGCA",6,"TAFA2","338811","ENSG00000198673",-0.203,-0.203,1,"338811"
2,"hsa-miR-5197-5p","AAUGGCA",6,"CAMLG","819","ENSG00000164615",-0.202,-0.202,1,"819"
2,"hsa-miR-5197-5p","AAUGGCA",6,"CPLANE1","65250","ENSG00000197603",-0.202,-0.202,1,"65250"
2,"hsa-miR-5197-5p","AAUGGCA",6,"GLYATL3","389396","ENSG00000203972",-0.202,-0.202,1,"389396"
2,"hsa-miR-5197-5p","AAUGGCA",6,"LIMS1","3987","ENSG00000169756",-0.202,-0.1995,2,"3987"
2,"hsa-miR-5197-5p","AAUGGCA",6,"MED4","29079","ENSG00000136146",-0.202,-0.202,1,"29079"
2,"hsa-miR-5197-5p","AAUGGCA",6,"NINL","22981","ENSG00000101004",-0.202,-0.202,1,"22981"
2,"hsa-miR-5197-5p","AAUGGCA",6,"RBBP8","5932","ENSG00000101773",-0.202,-0.202,1,"5932"
2,"hsa-miR-5197-5p","AAUGGCA",6,"SLC12A8","84561","ENSG00000221955",-0.202,-0.202,1,"84561"
2,"hsa-miR-5197-5p","AAUGGCA",6,"SLC50A1","55974","ENSG00000169241",-0.202,-0.202,1,"55974"
2,"hsa-miR-5197-5p","AAUGGCA",6,"ZNF100","163227","ENSG00000197020",-0.202,-0.202,1,"163227"
2,"hsa-miR-5197-5p","AAUGGCA",6,"ZNF256","10172","ENSG00000152454",-0.202,-0.202,1,"10172"
2,"hsa-miR-5197-5p","AAUGGCA",6,"ZNF555","148254","ENSG00000186300",-0.202,-0.202,1,"148254"
2,"hsa-miR-5197-5p","AAUGGCA",6,"FASTKD2","22868","ENSG00000118246",-0.201,-0.201,1,"22868"
2,"hsa-miR-5197-5p","AAUGGCA",6,"FCRLA","84824","ENSG00000132185",-0.201,-0.201,1,"84824"
2,"hsa-miR-5197-5p","AAUGGCA",6,"GGN","199720","ENSG00000179168",-0.201,-0.201,1,"199720"
2,"hsa-miR-5197-5p","AAUGGCA",6,"PDE7A","5150","ENSG00000205268",-0.201,-0.201,1,"5150"
2,"hsa-miR-5197-5p","AAUGGCA",6,"RBM8A","101060541","ENSG00000131795",-0.201,-0.201,1,"9939"
2,"hsa-miR-5197-5p","AAUGGCA",6,"SKIDA1","387640","ENSG00000180592",-0.201,-0.201,1,"387640"
2,"hsa-miR-5197-5p","AAUGGCA",6,"UMAD1","729852","ENSG00000219545",-0.201,-0.201,1,"729852"
2,"hsa-miR-5197-5p","AAUGGCA",6,"VCX2","51480","ENSG00000177504",-0.201,-0.201,1,"51480"
2,"hsa-miR-5197-5p","AAUGGCA",6,"CCDC148","130940","ENSG00000153237",-0.2,-0.2,1,"130940"
2,"hsa-miR-5197-5p","AAUGGCA",6,"CDK19","23097","ENSG00000155111",-0.2,-0.2,1,"23097"
2,"hsa-miR-5197-5p","AAUGGCA",6,"CEP68","23177","ENSG00000011523",-0.2,-0.2,1,"23177"
2,"hsa-miR-5197-5p","AAUGGCA",6,"GLYATL1","92292","ENSG00000166840",-0.2,-0.2,1,"92292"
2,"hsa-miR-5197-5p","AAUGGCA",6,"KCNG3","170850","ENSG00000171126",-0.2,-0.2,1,"170850"
2,"hsa-miR-5197-5p","AAUGGCA",6,"NDNF","79625","ENSG00000173376",-0.2,-0.2,1,"79625"
2,"hsa-miR-5197-5p","AAUGGCA",6,"NETO2","81831","ENSG00000171208",-0.2,-0.2,1,"81831"
2,"hsa-miR-5197-5p","AAUGGCA",6,"NRAS","4893","ENSG00000213281",-0.2,-0.2,1,"4893"
2,"hsa-miR-5197-5p","AAUGGCA",6,"PINX1","54984","ENSG00000258724",-0.2,-0.2,1,"54984"
2,"hsa-miR-5197-5p","AAUGGCA",6,"PRKCI","5584","ENSG00000163558",-0.2,-0.2,1,"5584"
2,"hsa-miR-5197-5p","AAUGGCA",6,"PRPF4B","8899","ENSG00000112739",-0.2,-0.2,1,"8899"
2,"hsa-miR-5197-5p","AAUGGCA",6,"RAD51","5888","ENSG00000051180",-0.2,-0.2,1,"5888"
2,"hsa-miR-5197-5p","AAUGGCA",6,"TM9SF3","56889","ENSG00000077147",-0.2,-0.2,1,"56889"
2,"hsa-miR-5197-5p","AAUGGCA",6,"TMEM135","65084","ENSG00000166575",-0.2,-0.2,1,"65084"
2,"hsa-miR-5197-5p","AAUGGCA",6,"CCN4","8840","ENSG00000104415",-0.199,-0.199,1,"8840"
2,"hsa-miR-5197-5p","AAUGGCA",6,"PLA2R1","22925","ENSG00000153246",-0.199,-0.199,1,"22925"
2,"hsa-miR-5197-5p","AAUGGCA",6,"PPP1R15A","23645","ENSG00000087074",-0.199,-0.199,1,"23645"
2,"hsa-miR-5197-5p","AAUGGCA",6,"PTPRG","5793","ENSG00000144724",-0.199,-0.199,1,"5793"
2,"hsa-miR-5197-5p","AAUGGCA",6,"RAB21","23011","ENSG00000080371",-0.199,-0.199,1,"23011"
2,"hsa-miR-5197-5p","AAUGGCA",6,"SRSF2","6427","ENSG00000161547",-0.199,-0.199,1,"6427"
2,"hsa-miR-5197-5p","AAUGGCA",6,"ZNF277","11179","ENSG00000198839",-0.199,-0.199,1,"11179"
2,"hsa-miR-5197-5p","AAUGGCA",6,"ZNF331","55422","ENSG00000130844",-0.199,-0.199,1,"55422"
2,"hsa-miR-5197-5p","AAUGGCA",6,"ZNF90","7643","ENSG00000213988",-0.199,-0.199,1,"7643"
2,"hsa-miR-5197-5p","AAUGGCA",6,"CPA3","1359","ENSG00000163751",-0.198,-0.198,1,"1359"
2,"hsa-miR-5197-5p","AAUGGCA",6,"MTMR9","66036","ENSG00000104643",-0.198,-0.192,2,"66036"
2,"hsa-miR-5197-5p","AAUGGCA",6,"NDUFA9","4704","ENSG00000139180",-0.198,-0.198,1,"4704"
2,"hsa-miR-5197-5p","AAUGGCA",6,"POLR1F","221830","ENSG00000105849",-0.198,-0.198,1,"221830"
2,"hsa-miR-5197-5p","AAUGGCA",6,"PTCHD3","374308","ENSG00000182077",-0.198,-0.198,1,"374308"
2,"hsa-miR-5197-5p","AAUGGCA",6,"RANGAP1","5905","ENSG00000100401",-0.198,-0.198,1,"5905"
2,"hsa-miR-5197-5p","AAUGGCA",6,"SHOX","6473","ENSG00000185960",-0.198,-0.198,1,"6473"
2,"hsa-miR-5197-5p","AAUGGCA",6,"SLCO3A1","28232","ENSG00000176463",-0.198,-0.198,1,"28232"
2,"hsa-miR-5197-5p","AAUGGCA",6,"SSX5","6758","ENSG00000165583",-0.198,-0.198,1,"6758"
2,"hsa-miR-5197-5p","AAUGGCA",6,"ZNF704","619279","ENSG00000164684",-0.198,-0.198,1,"619279"
2,"hsa-miR-5197-5p","AAUGGCA",6,"AP3M1","26985","ENSG00000185009",-0.197,-0.197,1,"26985"
2,"hsa-miR-5197-5p","AAUGGCA",6,"DNAH1","25981","ENSG00000114841",-0.197,-0.197,1,"25981"
2,"hsa-miR-5197-5p","AAUGGCA",6,"DTWD2","285605","ENSG00000169570",-0.197,-0.1925,2,"285605"
2,"hsa-miR-5197-5p","AAUGGCA",6,"LRCH1","23143","ENSG00000136141",-0.197,-0.197,1,"23143"
2,"hsa-miR-5197-5p","AAUGGCA",6,"LYRM2","57226","ENSG00000083099",-0.197,-0.197,1,"57226"
2,"hsa-miR-5197-5p","AAUGGCA",6,"MED28","80306","ENSG00000118579",-0.197,-0.197,1,"80306"
2,"hsa-miR-5197-5p","AAUGGCA",6,"MOAP1","64112","ENSG00000165943",-0.197,-0.197,1,"64112"
2,"hsa-miR-5197-5p","AAUGGCA",6,"RBM47","54502","ENSG00000163694",-0.197,-0.197,1,"54502"
2,"hsa-miR-5197-5p","AAUGGCA",6,"SIGLECL1","284369","ENSG00000179213",-0.197,-0.197,1,"284369"
2,"hsa-miR-5197-5p","AAUGGCA",6,"TIMM23","653252","ENSG00000138297",-0.197,-0.197,1,"100287932"
2,"hsa-miR-5197-5p","AAUGGCA",6,"TMEM156","80008","ENSG00000121895",-0.197,-0.197,1,"80008"
2,"hsa-miR-5197-5p","AAUGGCA",6,"TMEM184C","55751","ENSG00000164168",-0.197,-0.197,1,"55751"
2,"hsa-miR-5197-5p","AAUGGCA",6,"ZIK1","284307","ENSG00000171649",-0.197,-0.197,1,"284307"
2,"hsa-miR-5197-5p","AAUGGCA",6,"ATG5","9474","ENSG00000057663",-0.196,-0.196,1,"9474"
2,"hsa-miR-5197-5p","AAUGGCA",6,"ATP8A1","10396","ENSG00000124406",-0.196,-0.196,1,"10396"
2,"hsa-miR-5197-5p","AAUGGCA",6,"CRK","1398","ENSG00000167193",-0.196,-0.196,1,"1398"
2,"hsa-miR-5197-5p","AAUGGCA",6,"DHODH","1723","ENSG00000102967",-0.196,-0.196,1,"1723"
2,"hsa-miR-5197-5p","AAUGGCA",6,"ING2","3622","ENSG00000168556",-0.196,-0.196,1,"3622"
2,"hsa-miR-5197-5p","AAUGGCA",6,"IREB2","3658","ENSG00000136381",-0.196,-0.196,1,"3658"
2,"hsa-miR-5197-5p","AAUGGCA",6,"LOXL3","84695","ENSG00000115318",-0.196,-0.196,1,"84695"
2,"hsa-miR-5197-5p","AAUGGCA",6,"NDFIP1","80762","ENSG00000131507",-0.196,-0.196,1,"80762"
2,"hsa-miR-5197-5p","AAUGGCA",6,"NEK1","4750","ENSG00000137601",-0.196,-0.196,1,"4750"
2,"hsa-miR-5197-5p","AAUGGCA",6,"PKP2","5318","ENSG00000057294",-0.196,-0.196,1,"5318"
2,"hsa-miR-5197-5p","AAUGGCA",6,"PLPP7","84814","ENSG00000160539",-0.196,-0.196,1,"84814"
2,"hsa-miR-5197-5p","AAUGGCA",6,"RDX","5962","ENSG00000137710",-0.196,-0.194,3,"5962"
2,"hsa-miR-5197-5p","AAUGGCA",6,"TLCD3A","79850","ENSG00000167695",-0.196,-0.196,1,"79850"
2,"hsa-miR-5197-5p","AAUGGCA",6,"ZNF248","57209","ENSG00000198105",-0.196,-0.196,1,"57209"
2,"hsa-miR-5197-5p","AAUGGCA",6,"APOOL","139322","ENSG00000155008",-0.195,-0.195,1,"139322"
2,"hsa-miR-5197-5p","AAUGGCA",6,"C2orf49","79074","ENSG00000135974",-0.195,-0.195,1,"79074"
2,"hsa-miR-5197-5p","AAUGGCA",6,"CA7","766","ENSG00000168748",-0.195,-0.195,1,"766"
2,"hsa-miR-5197-5p","AAUGGCA",6,"DHX40","79665","ENSG00000108406",-0.195,-0.195,1,"79665"
2,"hsa-miR-5197-5p","AAUGGCA",6,"GPR12","2835","ENSG00000132975",-0.195,-0.195,1,"2835"
2,"hsa-miR-5197-5p","AAUGGCA",6,"HBEGF","1839","ENSG00000113070",-0.195,-0.195,1,"1839"
2,"hsa-miR-5197-5p","AAUGGCA",6,"ISCA2","122961","ENSG00000165898",-0.195,-0.195,1,"122961"
2,"hsa-miR-5197-5p","AAUGGCA",6,"LRRC55","219527","ENSG00000183908",-0.195,-0.195,1,"219527"
2,"hsa-miR-5197-5p","AAUGGCA",6,"NET1","10276","ENSG00000173848",-0.195,-0.195,1,"10276"
2,"hsa-miR-5197-5p","AAUGGCA",6,"NIPA2","81614","ENSG00000140157",-0.195,-0.195,1,"81614"
2,"hsa-miR-5197-5p","AAUGGCA",6,"PNISR","25957","ENSG00000132424",-0.195,-0.195,1,"25957"
2,"hsa-miR-5197-5p","AAUGGCA",6,"RECK","8434","ENSG00000122707",-0.195,-0.195,1,"8434"
2,"hsa-miR-5197-5p","AAUGGCA",6,"ZNF211","10520","ENSG00000121417",-0.195,-0.195,1,"10520"
2,"hsa-miR-5197-5p","AAUGGCA",6,"AC008443.1",NA,"ENSG00000268397",-0.194,-0.194,1,NA
2,"hsa-miR-5197-5p","AAUGGCA",6,"AL590235.1",NA,"ENSG00000268781",-0.194,-0.194,1,NA
2,"hsa-miR-5197-5p","AAUGGCA",6,"AVPR1A","552","ENSG00000166148",-0.194,-0.194,1,"552"
2,"hsa-miR-5197-5p","AAUGGCA",6,"BCL2L11","10018","ENSG00000153094",-0.194,-0.194,1,"10018"
2,"hsa-miR-5197-5p","AAUGGCA",6,"CNGB1","1258","ENSG00000070729",-0.194,-0.194,1,"1258"
2,"hsa-miR-5197-5p","AAUGGCA",6,"FRZB","2487","ENSG00000162998",-0.194,-0.194,1,"2487"
2,"hsa-miR-5197-5p","AAUGGCA",6,"MKRN2","23609","ENSG00000075975",-0.194,-0.194,1,"23609"
2,"hsa-miR-5197-5p","AAUGGCA",6,"RUNDC3B","154661","ENSG00000105784",-0.194,-0.194,1,"154661"
2,"hsa-miR-5197-5p","AAUGGCA",6,"BMPR2","659","ENSG00000204217",-0.193,-0.193,1,"659"
2,"hsa-miR-5197-5p","AAUGGCA",6,"ISY1","57461","ENSG00000240682",-0.193,-0.193,1,"57461"
2,"hsa-miR-5197-5p","AAUGGCA",6,"PPP2R5C","5527","ENSG00000078304",-0.193,-0.193,1,"5527"
2,"hsa-miR-5197-5p","AAUGGCA",6,"RAB23","51715","ENSG00000112210",-0.193,-0.193,1,"51715"
2,"hsa-miR-5197-5p","AAUGGCA",6,"SCML1","6322","ENSG00000047634",-0.193,-0.193,1,"6322"
2,"hsa-miR-5197-5p","AAUGGCA",6,"SFMBT1","51460","ENSG00000163935",-0.193,-0.193,1,"51460"
2,"hsa-miR-5197-5p","AAUGGCA",6,"SIRPA","140885","ENSG00000198053",-0.193,-0.193,1,"140885"
2,"hsa-miR-5197-5p","AAUGGCA",6,"SOX5","6660","ENSG00000134532",-0.193,-0.193,1,"6660"
2,"hsa-miR-5197-5p","AAUGGCA",6,"SREK1IP1","285672","ENSG00000153006",-0.193,-0.193,1,"285672"
2,"hsa-miR-5197-5p","AAUGGCA",6,"ACVR1","90","ENSG00000115170",-0.192,-0.192,1,"90"
2,"hsa-miR-5197-5p","AAUGGCA",6,"CALN1","83698","ENSG00000183166",-0.192,-0.192,1,"83698"
2,"hsa-miR-5197-5p","AAUGGCA",6,"FN3KRP","79672","ENSG00000141560",-0.192,-0.192,1,"79672"
2,"hsa-miR-5197-5p","AAUGGCA",6,"GATC","283459","ENSG00000257218",-0.192,-0.192,1,"283459"
2,"hsa-miR-5197-5p","AAUGGCA",6,"INSIG2","51141","ENSG00000125629",-0.192,-0.192,1,"51141"
2,"hsa-miR-5197-5p","AAUGGCA",6,"LINC01619","256021","ENSG00000257242",-0.192,-0.192,1,"256021"
2,"hsa-miR-5197-5p","AAUGGCA",6,"LSM3","27258","ENSG00000170860",-0.192,-0.192,1,"27258"
2,"hsa-miR-5197-5p","AAUGGCA",6,"PCBD2","84105","ENSG00000132570",-0.192,-0.192,1,"84105"
2,"hsa-miR-5197-5p","AAUGGCA",6,"PRCD","768206","ENSG00000214140",-0.192,-0.1855,2,"768206"
2,"hsa-miR-5197-5p","AAUGGCA",6,"SCIN","85477","ENSG00000006747",-0.192,-0.192,1,"85477"
2,"hsa-miR-5197-5p","AAUGGCA",6,"SMIM43","132332","ENSG00000164112",-0.192,-0.192,1,"132332"
2,"hsa-miR-5197-5p","AAUGGCA",6,"TENT2","167153","ENSG00000164329",-0.192,-0.192,1,"167153"
2,"hsa-miR-5197-5p","AAUGGCA",6,"TTC19","54902","ENSG00000011295",-0.192,-0.192,1,"54902"
2,"hsa-miR-5197-5p","AAUGGCA",6,"YTHDC2","64848","ENSG00000047188",-0.192,-0.192,1,"64848"
2,"hsa-miR-5197-5p","AAUGGCA",6,"ZNF283","284349","ENSG00000167637",-0.192,-0.192,1,"284349"
2,"hsa-miR-5197-5p","AAUGGCA",6,"ZNF708","7562","ENSG00000182141",-0.192,-0.192,1,"7562"
2,"hsa-miR-5197-5p","AAUGGCA",6,"API5","8539","ENSG00000166181",-0.191,-0.191,1,"8539"
2,"hsa-miR-5197-5p","AAUGGCA",6,"DNAJA4","55466","ENSG00000140403",-0.191,-0.191,1,"55466"
2,"hsa-miR-5197-5p","AAUGGCA",6,"ELOVL7","79993","ENSG00000164181",-0.191,-0.191,1,"79993"
2,"hsa-miR-5197-5p","AAUGGCA",6,"FKBP4","2288","ENSG00000004478",-0.191,-0.191,1,"2288"
2,"hsa-miR-5197-5p","AAUGGCA",6,"JAK1","3716","ENSG00000162434",-0.191,-0.191,1,"3716"
2,"hsa-miR-5197-5p","AAUGGCA",6,"METRNL","284207","ENSG00000176845",-0.191,-0.191,1,"284207"
2,"hsa-miR-5197-5p","AAUGGCA",6,"NRIP1","8204","ENSG00000180530",-0.191,-0.191,1,"8204"
2,"hsa-miR-5197-5p","AAUGGCA",6,"PDGFC","56034","ENSG00000145431",-0.191,-0.191,1,"56034"
2,"hsa-miR-5197-5p","AAUGGCA",6,"RIMKLB","57494","ENSG00000166532",-0.191,-0.191,1,"57494"
2,"hsa-miR-5197-5p","AAUGGCA",6,"RTN4RL2","349667","ENSG00000186907",-0.191,-0.191,1,"349667"
2,"hsa-miR-5197-5p","AAUGGCA",6,"SLN","6588","ENSG00000170290",-0.191,-0.191,1,"6588"
2,"hsa-miR-5197-5p","AAUGGCA",6,"SPCS3","60559","ENSG00000129128",-0.191,-0.191,1,"60559"
2,"hsa-miR-5197-5p","AAUGGCA",6,"SYNCRIP","10492","ENSG00000135316",-0.191,-0.191,1,"10492"
2,"hsa-miR-5197-5p","AAUGGCA",6,"TIGD2","166815","ENSG00000180346",-0.191,-0.191,1,"166815"
2,"hsa-miR-5197-5p","AAUGGCA",6,"TRIM17","51127","ENSG00000162931",-0.191,-0.191,1,"51127"
2,"hsa-miR-5197-5p","AAUGGCA",6,"AKAP7","9465","ENSG00000118507",-0.19,-0.19,1,"9465"
2,"hsa-miR-5197-5p","AAUGGCA",6,"C7orf76","401388","ENSG00000197851",-0.19,-0.19,1,NA
2,"hsa-miR-5197-5p","AAUGGCA",6,"CCNE2","9134","ENSG00000175305",-0.19,-0.189,2,"9134"
2,"hsa-miR-5197-5p","AAUGGCA",6,"DUSP10","11221","ENSG00000143507",-0.19,-0.19,1,"11221"
2,"hsa-miR-5197-5p","AAUGGCA",6,"GLRB","2743","ENSG00000109738",-0.19,-0.19,1,"2743"
2,"hsa-miR-5197-5p","AAUGGCA",6,"GOT2","2806","ENSG00000125166",-0.19,-0.19,1,"2806"
2,"hsa-miR-5197-5p","AAUGGCA",6,"GSTO2","119391","ENSG00000065621",-0.19,-0.19,1,"119391"
2,"hsa-miR-5197-5p","AAUGGCA",6,"NMNAT1","64802","ENSG00000173614",-0.19,-0.19,1,"64802"
2,"hsa-miR-5197-5p","AAUGGCA",6,"PLCXD3","345557","ENSG00000182836",-0.19,-0.19,1,"345557"
2,"hsa-miR-5197-5p","AAUGGCA",6,"PLEKHA5","54477","ENSG00000052126",-0.19,-0.19,1,"54477"
2,"hsa-miR-5197-5p","AAUGGCA",6,"PRTFDC1","56952","ENSG00000099256",-0.19,-0.19,1,"56952"
2,"hsa-miR-5197-5p","AAUGGCA",6,"RASGEF1B","153020","ENSG00000138670",-0.19,-0.19,1,"153020"
2,"hsa-miR-5197-5p","AAUGGCA",6,"SSX7","280658","ENSG00000187754",-0.19,-0.19,1,"280658"
2,"hsa-miR-5197-5p","AAUGGCA",6,"TMEM108","66000","ENSG00000144868",-0.19,-0.19,1,"66000"
2,"hsa-miR-5197-5p","AAUGGCA",6,"TPD52","7163","ENSG00000076554",-0.19,-0.19,2,"7163"
2,"hsa-miR-5197-5p","AAUGGCA",6,"WARS2","10352","ENSG00000116874",-0.19,-0.19,1,"10352"
2,"hsa-miR-5197-5p","AAUGGCA",6,"ZNF716","441234","ENSG00000182111",-0.19,-0.19,1,"441234"
2,"hsa-miR-5197-5p","AAUGGCA",6,"ARID2","196528","ENSG00000189079",-0.189,-0.189,1,"196528"
2,"hsa-miR-5197-5p","AAUGGCA",6,"CACNG4","27092","ENSG00000075461",-0.189,-0.189,1,"27092"
2,"hsa-miR-5197-5p","AAUGGCA",6,"CELF2","10659","ENSG00000048740",-0.189,-0.189,1,"10659"
2,"hsa-miR-5197-5p","AAUGGCA",6,"CLCN3","1182","ENSG00000109572",-0.189,-0.189,1,"1182"
2,"hsa-miR-5197-5p","AAUGGCA",6,"DNAAF2","55172","ENSG00000165506",-0.189,-0.189,1,"55172"
2,"hsa-miR-5197-5p","AAUGGCA",6,"GABRA2","2555","ENSG00000151834",-0.189,-0.189,1,"2555"
2,"hsa-miR-5197-5p","AAUGGCA",6,"GAPT","202309","ENSG00000175857",-0.189,-0.189,1,"202309"
2,"hsa-miR-5197-5p","AAUGGCA",6,"GPR158","57512","ENSG00000151025",-0.189,-0.189,1,"57512"
2,"hsa-miR-5197-5p","AAUGGCA",6,"GPR174","84636","ENSG00000147138",-0.189,-0.189,1,"84636"
2,"hsa-miR-5197-5p","AAUGGCA",6,"MBLAC2","153364","ENSG00000176055",-0.189,-0.189,1,"153364"
2,"hsa-miR-5197-5p","AAUGGCA",6,"OOSP2","219990","ENSG00000149507",-0.189,-0.189,1,"219990"
2,"hsa-miR-5197-5p","AAUGGCA",6,"PPP6C","5537","ENSG00000119414",-0.189,-0.189,1,"5537"
2,"hsa-miR-5197-5p","AAUGGCA",6,"PRR13","54458","ENSG00000205352",-0.189,-0.189,1,"54458"
2,"hsa-miR-5197-5p","AAUGGCA",6,"SPATS2","65244","ENSG00000123352",-0.189,-0.189,1,"65244"
2,"hsa-miR-5197-5p","AAUGGCA",6,"UQCC3","790955","ENSG00000204922",-0.189,-0.189,1,"790955"
2,"hsa-miR-5197-5p","AAUGGCA",6,"YIPF4","84272","ENSG00000119820",-0.189,-0.189,1,"84272"
2,"hsa-miR-5197-5p","AAUGGCA",6,"ADGRB3","577","ENSG00000135298",-0.188,-0.188,1,"577"
2,"hsa-miR-5197-5p","AAUGGCA",6,"C16orf87","388272","ENSG00000155330",-0.188,-0.188,1,"388272"
2,"hsa-miR-5197-5p","AAUGGCA",6,"CAPN11","11131","ENSG00000137225",-0.188,-0.188,1,"11131"
2,"hsa-miR-5197-5p","AAUGGCA",6,"ELOC","6921","ENSG00000154582",-0.188,-0.188,1,"6921"
2,"hsa-miR-5197-5p","AAUGGCA",6,"PSMC2","5701","ENSG00000161057",-0.188,-0.188,1,"5701"
2,"hsa-miR-5197-5p","AAUGGCA",6,"SDC2","6383","ENSG00000169439",-0.188,-0.188,1,"6383"
2,"hsa-miR-5197-5p","AAUGGCA",6,"SKP1","6500","ENSG00000113558",-0.188,-0.188,1,"6500"
2,"hsa-miR-5197-5p","AAUGGCA",6,"SMARCD2","6603","ENSG00000108604",-0.188,-0.188,1,"6603"
2,"hsa-miR-5197-5p","AAUGGCA",6,"SOCS6","9306","ENSG00000170677",-0.188,-0.188,1,"9306"
2,"hsa-miR-5197-5p","AAUGGCA",6,"ADCYAP1R1","117","ENSG00000078549",-0.187,-0.187,1,"117"
2,"hsa-miR-5197-5p","AAUGGCA",6,"ARMC1","55156","ENSG00000104442",-0.187,-0.187,1,"55156"
2,"hsa-miR-5197-5p","AAUGGCA",6,"CHMP4C","92421","ENSG00000164695",-0.187,-0.187,1,"92421"
2,"hsa-miR-5197-5p","AAUGGCA",6,"ETNK1","55500","ENSG00000139163",-0.187,-0.187,1,"55500"
2,"hsa-miR-5197-5p","AAUGGCA",6,"HCCS","3052","ENSG00000004961",-0.187,-0.187,1,"3052"
2,"hsa-miR-5197-5p","AAUGGCA",6,"KLF4","9314","ENSG00000136826",-0.187,-0.187,1,"9314"
2,"hsa-miR-5197-5p","AAUGGCA",6,"LINC01164","399827","ENSG00000189275",-0.187,-0.187,1,"399827"
2,"hsa-miR-5197-5p","AAUGGCA",6,"NSMAF","8439","ENSG00000035681",-0.187,-0.187,1,"8439"
2,"hsa-miR-5197-5p","AAUGGCA",6,"PATJ","10207","ENSG00000132849",-0.187,-0.187,1,"10207"
2,"hsa-miR-5197-5p","AAUGGCA",6,"PDHX","8050","ENSG00000110435",-0.187,-0.187,1,"8050"
2,"hsa-miR-5197-5p","AAUGGCA",6,"PLA2G12A","81579","ENSG00000123739",-0.187,-0.187,1,"81579"
2,"hsa-miR-5197-5p","AAUGGCA",6,"SYP","6855","ENSG00000102003",-0.187,-0.187,1,"6855"
2,"hsa-miR-5197-5p","AAUGGCA",6,"SYTL5","94122","ENSG00000147041",-0.187,-0.187,1,"94122"
2,"hsa-miR-5197-5p","AAUGGCA",6,"THEM4","117145","ENSG00000159445",-0.187,-0.187,1,"117145"
2,"hsa-miR-5197-5p","AAUGGCA",6,"TMIGD3","57413","ENSG00000121933",-0.187,-0.187,1,"57413"
2,"hsa-miR-5197-5p","AAUGGCA",6,"TPGS2","25941","ENSG00000134779",-0.187,-0.187,1,"25941"
2,"hsa-miR-5197-5p","AAUGGCA",6,"AIG1","51390","ENSG00000146416",-0.186,-0.186,1,"51390"
2,"hsa-miR-5197-5p","AAUGGCA",6,"CDCA3","83461","ENSG00000111665",-0.186,-0.186,1,"83461"
2,"hsa-miR-5197-5p","AAUGGCA",6,"CDK5R1","8851","ENSG00000176749",-0.186,-0.186,1,"8851"
2,"hsa-miR-5197-5p","AAUGGCA",6,"KCNK10","54207","ENSG00000100433",-0.186,-0.186,1,"54207"
2,"hsa-miR-5197-5p","AAUGGCA",6,"MAP1LC3C","440738","ENSG00000197769",-0.186,-0.186,1,"440738"
2,"hsa-miR-5197-5p","AAUGGCA",6,"MFSD6","54842","ENSG00000151690",-0.186,-0.186,1,"54842"
2,"hsa-miR-5197-5p","AAUGGCA",6,"SEC22A","26984","ENSG00000121542",-0.186,-0.186,1,"26984"
2,"hsa-miR-5197-5p","AAUGGCA",6,"TLR8","51311","ENSG00000101916",-0.186,-0.186,1,"51311"
2,"hsa-miR-5197-5p","AAUGGCA",6,"ZSCAN9","7746","ENSG00000137185",-0.186,-0.186,1,"7746"
2,"hsa-miR-5197-5p","AAUGGCA",6,"AP000695.1",NA,"ENSG00000267976",-0.185,-0.185,1,NA
2,"hsa-miR-5197-5p","AAUGGCA",6,"CBX1","10951","ENSG00000108468",-0.185,-0.185,1,"10951"
2,"hsa-miR-5197-5p","AAUGGCA",6,"CLNK","116449","ENSG00000109684",-0.185,-0.185,1,"116449"
2,"hsa-miR-5197-5p","AAUGGCA",6,"ELK4","2005","ENSG00000158711",-0.185,-0.185,1,"2005"
2,"hsa-miR-5197-5p","AAUGGCA",6,"LMO3","55885","ENSG00000048540",-0.185,-0.185,1,"55885"
2,"hsa-miR-5197-5p","AAUGGCA",6,"MSRB3","253827","ENSG00000174099",-0.185,-0.185,1,"253827"
2,"hsa-miR-5197-5p","AAUGGCA",6,"PLCG1","5335","ENSG00000124181",-0.185,-0.185,1,"5335"
2,"hsa-miR-5197-5p","AAUGGCA",6,"PRICKLE1","144165","ENSG00000139174",-0.185,-0.185,1,"144165"
2,"hsa-miR-5197-5p","AAUGGCA",6,"SPATC1","375686","ENSG00000186583",-0.185,-0.185,1,"375686"
2,"hsa-miR-5197-5p","AAUGGCA",6,"TTLL7","79739","ENSG00000137941",-0.185,-0.185,1,"79739"
2,"hsa-miR-5197-5p","AAUGGCA",6,"USP54","159195","ENSG00000166348",-0.185,-0.185,1,"159195"
2,"hsa-miR-5197-5p","AAUGGCA",6,"ZNF486","90649","ENSG00000256229",-0.185,-0.185,1,"90649"
2,"hsa-miR-5197-5p","AAUGGCA",6,"ALG6","29929","ENSG00000088035",-0.184,-0.184,1,"29929"
2,"hsa-miR-5197-5p","AAUGGCA",6,"CCDC71L","168455","ENSG00000253276",-0.184,-0.184,1,"168455"
2,"hsa-miR-5197-5p","AAUGGCA",6,"COMTD1","118881","ENSG00000165644",-0.184,-0.184,1,"118881"
2,"hsa-miR-5197-5p","AAUGGCA",6,"EXOC2","55770","ENSG00000112685",-0.184,-0.184,1,"55770"
2,"hsa-miR-5197-5p","AAUGGCA",6,"HACD3","51495","ENSG00000074696",-0.184,-0.184,1,"51495"
2,"hsa-miR-5197-5p","AAUGGCA",6,"PDCD1LG2","80380","ENSG00000197646",-0.184,-0.184,1,"80380"
2,"hsa-miR-5197-5p","AAUGGCA",6,"PTMS","5763","ENSG00000159335",-0.184,-0.184,1,"5763"
2,"hsa-miR-5197-5p","AAUGGCA",6,"ST6GALNAC6","30815","ENSG00000160408",-0.184,-0.184,1,"30815"
2,"hsa-miR-5197-5p","AAUGGCA",6,"SUCO","51430","ENSG00000094975",-0.184,-0.184,1,"51430"
2,"hsa-miR-5197-5p","AAUGGCA",6,"TICRR","90381","ENSG00000140534",-0.184,-0.184,1,"90381"
2,"hsa-miR-5197-5p","AAUGGCA",6,"TMEM192","201931","ENSG00000170088",-0.184,-0.184,1,"201931"
2,"hsa-miR-5197-5p","AAUGGCA",6,"TPCN2","219931","ENSG00000162341",-0.184,-0.184,1,"219931"
2,"hsa-miR-5197-5p","AAUGGCA",6,"ZKSCAN4","387032","ENSG00000187626",-0.184,-0.184,1,"387032"
2,"hsa-miR-5197-5p","AAUGGCA",6,"CALU","813","ENSG00000128595",-0.183,-0.183,1,"813"
2,"hsa-miR-5197-5p","AAUGGCA",6,"DZIP1","22873","ENSG00000134874",-0.183,-0.183,1,"22873"
2,"hsa-miR-5197-5p","AAUGGCA",6,"ERP44","23071","ENSG00000023318",-0.183,-0.183,1,"23071"
2,"hsa-miR-5197-5p","AAUGGCA",6,"FAT1","2195","ENSG00000083857",-0.183,-0.183,1,"2195"
2,"hsa-miR-5197-5p","AAUGGCA",6,"FBXL17","64839","ENSG00000145743",-0.183,-0.183,1,"64839"
2,"hsa-miR-5197-5p","AAUGGCA",6,"GUCY1A2","2977","ENSG00000152402",-0.183,-0.183,1,"2977"
2,"hsa-miR-5197-5p","AAUGGCA",6,"KMO","8564","ENSG00000117009",-0.183,-0.183,1,"8564"
2,"hsa-miR-5197-5p","AAUGGCA",6,"LEPR","3953","ENSG00000116678",-0.183,-0.183,1,"3953"
2,"hsa-miR-5197-5p","AAUGGCA",6,"MIR4280HG","117751736","ENSG00000233828",-0.183,-0.183,1,"117751736"
2,"hsa-miR-5197-5p","AAUGGCA",6,"NUDT4","11163","ENSG00000173598",-0.183,-0.183,1,"11163"
2,"hsa-miR-5197-5p","AAUGGCA",6,"PAQR3","152559","ENSG00000163291",-0.183,-0.183,1,"152559"
2,"hsa-miR-5197-5p","AAUGGCA",6,"PARP6","56965","ENSG00000137817",-0.183,-0.183,1,"56965"
2,"hsa-miR-5197-5p","AAUGGCA",6,"PNN","5411","ENSG00000100941",-0.183,-0.183,1,"5411"
2,"hsa-miR-5197-5p","AAUGGCA",6,"RPS19","6223","ENSG00000105372",-0.183,-0.183,1,"6223"
2,"hsa-miR-5197-5p","AAUGGCA",6,"RRM2B","50484","ENSG00000048392",-0.183,-0.183,1,"50484"
2,"hsa-miR-5197-5p","AAUGGCA",6,"RTL8C","8933","ENSG00000134590",-0.183,-0.183,1,"8933"
2,"hsa-miR-5197-5p","AAUGGCA",6,"SLC13A5","284111","ENSG00000141485",-0.183,-0.183,1,"284111"
2,"hsa-miR-5197-5p","AAUGGCA",6,"SLC7A6OS","84138","ENSG00000103061",-0.183,-0.183,1,"84138"
2,"hsa-miR-5197-5p","AAUGGCA",6,"ZNF28","7576","ENSG00000198538",-0.183,-0.183,1,"7576"
2,"hsa-miR-5197-5p","AAUGGCA",6,"ABCA8","10351","ENSG00000141338",-0.182,-0.182,1,"10351"
2,"hsa-miR-5197-5p","AAUGGCA",6,"DCAF11","80344","ENSG00000100897",-0.182,-0.182,1,"80344"
2,"hsa-miR-5197-5p","AAUGGCA",6,"DCUN1D4","23142","ENSG00000109184",-0.182,-0.182,1,"23142"
2,"hsa-miR-5197-5p","AAUGGCA",6,"GOSR2","9570","ENSG00000108433",-0.182,-0.182,1,"9570"
2,"hsa-miR-5197-5p","AAUGGCA",6,"IL11","3589","ENSG00000095752",-0.182,-0.182,1,"3589"
2,"hsa-miR-5197-5p","AAUGGCA",6,"JCAD","57608","ENSG00000165757",-0.182,-0.182,1,"57608"
2,"hsa-miR-5197-5p","AAUGGCA",6,"MSC-AS1","100132891","ENSG00000235531",-0.182,-0.182,1,"100132891"
2,"hsa-miR-5197-5p","AAUGGCA",6,"NDC1","55706","ENSG00000058804",-0.182,-0.182,1,"55706"
2,"hsa-miR-5197-5p","AAUGGCA",6,"NDFIP2","54602","ENSG00000102471",-0.182,-0.182,1,"54602"
2,"hsa-miR-5197-5p","AAUGGCA",6,"NR5A2","2494","ENSG00000116833",-0.182,-0.182,1,"2494"
2,"hsa-miR-5197-5p","AAUGGCA",6,"OPRK1","4986","ENSG00000082556",-0.182,-0.182,1,"4986"
2,"hsa-miR-5197-5p","AAUGGCA",6,"OXNAD1","92106","ENSG00000154814",-0.182,-0.182,1,"92106"
2,"hsa-miR-5197-5p","AAUGGCA",6,"POLR3F","10621","ENSG00000132664",-0.182,-0.182,1,"10621"
2,"hsa-miR-5197-5p","AAUGGCA",6,"PROX1","5629","ENSG00000117707",-0.182,-0.182,1,"5629"
2,"hsa-miR-5197-5p","AAUGGCA",6,"RPIA","22934","ENSG00000153574",-0.182,-0.182,1,"22934"
2,"hsa-miR-5197-5p","AAUGGCA",6,"TRIM23","373","ENSG00000113595",-0.182,-0.182,1,"373"
2,"hsa-miR-5197-5p","AAUGGCA",6,"UBE2N","7334","ENSG00000177889",-0.182,-0.182,1,"7334"
2,"hsa-miR-5197-5p","AAUGGCA",6,"ZDHHC13","54503","ENSG00000177054",-0.182,-0.182,1,"54503"
2,"hsa-miR-5197-5p","AAUGGCA",6,"ZNF527","84503","ENSG00000189164",-0.182,-0.182,1,"84503"
2,"hsa-miR-5197-5p","AAUGGCA",6,"ACP3","55","ENSG00000014257",-0.181,-0.181,1,"55"
2,"hsa-miR-5197-5p","AAUGGCA",6,"ARL5B","221079","ENSG00000165997",-0.181,-0.181,1,"221079"
2,"hsa-miR-5197-5p","AAUGGCA",6,"CDR1","1038","ENSG00000184258",-0.181,-0.181,1,"1038"
2,"hsa-miR-5197-5p","AAUGGCA",6,"CHRNA5","1138","ENSG00000169684",-0.181,-0.181,1,"1138"
2,"hsa-miR-5197-5p","AAUGGCA",6,"H2AC11","8969","ENSG00000196787",-0.181,-0.181,1,"8969"
2,"hsa-miR-5197-5p","AAUGGCA",6,"NSUN7","79730","ENSG00000179299",-0.181,-0.181,1,"79730"
2,"hsa-miR-5197-5p","AAUGGCA",6,"RBM14","10432","ENSG00000239306",-0.181,-0.181,1,"10432"
2,"hsa-miR-5197-5p","AAUGGCA",6,"SRSF6","6431","ENSG00000124193",-0.181,-0.181,1,"6431"
2,"hsa-miR-5197-5p","AAUGGCA",6,"TIMP4","7079","ENSG00000157150",-0.181,-0.181,1,"7079"
2,"hsa-miR-5197-5p","AAUGGCA",6,"WT1","7490","ENSG00000184937",-0.181,-0.181,1,"7490"
2,"hsa-miR-5197-5p","AAUGGCA",6,"ZNF280C","55609","ENSG00000056277",-0.181,-0.181,1,"55609"
2,"hsa-miR-5197-5p","AAUGGCA",6,"FTO","79068","ENSG00000140718",-0.18,-0.18,1,"79068"
2,"hsa-miR-5197-5p","AAUGGCA",6,"GPATCH11","253635","ENSG00000152133",-0.18,-0.18,1,"253635"
2,"hsa-miR-5197-5p","AAUGGCA",6,"MFSD1","64747","ENSG00000118855",-0.18,-0.18,1,"64747"
2,"hsa-miR-5197-5p","AAUGGCA",6,"NFATC2IP","84901","ENSG00000176953",-0.18,-0.18,1,"84901"
2,"hsa-miR-5197-5p","AAUGGCA",6,"NQO2","4835","ENSG00000124588",-0.18,-0.18,1,"4835"
2,"hsa-miR-5197-5p","AAUGGCA",6,"OSGEP","55644","ENSG00000092094",-0.18,-0.18,1,"55644"
2,"hsa-miR-5197-5p","AAUGGCA",6,"RPF2","84154","ENSG00000197498",-0.18,-0.18,1,"84154"
2,"hsa-miR-5197-5p","AAUGGCA",6,"RPL15","6138","ENSG00000174748",-0.18,-0.18,1,"6138"
2,"hsa-miR-5197-5p","AAUGGCA",6,"SOCS2","8835","ENSG00000120833",-0.18,-0.18,1,"8835"
2,"hsa-miR-5197-5p","AAUGGCA",6,"ZNF620","253639","ENSG00000177842",-0.18,-0.18,1,"253639"
2,"hsa-miR-5197-5p","AAUGGCA",6,"BTG3","10950","ENSG00000154640",-0.179,-0.179,1,"10950"
2,"hsa-miR-5197-5p","AAUGGCA",6,"CABLES2","81928","ENSG00000149679",-0.179,-0.179,1,"81928"
2,"hsa-miR-5197-5p","AAUGGCA",6,"CX3CL1","6376","ENSG00000006210",-0.179,-0.179,1,"6376"
2,"hsa-miR-5197-5p","AAUGGCA",6,"DTL","51514","ENSG00000143476",-0.179,-0.179,1,"51514"
2,"hsa-miR-5197-5p","AAUGGCA",6,"IGSF3","3321","ENSG00000143061",-0.179,-0.179,1,"3321"
2,"hsa-miR-5197-5p","AAUGGCA",6,"IST1","9798","ENSG00000182149",-0.179,-0.179,1,"9798"
2,"hsa-miR-5197-5p","AAUGGCA",6,"PON3","5446","ENSG00000105852",-0.179,-0.179,1,"5446"
2,"hsa-miR-5197-5p","AAUGGCA",6,"SRSF10","10772","ENSG00000188529",-0.179,-0.179,1,"10772"
2,"hsa-miR-5197-5p","AAUGGCA",6,"ZC3H4","23211","ENSG00000130749",-0.179,-0.179,1,"23211"
2,"hsa-miR-5197-5p","AAUGGCA",6,"CHSY1","22856","ENSG00000131873",-0.178,-0.178,1,"22856"
2,"hsa-miR-5197-5p","AAUGGCA",6,"CREBZF","58487","ENSG00000137504",-0.178,-0.178,1,"58487"
2,"hsa-miR-5197-5p","AAUGGCA",6,"DELE1","9812","ENSG00000081791",-0.178,-0.178,1,"9812"
2,"hsa-miR-5197-5p","AAUGGCA",6,"DNAJA1","3301","ENSG00000086061",-0.178,-0.178,1,"3301"
2,"hsa-miR-5197-5p","AAUGGCA",6,"EXD2","55218","ENSG00000081177",-0.178,-0.178,1,"55218"
2,"hsa-miR-5197-5p","AAUGGCA",6,"FOXN2","3344","ENSG00000170802",-0.178,-0.178,1,"3344"
2,"hsa-miR-5197-5p","AAUGGCA",6,"LETM1","3954","ENSG00000168924",-0.178,-0.178,1,"3954"
2,"hsa-miR-5197-5p","AAUGGCA",6,"MAB21L4","79919","ENSG00000172478",-0.178,-0.178,1,"79919"
2,"hsa-miR-5197-5p","AAUGGCA",6,"YOD1","55432","ENSG00000180667",-0.178,-0.178,1,"55432"
3,"hsa-miR-106a-3p","UGCAAUG",5,"HBB","3043","ENSG00000244734",-0.96,-0.96,1,"3043"
3,"hsa-miR-106a-3p","UGCAAUG",5,"DPY30","84661","ENSG00000162961",-0.637,-0.637,1,"84661"
3,"hsa-miR-106a-3p","UGCAAUG",5,"KRTAP6-3","337968","ENSG00000212938",-0.629,-0.629,1,"337968"
3,"hsa-miR-106a-3p","UGCAAUG",5,"IFI35","3430","ENSG00000068079",-0.59,-0.59,1,"3430"
3,"hsa-miR-106a-3p","UGCAAUG",5,"SFXN2","118980","ENSG00000156398",-0.59,-0.59,1,"118980"
3,"hsa-miR-106a-3p","UGCAAUG",5,"DKK4","27121","ENSG00000104371",-0.581,-0.581,1,"27121"
3,"hsa-miR-106a-3p","UGCAAUG",5,"KRTAP11-1","337880","ENSG00000182591",-0.58,-0.58,1,"337880"
3,"hsa-miR-106a-3p","UGCAAUG",5,"EXOSC3","51010","ENSG00000107371",-0.578,-0.578,1,"51010"
3,"hsa-miR-106a-3p","UGCAAUG",5,"MYF5","4617","ENSG00000111049",-0.577,-0.577,1,"4617"
3,"hsa-miR-106a-3p","UGCAAUG",5,"PHLDA2","7262","ENSG00000181649",-0.568,-0.568,1,"7262"
3,"hsa-miR-106a-3p","UGCAAUG",5,"KIAA0040","9674","ENSG00000235750",-0.565,-0.565,1,"9674"
3,"hsa-miR-106a-3p","UGCAAUG",5,"BAALC","79870","ENSG00000164929",-0.557,-0.48,2,"79870"
3,"hsa-miR-106a-3p","UGCAAUG",5,"GUF1","60558","ENSG00000151806",-0.554,-0.554,1,"60558"
3,"hsa-miR-106a-3p","UGCAAUG",5,"ZNF600","162966","ENSG00000189190",-0.545,-0.3625,2,"162966"
3,"hsa-miR-106a-3p","UGCAAUG",5,"LINC00239","145200","ENSG00000258512",-0.542,-0.3805,2,"145200"
3,"hsa-miR-106a-3p","UGCAAUG",5,"ODF4","146852","ENSG00000184650",-0.538,-0.538,1,"146852"
3,"hsa-miR-106a-3p","UGCAAUG",5,"PRL","5617","ENSG00000172179",-0.53,-0.53,1,"5617"
3,"hsa-miR-106a-3p","UGCAAUG",5,"ELOC","6921","ENSG00000154582",-0.525,-0.525,1,"6921"
3,"hsa-miR-106a-3p","UGCAAUG",5,"CLEC9A","283420","ENSG00000197992",-0.518,-0.518,1,"283420"
3,"hsa-miR-106a-3p","UGCAAUG",5,"TMEM35B","100506144","ENSG00000243749",-0.516,-0.516,1,"100506144"
3,"hsa-miR-106a-3p","UGCAAUG",5,"PLAC9","219348","ENSG00000189129",-0.515,-0.515,1,"219348"
3,"hsa-miR-106a-3p","UGCAAUG",5,"KRTAP4-12","83755","ENSG00000213416",-0.508,-0.508,1,"83755"
3,"hsa-miR-106a-3p","UGCAAUG",5,"ACRBP","84519","ENSG00000111644",-0.496,-0.496,1,"84519"
3,"hsa-miR-106a-3p","UGCAAUG",5,"ARPC5","10092","ENSG00000162704",-0.496,-0.496,1,"10092"
3,"hsa-miR-106a-3p","UGCAAUG",5,"ZNF595",NA,"ENSG00000197701",-0.491,-0.491,1,"152687"
3,"hsa-miR-106a-3p","UGCAAUG",5,"CAPZA2","830","ENSG00000198898",-0.49,-0.49,1,"830"
3,"hsa-miR-106a-3p","UGCAAUG",5,"CMSS1","84319","ENSG00000184220",-0.487,-0.487,1,"84319"
3,"hsa-miR-106a-3p","UGCAAUG",5,"PABPC1","26986","ENSG00000070756",-0.479,-0.479,1,"26986"
3,"hsa-miR-106a-3p","UGCAAUG",5,"NPVF","64111","ENSG00000105954",-0.472,-0.472,1,"64111"
3,"hsa-miR-106a-3p","UGCAAUG",5,"SVOP","55530","ENSG00000166111",-0.46,-0.46,1,"55530"
3,"hsa-miR-106a-3p","UGCAAUG",5,"SNCA","6622","ENSG00000145335",-0.456,-0.456,1,"6622"
3,"hsa-miR-106a-3p","UGCAAUG",5,"CLDN11","5010","ENSG00000013297",-0.454,-0.454,1,"5010"
3,"hsa-miR-106a-3p","UGCAAUG",5,"GJB6","10804","ENSG00000121742",-0.452,-0.3495,2,"10804"
3,"hsa-miR-106a-3p","UGCAAUG",5,"TJP2","9414","ENSG00000119139",-0.448,-0.3185,2,"9414"
3,"hsa-miR-106a-3p","UGCAAUG",5,"ZSCAN31","64288","ENSG00000235109",-0.448,-0.3165,2,"64288"
3,"hsa-miR-106a-3p","UGCAAUG",5,"ZFAND6","54469","ENSG00000086666",-0.447,-0.447,1,"54469"
3,"hsa-miR-106a-3p","UGCAAUG",5,"ATP5F1E","514","ENSG00000124172",-0.446,-0.446,1,"514"
3,"hsa-miR-106a-3p","UGCAAUG",5,"GRB14","2888","ENSG00000115290",-0.445,-0.445,1,"2888"
3,"hsa-miR-106a-3p","UGCAAUG",5,"CCDC43","124808","ENSG00000180329",-0.444,-0.367,2,"124808"
3,"hsa-miR-106a-3p","UGCAAUG",5,"FAM136A","84908","ENSG00000035141",-0.44,-0.44,1,"84908"
3,"hsa-miR-106a-3p","UGCAAUG",5,"GRK5","2869","ENSG00000198873",-0.44,-0.44,1,"2869"
3,"hsa-miR-106a-3p","UGCAAUG",5,"CMC2","56942","ENSG00000103121",-0.437,-0.437,1,"56942"
3,"hsa-miR-106a-3p","UGCAAUG",5,"FBXL12","54850","ENSG00000127452",-0.435,-0.435,1,"54850"
3,"hsa-miR-106a-3p","UGCAAUG",5,"TMEM167B","56900","ENSG00000215717",-0.434,-0.434,1,"56900"
3,"hsa-miR-106a-3p","UGCAAUG",5,"GPX8","493869","ENSG00000164294",-0.431,-0.431,1,"493869"
3,"hsa-miR-106a-3p","UGCAAUG",5,"IQCK","124152","ENSG00000174628",-0.428,-0.428,1,"124152"
3,"hsa-miR-106a-3p","UGCAAUG",5,"RWDD2A","112611","ENSG00000013392",-0.424,-0.424,1,"112611"
3,"hsa-miR-106a-3p","UGCAAUG",5,"C12orf4","57102","ENSG00000047621",-0.423,-0.423,1,"57102"
3,"hsa-miR-106a-3p","UGCAAUG",5,"EIF4G3","8672","ENSG00000075151",-0.423,-0.423,1,"8672"
3,"hsa-miR-106a-3p","UGCAAUG",5,"NUGGC","389643","ENSG00000189233",-0.421,-0.316,2,"389643"
3,"hsa-miR-106a-3p","UGCAAUG",5,"PATE4","399968","ENSG00000237353",-0.42,-0.42,1,"399968"
3,"hsa-miR-106a-3p","UGCAAUG",5,"RAB28","9364","ENSG00000157869",-0.419,-0.419,1,"9364"
3,"hsa-miR-106a-3p","UGCAAUG",5,"SREK1","140890","ENSG00000153914",-0.419,-0.419,1,"140890"
3,"hsa-miR-106a-3p","UGCAAUG",5,"ZNHIT3",NA,"ENSG00000108278",-0.418,-0.418,1,"9326"
3,"hsa-miR-106a-3p","UGCAAUG",5,"GOLPH3","64083","ENSG00000113384",-0.416,-0.416,1,"64083"
3,"hsa-miR-106a-3p","UGCAAUG",5,"UQCC6","728568","ENSG00000204954",-0.415,-0.415,1,"728568"
3,"hsa-miR-106a-3p","UGCAAUG",5,"OMD","4958","ENSG00000127083",-0.413,-0.413,1,"4958"
3,"hsa-miR-106a-3p","UGCAAUG",5,"ZNF382","84911","ENSG00000161298",-0.413,-0.413,1,"84911"
3,"hsa-miR-106a-3p","UGCAAUG",5,"PLPPR5","163404","ENSG00000117598",-0.407,-0.407,1,"163404"
3,"hsa-miR-106a-3p","UGCAAUG",5,"LOH12CR2","503693","ENSG00000205791",-0.404,-0.404,1,"503693"
3,"hsa-miR-106a-3p","UGCAAUG",5,"LPAR1","1902","ENSG00000198121",-0.403,-0.403,1,"1902"
3,"hsa-miR-106a-3p","UGCAAUG",5,"RLN2","6019","ENSG00000107014",-0.403,-0.403,1,"6019"
3,"hsa-miR-106a-3p","UGCAAUG",5,"ABI3BP","25890","ENSG00000154175",-0.402,-0.402,1,"25890"
3,"hsa-miR-106a-3p","UGCAAUG",5,"MRPL33","9553","ENSG00000243147",-0.401,-0.401,1,"9553"
3,"hsa-miR-106a-3p","UGCAAUG",5,"THEM6","51337","ENSG00000130193",-0.401,-0.401,1,"51337"
3,"hsa-miR-106a-3p","UGCAAUG",5,"OR5M8","219484","ENSG00000181371",-0.396,-0.396,1,"219484"
3,"hsa-miR-106a-3p","UGCAAUG",5,"ISL1","3670","ENSG00000016082",-0.395,-0.367,2,"3670"
3,"hsa-miR-106a-3p","UGCAAUG",5,"ELSPBP1","64100","ENSG00000169393",-0.392,-0.392,1,"64100"
3,"hsa-miR-106a-3p","UGCAAUG",5,"CYB5A","1528","ENSG00000166347",-0.39,-0.39,1,"1528"
3,"hsa-miR-106a-3p","UGCAAUG",5,"CRISP1","167","ENSG00000124812",-0.379,-0.379,1,"167"
3,"hsa-miR-106a-3p","UGCAAUG",5,"TMEM38B","55151","ENSG00000095209",-0.377,-0.377,1,"55151"
3,"hsa-miR-106a-3p","UGCAAUG",5,"ACSBG2","81616","ENSG00000130377",-0.376,-0.376,1,"81616"
3,"hsa-miR-106a-3p","UGCAAUG",5,"MARVELD3","91862","ENSG00000140832",-0.376,-0.376,1,"91862"
3,"hsa-miR-106a-3p","UGCAAUG",5,"NXT2","55916","ENSG00000101888",-0.375,-0.375,1,"55916"
3,"hsa-miR-106a-3p","UGCAAUG",5,"RBMX","27316","ENSG00000147274",-0.374,-0.374,1,"27316"
3,"hsa-miR-106a-3p","UGCAAUG",5,"CDCA5","113130","ENSG00000146670",-0.373,-0.373,1,"113130"
3,"hsa-miR-106a-3p","UGCAAUG",5,"PFN2","5217","ENSG00000070087",-0.373,-0.373,1,"5217"
3,"hsa-miR-106a-3p","UGCAAUG",5,"TOP2A","7153","ENSG00000131747",-0.37,-0.37,1,"7153"
3,"hsa-miR-106a-3p","UGCAAUG",5,"DDIAS","220042","ENSG00000165490",-0.368,-0.368,1,"220042"
3,"hsa-miR-106a-3p","UGCAAUG",5,"DHX33","56919","ENSG00000005100",-0.368,-0.368,1,"56919"
3,"hsa-miR-106a-3p","UGCAAUG",5,"RIPPLY3","53820","ENSG00000183145",-0.367,-0.367,1,"53820"
3,"hsa-miR-106a-3p","UGCAAUG",5,"TMEM70","54968","ENSG00000175606",-0.367,-0.367,1,"54968"
3,"hsa-miR-106a-3p","UGCAAUG",5,"TAF1","6872","ENSG00000147133",-0.366,-0.366,1,"6872"
3,"hsa-miR-106a-3p","UGCAAUG",5,"GINS3","64785","ENSG00000181938",-0.364,-0.364,1,"64785"
3,"hsa-miR-106a-3p","UGCAAUG",5,"MTERF1","7978","ENSG00000127989",-0.362,-0.362,1,"7978"
3,"hsa-miR-106a-3p","UGCAAUG",5,"DLX4","1748","ENSG00000108813",-0.361,-0.361,1,"1748"
3,"hsa-miR-106a-3p","UGCAAUG",5,"KCTD1","284252","ENSG00000134504",-0.36,-0.36,1,"284252"
3,"hsa-miR-106a-3p","UGCAAUG",5,"PLAC8","51316","ENSG00000145287",-0.359,-0.359,1,"51316"
3,"hsa-miR-106a-3p","UGCAAUG",5,"NFYA","4800","ENSG00000001167",-0.358,-0.358,1,"4800"
3,"hsa-miR-106a-3p","UGCAAUG",5,"VSTM4","196740","ENSG00000165633",-0.358,-0.358,1,"196740"
3,"hsa-miR-106a-3p","UGCAAUG",5,"PLD1","5337","ENSG00000075651",-0.357,-0.357,1,"5337"
3,"hsa-miR-106a-3p","UGCAAUG",5,"CARHSP1","23589","ENSG00000153048",-0.356,-0.268,2,"23589"
3,"hsa-miR-106a-3p","UGCAAUG",5,"GLRX","2745","ENSG00000173221",-0.356,-0.356,1,"2745"
3,"hsa-miR-106a-3p","UGCAAUG",5,"MLANA","2315","ENSG00000120215",-0.356,-0.356,1,"2315"
3,"hsa-miR-106a-3p","UGCAAUG",5,"WDR37","22884","ENSG00000047056",-0.352,-0.352,1,"22884"
3,"hsa-miR-106a-3p","UGCAAUG",5,"ADGRL4","64123","ENSG00000162618",-0.35,-0.35,1,"64123"
3,"hsa-miR-106a-3p","UGCAAUG",5,"HIST2H4B",NA,"ENSG00000182217",-0.348,-0.348,1,NA
3,"hsa-miR-106a-3p","UGCAAUG",5,"PABPC1L2A","340529","ENSG00000186288",-0.348,-0.348,1,"340529"
3,"hsa-miR-106a-3p","UGCAAUG",5,"PCLAF","9768","ENSG00000166803",-0.348,-0.348,1,"9768"
3,"hsa-miR-106a-3p","UGCAAUG",5,"ADRB2","154","ENSG00000169252",-0.346,-0.346,1,"154"
3,"hsa-miR-106a-3p","UGCAAUG",5,"CCN4","8840","ENSG00000104415",-0.346,-0.346,1,"8840"
3,"hsa-miR-106a-3p","UGCAAUG",5,"AMT","275","ENSG00000145020",-0.344,-0.344,1,"275"
3,"hsa-miR-106a-3p","UGCAAUG",5,"DDI1","414301","ENSG00000170967",-0.343,-0.343,1,"414301"
3,"hsa-miR-106a-3p","UGCAAUG",5,"GOLT1B","51026","ENSG00000111711",-0.343,-0.343,1,"51026"
3,"hsa-miR-106a-3p","UGCAAUG",5,"AMIGO2","347902","ENSG00000139211",-0.341,-0.341,1,"347902"
3,"hsa-miR-106a-3p","UGCAAUG",5,"CCAR1","55749","ENSG00000060339",-0.341,-0.341,1,"55749"
3,"hsa-miR-106a-3p","UGCAAUG",5,"MFAP5","8076","ENSG00000197614",-0.34,-0.261,2,"8076"
3,"hsa-miR-106a-3p","UGCAAUG",5,"C12orf75","387882","ENSG00000235162",-0.338,-0.281,2,"387882"
3,"hsa-miR-106a-3p","UGCAAUG",5,"SLC9B2","133308","ENSG00000164038",-0.338,-0.269,2,"133308"
3,"hsa-miR-106a-3p","UGCAAUG",5,"CRLF3","51379","ENSG00000176390",-0.336,-0.336,1,"51379"
3,"hsa-miR-106a-3p","UGCAAUG",5,"TMEM242","729515","ENSG00000215712",-0.336,-0.336,1,"729515"
3,"hsa-miR-106a-3p","UGCAAUG",5,"ZNF816","125893","ENSG00000180257",-0.333,-0.333,1,"125893"
3,"hsa-miR-106a-3p","UGCAAUG",5,"SRRM1","10250","ENSG00000133226",-0.33,-0.33,1,"10250"
3,"hsa-miR-106a-3p","UGCAAUG",5,"STX11","8676","ENSG00000135604",-0.33,-0.33,1,"8676"
3,"hsa-miR-106a-3p","UGCAAUG",5,"UBC","7316","ENSG00000150991",-0.33,-0.33,1,"7316"
3,"hsa-miR-106a-3p","UGCAAUG",5,"DNAAF8","146562","ENSG00000166246",-0.329,-0.329,1,"146562"
3,"hsa-miR-106a-3p","UGCAAUG",5,"MGST1","4257","ENSG00000008394",-0.328,-0.328,1,"4257"
3,"hsa-miR-106a-3p","UGCAAUG",5,"ZNF473","25888","ENSG00000142528",-0.326,-0.326,1,"25888"
3,"hsa-miR-106a-3p","UGCAAUG",5,"CYB5R1","51706","ENSG00000159348",-0.325,-0.325,1,"51706"
3,"hsa-miR-106a-3p","UGCAAUG",5,"PIK3R3","8503","ENSG00000117461",-0.325,-0.325,1,"8503"
3,"hsa-miR-106a-3p","UGCAAUG",5,"CA13","377677","ENSG00000185015",-0.324,-0.324,1,"377677"
3,"hsa-miR-106a-3p","UGCAAUG",5,"GOT2","2806","ENSG00000125166",-0.324,-0.324,1,"2806"
3,"hsa-miR-106a-3p","UGCAAUG",5,"ZDHHC2","51201","ENSG00000104219",-0.324,-0.324,1,"51201"
3,"hsa-miR-106a-3p","UGCAAUG",5,"BCL2L13","23786","ENSG00000099968",-0.323,-0.323,1,"23786"
3,"hsa-miR-106a-3p","UGCAAUG",5,"ZNF273","10793","ENSG00000198039",-0.323,-0.323,1,"10793"
3,"hsa-miR-106a-3p","UGCAAUG",5,"DSCR8","84677","ENSG00000198054",-0.322,-0.322,1,"84677"
3,"hsa-miR-106a-3p","UGCAAUG",5,"ZNF701","55762","ENSG00000167562",-0.322,-0.322,1,"55762"
3,"hsa-miR-106a-3p","UGCAAUG",5,"MRPL50","54534","ENSG00000136897",-0.321,-0.2765,2,"54534"
3,"hsa-miR-106a-3p","UGCAAUG",5,"MSC","9242","ENSG00000178860",-0.321,-0.321,1,"9242"
3,"hsa-miR-106a-3p","UGCAAUG",5,"SLC22A17","51310","ENSG00000092096",-0.32,-0.32,1,"51310"
3,"hsa-miR-106a-3p","UGCAAUG",5,"QPRT","23475","ENSG00000103485",-0.318,-0.318,1,"23475"
3,"hsa-miR-106a-3p","UGCAAUG",5,"TNFSF4","7292","ENSG00000117586",-0.317,-0.317,1,"7292"
3,"hsa-miR-106a-3p","UGCAAUG",5,"ZNF709","163051","ENSG00000242852",-0.317,-0.317,1,"163051"
3,"hsa-miR-106a-3p","UGCAAUG",5,"KARS1","3735","ENSG00000065427",-0.316,-0.316,1,"3735"
3,"hsa-miR-106a-3p","UGCAAUG",5,"KCTD10","83892","ENSG00000110906",-0.316,-0.316,1,"83892"
3,"hsa-miR-106a-3p","UGCAAUG",5,"SLAIN1","122060","ENSG00000139737",-0.316,-0.271,2,"122060"
3,"hsa-miR-106a-3p","UGCAAUG",5,"ACBD7","414149","ENSG00000176244",-0.315,-0.315,1,"414149"
3,"hsa-miR-106a-3p","UGCAAUG",5,"GNPTG","84572","ENSG00000090581",-0.315,-0.315,1,"84572"
3,"hsa-miR-106a-3p","UGCAAUG",5,"PCDHB5","26167","ENSG00000113209",-0.315,-0.315,1,"26167"
3,"hsa-miR-106a-3p","UGCAAUG",5,"C5AR1","728","ENSG00000197405",-0.314,-0.314,1,"728"
3,"hsa-miR-106a-3p","UGCAAUG",5,"SLCO1B1","10599","ENSG00000134538",-0.314,-0.314,1,"10599"
3,"hsa-miR-106a-3p","UGCAAUG",5,"TSLP","85480","ENSG00000145777",-0.314,-0.314,1,"85480"
3,"hsa-miR-106a-3p","UGCAAUG",5,"B4GALT6","9331","ENSG00000118276",-0.313,-0.313,1,"9331"
3,"hsa-miR-106a-3p","UGCAAUG",5,"THAP1","55145","ENSG00000131931",-0.311,-0.311,1,"55145"
3,"hsa-miR-106a-3p","UGCAAUG",5,"ADAM7","8756","ENSG00000069206",-0.309,-0.309,1,"8756"
3,"hsa-miR-106a-3p","UGCAAUG",5,"TMEM50B","757","ENSG00000142188",-0.309,-0.309,1,"757"
3,"hsa-miR-106a-3p","UGCAAUG",5,"HSPA8","3312","ENSG00000109971",-0.308,-0.308,1,"3312"
3,"hsa-miR-106a-3p","UGCAAUG",5,"COX6C","1345","ENSG00000164919",-0.307,-0.307,1,"1345"
3,"hsa-miR-106a-3p","UGCAAUG",5,"GJA4","2701","ENSG00000187513",-0.307,-0.307,1,"2701"
3,"hsa-miR-106a-3p","UGCAAUG",5,"PEX2","5828","ENSG00000164751",-0.307,-0.307,1,"5828"
3,"hsa-miR-106a-3p","UGCAAUG",5,"NDUFC2-KCTD14","100532726","ENSG00000259112",-0.306,-0.306,1,"100532726"
3,"hsa-miR-106a-3p","UGCAAUG",5,"BAAT","570","ENSG00000136881",-0.305,-0.305,1,"570"
3,"hsa-miR-106a-3p","UGCAAUG",5,"MARCHF9","92979","ENSG00000139266",-0.304,-0.304,1,"92979"
3,"hsa-miR-106a-3p","UGCAAUG",5,"MCM3","4172","ENSG00000112118",-0.304,-0.304,1,"4172"
3,"hsa-miR-106a-3p","UGCAAUG",5,"SPTSSB","165679","ENSG00000196542",-0.304,-0.304,1,"165679"
3,"hsa-miR-106a-3p","UGCAAUG",5,"C15orf40","123207","ENSG00000169609",-0.303,-0.303,1,"123207"
3,"hsa-miR-106a-3p","UGCAAUG",5,"RPS12","6206","ENSG00000112306",-0.303,-0.303,1,"6206"
3,"hsa-miR-106a-3p","UGCAAUG",5,"MDFIC","29969","ENSG00000135272",-0.302,-0.302,1,"29969"
3,"hsa-miR-106a-3p","UGCAAUG",5,"MGARP","84709","ENSG00000137463",-0.302,-0.302,1,"84709"
3,"hsa-miR-106a-3p","UGCAAUG",5,"SRPK2","6733","ENSG00000135250",-0.302,-0.302,1,"6733"
3,"hsa-miR-106a-3p","UGCAAUG",5,"RAB40A","142684","ENSG00000172476",-0.3,-0.249,2,"142684"
3,"hsa-miR-106a-3p","UGCAAUG",5,"CLEC17A","388512","ENSG00000187912",-0.299,-0.299,1,"388512"
3,"hsa-miR-106a-3p","UGCAAUG",5,"EMCN","51705","ENSG00000164035",-0.299,-0.299,1,"51705"
3,"hsa-miR-106a-3p","UGCAAUG",5,"UTP14A","10813","ENSG00000156697",-0.299,-0.299,1,"10813"
3,"hsa-miR-106a-3p","UGCAAUG",5,"IPO5","3843","ENSG00000065150",-0.298,-0.298,1,"3843"
3,"hsa-miR-106a-3p","UGCAAUG",5,"POLR2K","5440","ENSG00000147669",-0.298,-0.298,1,"5440"
3,"hsa-miR-106a-3p","UGCAAUG",5,"TPM3","7170","ENSG00000143549",-0.298,-0.298,1,"7170"
3,"hsa-miR-106a-3p","UGCAAUG",5,"PTER","9317","ENSG00000165983",-0.297,-0.297,1,"9317"
3,"hsa-miR-106a-3p","UGCAAUG",5,"HECTD2","143279","ENSG00000165338",-0.296,-0.296,1,"143279"
3,"hsa-miR-106a-3p","UGCAAUG",5,"TAS2R10","50839","ENSG00000121318",-0.296,-0.296,1,"50839"
3,"hsa-miR-106a-3p","UGCAAUG",5,"ZBTB44","29068","ENSG00000196323",-0.296,-0.296,1,"29068"
3,"hsa-miR-106a-3p","UGCAAUG",5,"C5orf47","133491","ENSG00000185056",-0.295,-0.295,1,"133491"
3,"hsa-miR-106a-3p","UGCAAUG",5,"NDEL1","81565","ENSG00000166579",-0.294,-0.294,1,"81565"
3,"hsa-miR-106a-3p","UGCAAUG",5,"ACSM6","142827","ENSG00000173124",-0.293,-0.293,1,"142827"
3,"hsa-miR-106a-3p","UGCAAUG",5,"SLFN12L","100506736","ENSG00000205045",-0.293,-0.293,1,"100506736"
3,"hsa-miR-106a-3p","UGCAAUG",5,"ZNF599","148103","ENSG00000153896",-0.293,-0.293,1,"148103"
3,"hsa-miR-106a-3p","UGCAAUG",5,"KCTD14","65987","ENSG00000151364",-0.292,-0.292,1,"65987"
3,"hsa-miR-106a-3p","UGCAAUG",5,"KRT26","353288","ENSG00000186393",-0.292,-0.292,1,"353288"
3,"hsa-miR-106a-3p","UGCAAUG",5,"CNTD1","124817","ENSG00000176563",-0.291,-0.291,1,"124817"
3,"hsa-miR-106a-3p","UGCAAUG",5,"SCARB1","949","ENSG00000073060",-0.291,-0.291,1,"949"
3,"hsa-miR-106a-3p","UGCAAUG",5,"AFM","173","ENSG00000079557",-0.29,-0.29,1,"173"
3,"hsa-miR-106a-3p","UGCAAUG",5,"HDX","139324","ENSG00000165259",-0.29,-0.29,1,"139324"
3,"hsa-miR-106a-3p","UGCAAUG",5,"LECT2","3950","ENSG00000145826",-0.29,-0.29,1,"3950"
3,"hsa-miR-106a-3p","UGCAAUG",5,"RPS20","6224","ENSG00000008988",-0.29,-0.29,1,"6224"
3,"hsa-miR-106a-3p","UGCAAUG",5,"RPS23","6228","ENSG00000186468",-0.29,-0.29,1,"6228"
3,"hsa-miR-106a-3p","UGCAAUG",5,"IDH3A","3419","ENSG00000166411",-0.289,-0.289,1,"3419"
3,"hsa-miR-106a-3p","UGCAAUG",5,"FMN2","56776","ENSG00000155816",-0.288,-0.288,1,"56776"
3,"hsa-miR-106a-3p","UGCAAUG",5,"AKAP10","11216","ENSG00000108599",-0.287,-0.287,1,"11216"
3,"hsa-miR-106a-3p","UGCAAUG",5,"BTG1","694","ENSG00000133639",-0.287,-0.287,1,"694"
3,"hsa-miR-106a-3p","UGCAAUG",5,"PCDHB2","56133","ENSG00000112852",-0.286,-0.286,1,"56133"
3,"hsa-miR-106a-3p","UGCAAUG",5,"RAB6C","84084","ENSG00000222014",-0.285,-0.285,1,"84084"
3,"hsa-miR-106a-3p","UGCAAUG",5,"STATH","6779","ENSG00000126549",-0.285,-0.285,1,"6779"
3,"hsa-miR-106a-3p","UGCAAUG",5,"PTBP3","9991","ENSG00000119314",-0.284,-0.284,1,"9991"
3,"hsa-miR-106a-3p","UGCAAUG",5,"ACAT1","38","ENSG00000075239",-0.283,-0.283,1,"38"
3,"hsa-miR-106a-3p","UGCAAUG",5,"CDKL4","344387","ENSG00000205111",-0.282,-0.282,1,"344387"
3,"hsa-miR-106a-3p","UGCAAUG",5,"FBXL2","25827","ENSG00000153558",-0.282,-0.282,1,"25827"
3,"hsa-miR-106a-3p","UGCAAUG",5,"C6orf120","387263","ENSG00000185127",-0.281,-0.281,1,"387263"
3,"hsa-miR-106a-3p","UGCAAUG",5,"ZNF823","55552","ENSG00000197933",-0.281,-0.281,1,"55552"
3,"hsa-miR-106a-3p","UGCAAUG",5,"ARL6IP6","151188","ENSG00000177917",-0.279,-0.279,1,"151188"
3,"hsa-miR-106a-3p","UGCAAUG",5,"DNAH10OS","642797","ENSG00000250091",-0.279,-0.279,1,"642797"
3,"hsa-miR-106a-3p","UGCAAUG",5,"EPB41L4B","54566","ENSG00000095203",-0.278,-0.278,1,"54566"
3,"hsa-miR-106a-3p","UGCAAUG",5,"MFSD6L","162387","ENSG00000185156",-0.277,-0.277,1,"162387"
3,"hsa-miR-106a-3p","UGCAAUG",5,"SAP30","8819","ENSG00000164105",-0.277,-0.277,1,"8819"
3,"hsa-miR-106a-3p","UGCAAUG",5,"C18orf63","644041","ENSG00000206043",-0.276,-0.276,1,"644041"
3,"hsa-miR-106a-3p","UGCAAUG",5,"CLDN23","137075","ENSG00000253958",-0.276,-0.276,1,"137075"
3,"hsa-miR-106a-3p","UGCAAUG",5,"NDRG3","57446","ENSG00000101079",-0.276,-0.276,1,"57446"
3,"hsa-miR-106a-3p","UGCAAUG",5,"ADGRF5","221395","ENSG00000069122",-0.275,-0.275,1,"221395"
3,"hsa-miR-106a-3p","UGCAAUG",5,"HERC5","51191","ENSG00000138646",-0.275,-0.275,1,"51191"
3,"hsa-miR-106a-3p","UGCAAUG",5,"LSM7","51690","ENSG00000130332",-0.275,-0.275,1,"51690"
3,"hsa-miR-106a-3p","UGCAAUG",5,"MCOLN3","55283","ENSG00000055732",-0.275,-0.275,1,"55283"
3,"hsa-miR-106a-3p","UGCAAUG",5,"CBFB","865","ENSG00000067955",-0.274,-0.2565,2,"865"
3,"hsa-miR-106a-3p","UGCAAUG",5,"COX5B","1329","ENSG00000135940",-0.274,-0.274,1,"1329"
3,"hsa-miR-106a-3p","UGCAAUG",5,"FYTTD1","84248","ENSG00000122068",-0.274,-0.274,1,"84248"
3,"hsa-miR-106a-3p","UGCAAUG",5,"HS3ST1","9957","ENSG00000002587",-0.274,-0.274,1,"9957"
3,"hsa-miR-106a-3p","UGCAAUG",5,"INSL5","10022","ENSG00000172410",-0.274,-0.274,1,"10022"
3,"hsa-miR-106a-3p","UGCAAUG",5,"SPHKAP","80309","ENSG00000153820",-0.274,-0.274,1,"80309"
3,"hsa-miR-106a-3p","UGCAAUG",5,"XIAP","331","ENSG00000101966",-0.274,-0.274,1,"331"
3,"hsa-miR-106a-3p","UGCAAUG",5,"RNASE4","6038","ENSG00000258818",-0.273,-0.273,1,"6038"
3,"hsa-miR-106a-3p","UGCAAUG",5,"TOMM40L","84134","ENSG00000158882",-0.273,-0.273,1,"84134"
3,"hsa-miR-106a-3p","UGCAAUG",5,"SMIM9","100132963","ENSG00000203870",-0.272,-0.272,1,"100132963"
3,"hsa-miR-106a-3p","UGCAAUG",5,"TUBB2B","347733","ENSG00000137285",-0.272,-0.272,1,"347733"
3,"hsa-miR-106a-3p","UGCAAUG",5,"CCDC90B","60492","ENSG00000137500",-0.271,-0.271,1,"60492"
3,"hsa-miR-106a-3p","UGCAAUG",5,"CSN3","1448","ENSG00000171209",-0.271,-0.271,1,"1448"
3,"hsa-miR-106a-3p","UGCAAUG",5,"IMP4","92856","ENSG00000136718",-0.271,-0.271,1,"92856"
3,"hsa-miR-106a-3p","UGCAAUG",5,"ZFYVE28","57732","ENSG00000159733",-0.271,-0.271,1,"57732"
3,"hsa-miR-106a-3p","UGCAAUG",5,"LALBA","3906","ENSG00000167531",-0.268,-0.268,1,"3906"
3,"hsa-miR-106a-3p","UGCAAUG",5,"DUSP28","285193","ENSG00000188542",-0.267,-0.267,1,"285193"
3,"hsa-miR-106a-3p","UGCAAUG",5,"HMGB1","3146","ENSG00000189403",-0.267,-0.267,1,"3146"
3,"hsa-miR-106a-3p","UGCAAUG",5,"NUMB","8650","ENSG00000133961",-0.267,-0.267,1,"8650"
3,"hsa-miR-106a-3p","UGCAAUG",5,"PRMT6","55170","ENSG00000198890",-0.267,-0.267,1,"55170"
3,"hsa-miR-106a-3p","UGCAAUG",5,"CCR8","1237","ENSG00000179934",-0.265,-0.265,1,"1237"
3,"hsa-miR-106a-3p","UGCAAUG",5,"HDHD2","84064","ENSG00000167220",-0.264,-0.264,1,"84064"
3,"hsa-miR-106a-3p","UGCAAUG",5,"TRMT1L","81627","ENSG00000121486",-0.264,-0.235,2,"81627"
3,"hsa-miR-106a-3p","UGCAAUG",5,"BLOC1S4","55330","ENSG00000186222",-0.263,-0.263,1,"55330"
3,"hsa-miR-106a-3p","UGCAAUG",5,"HAPSTR1","29035","ENSG00000182831",-0.263,-0.263,1,"29035"
3,"hsa-miR-106a-3p","UGCAAUG",5,"SEC16A","9919","ENSG00000148396",-0.263,-0.263,1,"9919"
3,"hsa-miR-106a-3p","UGCAAUG",5,"ADCYAP1","116","ENSG00000141433",-0.262,-0.262,1,"116"
3,"hsa-miR-106a-3p","UGCAAUG",5,"MMRN1","22915","ENSG00000138722",-0.262,-0.262,1,"22915"
3,"hsa-miR-106a-3p","UGCAAUG",5,"GNB5","10681","ENSG00000069966",-0.261,-0.261,1,"10681"
3,"hsa-miR-106a-3p","UGCAAUG",5,"SLC13A1","6561","ENSG00000081800",-0.261,-0.261,1,"6561"
3,"hsa-miR-106a-3p","UGCAAUG",5,"SLC39A12","221074","ENSG00000148482",-0.261,-0.261,1,"221074"
3,"hsa-miR-106a-3p","UGCAAUG",5,"TRIM7","81786","ENSG00000146054",-0.261,-0.261,1,"81786"
3,"hsa-miR-106a-3p","UGCAAUG",5,"ZNF28","7576","ENSG00000198538",-0.261,-0.261,1,"7576"
3,"hsa-miR-106a-3p","UGCAAUG",5,"ZNF85","7639","ENSG00000105750",-0.26,-0.26,1,"7639"
3,"hsa-miR-106a-3p","UGCAAUG",5,"FKBP1C","642489","ENSG00000198225",-0.259,-0.259,1,"642489"
3,"hsa-miR-106a-3p","UGCAAUG",5,"MAGED1","9500","ENSG00000179222",-0.259,-0.259,1,"9500"
3,"hsa-miR-106a-3p","UGCAAUG",5,"SELENOT","51714","ENSG00000198843",-0.259,-0.259,1,"51714"
3,"hsa-miR-106a-3p","UGCAAUG",5,"EPC2","26122","ENSG00000135999",-0.258,-0.258,1,"26122"
3,"hsa-miR-106a-3p","UGCAAUG",5,"FGGY","55277","ENSG00000172456",-0.258,-0.258,1,"55277"
3,"hsa-miR-106a-3p","UGCAAUG",5,"SENP6","26054","ENSG00000112701",-0.258,-0.2295,2,"26054"
3,"hsa-miR-106a-3p","UGCAAUG",5,"CAPN14","440854","ENSG00000214711",-0.257,-0.257,1,"440854"
3,"hsa-miR-106a-3p","UGCAAUG",5,"RPS21","6227","ENSG00000171858",-0.257,-0.257,1,"6227"
3,"hsa-miR-106a-3p","UGCAAUG",5,"ZNF680","340252","ENSG00000173041",-0.257,-0.257,1,"340252"
3,"hsa-miR-106a-3p","UGCAAUG",5,"PLSCR2","57047","ENSG00000163746",-0.256,-0.256,1,"57047"
3,"hsa-miR-106a-3p","UGCAAUG",5,"RAB23","51715","ENSG00000112210",-0.256,-0.256,1,"51715"
3,"hsa-miR-106a-3p","UGCAAUG",5,"IFNE","338376","ENSG00000184995",-0.255,-0.255,1,"338376"
3,"hsa-miR-106a-3p","UGCAAUG",5,"LYSET","26175","ENSG00000153485",-0.255,-0.255,1,"26175"
3,"hsa-miR-106a-3p","UGCAAUG",5,"NDUFA5","4698","ENSG00000128609",-0.255,-0.2205,2,"4698"
3,"hsa-miR-106a-3p","UGCAAUG",5,"ANKRD39","51239","ENSG00000213337",-0.254,-0.254,1,"51239"
3,"hsa-miR-106a-3p","UGCAAUG",5,"FKBP1A","2280","ENSG00000088832",-0.253,-0.253,1,"2280"
3,"hsa-miR-106a-3p","UGCAAUG",5,"H2AC13","8329","ENSG00000196747",-0.253,-0.253,1,"8329"
3,"hsa-miR-106a-3p","UGCAAUG",5,"IGF1","3479","ENSG00000017427",-0.253,-0.253,1,"3479"
3,"hsa-miR-106a-3p","UGCAAUG",5,"AKAIN1","642597","ENSG00000231824",-0.252,-0.252,1,"642597"
3,"hsa-miR-106a-3p","UGCAAUG",5,"NDUFV3","4731","ENSG00000160194",-0.252,-0.252,1,"4731"
3,"hsa-miR-106a-3p","UGCAAUG",5,"SRD5A1","6715","ENSG00000145545",-0.252,-0.252,1,"6715"
3,"hsa-miR-106a-3p","UGCAAUG",5,"ACTR10","55860","ENSG00000131966",-0.251,-0.251,1,"55860"
3,"hsa-miR-106a-3p","UGCAAUG",5,"FAM111A","63901","ENSG00000166801",-0.251,-0.251,1,"63901"
3,"hsa-miR-106a-3p","UGCAAUG",5,"OTUD6B","51633","ENSG00000155100",-0.251,-0.251,1,"51633"
3,"hsa-miR-106a-3p","UGCAAUG",5,"PEX3","8504","ENSG00000034693",-0.251,-0.251,1,"8504"
3,"hsa-miR-106a-3p","UGCAAUG",5,"SPTSSA","171546","ENSG00000165389",-0.251,-0.251,1,"171546"
3,"hsa-miR-106a-3p","UGCAAUG",5,"ZNF583","147949","ENSG00000198440",-0.251,-0.251,1,"147949"
3,"hsa-miR-106a-3p","UGCAAUG",5,"AP000889.3",NA,"ENSG00000268467",-0.25,-0.25,1,NA
3,"hsa-miR-106a-3p","UGCAAUG",5,"LETM2","137994","ENSG00000165046",-0.25,-0.25,1,"137994"
3,"hsa-miR-106a-3p","UGCAAUG",5,"LINC01560",NA,"ENSG00000196741",-0.25,-0.25,1,"203414"
3,"hsa-miR-106a-3p","UGCAAUG",5,"LRRFIP1","9208","ENSG00000124831",-0.25,-0.25,1,"9208"
3,"hsa-miR-106a-3p","UGCAAUG",5,"PHF11","51131","ENSG00000136147",-0.25,-0.25,1,"51131"
3,"hsa-miR-106a-3p","UGCAAUG",5,"ZNF425","155054","ENSG00000204947",-0.25,-0.25,1,"155054"
3,"hsa-miR-106a-3p","UGCAAUG",5,"C7orf76","401388","ENSG00000197851",-0.249,-0.249,1,NA
3,"hsa-miR-106a-3p","UGCAAUG",5,"EVI2B","2124","ENSG00000185862",-0.249,-0.249,1,"2124"
3,"hsa-miR-106a-3p","UGCAAUG",5,"MEF2C","4208","ENSG00000081189",-0.249,-0.249,1,"4208"
3,"hsa-miR-106a-3p","UGCAAUG",5,"SFXN1","94081","ENSG00000164466",-0.249,-0.249,1,"94081"
3,"hsa-miR-106a-3p","UGCAAUG",5,"UQCRFS1","7386","ENSG00000169021",-0.249,-0.249,1,"7386"
3,"hsa-miR-106a-3p","UGCAAUG",5,"IFT43","112752","ENSG00000119650",-0.248,-0.248,1,"112752"
3,"hsa-miR-106a-3p","UGCAAUG",5,"SPPL2C","162540","ENSG00000185294",-0.248,-0.248,1,"162540"
3,"hsa-miR-106a-3p","UGCAAUG",5,"ZNF813","126017","ENSG00000198346",-0.248,-0.248,1,"126017"
3,"hsa-miR-106a-3p","UGCAAUG",5,"BBIP1","92482","ENSG00000214413",-0.247,-0.247,1,"92482"
3,"hsa-miR-106a-3p","UGCAAUG",5,"FCGR3A","2214","ENSG00000203747",-0.247,-0.247,1,"2214"
3,"hsa-miR-106a-3p","UGCAAUG",5,"NARS2","79731","ENSG00000137513",-0.247,-0.247,1,"79731"
3,"hsa-miR-106a-3p","UGCAAUG",5,"TRAT1","50852","ENSG00000163519",-0.247,-0.247,1,"50852"
3,"hsa-miR-106a-3p","UGCAAUG",5,"TXNL1","9352","ENSG00000091164",-0.247,-0.247,1,"9352"
3,"hsa-miR-106a-3p","UGCAAUG",5,"CNTN3","5067","ENSG00000113805",-0.246,-0.246,1,"5067"
3,"hsa-miR-106a-3p","UGCAAUG",5,"RBM18","92400","ENSG00000119446",-0.246,-0.246,1,"92400"
3,"hsa-miR-106a-3p","UGCAAUG",5,"RCN2","5955","ENSG00000117906",-0.246,-0.246,1,"5955"
3,"hsa-miR-106a-3p","UGCAAUG",5,"ZNF726","730087","ENSG00000213967",-0.246,-0.246,1,"730087"
3,"hsa-miR-106a-3p","UGCAAUG",5,"ATG12","9140","ENSG00000145782",-0.245,-0.245,1,"9140"
3,"hsa-miR-106a-3p","UGCAAUG",5,"MRPS5","64969","ENSG00000144029",-0.245,-0.245,1,"64969"
3,"hsa-miR-106a-3p","UGCAAUG",5,"DPH3","285381","ENSG00000154813",-0.244,-0.244,1,"285381"
3,"hsa-miR-106a-3p","UGCAAUG",5,"C1orf21","81563","ENSG00000116667",-0.243,-0.243,1,"81563"
3,"hsa-miR-106a-3p","UGCAAUG",5,"CYP1B1","1545","ENSG00000138061",-0.243,-0.243,1,"1545"
3,"hsa-miR-106a-3p","UGCAAUG",5,"FANCB","2187","ENSG00000181544",-0.243,-0.243,1,"2187"
3,"hsa-miR-106a-3p","UGCAAUG",5,"FETUB","26998","ENSG00000090512",-0.243,-0.243,1,"26998"
3,"hsa-miR-106a-3p","UGCAAUG",5,"UPF3B","65109","ENSG00000125351",-0.243,-0.243,1,"65109"
3,"hsa-miR-106a-3p","UGCAAUG",5,"AIG1","51390","ENSG00000146416",-0.241,-0.241,1,"51390"
3,"hsa-miR-106a-3p","UGCAAUG",5,"COQ6","51004","ENSG00000119723",-0.241,-0.241,1,"51004"
3,"hsa-miR-106a-3p","UGCAAUG",5,"KCNQ5","56479","ENSG00000185760",-0.241,-0.226333333333333,3,"56479"
3,"hsa-miR-106a-3p","UGCAAUG",5,"LYN","4067","ENSG00000254087",-0.241,-0.241,1,"4067"
3,"hsa-miR-106a-3p","UGCAAUG",5,"NAALAD2","10003","ENSG00000077616",-0.241,-0.241,1,"10003"
3,"hsa-miR-106a-3p","UGCAAUG",5,"ZRANB3","84083","ENSG00000121988",-0.241,-0.241,1,"84083"
3,"hsa-miR-106a-3p","UGCAAUG",5,"DCAF4L1","285429","ENSG00000182308",-0.239,-0.239,1,"285429"
3,"hsa-miR-106a-3p","UGCAAUG",5,"ZNF681","148213","ENSG00000196172",-0.239,-0.239,1,"148213"
3,"hsa-miR-106a-3p","UGCAAUG",5,"ZSCAN21","7589","ENSG00000166529",-0.239,-0.239,1,"7589"
3,"hsa-miR-106a-3p","UGCAAUG",5,"KDSR","2531","ENSG00000119537",-0.238,-0.238,1,"2531"
3,"hsa-miR-106a-3p","UGCAAUG",5,"P2RY13","53829","ENSG00000181631",-0.238,-0.238,1,"53829"
3,"hsa-miR-106a-3p","UGCAAUG",5,"RB1CC1","9821","ENSG00000023287",-0.238,-0.238,1,"9821"
3,"hsa-miR-106a-3p","UGCAAUG",5,"TCEAL2","140597","ENSG00000184905",-0.238,-0.238,1,"140597"
3,"hsa-miR-106a-3p","UGCAAUG",5,"DPPA4","55211","ENSG00000121570",-0.237,-0.237,1,"55211"
3,"hsa-miR-106a-3p","UGCAAUG",5,"TM2D3","80213","ENSG00000184277",-0.237,-0.237,1,"80213"
3,"hsa-miR-106a-3p","UGCAAUG",5,"CD1A","909","ENSG00000158477",-0.236,-0.236,1,"909"
3,"hsa-miR-106a-3p","UGCAAUG",5,"HEATR5A","25938","ENSG00000129493",-0.236,-0.236,1,"25938"
3,"hsa-miR-106a-3p","UGCAAUG",5,"LYRM2","57226","ENSG00000083099",-0.236,-0.236,1,"57226"
3,"hsa-miR-106a-3p","UGCAAUG",5,"MR1","3140","ENSG00000153029",-0.236,-0.236,1,"3140"
3,"hsa-miR-106a-3p","UGCAAUG",5,"SOX9","6662","ENSG00000125398",-0.236,-0.236,1,"6662"
3,"hsa-miR-106a-3p","UGCAAUG",5,"ZNF808","388558","ENSG00000198482",-0.236,-0.214,2,"388558"
3,"hsa-miR-106a-3p","UGCAAUG",5,"CLEC4D","338339","ENSG00000166527",-0.235,-0.235,1,"338339"
3,"hsa-miR-106a-3p","UGCAAUG",5,"HSD17B7","51478","ENSG00000132196",-0.235,-0.235,1,"51478"
3,"hsa-miR-106a-3p","UGCAAUG",5,"IQGAP1","8826","ENSG00000140575",-0.235,-0.235,1,"8826"
3,"hsa-miR-106a-3p","UGCAAUG",5,"MGST2","4258","ENSG00000085871",-0.235,-0.235,1,"4258"
3,"hsa-miR-106a-3p","UGCAAUG",5,"MTHFD2","10797","ENSG00000065911",-0.235,-0.235,1,"10797"
3,"hsa-miR-106a-3p","UGCAAUG",5,"PLSCR4","57088","ENSG00000114698",-0.235,-0.235,1,"57088"
3,"hsa-miR-106a-3p","UGCAAUG",5,"SLC2A9","56606","ENSG00000109667",-0.235,-0.235,1,"56606"
3,"hsa-miR-106a-3p","UGCAAUG",5,"SOX11","6664","ENSG00000176887",-0.235,-0.235,1,"6664"
3,"hsa-miR-106a-3p","UGCAAUG",5,"SRP54","6729","ENSG00000100883",-0.235,-0.235,1,"6729"
3,"hsa-miR-106a-3p","UGCAAUG",5,"NIP7","51388","ENSG00000132603",-0.234,-0.234,1,"51388"
3,"hsa-miR-106a-3p","UGCAAUG",5,"ROR1","4919","ENSG00000185483",-0.234,-0.234,1,"4919"
3,"hsa-miR-106a-3p","UGCAAUG",5,"SUMO1","7341","ENSG00000116030",-0.234,-0.234,1,"7341"
3,"hsa-miR-106a-3p","UGCAAUG",5,"TPRKB","51002","ENSG00000144034",-0.234,-0.234,1,"51002"
3,"hsa-miR-106a-3p","UGCAAUG",5,"CMPK1","51727","ENSG00000162368",-0.233,-0.233,1,"51727"
3,"hsa-miR-106a-3p","UGCAAUG",5,"PABPC4","8761","ENSG00000090621",-0.233,-0.233,1,"8761"
3,"hsa-miR-106a-3p","UGCAAUG",5,"PTS","5805","ENSG00000150787",-0.233,-0.233,1,"5805"
3,"hsa-miR-106a-3p","UGCAAUG",5,"TRUB1","142940","ENSG00000165832",-0.233,-0.233,1,"142940"
3,"hsa-miR-106a-3p","UGCAAUG",5,"CDADC1","81602","ENSG00000102543",-0.232,-0.232,1,"81602"
3,"hsa-miR-106a-3p","UGCAAUG",5,"CFAP418","157657","ENSG00000156172",-0.232,-0.232,1,"157657"
3,"hsa-miR-106a-3p","UGCAAUG",5,"HTR2A","3356","ENSG00000102468",-0.232,-0.232,1,"3356"
3,"hsa-miR-106a-3p","UGCAAUG",5,"ROMO1","140823","ENSG00000125995",-0.231,-0.231,1,"140823"
3,"hsa-miR-106a-3p","UGCAAUG",5,"RPS27A","6233","ENSG00000143947",-0.231,-0.231,1,"6233"
3,"hsa-miR-106a-3p","UGCAAUG",5,"SKP1","6500","ENSG00000113558",-0.231,-0.2125,2,"6500"
3,"hsa-miR-106a-3p","UGCAAUG",5,"ACYP1","97","ENSG00000119640",-0.23,-0.23,1,"97"
3,"hsa-miR-106a-3p","UGCAAUG",5,"AKIRIN1","79647","ENSG00000174574",-0.23,-0.23,1,"79647"
3,"hsa-miR-106a-3p","UGCAAUG",5,"FCGR3B","2215","ENSG00000162747",-0.23,-0.23,2,"2215"
3,"hsa-miR-106a-3p","UGCAAUG",5,"KRT20","54474","ENSG00000171431",-0.23,-0.2175,2,"54474"
3,"hsa-miR-106a-3p","UGCAAUG",5,"STX7","8417","ENSG00000079950",-0.23,-0.23,1,"8417"
3,"hsa-miR-106a-3p","UGCAAUG",5,"TPSG1","25823","ENSG00000116176",-0.23,-0.23,1,"25823"
3,"hsa-miR-106a-3p","UGCAAUG",5,"HES2","54626","ENSG00000069812",-0.229,-0.229,1,"54626"
3,"hsa-miR-106a-3p","UGCAAUG",5,"LINC02693","339263","ENSG00000212719",-0.229,-0.229,1,"339263"
3,"hsa-miR-106a-3p","UGCAAUG",5,"MACO1","55219","ENSG00000204178",-0.229,-0.229,1,"55219"
3,"hsa-miR-106a-3p","UGCAAUG",5,"PIP4P2","55529","ENSG00000155099",-0.229,-0.229,1,"55529"
3,"hsa-miR-106a-3p","UGCAAUG",5,"WDR91","29062","ENSG00000105875",-0.229,-0.229,1,"29062"
3,"hsa-miR-106a-3p","UGCAAUG",5,"CNGB3","54714","ENSG00000170289",-0.228,-0.228,1,"54714"
3,"hsa-miR-106a-3p","UGCAAUG",5,"LINC02453","643770","ENSG00000245017",-0.228,-0.228,1,"643770"
3,"hsa-miR-106a-3p","UGCAAUG",5,"BMP7","655","ENSG00000101144",-0.227,-0.227,1,"655"
3,"hsa-miR-106a-3p","UGCAAUG",5,"CYTIP","9595","ENSG00000115165",-0.227,-0.227,1,"9595"
3,"hsa-miR-106a-3p","UGCAAUG",5,"GADD45G","10912","ENSG00000130222",-0.227,-0.227,1,"10912"
3,"hsa-miR-106a-3p","UGCAAUG",5,"GATA3","2625","ENSG00000107485",-0.227,-0.227,1,"2625"
3,"hsa-miR-106a-3p","UGCAAUG",5,"OTUD7A","161725","ENSG00000169918",-0.227,-0.227,1,"161725"
3,"hsa-miR-106a-3p","UGCAAUG",5,"PUS1","80324","ENSG00000177192",-0.227,-0.227,1,"80324"
3,"hsa-miR-106a-3p","UGCAAUG",5,"TGFBR1","7046","ENSG00000106799",-0.227,-0.227,1,"7046"
3,"hsa-miR-106a-3p","UGCAAUG",5,"TM9SF2","9375","ENSG00000125304",-0.226,-0.226,1,"9375"
3,"hsa-miR-106a-3p","UGCAAUG",5,"GGCX","2677","ENSG00000115486",-0.225,-0.225,1,"2677"
3,"hsa-miR-106a-3p","UGCAAUG",5,"IDI1","3422","ENSG00000067064",-0.225,-0.225,1,"3422"
3,"hsa-miR-106a-3p","UGCAAUG",5,"NBAS","51594","ENSG00000151779",-0.225,-0.225,1,"51594"
3,"hsa-miR-106a-3p","UGCAAUG",5,"ADGRG3","222487","ENSG00000182885",-0.224,-0.224,1,"222487"
3,"hsa-miR-106a-3p","UGCAAUG",5,"BMPER","168667","ENSG00000164619",-0.224,-0.224,1,"168667"
3,"hsa-miR-106a-3p","UGCAAUG",5,"GTF2B","2959","ENSG00000137947",-0.224,-0.224,1,"2959"
3,"hsa-miR-106a-3p","UGCAAUG",5,"LACC1","144811","ENSG00000179630",-0.224,-0.224,1,"144811"
3,"hsa-miR-106a-3p","UGCAAUG",5,"LINC03042",NA,"ENSG00000196166",-0.224,-0.224,1,"389649"
3,"hsa-miR-106a-3p","UGCAAUG",5,"NEUROG3","50674","ENSG00000122859",-0.224,-0.224,1,"50674"
3,"hsa-miR-106a-3p","UGCAAUG",5,"NFE2L2","4780","ENSG00000116044",-0.224,-0.224,1,"4780"
3,"hsa-miR-106a-3p","UGCAAUG",5,"ARNT2-DT","101929560","ENSG00000259495",-0.223,-0.223,1,"101929560"
3,"hsa-miR-106a-3p","UGCAAUG",5,"CCDC102B","79839","ENSG00000150636",-0.223,-0.223,1,"79839"
3,"hsa-miR-106a-3p","UGCAAUG",5,"MT-ND4L","4539","ENSG00000212907",-0.223,-0.223,1,NA
3,"hsa-miR-106a-3p","UGCAAUG",5,"ZAR1","326340","ENSG00000182223",-0.223,-0.223,1,"326340"
3,"hsa-miR-106a-3p","UGCAAUG",5,"CDK19","23097","ENSG00000155111",-0.222,-0.222,1,"23097"
3,"hsa-miR-106a-3p","UGCAAUG",5,"GIMAP6","474344","ENSG00000133561",-0.222,-0.222,1,"474344"
3,"hsa-miR-106a-3p","UGCAAUG",5,"KCNJ13","3769","ENSG00000115474",-0.222,-0.222,1,"3769"
3,"hsa-miR-106a-3p","UGCAAUG",5,"RTN4","57142","ENSG00000115310",-0.222,-0.222,1,"57142"
3,"hsa-miR-106a-3p","UGCAAUG",5,"SCFD2","152579","ENSG00000184178",-0.222,-0.222,1,"152579"
3,"hsa-miR-106a-3p","UGCAAUG",5,"SUMO3","6612","ENSG00000184900",-0.222,-0.222,1,"6612"
3,"hsa-miR-106a-3p","UGCAAUG",5,"FAM219A","203259","ENSG00000164970",-0.221,-0.221,1,"203259"
3,"hsa-miR-106a-3p","UGCAAUG",5,"NBN","4683","ENSG00000104320",-0.221,-0.221,1,"4683"
3,"hsa-miR-106a-3p","UGCAAUG",5,"OSBPL5","114879","ENSG00000021762",-0.221,-0.221,1,"114879"
3,"hsa-miR-106a-3p","UGCAAUG",5,"PRSS23","11098","ENSG00000150687",-0.221,-0.221,1,"11098"
3,"hsa-miR-106a-3p","UGCAAUG",5,"ARPC4","10093","ENSG00000241553",-0.22,-0.22,1,"10093"
3,"hsa-miR-106a-3p","UGCAAUG",5,"ATXN10","25814","ENSG00000130638",-0.22,-0.22,1,"25814"
3,"hsa-miR-106a-3p","UGCAAUG",5,"DCAF16","54876","ENSG00000163257",-0.22,-0.22,1,"54876"
3,"hsa-miR-106a-3p","UGCAAUG",5,"SLTM","79811","ENSG00000137776",-0.22,-0.22,1,"79811"
3,"hsa-miR-106a-3p","UGCAAUG",5,"SOD2",NA,"ENSG00000112096",-0.22,-0.22,1,"6648"
3,"hsa-miR-106a-3p","UGCAAUG",5,"PTX3","5806","ENSG00000163661",-0.219,-0.219,1,"5806"
3,"hsa-miR-106a-3p","UGCAAUG",5,"SRSF3","6428","ENSG00000112081",-0.219,-0.219,1,"6428"
3,"hsa-miR-106a-3p","UGCAAUG",5,"WAPL","23063","ENSG00000062650",-0.219,-0.219,1,"23063"
3,"hsa-miR-106a-3p","UGCAAUG",5,"AGTR1","185","ENSG00000144891",-0.218,-0.218,1,"185"
3,"hsa-miR-106a-3p","UGCAAUG",5,"EIF4E3","317649","ENSG00000163412",-0.218,-0.218,1,"317649"
3,"hsa-miR-106a-3p","UGCAAUG",5,"IL1RAP","3556","ENSG00000196083",-0.218,-0.218,1,"3556"
3,"hsa-miR-106a-3p","UGCAAUG",5,"PPP1R3D","5509","ENSG00000132825",-0.218,-0.218,1,"5509"
3,"hsa-miR-106a-3p","UGCAAUG",5,"RPL9","6133","ENSG00000163682",-0.218,-0.218,1,"6133"
3,"hsa-miR-106a-3p","UGCAAUG",5,"RPS17","100505503","ENSG00000184779",-0.218,-0.218,2,"6218"
3,"hsa-miR-106a-3p","UGCAAUG",5,"UBTD2","92181","ENSG00000168246",-0.218,-0.218,1,"92181"
3,"hsa-miR-106a-3p","UGCAAUG",5,"HINT3","135114","ENSG00000111911",-0.217,-0.2055,2,"135114"
3,"hsa-miR-106a-3p","UGCAAUG",5,"KLHL8","57563","ENSG00000145332",-0.217,-0.217,1,"57563"
3,"hsa-miR-106a-3p","UGCAAUG",5,"LCE2C","353140","ENSG00000187180",-0.217,-0.217,1,"353140"
3,"hsa-miR-106a-3p","UGCAAUG",5,"RTKN2","219790","ENSG00000182010",-0.217,-0.217,1,"219790"
3,"hsa-miR-106a-3p","UGCAAUG",5,"TIAM2","26230","ENSG00000146426",-0.217,-0.217,1,"26230"
3,"hsa-miR-106a-3p","UGCAAUG",5,"SF3B1","23451","ENSG00000115524",-0.216,-0.216,1,"23451"
3,"hsa-miR-106a-3p","UGCAAUG",5,"MANEA","79694","ENSG00000172469",-0.215,-0.215,1,"79694"
3,"hsa-miR-106a-3p","UGCAAUG",5,"RXYLT1","10329","ENSG00000118600",-0.215,-0.215,1,"10329"
3,"hsa-miR-106a-3p","UGCAAUG",5,"TSPAN2","10100","ENSG00000134198",-0.215,-0.215,1,"10100"
3,"hsa-miR-106a-3p","UGCAAUG",5,"C1QTNF7","114905","ENSG00000163145",-0.214,-0.214,1,"114905"
3,"hsa-miR-106a-3p","UGCAAUG",5,"DIRAS2","54769","ENSG00000165023",-0.214,-0.214,1,"54769"
3,"hsa-miR-106a-3p","UGCAAUG",5,"IPO8","10526","ENSG00000133704",-0.214,-0.214,1,"10526"
3,"hsa-miR-106a-3p","UGCAAUG",5,"KCTD13","253980","ENSG00000174943",-0.214,-0.214,1,"253980"
3,"hsa-miR-106a-3p","UGCAAUG",5,"LINC01465",NA,"ENSG00000221949",-0.214,-0.214,1,"283416"
3,"hsa-miR-106a-3p","UGCAAUG",5,"AGPS","8540","ENSG00000018510",-0.213,-0.213,1,"8540"
3,"hsa-miR-106a-3p","UGCAAUG",5,"ATP5MC3","518","ENSG00000154518",-0.213,-0.213,1,"518"
3,"hsa-miR-106a-3p","UGCAAUG",5,"CERS4","79603","ENSG00000090661",-0.213,-0.213,1,"79603"
3,"hsa-miR-106a-3p","UGCAAUG",5,"CFAP43","80217","ENSG00000197748",-0.213,-0.213,1,"80217"
3,"hsa-miR-106a-3p","UGCAAUG",5,"GLRB","2743","ENSG00000109738",-0.213,-0.213,1,"2743"
3,"hsa-miR-106a-3p","UGCAAUG",5,"MARCHF11","441061","ENSG00000183654",-0.213,-0.213,1,"441061"
3,"hsa-miR-106a-3p","UGCAAUG",5,"PRDM15","63977","ENSG00000141956",-0.213,-0.213,1,"63977"
3,"hsa-miR-106a-3p","UGCAAUG",5,"TBX15","6913","ENSG00000092607",-0.213,-0.213,1,"6913"
3,"hsa-miR-106a-3p","UGCAAUG",5,"ZNF136","7695","ENSG00000196646",-0.213,-0.213,1,"7695"
3,"hsa-miR-106a-3p","UGCAAUG",5,"GAR1","54433","ENSG00000109534",-0.212,-0.212,1,"54433"
3,"hsa-miR-106a-3p","UGCAAUG",5,"SNAI2","6591","ENSG00000019549",-0.212,-0.212,1,"6591"
3,"hsa-miR-106a-3p","UGCAAUG",5,"PCMTD2","55251","ENSG00000203880",-0.211,-0.211,1,"55251"
3,"hsa-miR-106a-3p","UGCAAUG",5,"SAV1","60485","ENSG00000151748",-0.211,-0.211,1,"60485"
3,"hsa-miR-106a-3p","UGCAAUG",5,"SLC39A10","57181","ENSG00000196950",-0.211,-0.211,1,"57181"
3,"hsa-miR-106a-3p","UGCAAUG",5,"TXNDC2","84203","ENSG00000168454",-0.211,-0.211,1,"84203"
3,"hsa-miR-106a-3p","UGCAAUG",5,"XPNPEP1","7511","ENSG00000108039",-0.211,-0.211,1,"7511"
3,"hsa-miR-106a-3p","UGCAAUG",5,"ATF3","467","ENSG00000162772",-0.21,-0.21,1,"467"
3,"hsa-miR-106a-3p","UGCAAUG",5,"GLYATL1","92292","ENSG00000166840",-0.21,-0.21,1,"92292"
3,"hsa-miR-106a-3p","UGCAAUG",5,"IL15","3600","ENSG00000164136",-0.21,-0.195,2,"3600"
3,"hsa-miR-106a-3p","UGCAAUG",5,"TCEAL7","56849","ENSG00000182916",-0.21,-0.21,1,"56849"
3,"hsa-miR-106a-3p","UGCAAUG",5,"UCHL3","7347","ENSG00000118939",-0.21,-0.21,1,"7347"
3,"hsa-miR-106a-3p","UGCAAUG",5,"ZNF226","7769","ENSG00000167380",-0.21,-0.21,1,"7769"
3,"hsa-miR-106a-3p","UGCAAUG",5,"RIC1","57589","ENSG00000107036",-0.209,-0.209,1,"57589"
3,"hsa-miR-106a-3p","UGCAAUG",5,"TRIAP1","51499","ENSG00000170855",-0.209,-0.209,1,"51499"
3,"hsa-miR-106a-3p","UGCAAUG",5,"CDON","50937","ENSG00000064309",-0.208,-0.208,1,"50937"
3,"hsa-miR-106a-3p","UGCAAUG",5,"CLEC3A","10143","ENSG00000166509",-0.208,-0.195,2,"10143"
3,"hsa-miR-106a-3p","UGCAAUG",5,"EPB41L3","23136","ENSG00000082397",-0.208,-0.208,1,"23136"
3,"hsa-miR-106a-3p","UGCAAUG",5,"MISP3","113230","ENSG00000141854",-0.208,-0.208,1,"113230"
3,"hsa-miR-106a-3p","UGCAAUG",5,"SESN3","143686","ENSG00000149212",-0.208,-0.208,1,"143686"
3,"hsa-miR-106a-3p","UGCAAUG",5,"AGTPBP1","23287","ENSG00000135049",-0.207,-0.207,1,"23287"
3,"hsa-miR-106a-3p","UGCAAUG",5,"C10orf68","79741","ENSG00000150076",-0.207,-0.207,1,NA
3,"hsa-miR-106a-3p","UGCAAUG",5,"CLCN3","1182","ENSG00000109572",-0.207,-0.207,1,"1182"
3,"hsa-miR-106a-3p","UGCAAUG",5,"COA5","493753","ENSG00000183513",-0.207,-0.207,1,"493753"
3,"hsa-miR-106a-3p","UGCAAUG",5,"DCUN1D4","23142","ENSG00000109184",-0.207,-0.207,1,"23142"
3,"hsa-miR-106a-3p","UGCAAUG",5,"INSYN2A","642938","ENSG00000188916",-0.207,-0.207,1,"642938"
3,"hsa-miR-106a-3p","UGCAAUG",5,"NKRF","55922","ENSG00000186416",-0.207,-0.207,1,"55922"
3,"hsa-miR-106a-3p","UGCAAUG",5,"PAM","5066","ENSG00000145730",-0.207,-0.207,1,"5066"
3,"hsa-miR-106a-3p","UGCAAUG",5,"PON3","5446","ENSG00000105852",-0.207,-0.207,1,"5446"
3,"hsa-miR-106a-3p","UGCAAUG",5,"RSPRY1","89970","ENSG00000159579",-0.207,-0.207,1,"89970"
3,"hsa-miR-106a-3p","UGCAAUG",5,"UBE3D","90025","ENSG00000118420",-0.207,-0.199,2,"90025"
3,"hsa-miR-106a-3p","UGCAAUG",5,"VNN2","8875","ENSG00000112303",-0.207,-0.207,1,"8875"
3,"hsa-miR-106a-3p","UGCAAUG",5,"AIRIM","54955","ENSG00000116922",-0.206,-0.206,1,"54955"
3,"hsa-miR-106a-3p","UGCAAUG",5,"APRG1","339883","ENSG00000198590",-0.206,-0.206,1,"339883"
3,"hsa-miR-106a-3p","UGCAAUG",5,"GPALPP1","55425","ENSG00000133114",-0.206,-0.206,1,"55425"
3,"hsa-miR-106a-3p","UGCAAUG",5,"MCTS1","28985","ENSG00000232119",-0.206,-0.206,1,"28985"
3,"hsa-miR-106a-3p","UGCAAUG",5,"PITPNB","23760","ENSG00000180957",-0.206,-0.206,1,"23760"
3,"hsa-miR-106a-3p","UGCAAUG",5,"PPIF","10105","ENSG00000108179",-0.206,-0.206,1,"10105"
3,"hsa-miR-106a-3p","UGCAAUG",5,"SLC12A1","6557","ENSG00000074803",-0.206,-0.206,1,"6557"
3,"hsa-miR-106a-3p","UGCAAUG",5,"CTNS","1497","ENSG00000040531",-0.205,-0.205,1,"1497"
3,"hsa-miR-106a-3p","UGCAAUG",5,"DHRS7","51635","ENSG00000100612",-0.205,-0.205,1,"51635"
3,"hsa-miR-106a-3p","UGCAAUG",5,"PRND","23627","ENSG00000171864",-0.205,-0.205,1,"23627"
3,"hsa-miR-106a-3p","UGCAAUG",5,"RALYL","138046","ENSG00000184672",-0.205,-0.205,1,"138046"
3,"hsa-miR-106a-3p","UGCAAUG",5,"WFDC6","140870","ENSG00000243543",-0.205,-0.205,1,"140870"
3,"hsa-miR-106a-3p","UGCAAUG",5,"DNAJC19","131118","ENSG00000205981",-0.204,-0.204,1,"131118"
3,"hsa-miR-106a-3p","UGCAAUG",5,"GABRA2","2555","ENSG00000151834",-0.204,-0.204,1,"2555"
3,"hsa-miR-106a-3p","UGCAAUG",5,"HECTD3","79654","ENSG00000126107",-0.204,-0.204,1,"79654"
3,"hsa-miR-106a-3p","UGCAAUG",5,"HIGD1A","25994","ENSG00000181061",-0.204,-0.204,1,"25994"
3,"hsa-miR-106a-3p","UGCAAUG",5,"KLRD1","3824","ENSG00000134539",-0.204,-0.204,1,"3824"
3,"hsa-miR-106a-3p","UGCAAUG",5,"NRG3","10718","ENSG00000185737",-0.204,-0.204,1,"10718"
3,"hsa-miR-106a-3p","UGCAAUG",5,"PNMA1","9240","ENSG00000176903",-0.204,-0.204,1,"9240"
3,"hsa-miR-106a-3p","UGCAAUG",5,"INTS13","55726","ENSG00000064102",-0.203,-0.203,1,"55726"
3,"hsa-miR-106a-3p","UGCAAUG",5,"PURG","29942","ENSG00000172733",-0.203,-0.203,1,"29942"
3,"hsa-miR-106a-3p","UGCAAUG",5,"RSRP1","57035","ENSG00000117616",-0.203,-0.203,1,"57035"
3,"hsa-miR-106a-3p","UGCAAUG",5,"SNTG2","54221","ENSG00000172554",-0.203,-0.203,1,"54221"
3,"hsa-miR-106a-3p","UGCAAUG",5,"ATP4B","496","ENSG00000186009",-0.202,-0.202,1,"496"
3,"hsa-miR-106a-3p","UGCAAUG",5,"BRD4","23476","ENSG00000141867",-0.202,-0.202,1,"23476"
3,"hsa-miR-106a-3p","UGCAAUG",5,"C7orf25","79020","ENSG00000136197",-0.202,-0.202,1,"79020"
3,"hsa-miR-106a-3p","UGCAAUG",5,"LYSMD3","116068","ENSG00000176018",-0.202,-0.202,1,"116068"
3,"hsa-miR-106a-3p","UGCAAUG",5,"MMAB","326625","ENSG00000139428",-0.202,-0.202,1,"326625"
3,"hsa-miR-106a-3p","UGCAAUG",5,"SEPHS2","22928","ENSG00000179918",-0.202,-0.202,1,"22928"
3,"hsa-miR-106a-3p","UGCAAUG",5,"TUBA4A","7277","ENSG00000127824",-0.202,-0.202,1,"7277"
3,"hsa-miR-106a-3p","UGCAAUG",5,"DHRS9","10170","ENSG00000073737",-0.201,-0.201,1,"10170"
3,"hsa-miR-106a-3p","UGCAAUG",5,"DUS4L","11062","ENSG00000105865",-0.201,-0.201,1,"11062"
3,"hsa-miR-106a-3p","UGCAAUG",5,"GDPD4","220032","ENSG00000178795",-0.201,-0.201,1,"220032"
3,"hsa-miR-106a-3p","UGCAAUG",5,"HSPA2","3306","ENSG00000126803",-0.201,-0.201,1,"3306"
3,"hsa-miR-106a-3p","UGCAAUG",5,"MRPS36","92259","ENSG00000134056",-0.201,-0.201,1,"92259"
3,"hsa-miR-106a-3p","UGCAAUG",5,"TECRL","253017","ENSG00000205678",-0.201,-0.201,1,"253017"
3,"hsa-miR-106a-3p","UGCAAUG",5,"ZNF567","163081","ENSG00000189042",-0.201,-0.201,1,"163081"
3,"hsa-miR-106a-3p","UGCAAUG",5,"CDH2","1000","ENSG00000170558",-0.2,-0.2,1,"1000"
3,"hsa-miR-106a-3p","UGCAAUG",5,"CFAP58","159686","ENSG00000120051",-0.2,-0.2,1,"159686"
3,"hsa-miR-106a-3p","UGCAAUG",5,"CISD1","55847","ENSG00000122873",-0.2,-0.1915,2,"55847"
3,"hsa-miR-106a-3p","UGCAAUG",5,"MDH1B","130752","ENSG00000138400",-0.2,-0.2,1,"130752"
3,"hsa-miR-106a-3p","UGCAAUG",5,"PNRC1","10957","ENSG00000146278",-0.2,-0.193,2,"10957"
3,"hsa-miR-106a-3p","UGCAAUG",5,"SC5D","6309","ENSG00000109929",-0.2,-0.2,1,"6309"
3,"hsa-miR-106a-3p","UGCAAUG",5,"SERTAD4","56256","ENSG00000082497",-0.2,-0.2,1,"56256"
3,"hsa-miR-106a-3p","UGCAAUG",5,"STC2","8614","ENSG00000113739",-0.2,-0.2,1,"8614"
3,"hsa-miR-106a-3p","UGCAAUG",5,"TFCP2","7024","ENSG00000135457",-0.2,-0.2,1,"7024"
3,"hsa-miR-106a-3p","UGCAAUG",5,"ANXA7","310","ENSG00000138279",-0.199,-0.199,1,"310"
3,"hsa-miR-106a-3p","UGCAAUG",5,"DCAF13","25879","ENSG00000164934",-0.199,-0.199,1,"25879"
3,"hsa-miR-106a-3p","UGCAAUG",5,"REEP5","7905","ENSG00000129625",-0.199,-0.199,1,"7905"
3,"hsa-miR-106a-3p","UGCAAUG",5,"RPL15","6138","ENSG00000174748",-0.199,-0.199,1,"6138"
3,"hsa-miR-106a-3p","UGCAAUG",5,"TSEN15","116461","ENSG00000198860",-0.199,-0.199,1,"116461"
3,"hsa-miR-106a-3p","UGCAAUG",5,"WBP4","11193","ENSG00000120688",-0.199,-0.199,1,"11193"
3,"hsa-miR-106a-3p","UGCAAUG",5,"AADAT","51166","ENSG00000109576",-0.198,-0.198,1,"51166"
3,"hsa-miR-106a-3p","UGCAAUG",5,"ABCD3","5825","ENSG00000117528",-0.198,-0.198,1,"5825"
3,"hsa-miR-106a-3p","UGCAAUG",5,"TMED7-TICAM2","100302736","ENSG00000251201",-0.198,-0.198,1,"100302736"
3,"hsa-miR-106a-3p","UGCAAUG",5,"ZNF415","55786","ENSG00000170954",-0.198,-0.198,1,"55786"
3,"hsa-miR-106a-3p","UGCAAUG",5,"AICDA","57379","ENSG00000111732",-0.197,-0.197,1,"57379"
3,"hsa-miR-106a-3p","UGCAAUG",5,"CPSF4","10898","ENSG00000160917",-0.197,-0.197,1,"10898"
3,"hsa-miR-106a-3p","UGCAAUG",5,"MSL3","10943","ENSG00000005302",-0.197,-0.197,1,"10943"
3,"hsa-miR-106a-3p","UGCAAUG",5,"SCYL2","55681","ENSG00000136021",-0.197,-0.197,1,"55681"
3,"hsa-miR-106a-3p","UGCAAUG",5,"SOCS4","122809","ENSG00000180008",-0.197,-0.197,1,"122809"
3,"hsa-miR-106a-3p","UGCAAUG",5,"TAF7","6879","ENSG00000178913",-0.197,-0.197,1,"6879"
3,"hsa-miR-106a-3p","UGCAAUG",5,"AP4S1","11154","ENSG00000100478",-0.196,-0.196,1,"11154"
3,"hsa-miR-106a-3p","UGCAAUG",5,"ARHGAP5","394","ENSG00000100852",-0.196,-0.196,1,"394"
3,"hsa-miR-106a-3p","UGCAAUG",5,"CTRC","11330","ENSG00000162438",-0.196,-0.196,1,"11330"
3,"hsa-miR-106a-3p","UGCAAUG",5,"HNRNPM","4670","ENSG00000099783",-0.196,-0.196,1,"4670"
3,"hsa-miR-106a-3p","UGCAAUG",5,"TNKS","8658","ENSG00000173273",-0.196,-0.196,1,"8658"
3,"hsa-miR-106a-3p","UGCAAUG",5,"WRNIP1","56897","ENSG00000124535",-0.196,-0.196,1,"56897"
3,"hsa-miR-106a-3p","UGCAAUG",5,"XNDC1N","100133315","ENSG00000254469",-0.196,-0.196,1,"100133315"
3,"hsa-miR-106a-3p","UGCAAUG",5,"BBS2","583","ENSG00000125124",-0.195,-0.195,1,"583"
3,"hsa-miR-106a-3p","UGCAAUG",5,"C9orf72","203228","ENSG00000147894",-0.195,-0.195,1,"203228"
3,"hsa-miR-106a-3p","UGCAAUG",5,"CENPK","64105","ENSG00000123219",-0.195,-0.195,1,"64105"
3,"hsa-miR-106a-3p","UGCAAUG",5,"IMMP2L","83943","ENSG00000184903",-0.195,-0.195,1,"83943"
3,"hsa-miR-106a-3p","UGCAAUG",5,"RGS9BP","388531","ENSG00000186326",-0.195,-0.195,1,"388531"
3,"hsa-miR-106a-3p","UGCAAUG",5,"RPL14","9045","ENSG00000188846",-0.195,-0.195,1,"9045"
3,"hsa-miR-106a-3p","UGCAAUG",5,"SLC38A9","153129","ENSG00000177058",-0.195,-0.195,1,"153129"
3,"hsa-miR-106a-3p","UGCAAUG",5,"TFPI","7035","ENSG00000003436",-0.195,-0.195,1,"7035"
3,"hsa-miR-106a-3p","UGCAAUG",5,"CPSF6","11052","ENSG00000111605",-0.194,-0.194,1,"11052"
3,"hsa-miR-106a-3p","UGCAAUG",5,"GSTM2","2946","ENSG00000213366",-0.194,-0.194,1,"2946"
3,"hsa-miR-106a-3p","UGCAAUG",5,"LAMP2","3920","ENSG00000005893",-0.194,-0.194,1,"3920"
3,"hsa-miR-106a-3p","UGCAAUG",5,"PKIB","5570","ENSG00000135549",-0.194,-0.194,1,"5570"
3,"hsa-miR-106a-3p","UGCAAUG",5,"SEPHS1","22929","ENSG00000086475",-0.194,-0.194,1,"22929"
3,"hsa-miR-106a-3p","UGCAAUG",5,"SH3GL3","6457","ENSG00000140600",-0.194,-0.194,1,"6457"
3,"hsa-miR-106a-3p","UGCAAUG",5,"TMEM64","169200","ENSG00000180694",-0.194,-0.194,1,"169200"
3,"hsa-miR-106a-3p","UGCAAUG",5,"ABHD5","51099","ENSG00000011198",-0.193,-0.193,1,"51099"
3,"hsa-miR-106a-3p","UGCAAUG",5,"AGTR2","186","ENSG00000180772",-0.193,-0.193,1,"186"
3,"hsa-miR-106a-3p","UGCAAUG",5,"BTBD2","55643","ENSG00000133243",-0.193,-0.193,1,"55643"
3,"hsa-miR-106a-3p","UGCAAUG",5,"DCAF17","80067","ENSG00000115827",-0.193,-0.193,1,"80067"
3,"hsa-miR-106a-3p","UGCAAUG",5,"NUDCD2","134492","ENSG00000170584",-0.193,-0.193,1,"134492"
3,"hsa-miR-106a-3p","UGCAAUG",5,"SERPINA7","6906","ENSG00000123561",-0.193,-0.193,1,"6906"
3,"hsa-miR-106a-3p","UGCAAUG",5,"TTC39B","158219","ENSG00000155158",-0.193,-0.193,1,"158219"
3,"hsa-miR-106a-3p","UGCAAUG",5,"DCAF12L1","139170","ENSG00000198889",-0.192,-0.192,1,"139170"
3,"hsa-miR-106a-3p","UGCAAUG",5,"IMPG1","3617","ENSG00000112706",-0.192,-0.192,1,"3617"
3,"hsa-miR-106a-3p","UGCAAUG",5,"RAI1","10743","ENSG00000108557",-0.192,-0.192,1,"10743"
3,"hsa-miR-106a-3p","UGCAAUG",5,"TMEM220","388335","ENSG00000187824",-0.192,-0.192,1,"388335"
3,"hsa-miR-106a-3p","UGCAAUG",5,"TSPYL2","64061","ENSG00000184205",-0.192,-0.192,1,"64061"
3,"hsa-miR-106a-3p","UGCAAUG",5,"XG","7499","ENSG00000124343",-0.192,-0.192,1,"7499"
3,"hsa-miR-106a-3p","UGCAAUG",5,"ZNRF2","223082","ENSG00000180233",-0.192,-0.1885,2,"223082"
3,"hsa-miR-106a-3p","UGCAAUG",5,"MS4A6A","64231","ENSG00000110077",-0.191,-0.191,1,"64231"
3,"hsa-miR-106a-3p","UGCAAUG",5,"RNLS","55328","ENSG00000184719",-0.191,-0.191,1,"55328"
3,"hsa-miR-106a-3p","UGCAAUG",5,"RPS28","6234","ENSG00000233927",-0.191,-0.191,1,"6234"
3,"hsa-miR-106a-3p","UGCAAUG",5,"RRAGC","64121","ENSG00000116954",-0.191,-0.191,1,"64121"
3,"hsa-miR-106a-3p","UGCAAUG",5,"SLBP","7884","ENSG00000163950",-0.191,-0.191,1,"7884"
3,"hsa-miR-106a-3p","UGCAAUG",5,"A4GNT","51146","ENSG00000118017",-0.19,-0.19,1,"51146"
3,"hsa-miR-106a-3p","UGCAAUG",5,"B4GALT2","8704","ENSG00000117411",-0.19,-0.19,1,"8704"
3,"hsa-miR-106a-3p","UGCAAUG",5,"C11orf87","399947","ENSG00000185742",-0.19,-0.19,1,"399947"
3,"hsa-miR-106a-3p","UGCAAUG",5,"CPEB3","22849","ENSG00000107864",-0.19,-0.19,1,"22849"
3,"hsa-miR-106a-3p","UGCAAUG",5,"MAP3K7","6885","ENSG00000135341",-0.19,-0.19,1,"6885"
3,"hsa-miR-106a-3p","UGCAAUG",5,"SH3BGRL","6451","ENSG00000131171",-0.19,-0.19,1,"6451"
3,"hsa-miR-106a-3p","UGCAAUG",5,"SLC16A10","117247","ENSG00000112394",-0.19,-0.19,1,"117247"
3,"hsa-miR-106a-3p","UGCAAUG",5,"SLC35A3","23443","ENSG00000117620",-0.19,-0.186,2,"23443"
3,"hsa-miR-106a-3p","UGCAAUG",5,"BLOC1S2","282991","ENSG00000196072",-0.189,-0.189,1,"282991"
3,"hsa-miR-106a-3p","UGCAAUG",5,"C4orf46","201725","ENSG00000205208",-0.189,-0.189,1,"201725"
3,"hsa-miR-106a-3p","UGCAAUG",5,"CCDC25","55246","ENSG00000147419",-0.189,-0.189,1,"55246"
3,"hsa-miR-106a-3p","UGCAAUG",5,"CD2","914","ENSG00000116824",-0.189,-0.189,1,"914"
3,"hsa-miR-106a-3p","UGCAAUG",5,"GTF2H1","2965","ENSG00000110768",-0.189,-0.189,1,"2965"
3,"hsa-miR-106a-3p","UGCAAUG",5,"MRPL44","65080","ENSG00000135900",-0.189,-0.189,1,"65080"
3,"hsa-miR-106a-3p","UGCAAUG",5,"PACRGL","133015","ENSG00000163138",-0.189,-0.189,1,"133015"
3,"hsa-miR-106a-3p","UGCAAUG",5,"SESTD1","91404","ENSG00000187231",-0.189,-0.189,1,"91404"
3,"hsa-miR-106a-3p","UGCAAUG",5,"C1D","10438","ENSG00000197223",-0.188,-0.188,1,"10438"
3,"hsa-miR-106a-3p","UGCAAUG",5,"CTU1","90353","ENSG00000142544",-0.188,-0.188,1,"90353"
3,"hsa-miR-106a-3p","UGCAAUG",5,"EN2","2020","ENSG00000164778",-0.188,-0.188,1,"2020"
3,"hsa-miR-106a-3p","UGCAAUG",5,"FAM76A","199870","ENSG00000009780",-0.188,-0.188,1,"199870"
3,"hsa-miR-106a-3p","UGCAAUG",5,"GNAI1","2770","ENSG00000127955",-0.188,-0.188,1,"2770"
3,"hsa-miR-106a-3p","UGCAAUG",5,"HS2ST1","9653","ENSG00000153936",-0.188,-0.188,1,"9653"
3,"hsa-miR-106a-3p","UGCAAUG",5,"KRAS","3845","ENSG00000133703",-0.188,-0.188,1,"3845"
3,"hsa-miR-106a-3p","UGCAAUG",5,"LONRF3","79836","ENSG00000175556",-0.188,-0.188,1,"79836"
3,"hsa-miR-106a-3p","UGCAAUG",5,"PEA15","8682","ENSG00000162734",-0.188,-0.188,1,"8682"
3,"hsa-miR-106a-3p","UGCAAUG",5,"ARHGAP24","83478","ENSG00000138639",-0.187,-0.187,1,"83478"
3,"hsa-miR-106a-3p","UGCAAUG",5,"CCNG2","901","ENSG00000138764",-0.187,-0.187,1,"901"
3,"hsa-miR-106a-3p","UGCAAUG",5,"HIKESHI","51501","ENSG00000149196",-0.187,-0.187,1,"51501"
3,"hsa-miR-106a-3p","UGCAAUG",5,"PYGO1","26108","ENSG00000171016",-0.187,-0.187,1,"26108"
3,"hsa-miR-106a-3p","UGCAAUG",5,"BTG3","10950","ENSG00000154640",-0.186,-0.186,1,"10950"
3,"hsa-miR-106a-3p","UGCAAUG",5,"CALM2","805","ENSG00000143933",-0.186,-0.186,1,"805"
3,"hsa-miR-106a-3p","UGCAAUG",5,"CDC42SE1","56882","ENSG00000197622",-0.186,-0.186,1,"56882"
3,"hsa-miR-106a-3p","UGCAAUG",5,"CTB-186H2.3",NA,"ENSG00000266956",-0.186,-0.186,1,NA
3,"hsa-miR-106a-3p","UGCAAUG",5,"EPC1","80314","ENSG00000120616",-0.186,-0.186,1,"80314"
3,"hsa-miR-106a-3p","UGCAAUG",5,"KHDC3L","154288","ENSG00000203908",-0.186,-0.186,1,"154288"
3,"hsa-miR-106a-3p","UGCAAUG",5,"LINC01558","26238","ENSG00000146521",-0.186,-0.186,1,"26238"
3,"hsa-miR-106a-3p","UGCAAUG",5,"MPLKIP","136647","ENSG00000168303",-0.186,-0.186,1,"136647"
3,"hsa-miR-106a-3p","UGCAAUG",5,"PJA2","9867","ENSG00000198961",-0.186,-0.186,1,"9867"
3,"hsa-miR-106a-3p","UGCAAUG",5,"SRSF9","8683","ENSG00000111786",-0.186,-0.186,1,"8683"
3,"hsa-miR-106a-3p","UGCAAUG",5,"TIMP2","7077","ENSG00000035862",-0.186,-0.186,1,"7077"
3,"hsa-miR-106a-3p","UGCAAUG",5,"ZC3H15","55854","ENSG00000065548",-0.186,-0.186,1,"55854"
3,"hsa-miR-106a-3p","UGCAAUG",5,"CWF19L2","143884","ENSG00000152404",-0.185,-0.185,1,"143884"
3,"hsa-miR-106a-3p","UGCAAUG",5,"DYNLL2","140735","ENSG00000264364",-0.185,-0.185,1,"140735"
3,"hsa-miR-106a-3p","UGCAAUG",5,"LMOD2","442721","ENSG00000170807",-0.185,-0.185,1,"442721"
3,"hsa-miR-106a-3p","UGCAAUG",5,"PCK1","5105","ENSG00000124253",-0.185,-0.185,1,"5105"
3,"hsa-miR-106a-3p","UGCAAUG",5,"PDE1C","5137","ENSG00000154678",-0.185,-0.185,1,"5137"
3,"hsa-miR-106a-3p","UGCAAUG",5,"PISD","23761","ENSG00000241878",-0.185,-0.185,1,"23761"
3,"hsa-miR-106a-3p","UGCAAUG",5,"SEPTIN2","4735","ENSG00000168385",-0.185,-0.185,1,"4735"
3,"hsa-miR-106a-3p","UGCAAUG",5,"SERPINB2","5055","ENSG00000197632",-0.185,-0.185,1,"5055"
3,"hsa-miR-106a-3p","UGCAAUG",5,"TAL2","6887","ENSG00000186051",-0.185,-0.185,1,"6887"
3,"hsa-miR-106a-3p","UGCAAUG",5,"ZC2HC1C","79696","ENSG00000119703",-0.185,-0.185,1,"79696"
3,"hsa-miR-106a-3p","UGCAAUG",5,"BCL10","8915","ENSG00000142867",-0.184,-0.184,1,"8915"
3,"hsa-miR-106a-3p","UGCAAUG",5,"CENPBD1P",NA,"ENSG00000177946",-0.184,-0.184,1,"92806"
3,"hsa-miR-106a-3p","UGCAAUG",5,"CFAP300","85016","ENSG00000137691",-0.184,-0.184,1,"85016"
3,"hsa-miR-106a-3p","UGCAAUG",5,"FKBP14","55033","ENSG00000106080",-0.184,-0.184,1,"55033"
3,"hsa-miR-106a-3p","UGCAAUG",5,"GRAMD2B","65983","ENSG00000155324",-0.184,-0.184,1,"65983"
3,"hsa-miR-106a-3p","UGCAAUG",5,"HSBP1","3281","ENSG00000230989",-0.184,-0.184,1,"3281"
3,"hsa-miR-106a-3p","UGCAAUG",5,"JDP2","122953","ENSG00000140044",-0.184,-0.184,1,"122953"
3,"hsa-miR-106a-3p","UGCAAUG",5,"LRTM1","57408","ENSG00000144771",-0.184,-0.184,1,"57408"
3,"hsa-miR-106a-3p","UGCAAUG",5,"MOSPD1","56180","ENSG00000101928",-0.184,-0.184,1,"56180"
3,"hsa-miR-106a-3p","UGCAAUG",5,"SMIM2","79024","ENSG00000139656",-0.184,-0.184,1,"79024"
3,"hsa-miR-106a-3p","UGCAAUG",5,"UBE2W","55284","ENSG00000104343",-0.184,-0.184,1,"55284"
3,"hsa-miR-106a-3p","UGCAAUG",5,"VAPB","9217","ENSG00000124164",-0.184,-0.184,1,"9217"
3,"hsa-miR-106a-3p","UGCAAUG",5,"ZNF770","54989","ENSG00000198146",-0.184,-0.184,1,"54989"
3,"hsa-miR-106a-3p","UGCAAUG",5,"AASDH","132949","ENSG00000157426",-0.183,-0.183,1,"132949"
3,"hsa-miR-106a-3p","UGCAAUG",5,"ACTC1","70","ENSG00000159251",-0.183,-0.183,1,"70"
3,"hsa-miR-106a-3p","UGCAAUG",5,"APOBEC3A","200315","ENSG00000128383",-0.183,-0.183,2,"200315"
3,"hsa-miR-106a-3p","UGCAAUG",5,"LUM","4060","ENSG00000139329",-0.183,-0.183,1,"4060"
3,"hsa-miR-106a-3p","UGCAAUG",5,"RNF166","115992","ENSG00000158717",-0.183,-0.183,1,"115992"
3,"hsa-miR-106a-3p","UGCAAUG",5,"TICAM2","353376","ENSG00000243414",-0.183,-0.183,1,"353376"
3,"hsa-miR-106a-3p","UGCAAUG",5,"AC012215.1",NA,"ENSG00000233863",-0.182,-0.182,1,NA
3,"hsa-miR-106a-3p","UGCAAUG",5,"DNAJA3","9093","ENSG00000103423",-0.182,-0.182,1,"9093"
3,"hsa-miR-106a-3p","UGCAAUG",5,"IL36RN","26525","ENSG00000136695",-0.182,-0.182,1,"26525"
3,"hsa-miR-106a-3p","UGCAAUG",5,"NHERF2","9351","ENSG00000065054",-0.182,-0.182,1,"9351"
3,"hsa-miR-106a-3p","UGCAAUG",5,"NID2","22795","ENSG00000087303",-0.182,-0.182,1,"22795"
3,"hsa-miR-106a-3p","UGCAAUG",5,"POLR2D","5433","ENSG00000144231",-0.182,-0.182,1,"5433"
3,"hsa-miR-106a-3p","UGCAAUG",5,"PSMB2","5690","ENSG00000126067",-0.182,-0.182,1,"5690"
3,"hsa-miR-106a-3p","UGCAAUG",5,"SPIC","121599","ENSG00000166211",-0.182,-0.182,1,"121599"
3,"hsa-miR-106a-3p","UGCAAUG",5,"ZCWPW2","152098","ENSG00000206559",-0.182,-0.182,1,"152098"
3,"hsa-miR-106a-3p","UGCAAUG",5,"ALKBH7","84266","ENSG00000125652",-0.181,-0.181,1,"84266"
3,"hsa-miR-106a-3p","UGCAAUG",5,"ENPEP","2028","ENSG00000138792",-0.181,-0.181,1,"2028"
3,"hsa-miR-106a-3p","UGCAAUG",5,"GALNT15","117248","ENSG00000131386",-0.181,-0.181,1,"117248"
3,"hsa-miR-106a-3p","UGCAAUG",5,"MAN1C1","57134","ENSG00000117643",-0.181,-0.181,1,"57134"
3,"hsa-miR-106a-3p","UGCAAUG",5,"OLFML3","56944","ENSG00000116774",-0.181,-0.181,1,"56944"
3,"hsa-miR-106a-3p","UGCAAUG",5,"POC1A","25886","ENSG00000164087",-0.181,-0.181,1,"25886"
3,"hsa-miR-106a-3p","UGCAAUG",5,"TCP1","6950","ENSG00000120438",-0.181,-0.181,1,"6950"
3,"hsa-miR-106a-3p","UGCAAUG",5,"DCAF12L2","340578","ENSG00000198354",-0.18,-0.18,1,"340578"
3,"hsa-miR-106a-3p","UGCAAUG",5,"ELAVL2","1993","ENSG00000107105",-0.18,-0.18,1,"1993"
3,"hsa-miR-106a-3p","UGCAAUG",5,"GORASP1","64689","ENSG00000114745",-0.18,-0.18,1,"64689"
3,"hsa-miR-106a-3p","UGCAAUG",5,"NOL7","51406","ENSG00000225921",-0.18,-0.18,1,"51406"
3,"hsa-miR-106a-3p","UGCAAUG",5,"OGDH","4967","ENSG00000105953",-0.18,-0.18,1,"4967"
3,"hsa-miR-106a-3p","UGCAAUG",5,"OGN","4969","ENSG00000106809",-0.18,-0.18,1,"4969"
3,"hsa-miR-106a-3p","UGCAAUG",5,"TNNI1","7135","ENSG00000159173",-0.18,-0.18,1,"7135"
3,"hsa-miR-106a-3p","UGCAAUG",5,"ZNF746","155061","ENSG00000181220",-0.18,-0.18,1,"155061"
3,"hsa-miR-106a-3p","UGCAAUG",5,"ASF1A","25842","ENSG00000111875",-0.179,-0.179,1,"25842"
3,"hsa-miR-106a-3p","UGCAAUG",5,"C8A","731","ENSG00000157131",-0.179,-0.179,1,"731"
3,"hsa-miR-106a-3p","UGCAAUG",5,"DERL1","79139","ENSG00000136986",-0.179,-0.179,1,"79139"
3,"hsa-miR-106a-3p","UGCAAUG",5,"PDSS1","23590","ENSG00000148459",-0.179,-0.179,1,"23590"
3,"hsa-miR-106a-3p","UGCAAUG",5,"CMBL","134147","ENSG00000164237",-0.178,-0.178,1,"134147"
3,"hsa-miR-106a-3p","UGCAAUG",5,"DUSP11","8446","ENSG00000144048",-0.178,-0.178,1,"8446"
3,"hsa-miR-106a-3p","UGCAAUG",5,"MBP","4155","ENSG00000197971",-0.178,-0.178,1,"4155"
3,"hsa-miR-106a-3p","UGCAAUG",5,"MTCH2","23788","ENSG00000109919",-0.178,-0.178,1,"23788"
3,"hsa-miR-106a-3p","UGCAAUG",5,"SRFBP1","153443","ENSG00000151304",-0.178,-0.178,1,"153443"
3,"hsa-miR-106a-3p","UGCAAUG",5,"ZNF41","7592","ENSG00000147124",-0.178,-0.178,1,"7592"
4,"hsa-miR-136-5p","CUCCAUU",5,"OR52N2","390077","ENSG00000180988",-0.931,-0.931,1,"390077"
4,"hsa-miR-136-5p","CUCCAUU",5,"HLA-DOB","3112","ENSG00000241106",-0.757,-0.757,1,"3112"
4,"hsa-miR-136-5p","CUCCAUU",5,"C1orf134",NA,"ENSG00000204377",-0.708,-0.708,1,NA
4,"hsa-miR-136-5p","CUCCAUU",5,"OR5M8","219484","ENSG00000181371",-0.668,-0.668,1,"219484"
4,"hsa-miR-136-5p","CUCCAUU",5,"PUS3","83480","ENSG00000110060",-0.654,-0.654,1,"83480"
4,"hsa-miR-136-5p","CUCCAUU",5,"LUZP6","767558","ENSG00000267697",-0.647,-0.438,2,"767558"
4,"hsa-miR-136-5p","CUCCAUU",5,"IER3IP1","51124","ENSG00000134049",-0.64,-0.64,1,"51124"
4,"hsa-miR-136-5p","CUCCAUU",5,"KATNAL2","83473","ENSG00000167216",-0.636,-0.636,1,"83473"
4,"hsa-miR-136-5p","CUCCAUU",5,"CFAP70","118491","ENSG00000156042",-0.632,-0.632,1,"118491"
4,"hsa-miR-136-5p","CUCCAUU",5,"MRPL1","65008","ENSG00000169288",-0.614,-0.614,1,"65008"
4,"hsa-miR-136-5p","CUCCAUU",5,"UBE2U","148581","ENSG00000177414",-0.61,-0.61,1,"148581"
4,"hsa-miR-136-5p","CUCCAUU",5,"LINC02790","102723661","ENSG00000237435",-0.609,-0.609,1,"102723661"
4,"hsa-miR-136-5p","CUCCAUU",5,"UBE2R2","54926","ENSG00000107341",-0.608,-0.608,1,"54926"
4,"hsa-miR-136-5p","CUCCAUU",5,"ANXA4","307","ENSG00000196975",-0.599,-0.599,1,"307"
4,"hsa-miR-136-5p","CUCCAUU",5,"SS18L2","51188","ENSG00000008324",-0.594,-0.594,1,"51188"
4,"hsa-miR-136-5p","CUCCAUU",5,"SPINK7","84651","ENSG00000145879",-0.592,-0.592,1,"84651"
4,"hsa-miR-136-5p","CUCCAUU",5,"GLT6D1","360203","ENSG00000204007",-0.585,-0.585,1,"360203"
4,"hsa-miR-136-5p","CUCCAUU",5,"CAMSAP2","23271","ENSG00000118200",-0.584,-0.512,2,"23271"
4,"hsa-miR-136-5p","CUCCAUU",5,"CCDC18","343099","ENSG00000122483",-0.583,-0.373666666666667,3,"343099"
4,"hsa-miR-136-5p","CUCCAUU",5,"LINC01387","100130480","ENSG00000265944",-0.578,-0.578,1,"100130480"
4,"hsa-miR-136-5p","CUCCAUU",5,"KRTAP19-1","337882","ENSG00000184351",-0.574,-0.574,1,"337882"
4,"hsa-miR-136-5p","CUCCAUU",5,"OSGEPL1","64172","ENSG00000128694",-0.574,-0.574,1,"64172"
4,"hsa-miR-136-5p","CUCCAUU",5,"RABGGTA","5875","ENSG00000100949",-0.574,-0.574,1,"5875"
4,"hsa-miR-136-5p","CUCCAUU",5,"CBX4","8535","ENSG00000141582",-0.566,-0.566,1,"8535"
4,"hsa-miR-136-5p","CUCCAUU",5,"STBD1","8987","ENSG00000118804",-0.562,-0.562,1,"8987"
4,"hsa-miR-136-5p","CUCCAUU",5,"ORC6","23594","ENSG00000091651",-0.558,-0.558,1,"23594"
4,"hsa-miR-136-5p","CUCCAUU",5,"CBY1","25776","ENSG00000100211",-0.557,-0.557,1,"25776"
4,"hsa-miR-136-5p","CUCCAUU",5,"C3orf52","79669","ENSG00000114529",-0.554,-0.554,1,"79669"
4,"hsa-miR-136-5p","CUCCAUU",5,"RPL35A","6165","ENSG00000182899",-0.549,-0.549,1,"6165"
4,"hsa-miR-136-5p","CUCCAUU",5,"MIEN1","84299","ENSG00000141741",-0.541,-0.541,1,"84299"
4,"hsa-miR-136-5p","CUCCAUU",5,"GALP","85569","ENSG00000197487",-0.536,-0.536,1,"85569"
4,"hsa-miR-136-5p","CUCCAUU",5,"GLIPR2","152007","ENSG00000122694",-0.536,-0.536,1,"152007"
4,"hsa-miR-136-5p","CUCCAUU",5,"URB1-AS1","84996","ENSG00000256073",-0.536,-0.536,1,"84996"
4,"hsa-miR-136-5p","CUCCAUU",5,"AP005482.1",NA,"ENSG00000215527",-0.535,-0.535,1,NA
4,"hsa-miR-136-5p","CUCCAUU",5,"MDM1","56890","ENSG00000111554",-0.525,-0.525,1,"56890"
4,"hsa-miR-136-5p","CUCCAUU",5,"HAUS7","55559","ENSG00000213397",-0.524,-0.524,1,"55559"
4,"hsa-miR-136-5p","CUCCAUU",5,"COPS4","51138","ENSG00000138663",-0.52,-0.52,1,"51138"
4,"hsa-miR-136-5p","CUCCAUU",5,"ATPSCKMT","134145","ENSG00000150756",-0.515,-0.515,1,"134145"
4,"hsa-miR-136-5p","CUCCAUU",5,"LINC01554","202299","ENSG00000236882",-0.514,-0.514,1,"202299"
4,"hsa-miR-136-5p","CUCCAUU",5,"RP11-1407O15.2",NA,"ENSG00000174093",-0.51,-0.51,1,NA
4,"hsa-miR-136-5p","CUCCAUU",5,"KDR","3791","ENSG00000128052",-0.509,-0.509,1,"3791"
4,"hsa-miR-136-5p","CUCCAUU",5,"CAPN1-AS1","728975","ENSG00000254614",-0.508,-0.508,1,"728975"
4,"hsa-miR-136-5p","CUCCAUU",5,"ZNF732","654254","ENSG00000186777",-0.504,-0.504,1,"654254"
4,"hsa-miR-136-5p","CUCCAUU",5,"DHRS7B","25979","ENSG00000109016",-0.503,-0.503,1,"25979"
4,"hsa-miR-136-5p","CUCCAUU",5,"WRN","7486","ENSG00000165392",-0.501,-0.501,1,"7486"
4,"hsa-miR-136-5p","CUCCAUU",5,"ZNF32","7580","ENSG00000169740",-0.496,-0.496,1,"7580"
4,"hsa-miR-136-5p","CUCCAUU",5,"MEGF10","84466","ENSG00000145794",-0.493,-0.493,1,"84466"
4,"hsa-miR-136-5p","CUCCAUU",5,"TRPC4AP","26133","ENSG00000100991",-0.492,-0.492,1,"26133"
4,"hsa-miR-136-5p","CUCCAUU",5,"SNAPC1","6617","ENSG00000023608",-0.491,-0.491,1,"6617"
4,"hsa-miR-136-5p","CUCCAUU",5,"DRAM1","55332","ENSG00000136048",-0.488,-0.354,2,"55332"
4,"hsa-miR-136-5p","CUCCAUU",5,"IMMP2L","83943","ENSG00000184903",-0.488,-0.488,1,"83943"
4,"hsa-miR-136-5p","CUCCAUU",5,"R3HCC1","203069","ENSG00000104679",-0.484,-0.484,1,"203069"
4,"hsa-miR-136-5p","CUCCAUU",5,"SMIM21","284274","ENSG00000206026",-0.482,-0.482,1,"284274"
4,"hsa-miR-136-5p","CUCCAUU",5,"RGS6","9628","ENSG00000182732",-0.481,-0.481,1,"9628"
4,"hsa-miR-136-5p","CUCCAUU",5,"SEMA4C","54910","ENSG00000168758",-0.48,-0.48,1,"54910"
4,"hsa-miR-136-5p","CUCCAUU",5,"STMP1","647087","ENSG00000243317",-0.479,-0.479,1,"647087"
4,"hsa-miR-136-5p","CUCCAUU",5,"FLJ14816",NA,"ENSG00000268194",-0.478,-0.478,1,NA
4,"hsa-miR-136-5p","CUCCAUU",5,"RAB9A","9367","ENSG00000123595",-0.476,-0.3545,2,"9367"
4,"hsa-miR-136-5p","CUCCAUU",5,"XRCC2","7516","ENSG00000196584",-0.476,-0.476,1,"7516"
4,"hsa-miR-136-5p","CUCCAUU",5,"KCNJ4","3761","ENSG00000168135",-0.474,-0.474,1,"3761"
4,"hsa-miR-136-5p","CUCCAUU",5,"C6orf62","81688","ENSG00000112308",-0.472,-0.472,1,"81688"
4,"hsa-miR-136-5p","CUCCAUU",5,"TM9SF3","56889","ENSG00000077147",-0.472,-0.472,1,"56889"
4,"hsa-miR-136-5p","CUCCAUU",5,"ABCD3","5825","ENSG00000117528",-0.468,-0.468,1,"5825"
4,"hsa-miR-136-5p","CUCCAUU",5,"ZNF23","7571","ENSG00000167377",-0.466,-0.466,1,"7571"
4,"hsa-miR-136-5p","CUCCAUU",5,"MOSPD1","56180","ENSG00000101928",-0.464,-0.464,1,"56180"
4,"hsa-miR-136-5p","CUCCAUU",5,"CKM","1158","ENSG00000104879",-0.463,-0.463,1,"1158"
4,"hsa-miR-136-5p","CUCCAUU",5,"ZNF181","339318","ENSG00000197841",-0.459,-0.459,1,"339318"
4,"hsa-miR-136-5p","CUCCAUU",5,"ROCK2","9475","ENSG00000134318",-0.458,-0.458,1,"9475"
4,"hsa-miR-136-5p","CUCCAUU",5,"MCM8","84515","ENSG00000125885",-0.457,-0.457,1,"84515"
4,"hsa-miR-136-5p","CUCCAUU",5,"TUBD1","51174","ENSG00000108423",-0.456,-0.456,1,"51174"
4,"hsa-miR-136-5p","CUCCAUU",5,"CSGALNACT1","55790","ENSG00000147408",-0.455,-0.455,1,"55790"
4,"hsa-miR-136-5p","CUCCAUU",5,"ARL5A","26225","ENSG00000162980",-0.453,-0.453,1,"26225"
4,"hsa-miR-136-5p","CUCCAUU",5,"FCGR3B","2215","ENSG00000162747",-0.453,-0.453,2,"2215"
4,"hsa-miR-136-5p","CUCCAUU",5,"SRP19","6728","ENSG00000153037",-0.451,-0.451,1,"6728"
4,"hsa-miR-136-5p","CUCCAUU",5,"WBP4","11193","ENSG00000120688",-0.451,-0.451,1,"11193"
4,"hsa-miR-136-5p","CUCCAUU",5,"F8","2157","ENSG00000185010",-0.45,-0.45,1,"2157"
4,"hsa-miR-136-5p","CUCCAUU",5,"NUDT17","200035","ENSG00000186364",-0.45,-0.45,1,"200035"
4,"hsa-miR-136-5p","CUCCAUU",5,"CHCT1","124773","ENSG00000141371",-0.448,-0.448,1,"124773"
4,"hsa-miR-136-5p","CUCCAUU",5,"MORC1","27136","ENSG00000114487",-0.446,-0.446,1,"27136"
4,"hsa-miR-136-5p","CUCCAUU",5,"LYRM4","57128","ENSG00000214113",-0.444,-0.444,1,"57128"
4,"hsa-miR-136-5p","CUCCAUU",5,"TMEM161B","153396","ENSG00000164180",-0.444,-0.444,1,"153396"
4,"hsa-miR-136-5p","CUCCAUU",5,"MRPL3","11222","ENSG00000114686",-0.443,-0.443,1,"11222"
4,"hsa-miR-136-5p","CUCCAUU",5,"RAP2C","57826","ENSG00000123728",-0.443,-0.443,1,"57826"
4,"hsa-miR-136-5p","CUCCAUU",5,"HOXC10","3226","ENSG00000180818",-0.441,-0.441,1,"3226"
4,"hsa-miR-136-5p","CUCCAUU",5,"NAA11","84779","ENSG00000156269",-0.438,-0.438,1,"84779"
4,"hsa-miR-136-5p","CUCCAUU",5,"SH2B1","25970","ENSG00000178188",-0.436,-0.436,1,"25970"
4,"hsa-miR-136-5p","CUCCAUU",5,"MSH3","4437","ENSG00000113318",-0.434,-0.434,1,"4437"
4,"hsa-miR-136-5p","CUCCAUU",5,"DDTL","100037417","ENSG00000099974",-0.431,-0.431,1,"100037417"
4,"hsa-miR-136-5p","CUCCAUU",5,"TFCP2","7024","ENSG00000135457",-0.43,-0.335,2,"7024"
4,"hsa-miR-136-5p","CUCCAUU",5,"C2CD4A","145741","ENSG00000198535",-0.425,-0.425,1,"145741"
4,"hsa-miR-136-5p","CUCCAUU",5,"INSIG1","3638","ENSG00000186480",-0.424,-0.424,1,"3638"
4,"hsa-miR-136-5p","CUCCAUU",5,"FAT3","120114","ENSG00000165323",-0.423,-0.336,2,"120114"
4,"hsa-miR-136-5p","CUCCAUU",5,"TMEM71","137835","ENSG00000165071",-0.423,-0.423,1,"137835"
4,"hsa-miR-136-5p","CUCCAUU",5,"AIMP1","9255","ENSG00000164022",-0.417,-0.417,1,"9255"
4,"hsa-miR-136-5p","CUCCAUU",5,"COMMD2","51122","ENSG00000114744",-0.417,-0.417,1,"51122"
4,"hsa-miR-136-5p","CUCCAUU",5,"NOA1","84273","ENSG00000084092",-0.416,-0.416,1,"84273"
4,"hsa-miR-136-5p","CUCCAUU",5,"FCGR2A","2212","ENSG00000143226",-0.415,-0.415,1,"2212"
4,"hsa-miR-136-5p","CUCCAUU",5,"C9orf72","203228","ENSG00000147894",-0.413,-0.413,1,"203228"
4,"hsa-miR-136-5p","CUCCAUU",5,"G0S2","50486","ENSG00000123689",-0.412,-0.412,1,"50486"
4,"hsa-miR-136-5p","CUCCAUU",5,"MTPN","136319","ENSG00000105887",-0.412,-0.412,1,"136319"
4,"hsa-miR-136-5p","CUCCAUU",5,"TPK1","27010","ENSG00000196511",-0.412,-0.412,1,"27010"
4,"hsa-miR-136-5p","CUCCAUU",5,"DSTN","11034","ENSG00000125868",-0.411,-0.411,1,"11034"
4,"hsa-miR-136-5p","CUCCAUU",5,"MSRB3","253827","ENSG00000174099",-0.407,-0.407,1,"253827"
4,"hsa-miR-136-5p","CUCCAUU",5,"CMTM6","54918","ENSG00000091317",-0.405,-0.405,1,"54918"
4,"hsa-miR-136-5p","CUCCAUU",5,"NIT2","56954","ENSG00000114021",-0.405,-0.405,1,"56954"
4,"hsa-miR-136-5p","CUCCAUU",5,"GNG3","2785","ENSG00000162188",-0.404,-0.404,1,"2785"
4,"hsa-miR-136-5p","CUCCAUU",5,"LOH12CR2","503693","ENSG00000205791",-0.404,-0.404,1,"503693"
4,"hsa-miR-136-5p","CUCCAUU",5,"GDI2","2665","ENSG00000057608",-0.402,-0.402,1,"2665"
4,"hsa-miR-136-5p","CUCCAUU",5,"ECHDC3","79746","ENSG00000134463",-0.4,-0.4,1,"79746"
4,"hsa-miR-136-5p","CUCCAUU",5,"GADD45GIP1","90480","ENSG00000179271",-0.4,-0.4,1,"90480"
4,"hsa-miR-136-5p","CUCCAUU",5,"LRRC3DN",NA,"ENSG00000269430",-0.399,-0.399,1,NA
4,"hsa-miR-136-5p","CUCCAUU",5,"ZDHHC6","64429","ENSG00000023041",-0.398,-0.398,1,"64429"
4,"hsa-miR-136-5p","CUCCAUU",5,"BPTF","2186","ENSG00000171634",-0.396,-0.396,1,"2186"
4,"hsa-miR-136-5p","CUCCAUU",5,"CFAP221","200373","ENSG00000163075",-0.396,-0.396,1,"200373"
4,"hsa-miR-136-5p","CUCCAUU",5,"C17orf47",NA,"ENSG00000181013",-0.394,-0.394,1,NA
4,"hsa-miR-136-5p","CUCCAUU",5,"ETFBKMT","254013","ENSG00000139160",-0.394,-0.394,1,"254013"
4,"hsa-miR-136-5p","CUCCAUU",5,"P4HB","5034","ENSG00000185624",-0.394,-0.394,1,"5034"
4,"hsa-miR-136-5p","CUCCAUU",5,"PET100","100131801","ENSG00000229833",-0.394,-0.394,1,"100131801"
4,"hsa-miR-136-5p","CUCCAUU",5,"NPVF","64111","ENSG00000105954",-0.389,-0.389,1,"64111"
4,"hsa-miR-136-5p","CUCCAUU",5,"TMEM218","219854","ENSG00000150433",-0.389,-0.389,1,"219854"
4,"hsa-miR-136-5p","CUCCAUU",5,"VGLL4","9686","ENSG00000144560",-0.389,-0.389,1,"9686"
4,"hsa-miR-136-5p","CUCCAUU",5,"CSRP3","8048","ENSG00000129170",-0.388,-0.388,1,"8048"
4,"hsa-miR-136-5p","CUCCAUU",5,"GABRA2","2555","ENSG00000151834",-0.388,-0.388,1,"2555"
4,"hsa-miR-136-5p","CUCCAUU",5,"SLC7A3","84889","ENSG00000165349",-0.388,-0.388,1,"84889"
4,"hsa-miR-136-5p","CUCCAUU",5,"ZNF772","400720","ENSG00000197128",-0.388,-0.388,1,"400720"
4,"hsa-miR-136-5p","CUCCAUU",5,"NFYB","4801","ENSG00000120837",-0.386,-0.386,1,"4801"
4,"hsa-miR-136-5p","CUCCAUU",5,"CDV3","55573","ENSG00000091527",-0.383,-0.383,1,"55573"
4,"hsa-miR-136-5p","CUCCAUU",5,"NANOGNB","360030","ENSG00000205857",-0.382,-0.382,1,"360030"
4,"hsa-miR-136-5p","CUCCAUU",5,"CHCHD3","54927","ENSG00000106554",-0.381,-0.381,1,"54927"
4,"hsa-miR-136-5p","CUCCAUU",5,"PLAAT2","54979","ENSG00000133328",-0.381,-0.381,1,"54979"
4,"hsa-miR-136-5p","CUCCAUU",5,"EXTL3","2137","ENSG00000012232",-0.38,-0.38,1,"2137"
4,"hsa-miR-136-5p","CUCCAUU",5,"MBNL3","55796","ENSG00000076770",-0.38,-0.38,1,"55796"
4,"hsa-miR-136-5p","CUCCAUU",5,"TDRD10","126668","ENSG00000163239",-0.38,-0.38,1,"126668"
4,"hsa-miR-136-5p","CUCCAUU",5,"ELF3","1999","ENSG00000163435",-0.379,-0.379,1,"1999"
4,"hsa-miR-136-5p","CUCCAUU",5,"IL10RB","3588","ENSG00000243646",-0.379,-0.379,1,"3588"
4,"hsa-miR-136-5p","CUCCAUU",5,"S1PR5","53637","ENSG00000180739",-0.379,-0.379,1,"53637"
4,"hsa-miR-136-5p","CUCCAUU",5,"DCT","1638","ENSG00000080166",-0.377,-0.377,1,"1638"
4,"hsa-miR-136-5p","CUCCAUU",5,"PBLD","64081","ENSG00000108187",-0.377,-0.377,1,"64081"
4,"hsa-miR-136-5p","CUCCAUU",5,"TIMM17A","10440","ENSG00000134375",-0.376,-0.376,1,"10440"
4,"hsa-miR-136-5p","CUCCAUU",5,"DUXA","503835","ENSG00000258873",-0.375,-0.375,1,"503835"
4,"hsa-miR-136-5p","CUCCAUU",5,"SEC11A","23478","ENSG00000140612",-0.375,-0.375,1,"23478"
4,"hsa-miR-136-5p","CUCCAUU",5,"SLC31A2","1318","ENSG00000136867",-0.375,-0.375,1,"1318"
4,"hsa-miR-136-5p","CUCCAUU",5,"ZNF560","147741","ENSG00000198028",-0.375,-0.375,1,"147741"
4,"hsa-miR-136-5p","CUCCAUU",5,"FBXO3","26273","ENSG00000110429",-0.374,-0.374,1,"26273"
4,"hsa-miR-136-5p","CUCCAUU",5,"MRPS14","63931","ENSG00000120333",-0.374,-0.374,1,"63931"
4,"hsa-miR-136-5p","CUCCAUU",5,"TFAP2C","7022","ENSG00000087510",-0.374,-0.374,1,"7022"
4,"hsa-miR-136-5p","CUCCAUU",5,"PRPF38B","55119","ENSG00000134186",-0.371,-0.371,1,"55119"
4,"hsa-miR-136-5p","CUCCAUU",5,"FAM47E-STBD1","100631383","ENSG00000272414",-0.37,-0.37,1,"100631383"
4,"hsa-miR-136-5p","CUCCAUU",5,"SYNPR","132204","ENSG00000163630",-0.369,-0.302,2,"132204"
4,"hsa-miR-136-5p","CUCCAUU",5,"ZNF248","57209","ENSG00000198105",-0.369,-0.369,1,"57209"
4,"hsa-miR-136-5p","CUCCAUU",5,"EXO1","9156","ENSG00000174371",-0.368,-0.368,1,"9156"
4,"hsa-miR-136-5p","CUCCAUU",5,"BDP1","55814","ENSG00000145734",-0.367,-0.367,1,"55814"
4,"hsa-miR-136-5p","CUCCAUU",5,"CNOT7","29883","ENSG00000198791",-0.365,-0.365,1,"29883"
4,"hsa-miR-136-5p","CUCCAUU",5,"EXOSC7","23016","ENSG00000075914",-0.365,-0.365,1,"23016"
4,"hsa-miR-136-5p","CUCCAUU",5,"DPAGT1","1798","ENSG00000172269",-0.364,-0.364,1,"1798"
4,"hsa-miR-136-5p","CUCCAUU",5,"ADH7","131","ENSG00000196344",-0.363,-0.363,1,"131"
4,"hsa-miR-136-5p","CUCCAUU",5,"API5","8539","ENSG00000166181",-0.363,-0.363,1,"8539"
4,"hsa-miR-136-5p","CUCCAUU",5,"BTBD19","149478","ENSG00000222009",-0.362,-0.362,1,"149478"
4,"hsa-miR-136-5p","CUCCAUU",5,"ZNF667","63934","ENSG00000198046",-0.36,-0.36,1,"63934"
4,"hsa-miR-136-5p","CUCCAUU",5,"ETF1","2107","ENSG00000120705",-0.359,-0.359,1,"2107"
4,"hsa-miR-136-5p","CUCCAUU",5,"PPP4R4","57718","ENSG00000119698",-0.357,-0.276,2,"57718"
4,"hsa-miR-136-5p","CUCCAUU",5,"YPEL3","83719","ENSG00000090238",-0.357,-0.357,1,"83719"
4,"hsa-miR-136-5p","CUCCAUU",5,"COQ4","51117","ENSG00000167113",-0.356,-0.356,1,"51117"
4,"hsa-miR-136-5p","CUCCAUU",5,"UCHL5","51377","ENSG00000116750",-0.356,-0.356,1,"51377"
4,"hsa-miR-136-5p","CUCCAUU",5,"ZNF302","55900","ENSG00000089335",-0.356,-0.356,1,"55900"
4,"hsa-miR-136-5p","CUCCAUU",5,"ZNF846","162993","ENSG00000196605",-0.355,-0.355,2,"162993"
4,"hsa-miR-136-5p","CUCCAUU",5,"B4GALNT2","124872","ENSG00000167080",-0.354,-0.354,1,"124872"
4,"hsa-miR-136-5p","CUCCAUU",5,"KTI12","112970","ENSG00000198841",-0.354,-0.354,1,"112970"
4,"hsa-miR-136-5p","CUCCAUU",5,"QPCT","25797","ENSG00000115828",-0.354,-0.354,1,"25797"
4,"hsa-miR-136-5p","CUCCAUU",5,"RIMKLB","57494","ENSG00000166532",-0.354,-0.2945,2,"57494"
4,"hsa-miR-136-5p","CUCCAUU",5,"TMEM167B","56900","ENSG00000215717",-0.354,-0.354,1,"56900"
4,"hsa-miR-136-5p","CUCCAUU",5,"ZRSR2P1",NA,"ENSG00000212643",-0.354,-0.354,1,"7310"
4,"hsa-miR-136-5p","CUCCAUU",5,"OR1L8","138881","ENSG00000171496",-0.352,-0.352,1,"138881"
4,"hsa-miR-136-5p","CUCCAUU",5,"RMDN2","151393","ENSG00000115841",-0.352,-0.352,1,"151393"
4,"hsa-miR-136-5p","CUCCAUU",5,"AKR7L","246181","ENSG00000211454",-0.351,-0.351,1,"246181"
4,"hsa-miR-136-5p","CUCCAUU",5,"TRPM8","79054","ENSG00000144481",-0.351,-0.351,1,"79054"
4,"hsa-miR-136-5p","CUCCAUU",5,"ZNF823","55552","ENSG00000197933",-0.351,-0.351,1,"55552"
4,"hsa-miR-136-5p","CUCCAUU",5,"FAM241A","132720","ENSG00000174749",-0.35,-0.35,1,"132720"
4,"hsa-miR-136-5p","CUCCAUU",5,"TMEM30A","55754","ENSG00000112697",-0.349,-0.349,1,"55754"
4,"hsa-miR-136-5p","CUCCAUU",5,"ZNF879","345462","ENSG00000234284",-0.349,-0.349,1,"345462"
4,"hsa-miR-136-5p","CUCCAUU",5,"HDHD2","84064","ENSG00000167220",-0.348,-0.348,1,"84064"
4,"hsa-miR-136-5p","CUCCAUU",5,"MRPS16","51021","ENSG00000182180",-0.348,-0.348,1,"51021"
4,"hsa-miR-136-5p","CUCCAUU",5,"POLR3B","55703","ENSG00000013503",-0.348,-0.348,1,"55703"
4,"hsa-miR-136-5p","CUCCAUU",5,"SRR","63826","ENSG00000167720",-0.348,-0.348,1,"63826"
4,"hsa-miR-136-5p","CUCCAUU",5,"EXOSC2","23404","ENSG00000130713",-0.347,-0.347,1,"23404"
4,"hsa-miR-136-5p","CUCCAUU",5,"SYNC","81493","ENSG00000162520",-0.347,-0.347,1,"81493"
4,"hsa-miR-136-5p","CUCCAUU",5,"C10orf12","26148","ENSG00000155640",-0.346,-0.346,1,NA
4,"hsa-miR-136-5p","CUCCAUU",5,"MICOS10","440574","ENSG00000173436",-0.346,-0.346,1,"440574"
4,"hsa-miR-136-5p","CUCCAUU",5,"TWSG1","57045","ENSG00000128791",-0.346,-0.346,1,"57045"
4,"hsa-miR-136-5p","CUCCAUU",5,"APOL2","23780","ENSG00000128335",-0.345,-0.345,1,"23780"
4,"hsa-miR-136-5p","CUCCAUU",5,"CTTNBP2","83992","ENSG00000077063",-0.345,-0.345,1,"83992"
4,"hsa-miR-136-5p","CUCCAUU",5,"IP6K1","9807","ENSG00000176095",-0.345,-0.345,1,"9807"
4,"hsa-miR-136-5p","CUCCAUU",5,"RPUSD4","84881","ENSG00000165526",-0.345,-0.345,1,"84881"
4,"hsa-miR-136-5p","CUCCAUU",5,"ZKSCAN7","55888","ENSG00000196345",-0.344,-0.344,1,"55888"
4,"hsa-miR-136-5p","CUCCAUU",5,"POLR2D","5433","ENSG00000144231",-0.342,-0.342,1,"5433"
4,"hsa-miR-136-5p","CUCCAUU",5,"ZNF655","79027","ENSG00000197343",-0.342,-0.342,1,"79027"
4,"hsa-miR-136-5p","CUCCAUU",5,"OR13H1","347468","ENSG00000171054",-0.341,-0.341,1,"347468"
4,"hsa-miR-136-5p","CUCCAUU",5,"PLEKHF2","79666","ENSG00000175895",-0.34,-0.34,1,"79666"
4,"hsa-miR-136-5p","CUCCAUU",5,"ZNF668","79759","ENSG00000167394",-0.34,-0.34,1,"79759"
4,"hsa-miR-136-5p","CUCCAUU",5,"ELOVL2","54898","ENSG00000197977",-0.339,-0.268,2,"54898"
4,"hsa-miR-136-5p","CUCCAUU",5,"AMT","275","ENSG00000145020",-0.338,-0.338,1,"275"
4,"hsa-miR-136-5p","CUCCAUU",5,"PMP22","5376","ENSG00000109099",-0.338,-0.338,1,"5376"
4,"hsa-miR-136-5p","CUCCAUU",5,"IPCEF1","26034","ENSG00000074706",-0.337,-0.337,1,"26034"
4,"hsa-miR-136-5p","CUCCAUU",5,"HSD17B10","3028","ENSG00000072506",-0.336,-0.336,1,"3028"
4,"hsa-miR-136-5p","CUCCAUU",5,"MON2","23041","ENSG00000061987",-0.336,-0.336,1,"23041"
4,"hsa-miR-136-5p","CUCCAUU",5,"ILF3","3609","ENSG00000129351",-0.335,-0.335,1,"3609"
4,"hsa-miR-136-5p","CUCCAUU",5,"TPM3","7170","ENSG00000143549",-0.334,-0.334,1,"7170"
4,"hsa-miR-136-5p","CUCCAUU",5,"SGIP1","84251","ENSG00000118473",-0.333,-0.272,2,"84251"
4,"hsa-miR-136-5p","CUCCAUU",5,"C4orf19","55286","ENSG00000154274",-0.332,-0.332,1,"55286"
4,"hsa-miR-136-5p","CUCCAUU",5,"ZNF225","7768","ENSG00000256294",-0.332,-0.332,1,"7768"
4,"hsa-miR-136-5p","CUCCAUU",5,"DNAI7","55259","ENSG00000118307",-0.33,-0.33,1,"55259"
4,"hsa-miR-136-5p","CUCCAUU",5,"ELP3","55140","ENSG00000134014",-0.33,-0.33,1,"55140"
4,"hsa-miR-136-5p","CUCCAUU",5,"APOL4","80832","ENSG00000100336",-0.329,-0.329,1,"80832"
4,"hsa-miR-136-5p","CUCCAUU",5,"CABP4","57010","ENSG00000175544",-0.329,-0.329,1,"57010"
4,"hsa-miR-136-5p","CUCCAUU",5,"HTR7","3363","ENSG00000148680",-0.329,-0.329,1,"3363"
4,"hsa-miR-136-5p","CUCCAUU",5,"OR4D1","26689","ENSG00000141194",-0.328,-0.328,1,"26689"
4,"hsa-miR-136-5p","CUCCAUU",5,"RSPO3","84870","ENSG00000146374",-0.328,-0.328,1,"84870"
4,"hsa-miR-136-5p","CUCCAUU",5,"B3GNT5","84002","ENSG00000176597",-0.326,-0.326,1,"84002"
4,"hsa-miR-136-5p","CUCCAUU",5,"DYRK4","8798","ENSG00000010219",-0.326,-0.326,1,"8798"
4,"hsa-miR-136-5p","CUCCAUU",5,"ERGIC2","51290","ENSG00000087502",-0.326,-0.326,1,"51290"
4,"hsa-miR-136-5p","CUCCAUU",5,"TPBG","7162","ENSG00000146242",-0.326,-0.326,1,"7162"
4,"hsa-miR-136-5p","CUCCAUU",5,"VMAC","400673","ENSG00000187650",-0.325,-0.325,1,"400673"
4,"hsa-miR-136-5p","CUCCAUU",5,"EXOC4","60412","ENSG00000131558",-0.324,-0.324,1,"60412"
4,"hsa-miR-136-5p","CUCCAUU",5,"ST20-MTHFS","100528021","ENSG00000259332",-0.324,-0.324,1,"100528021"
4,"hsa-miR-136-5p","CUCCAUU",5,"TMEM33","55161","ENSG00000109133",-0.324,-0.324,1,"55161"
4,"hsa-miR-136-5p","CUCCAUU",5,"PPP2R2A","5520","ENSG00000221914",-0.323,-0.2995,2,"5520"
4,"hsa-miR-136-5p","CUCCAUU",5,"SAMD7","344658","ENSG00000187033",-0.323,-0.323,1,"344658"
4,"hsa-miR-136-5p","CUCCAUU",5,"FAM120A","23196","ENSG00000048828",-0.322,-0.322,1,"23196"
4,"hsa-miR-136-5p","CUCCAUU",5,"PCBD2","84105","ENSG00000132570",-0.322,-0.322,1,"84105"
4,"hsa-miR-136-5p","CUCCAUU",5,"CEP57","9702","ENSG00000166037",-0.32,-0.32,1,"9702"
4,"hsa-miR-136-5p","CUCCAUU",5,"GJA5","101060613","ENSG00000143140",-0.32,-0.32,1,"2702"
4,"hsa-miR-136-5p","CUCCAUU",5,"KCNS3","3790","ENSG00000170745",-0.32,-0.32,1,"3790"
4,"hsa-miR-136-5p","CUCCAUU",5,"GRIK1-AS2",NA,"ENSG00000183653",-0.319,-0.319,1,"100379661"
4,"hsa-miR-136-5p","CUCCAUU",5,"MTHFS","10588","ENSG00000136371",-0.319,-0.319,1,"10588"
4,"hsa-miR-136-5p","CUCCAUU",5,"PITPNB","23760","ENSG00000180957",-0.319,-0.319,1,"23760"
4,"hsa-miR-136-5p","CUCCAUU",5,"SLC15A4","121260","ENSG00000139370",-0.319,-0.319,1,"121260"
4,"hsa-miR-136-5p","CUCCAUU",5,"SNX24","28966","ENSG00000064652",-0.318,-0.318,1,"28966"
4,"hsa-miR-136-5p","CUCCAUU",5,"TPD52","7163","ENSG00000076554",-0.317,-0.2505,4,"7163"
4,"hsa-miR-136-5p","CUCCAUU",5,"TMEM65","157378","ENSG00000164983",-0.316,-0.316,1,"157378"
4,"hsa-miR-136-5p","CUCCAUU",5,"AL589765.1",NA,"ENSG00000240510",-0.315,-0.28,2,NA
4,"hsa-miR-136-5p","CUCCAUU",5,"GNAS","2778","ENSG00000087460",-0.315,-0.315,1,"2778"
4,"hsa-miR-136-5p","CUCCAUU",5,"TVP23B","51030","ENSG00000171928",-0.315,-0.315,1,"51030"
4,"hsa-miR-136-5p","CUCCAUU",5,"BEST3","144453","ENSG00000127325",-0.314,-0.314,1,"144453"
4,"hsa-miR-136-5p","CUCCAUU",5,"OSBP","5007","ENSG00000110048",-0.314,-0.314,1,"5007"
4,"hsa-miR-136-5p","CUCCAUU",5,"SLFN12L","100506736","ENSG00000205045",-0.314,-0.253,2,"100506736"
4,"hsa-miR-136-5p","CUCCAUU",5,"AVIL","10677","ENSG00000135407",-0.31,-0.31,1,"10677"
4,"hsa-miR-136-5p","CUCCAUU",5,"MAGEB4","4115","ENSG00000120289",-0.309,-0.309,1,"4115"
4,"hsa-miR-136-5p","CUCCAUU",5,"H2BC4","8347","ENSG00000180596",-0.308,-0.308,1,"8347"
4,"hsa-miR-136-5p","CUCCAUU",5,"STRN3","29966","ENSG00000196792",-0.307,-0.274,2,"29966"
4,"hsa-miR-136-5p","CUCCAUU",5,"EMCN","51705","ENSG00000164035",-0.306,-0.306,1,"51705"
4,"hsa-miR-136-5p","CUCCAUU",5,"PPP6R1","22870","ENSG00000105063",-0.306,-0.306,1,"22870"
4,"hsa-miR-136-5p","CUCCAUU",5,"PTPN20","26095","ENSG00000204179",-0.306,-0.306,1,"26095"
4,"hsa-miR-136-5p","CUCCAUU",5,"PTPN20B",NA,"ENSG00000183675",-0.306,-0.306,1,NA
4,"hsa-miR-136-5p","CUCCAUU",5,"IFI16","3428","ENSG00000163565",-0.305,-0.305,1,"3428"
4,"hsa-miR-136-5p","CUCCAUU",5,"MRPL51","51258","ENSG00000111639",-0.305,-0.2655,2,"51258"
4,"hsa-miR-136-5p","CUCCAUU",5,"ANGPTL3","27329","ENSG00000132855",-0.304,-0.304,1,"27329"
4,"hsa-miR-136-5p","CUCCAUU",5,"APOB","338","ENSG00000084674",-0.304,-0.269,2,"338"
4,"hsa-miR-136-5p","CUCCAUU",5,"GLE1","2733","ENSG00000119392",-0.304,-0.304,1,"2733"
4,"hsa-miR-136-5p","CUCCAUU",5,"TMEM106B","54664","ENSG00000106460",-0.304,-0.304,1,"54664"
4,"hsa-miR-136-5p","CUCCAUU",5,"CD3G","917","ENSG00000160654",-0.303,-0.303,1,"917"
4,"hsa-miR-136-5p","CUCCAUU",5,"ZNF525","170958","ENSG00000203326",-0.303,-0.303,1,"170958"
4,"hsa-miR-136-5p","CUCCAUU",5,"DYNC2H1","79659","ENSG00000187240",-0.302,-0.2505,2,"79659"
4,"hsa-miR-136-5p","CUCCAUU",5,"KIF12","113220","ENSG00000136883",-0.302,-0.302,1,"113220"
4,"hsa-miR-136-5p","CUCCAUU",5,"MEX3C","51320","ENSG00000176624",-0.302,-0.302,1,"51320"
4,"hsa-miR-136-5p","CUCCAUU",5,"PPP4R1L","55370","ENSG00000124224",-0.302,-0.302,1,"55370"
4,"hsa-miR-136-5p","CUCCAUU",5,"RIN2","54453","ENSG00000132669",-0.302,-0.302,1,"54453"
4,"hsa-miR-136-5p","CUCCAUU",5,"COL6A6","131873","ENSG00000206384",-0.301,-0.301,1,"131873"
4,"hsa-miR-136-5p","CUCCAUU",5,"EBI3","10148","ENSG00000105246",-0.301,-0.301,1,"10148"
4,"hsa-miR-136-5p","CUCCAUU",5,"FGF19","9965","ENSG00000162344",-0.301,-0.301,1,"9965"
4,"hsa-miR-136-5p","CUCCAUU",5,"PYCARD","29108","ENSG00000103490",-0.301,-0.301,1,"29108"
4,"hsa-miR-136-5p","CUCCAUU",5,"MAGT1","84061","ENSG00000102158",-0.3,-0.3,1,"84061"
4,"hsa-miR-136-5p","CUCCAUU",5,"NT5C1A","84618","ENSG00000116981",-0.3,-0.3,1,"84618"
4,"hsa-miR-136-5p","CUCCAUU",5,"KCNAB1","7881","ENSG00000169282",-0.299,-0.299,1,"7881"
4,"hsa-miR-136-5p","CUCCAUU",5,"MTRFR","91574","ENSG00000130921",-0.299,-0.299,1,"91574"
4,"hsa-miR-136-5p","CUCCAUU",5,"PCDHB14","56122","ENSG00000120327",-0.299,-0.299,1,"56122"
4,"hsa-miR-136-5p","CUCCAUU",5,"SNAP47","116841","ENSG00000143740",-0.299,-0.299,1,"116841"
4,"hsa-miR-136-5p","CUCCAUU",5,"AC139426.2",NA,"ENSG00000233812",-0.298,-0.298,1,NA
4,"hsa-miR-136-5p","CUCCAUU",5,"P2RY2","5029","ENSG00000175591",-0.298,-0.298,1,"5029"
4,"hsa-miR-136-5p","CUCCAUU",5,"KLHDC8A","55220","ENSG00000162873",-0.297,-0.297,1,"55220"
4,"hsa-miR-136-5p","CUCCAUU",5,"RTL8A","26071","ENSG00000203950",-0.296,-0.296,1,"26071"
4,"hsa-miR-136-5p","CUCCAUU",5,"TP53AIP1","63970","ENSG00000120471",-0.296,-0.296,1,"63970"
4,"hsa-miR-136-5p","CUCCAUU",5,"ZNF440","126070","ENSG00000171295",-0.296,-0.2575,2,"126070"
4,"hsa-miR-136-5p","CUCCAUU",5,"NR2F2","7026","ENSG00000185551",-0.295,-0.295,1,"7026"
4,"hsa-miR-136-5p","CUCCAUU",5,"GOLT1B","51026","ENSG00000111711",-0.294,-0.294,1,"51026"
4,"hsa-miR-136-5p","CUCCAUU",5,"KCTD17","79734","ENSG00000100379",-0.294,-0.294,1,"79734"
4,"hsa-miR-136-5p","CUCCAUU",5,"TMEM123","114908","ENSG00000152558",-0.294,-0.294,1,"114908"
4,"hsa-miR-136-5p","CUCCAUU",5,"TRIM52","84851","ENSG00000183718",-0.294,-0.294,1,"84851"
4,"hsa-miR-136-5p","CUCCAUU",5,"UBE3D","90025","ENSG00000118420",-0.293,-0.293,1,"90025"
4,"hsa-miR-136-5p","CUCCAUU",5,"ENAH","55740","ENSG00000154380",-0.292,-0.292,1,"55740"
4,"hsa-miR-136-5p","CUCCAUU",5,"INSC","387755","ENSG00000188487",-0.292,-0.292,1,"387755"
4,"hsa-miR-136-5p","CUCCAUU",5,"MARCHF5","54708","ENSG00000198060",-0.292,-0.292,1,"54708"
4,"hsa-miR-136-5p","CUCCAUU",5,"POTEI","653269","ENSG00000196834",-0.292,-0.292,1,"653269"
4,"hsa-miR-136-5p","CUCCAUU",5,"BBS1","582","ENSG00000174483",-0.291,-0.291,1,"582"
4,"hsa-miR-136-5p","CUCCAUU",5,"HS3ST3A1","9955","ENSG00000153976",-0.291,-0.291,1,"9955"
4,"hsa-miR-136-5p","CUCCAUU",5,"IGSF1","3547","ENSG00000147255",-0.291,-0.291,1,"3547"
4,"hsa-miR-136-5p","CUCCAUU",5,"PLGLB1","5343","ENSG00000183281",-0.29,-0.29,1,"5343"
4,"hsa-miR-136-5p","CUCCAUU",5,"POP5","51367","ENSG00000167272",-0.29,-0.29,1,"51367"
4,"hsa-miR-136-5p","CUCCAUU",5,"PSMD7","5713","ENSG00000103035",-0.29,-0.29,1,"5713"
4,"hsa-miR-136-5p","CUCCAUU",5,"ENPP3","5169","ENSG00000154269",-0.289,-0.289,1,"5169"
4,"hsa-miR-136-5p","CUCCAUU",5,"MAP3K6","9064","ENSG00000142733",-0.289,-0.289,1,"9064"
4,"hsa-miR-136-5p","CUCCAUU",5,"BTN3A2","11118","ENSG00000186470",-0.288,-0.288,1,"11118"
4,"hsa-miR-136-5p","CUCCAUU",5,"CASP10","843","ENSG00000003400",-0.288,-0.288,1,"843"
4,"hsa-miR-136-5p","CUCCAUU",5,"CPPED1","55313","ENSG00000103381",-0.288,-0.239,2,"55313"
4,"hsa-miR-136-5p","CUCCAUU",5,"F2RL2","2151","ENSG00000164220",-0.288,-0.288,1,"2151"
4,"hsa-miR-136-5p","CUCCAUU",5,"L3MBTL1","26013","ENSG00000185513",-0.288,-0.288,1,"26013"
4,"hsa-miR-136-5p","CUCCAUU",5,"NUBPL","80224","ENSG00000151413",-0.288,-0.288,1,"80224"
4,"hsa-miR-136-5p","CUCCAUU",5,"PLGLB2","5342","ENSG00000125551",-0.288,-0.288,1,"5342"
4,"hsa-miR-136-5p","CUCCAUU",5,"TMEM223","79064","ENSG00000168569",-0.288,-0.288,1,"79064"
4,"hsa-miR-136-5p","CUCCAUU",5,"RNF2","6045","ENSG00000121481",-0.287,-0.287,1,"6045"
4,"hsa-miR-136-5p","CUCCAUU",5,"TMEM50B","757","ENSG00000142188",-0.287,-0.287,1,"757"
4,"hsa-miR-136-5p","CUCCAUU",5,"ZNF281","23528","ENSG00000162702",-0.286,-0.286,1,"23528"
4,"hsa-miR-136-5p","CUCCAUU",5,"C18orf32","497661","ENSG00000177576",-0.285,-0.2715,2,"497661"
4,"hsa-miR-136-5p","CUCCAUU",5,"PPP1R14C","81706","ENSG00000198729",-0.285,-0.285,1,"81706"
4,"hsa-miR-136-5p","CUCCAUU",5,"SHISA4","149345","ENSG00000198892",-0.285,-0.285,1,"149345"
4,"hsa-miR-136-5p","CUCCAUU",5,"SUCLG2","8801","ENSG00000172340",-0.285,-0.285,1,"8801"
4,"hsa-miR-136-5p","CUCCAUU",5,"CD300LD-AS1","146723","ENSG00000182352",-0.284,-0.261,2,"146723"
4,"hsa-miR-136-5p","CUCCAUU",5,"IFNGR1","3459","ENSG00000027697",-0.284,-0.284,1,"3459"
4,"hsa-miR-136-5p","CUCCAUU",5,"TNRC6A","27327","ENSG00000090905",-0.284,-0.284,1,"27327"
4,"hsa-miR-136-5p","CUCCAUU",5,"ACSM3","6296","ENSG00000005187",-0.283,-0.283,1,"6296"
4,"hsa-miR-136-5p","CUCCAUU",5,"MIEF2","125170","ENSG00000177427",-0.283,-0.283,1,"125170"
4,"hsa-miR-136-5p","CUCCAUU",5,"STMND1","401236","ENSG00000230873",-0.283,-0.283,1,"401236"
4,"hsa-miR-136-5p","CUCCAUU",5,"CDH7","1005","ENSG00000081138",-0.282,-0.282,1,"1005"
4,"hsa-miR-136-5p","CUCCAUU",5,"INSL4","3641","ENSG00000120211",-0.282,-0.282,1,"3641"
4,"hsa-miR-136-5p","CUCCAUU",5,"MTERF2","80298","ENSG00000120832",-0.282,-0.282,1,"80298"
4,"hsa-miR-136-5p","CUCCAUU",5,"MPZL1","9019","ENSG00000197965",-0.281,-0.281,1,"9019"
4,"hsa-miR-136-5p","CUCCAUU",5,"TTI2","80185","ENSG00000129696",-0.281,-0.281,1,"80185"
4,"hsa-miR-136-5p","CUCCAUU",5,"ZFAND1","79752","ENSG00000104231",-0.281,-0.281,1,"79752"
4,"hsa-miR-136-5p","CUCCAUU",5,"ALS2","57679","ENSG00000003393",-0.28,-0.28,1,"57679"
4,"hsa-miR-136-5p","CUCCAUU",5,"C5orf63","401207","ENSG00000164241",-0.28,-0.28,1,"401207"
4,"hsa-miR-136-5p","CUCCAUU",5,"UBE2D4","51619","ENSG00000078967",-0.279,-0.279,1,"51619"
4,"hsa-miR-136-5p","CUCCAUU",5,"ZNF215","7762","ENSG00000149054",-0.279,-0.279,1,"7762"
4,"hsa-miR-136-5p","CUCCAUU",5,"ABCC12","94160","ENSG00000140798",-0.278,-0.278,1,"94160"
4,"hsa-miR-136-5p","CUCCAUU",5,"AKTIP","64400","ENSG00000166971",-0.278,-0.278,1,"64400"
4,"hsa-miR-136-5p","CUCCAUU",5,"LINC02656",NA,"ENSG00000212743",-0.278,-0.278,1,"399716"
4,"hsa-miR-136-5p","CUCCAUU",5,"NDUFA4","4697","ENSG00000189043",-0.278,-0.278,1,"4697"
4,"hsa-miR-136-5p","CUCCAUU",5,"PLAAT3","11145","ENSG00000176485",-0.278,-0.2665,2,"11145"
4,"hsa-miR-136-5p","CUCCAUU",5,"ZNF488",NA,"ENSG00000165388",-0.278,-0.278,1,"118738"
4,"hsa-miR-136-5p","CUCCAUU",5,"CPEB2","132864","ENSG00000137449",-0.277,-0.277,1,"132864"
4,"hsa-miR-136-5p","CUCCAUU",5,"RADIL","55698","ENSG00000157927",-0.277,-0.277,1,"55698"
4,"hsa-miR-136-5p","CUCCAUU",5,"BRWD1","54014","ENSG00000185658",-0.276,-0.276,1,"54014"
4,"hsa-miR-136-5p","CUCCAUU",5,"PLA2G2C","391013","ENSG00000187980",-0.276,-0.276,1,"391013"
4,"hsa-miR-136-5p","CUCCAUU",5,"RHOH","399","ENSG00000168421",-0.276,-0.276,1,"399"
4,"hsa-miR-136-5p","CUCCAUU",5,"TIMM9","26520","ENSG00000100575",-0.276,-0.276,1,"26520"
4,"hsa-miR-136-5p","CUCCAUU",5,"KCNJ13","3769","ENSG00000115474",-0.275,-0.275,1,"3769"
4,"hsa-miR-136-5p","CUCCAUU",5,"SEPHS1","22929","ENSG00000086475",-0.275,-0.275,1,"22929"
4,"hsa-miR-136-5p","CUCCAUU",5,"ZFP37","7539","ENSG00000136866",-0.275,-0.275,1,"7539"
4,"hsa-miR-136-5p","CUCCAUU",5,"TMEM78","677790","ENSG00000177800",-0.274,-0.274,1,"677790"
4,"hsa-miR-136-5p","CUCCAUU",5,"NLRP10","338322","ENSG00000182261",-0.273,-0.273,1,"338322"
4,"hsa-miR-136-5p","CUCCAUU",5,"PAQR8","85315","ENSG00000170915",-0.273,-0.273,1,"85315"
4,"hsa-miR-136-5p","CUCCAUU",5,"PRR15L","79170","ENSG00000167183",-0.273,-0.273,1,"79170"
4,"hsa-miR-136-5p","CUCCAUU",5,"CDC14A","8556","ENSG00000079335",-0.272,-0.272,1,"8556"
4,"hsa-miR-136-5p","CUCCAUU",5,"IGFBP4","3487","ENSG00000141753",-0.272,-0.23,2,"3487"
4,"hsa-miR-136-5p","CUCCAUU",5,"CNDP1","84735","ENSG00000150656",-0.271,-0.271,1,"84735"
4,"hsa-miR-136-5p","CUCCAUU",5,"GPT2","84706","ENSG00000166123",-0.271,-0.271,1,"84706"
4,"hsa-miR-136-5p","CUCCAUU",5,"GTF2I",NA,"ENSG00000077809",-0.271,-0.271,1,"2969"
4,"hsa-miR-136-5p","CUCCAUU",5,"IER5","51278","ENSG00000162783",-0.271,-0.2395,2,"51278"
4,"hsa-miR-136-5p","CUCCAUU",5,"PNRC2","55629","ENSG00000189266",-0.271,-0.271,1,"55629"
4,"hsa-miR-136-5p","CUCCAUU",5,"AP3M1","26985","ENSG00000185009",-0.27,-0.27,1,"26985"
4,"hsa-miR-136-5p","CUCCAUU",5,"BTN3A1","11119","ENSG00000026950",-0.27,-0.27,1,"11119"
4,"hsa-miR-136-5p","CUCCAUU",5,"CNPY1","285888","ENSG00000146910",-0.27,-0.27,1,"285888"
4,"hsa-miR-136-5p","CUCCAUU",5,"CYTL1","54360","ENSG00000170891",-0.27,-0.27,1,"54360"
4,"hsa-miR-136-5p","CUCCAUU",5,"FGF1","2246","ENSG00000113578",-0.27,-0.27,1,"2246"
4,"hsa-miR-136-5p","CUCCAUU",5,"LCE2A","353139","ENSG00000187173",-0.27,-0.27,1,"353139"
4,"hsa-miR-136-5p","CUCCAUU",5,"RHD","6007","ENSG00000187010",-0.27,-0.27,1,"6007"
4,"hsa-miR-136-5p","CUCCAUU",5,"ANKRD46","157567","ENSG00000186106",-0.269,-0.269,1,"157567"
4,"hsa-miR-136-5p","CUCCAUU",5,"HSD17B12","51144","ENSG00000149084",-0.269,-0.269,1,"51144"
4,"hsa-miR-136-5p","CUCCAUU",5,"PRDM5","11107","ENSG00000138738",-0.269,-0.269,1,"11107"
4,"hsa-miR-136-5p","CUCCAUU",5,"SIGLEC14","100049587","ENSG00000254415",-0.269,-0.228,2,"100049587"
4,"hsa-miR-136-5p","CUCCAUU",5,"CCDC171","203238","ENSG00000164989",-0.268,-0.268,1,"203238"
4,"hsa-miR-136-5p","CUCCAUU",5,"SLC33A1","9197","ENSG00000169359",-0.268,-0.268,1,"9197"
4,"hsa-miR-136-5p","CUCCAUU",5,"MEI4","101928601","ENSG00000269964",-0.267,-0.267,1,"101928601"
4,"hsa-miR-136-5p","CUCCAUU",5,"RPL24","6152","ENSG00000114391",-0.267,-0.267,1,"6152"
4,"hsa-miR-136-5p","CUCCAUU",5,"ZFP14","57677","ENSG00000142065",-0.267,-0.267,1,"57677"
4,"hsa-miR-136-5p","CUCCAUU",5,"BTNL8","79908","ENSG00000113303",-0.266,-0.266,1,"79908"
4,"hsa-miR-136-5p","CUCCAUU",5,"C1QTNF7","114905","ENSG00000163145",-0.266,-0.2325,2,"114905"
4,"hsa-miR-136-5p","CUCCAUU",5,"SLC35E4","339665","ENSG00000100036",-0.266,-0.266,1,"339665"
4,"hsa-miR-136-5p","CUCCAUU",5,"SETX","23064","ENSG00000107290",-0.265,-0.265,1,"23064"
4,"hsa-miR-136-5p","CUCCAUU",5,"ITGA8","8516","ENSG00000077943",-0.264,-0.264,1,"8516"
4,"hsa-miR-136-5p","CUCCAUU",5,"MED28","80306","ENSG00000118579",-0.264,-0.264,1,"80306"
4,"hsa-miR-136-5p","CUCCAUU",5,"PPDPF","79144","ENSG00000125534",-0.264,-0.264,1,"79144"
4,"hsa-miR-136-5p","CUCCAUU",5,"RNF139","11236","ENSG00000170881",-0.264,-0.264,1,"11236"
4,"hsa-miR-136-5p","CUCCAUU",5,"UBD","10537","ENSG00000213886",-0.264,-0.264,1,"10537"
4,"hsa-miR-136-5p","CUCCAUU",5,"CHODL","140578","ENSG00000154645",-0.263,-0.263,1,"140578"
4,"hsa-miR-136-5p","CUCCAUU",5,"GTPBP8","29083","ENSG00000163607",-0.263,-0.263,1,"29083"
4,"hsa-miR-136-5p","CUCCAUU",5,"NAP1L5","266812","ENSG00000177432",-0.263,-0.263,1,"266812"
4,"hsa-miR-136-5p","CUCCAUU",5,"NDUFAF7","55471","ENSG00000003509",-0.263,-0.263,1,"55471"
4,"hsa-miR-136-5p","CUCCAUU",5,"SC5D","6309","ENSG00000109929",-0.263,-0.263,1,"6309"
4,"hsa-miR-136-5p","CUCCAUU",5,"UBE2H","7328","ENSG00000186591",-0.263,-0.263,1,"7328"
4,"hsa-miR-136-5p","CUCCAUU",5,"RXYLT1","10329","ENSG00000118600",-0.262,-0.262,1,"10329"
4,"hsa-miR-136-5p","CUCCAUU",5,"STT3B","201595","ENSG00000163527",-0.262,-0.262,1,"201595"
4,"hsa-miR-136-5p","CUCCAUU",5,"GREM2","64388","ENSG00000180875",-0.261,-0.261,1,"64388"
4,"hsa-miR-136-5p","CUCCAUU",5,"MAPK1IP1L","93487","ENSG00000168175",-0.261,-0.261,1,"93487"
4,"hsa-miR-136-5p","CUCCAUU",5,"GNPNAT1","64841","ENSG00000100522",-0.26,-0.26,1,"64841"
4,"hsa-miR-136-5p","CUCCAUU",5,"NOS1AP","9722","ENSG00000198929",-0.26,-0.26,1,"9722"
4,"hsa-miR-136-5p","CUCCAUU",5,"NUTM1","256646","ENSG00000184507",-0.26,-0.26,1,"256646"
4,"hsa-miR-136-5p","CUCCAUU",5,"CYP51A1","1595","ENSG00000001630",-0.259,-0.259,1,"1595"
4,"hsa-miR-136-5p","CUCCAUU",5,"NCBP2","22916","ENSG00000114503",-0.259,-0.259,1,"22916"
4,"hsa-miR-136-5p","CUCCAUU",5,"RGS21","431704","ENSG00000253148",-0.259,-0.259,1,"431704"
4,"hsa-miR-136-5p","CUCCAUU",5,"ARHGEF4","50649","ENSG00000136002",-0.258,-0.258,1,"50649"
4,"hsa-miR-136-5p","CUCCAUU",5,"CCDC50","152137","ENSG00000152492",-0.258,-0.258,1,"152137"
4,"hsa-miR-136-5p","CUCCAUU",5,"DCTN6","10671","ENSG00000104671",-0.258,-0.258,1,"10671"
4,"hsa-miR-136-5p","CUCCAUU",5,"EPGN","255324","ENSG00000182585",-0.258,-0.258,1,"255324"
4,"hsa-miR-136-5p","CUCCAUU",5,"ZNF133","7692","ENSG00000125846",-0.258,-0.258,1,"7692"
4,"hsa-miR-136-5p","CUCCAUU",5,"ZSWIM7","125150","ENSG00000214941",-0.258,-0.258,1,"125150"
4,"hsa-miR-136-5p","CUCCAUU",5,"CD84","8832","ENSG00000066294",-0.257,-0.257,1,"8832"
4,"hsa-miR-136-5p","CUCCAUU",5,"EDC4","23644","ENSG00000038358",-0.257,-0.257,1,"23644"
4,"hsa-miR-136-5p","CUCCAUU",5,"MRS2","57380","ENSG00000124532",-0.257,-0.257,1,"57380"
4,"hsa-miR-136-5p","CUCCAUU",5,"TSPAN33","340348","ENSG00000158457",-0.257,-0.257,1,"340348"
4,"hsa-miR-136-5p","CUCCAUU",5,"TTC5","91875","ENSG00000136319",-0.257,-0.257,1,"91875"
4,"hsa-miR-136-5p","CUCCAUU",5,"IFRG15","163590","ENSG00000258664",-0.256,-0.256,1,NA
4,"hsa-miR-136-5p","CUCCAUU",5,"MLLT11","10962","ENSG00000213190",-0.256,-0.256,1,"10962"
4,"hsa-miR-136-5p","CUCCAUU",5,"PI15","51050","ENSG00000137558",-0.256,-0.256,1,"51050"
4,"hsa-miR-136-5p","CUCCAUU",5,"CBLIF","2694","ENSG00000134812",-0.255,-0.255,1,"2694"
4,"hsa-miR-136-5p","CUCCAUU",5,"CCN2","1490","ENSG00000118523",-0.255,-0.255,1,"1490"
4,"hsa-miR-136-5p","CUCCAUU",5,"ADCY1","107","ENSG00000164742",-0.254,-0.254,1,"107"
4,"hsa-miR-136-5p","CUCCAUU",5,"ARHGAP25","9938","ENSG00000163219",-0.254,-0.254,1,"9938"
4,"hsa-miR-136-5p","CUCCAUU",5,"BIRC5","332","ENSG00000089685",-0.254,-0.254,1,"332"
4,"hsa-miR-136-5p","CUCCAUU",5,"CNTF","1270","ENSG00000242689",-0.254,-0.254,1,"1270"
4,"hsa-miR-136-5p","CUCCAUU",5,"RBM41","55285","ENSG00000089682",-0.253,-0.2295,2,"55285"
4,"hsa-miR-136-5p","CUCCAUU",5,"ST6GALNAC3","256435","ENSG00000184005",-0.253,-0.253,1,"256435"
4,"hsa-miR-136-5p","CUCCAUU",5,"ZNF555","148254","ENSG00000186300",-0.253,-0.253,1,"148254"
4,"hsa-miR-136-5p","CUCCAUU",5,"ASAH1","427","ENSG00000104763",-0.252,-0.252,1,"427"
4,"hsa-miR-136-5p","CUCCAUU",5,"CCPG1","9236","ENSG00000260916",-0.252,-0.252,1,"9236"
4,"hsa-miR-136-5p","CUCCAUU",5,"GDF6","392255","ENSG00000156466",-0.252,-0.252,1,"392255"
4,"hsa-miR-136-5p","CUCCAUU",5,"PCDHB5","26167","ENSG00000113209",-0.252,-0.252,1,"26167"
4,"hsa-miR-136-5p","CUCCAUU",5,"POU3F2","5454","ENSG00000184486",-0.252,-0.252,1,"5454"
4,"hsa-miR-136-5p","CUCCAUU",5,"CTNNA3","29119","ENSG00000183230",-0.251,-0.251,1,"29119"
4,"hsa-miR-136-5p","CUCCAUU",5,"EVA1A","84141","ENSG00000115363",-0.251,-0.251,1,"84141"
4,"hsa-miR-136-5p","CUCCAUU",5,"GON4L","54856","ENSG00000116580",-0.251,-0.251,1,"54856"
4,"hsa-miR-136-5p","CUCCAUU",5,"AC007461.1",NA,"ENSG00000267893",-0.25,-0.25,1,NA
4,"hsa-miR-136-5p","CUCCAUU",5,"C21orf62","56245","ENSG00000205929",-0.25,-0.25,1,"56245"
4,"hsa-miR-136-5p","CUCCAUU",5,"ZIC5","85416","ENSG00000139800",-0.25,-0.25,1,"85416"
4,"hsa-miR-136-5p","CUCCAUU",5,"APP","351","ENSG00000142192",-0.249,-0.249,1,"351"
4,"hsa-miR-136-5p","CUCCAUU",5,"EML1","2009","ENSG00000066629",-0.249,-0.249,1,"2009"
4,"hsa-miR-136-5p","CUCCAUU",5,"FAM81B","153643","ENSG00000153347",-0.249,-0.249,1,"153643"
4,"hsa-miR-136-5p","CUCCAUU",5,"NUDT5","11164","ENSG00000165609",-0.249,-0.249,1,"11164"
4,"hsa-miR-136-5p","CUCCAUU",5,"STRIP1","85369","ENSG00000143093",-0.249,-0.249,1,"85369"
4,"hsa-miR-136-5p","CUCCAUU",5,"CGAS","115004","ENSG00000164430",-0.248,-0.248,1,"115004"
4,"hsa-miR-136-5p","CUCCAUU",5,"CT62","196993","ENSG00000225362",-0.248,-0.248,1,"196993"
4,"hsa-miR-136-5p","CUCCAUU",5,"MGC39545","403312","ENSG00000255537",-0.248,-0.248,1,NA
4,"hsa-miR-136-5p","CUCCAUU",5,"S100A6","6277","ENSG00000197956",-0.248,-0.248,1,"6277"
4,"hsa-miR-136-5p","CUCCAUU",5,"SMOC2","64094","ENSG00000112562",-0.248,-0.248,1,"64094"
4,"hsa-miR-136-5p","CUCCAUU",5,"WNT2","7472","ENSG00000105989",-0.248,-0.248,1,"7472"
4,"hsa-miR-136-5p","CUCCAUU",5,"BMP3","651","ENSG00000152785",-0.247,-0.247,1,"651"
4,"hsa-miR-136-5p","CUCCAUU",5,"DHFR2","200895","ENSG00000178700",-0.247,-0.247,1,"200895"
4,"hsa-miR-136-5p","CUCCAUU",5,"FABP2","2169","ENSG00000145384",-0.247,-0.247,1,"2169"
4,"hsa-miR-136-5p","CUCCAUU",5,"STING1","340061","ENSG00000184584",-0.247,-0.247,1,"340061"
4,"hsa-miR-136-5p","CUCCAUU",5,"AFAP1L1","134265","ENSG00000157510",-0.246,-0.246,1,"134265"
4,"hsa-miR-136-5p","CUCCAUU",5,"RAN","5901","ENSG00000132341",-0.246,-0.246,1,"5901"
4,"hsa-miR-136-5p","CUCCAUU",5,"REEP5","7905","ENSG00000129625",-0.246,-0.246,1,"7905"
4,"hsa-miR-136-5p","CUCCAUU",5,"TCF12","6938","ENSG00000140262",-0.246,-0.246,1,"6938"
4,"hsa-miR-136-5p","CUCCAUU",5,"CCDC93","54520","ENSG00000125633",-0.245,-0.245,1,"54520"
4,"hsa-miR-136-5p","CUCCAUU",5,"ETS2","2114","ENSG00000157557",-0.245,-0.245,1,"2114"
4,"hsa-miR-136-5p","CUCCAUU",5,"FAM149A","25854","ENSG00000109794",-0.245,-0.245,1,"25854"
4,"hsa-miR-136-5p","CUCCAUU",5,"JAML","120425","ENSG00000160593",-0.245,-0.245,1,"120425"
4,"hsa-miR-136-5p","CUCCAUU",5,"OTULIN","90268","ENSG00000154124",-0.245,-0.245,1,"90268"
4,"hsa-miR-136-5p","CUCCAUU",5,"WASF3","10810","ENSG00000132970",-0.245,-0.245,1,"10810"
4,"hsa-miR-136-5p","CUCCAUU",5,"XPO7","23039","ENSG00000130227",-0.245,-0.245,1,"23039"
4,"hsa-miR-136-5p","CUCCAUU",5,"ZNF224","7767","ENSG00000267680",-0.245,-0.245,1,"7767"
4,"hsa-miR-136-5p","CUCCAUU",5,"CEP15","57415","ENSG00000114405",-0.244,-0.244,1,"57415"
4,"hsa-miR-136-5p","CUCCAUU",5,"DNAJB14","79982","ENSG00000164031",-0.244,-0.244,1,"79982"
4,"hsa-miR-136-5p","CUCCAUU",5,"NEXMIF","340533","ENSG00000050030",-0.244,-0.244,1,"340533"
4,"hsa-miR-136-5p","CUCCAUU",5,"PPP1R18","170954","ENSG00000146112",-0.244,-0.244,2,"170954"
4,"hsa-miR-136-5p","CUCCAUU",5,"TMEM9","252839","ENSG00000116857",-0.244,-0.244,1,"252839"
4,"hsa-miR-136-5p","CUCCAUU",5,"ZNHIT3",NA,"ENSG00000108278",-0.244,-0.244,1,"9326"
4,"hsa-miR-136-5p","CUCCAUU",5,"AC079210.1",NA,"ENSG00000269657",-0.243,-0.243,1,NA
4,"hsa-miR-136-5p","CUCCAUU",5,"CD28","940","ENSG00000178562",-0.243,-0.243,1,"940"
4,"hsa-miR-136-5p","CUCCAUU",5,"CLVS2","134829","ENSG00000146352",-0.243,-0.243,1,"134829"
4,"hsa-miR-136-5p","CUCCAUU",5,"RNASE1","6035","ENSG00000129538",-0.243,-0.243,1,"6035"
4,"hsa-miR-136-5p","CUCCAUU",5,"ZNF365","22891","ENSG00000138311",-0.243,-0.243,1,"22891"
4,"hsa-miR-136-5p","CUCCAUU",5,"ACP1","52","ENSG00000143727",-0.242,-0.242,1,"52"
4,"hsa-miR-136-5p","CUCCAUU",5,"FHL5","9457","ENSG00000112214",-0.242,-0.242,1,"9457"
4,"hsa-miR-136-5p","CUCCAUU",5,"FOXE1","2304","ENSG00000178919",-0.242,-0.242,1,"2304"
4,"hsa-miR-136-5p","CUCCAUU",5,"RANBP3L","202151","ENSG00000164188",-0.242,-0.242,1,"202151"
4,"hsa-miR-136-5p","CUCCAUU",5,"RBMXL1","494115","ENSG00000213516",-0.242,-0.242,1,"494115"
4,"hsa-miR-136-5p","CUCCAUU",5,"MID1","4281","ENSG00000101871",-0.241,-0.241,1,"4281"
4,"hsa-miR-136-5p","CUCCAUU",5,"NABP1","64859","ENSG00000173559",-0.241,-0.241,1,"64859"
4,"hsa-miR-136-5p","CUCCAUU",5,"RYBP","23429","ENSG00000163602",-0.241,-0.241,1,"23429"
4,"hsa-miR-136-5p","CUCCAUU",5,"TMPRSS11F","389208","ENSG00000198092",-0.241,-0.241,1,"389208"
4,"hsa-miR-136-5p","CUCCAUU",5,"ZBTB8B","728116","ENSG00000273274",-0.241,-0.241,1,"728116"
4,"hsa-miR-136-5p","CUCCAUU",5,"ZNF768","79724","ENSG00000169957",-0.241,-0.241,1,"79724"
4,"hsa-miR-136-5p","CUCCAUU",5,"APOL1","8542","ENSG00000100342",-0.24,-0.24,1,"8542"
4,"hsa-miR-136-5p","CUCCAUU",5,"HLA-DRB5","3127","ENSG00000198502",-0.24,-0.24,1,"3127"
4,"hsa-miR-136-5p","CUCCAUU",5,"MALL","7851","ENSG00000144063",-0.24,-0.24,2,"7851"
4,"hsa-miR-136-5p","CUCCAUU",5,"NFKBIB","4793","ENSG00000104825",-0.24,-0.24,1,"4793"
4,"hsa-miR-136-5p","CUCCAUU",5,"PLP2","5355","ENSG00000102007",-0.24,-0.24,1,"5355"
4,"hsa-miR-136-5p","CUCCAUU",5,"SLC12A4","6560","ENSG00000124067",-0.24,-0.24,1,"6560"
4,"hsa-miR-136-5p","CUCCAUU",5,"TBPL1","9519","ENSG00000028839",-0.24,-0.24,1,"9519"
4,"hsa-miR-136-5p","CUCCAUU",5,"CNTN1","1272","ENSG00000018236",-0.239,-0.239,1,"1272"
4,"hsa-miR-136-5p","CUCCAUU",5,"CSTF2T","23283","ENSG00000177613",-0.239,-0.2235,2,"23283"
4,"hsa-miR-136-5p","CUCCAUU",5,"SLAMF7","57823","ENSG00000026751",-0.239,-0.228,2,"57823"
4,"hsa-miR-136-5p","CUCCAUU",5,"TXNIP","101060503","ENSG00000117289",-0.239,-0.239,1,"10628"
4,"hsa-miR-136-5p","CUCCAUU",5,"MBOAT7","79143","ENSG00000125505",-0.238,-0.238,1,"79143"
4,"hsa-miR-136-5p","CUCCAUU",5,"PDPN","10630","ENSG00000162493",-0.238,-0.238,1,"10630"
4,"hsa-miR-136-5p","CUCCAUU",5,"RBM7","10179","ENSG00000076053",-0.238,-0.238,1,"10179"
4,"hsa-miR-136-5p","CUCCAUU",5,"RNASE4","6038","ENSG00000258818",-0.238,-0.238,1,"6038"
4,"hsa-miR-136-5p","CUCCAUU",5,"TMF1","7110","ENSG00000144747",-0.238,-0.238,1,"7110"
4,"hsa-miR-136-5p","CUCCAUU",5,"TRIB1","10221","ENSG00000173334",-0.238,-0.238,1,"10221"
4,"hsa-miR-136-5p","CUCCAUU",5,"ZKSCAN4","387032","ENSG00000187626",-0.238,-0.238,1,"387032"
4,"hsa-miR-136-5p","CUCCAUU",5,"ZNF564","163050","ENSG00000249709",-0.238,-0.238,1,"163050"
4,"hsa-miR-136-5p","CUCCAUU",5,"ZXDA","7789","ENSG00000198205",-0.238,-0.238,1,"7789"
4,"hsa-miR-136-5p","CUCCAUU",5,"CREBZF","58487","ENSG00000137504",-0.237,-0.237,1,"58487"
4,"hsa-miR-136-5p","CUCCAUU",5,"OLIG3","167826","ENSG00000177468",-0.237,-0.237,1,"167826"
4,"hsa-miR-136-5p","CUCCAUU",5,"SPANXN5","494197","ENSG00000204363",-0.237,-0.237,1,"494197"
4,"hsa-miR-136-5p","CUCCAUU",5,"ZNF540","163255","ENSG00000171817",-0.237,-0.237,1,"163255"
4,"hsa-miR-136-5p","CUCCAUU",5,"ALKAL1","389658","ENSG00000196711",-0.236,-0.236,1,"389658"
4,"hsa-miR-136-5p","CUCCAUU",5,"CAVIN4","347273","ENSG00000170681",-0.236,-0.236,1,"347273"
4,"hsa-miR-136-5p","CUCCAUU",5,"EFCC1","79825","ENSG00000114654",-0.236,-0.236,1,"79825"
4,"hsa-miR-136-5p","CUCCAUU",5,"MIDN","90007","ENSG00000167470",-0.236,-0.236,1,"90007"
4,"hsa-miR-136-5p","CUCCAUU",5,"RAB11FIP2","22841","ENSG00000107560",-0.236,-0.236,1,"22841"
4,"hsa-miR-136-5p","CUCCAUU",5,"SERAC1","84947","ENSG00000122335",-0.236,-0.236,1,"84947"
4,"hsa-miR-136-5p","CUCCAUU",5,"ZG16","653808","ENSG00000174992",-0.236,-0.232,2,"653808"
4,"hsa-miR-136-5p","CUCCAUU",5,"CCDC125","202243","ENSG00000183323",-0.235,-0.235,1,"202243"
4,"hsa-miR-136-5p","CUCCAUU",5,"FUNDC1","139341","ENSG00000069509",-0.235,-0.235,1,"139341"
4,"hsa-miR-136-5p","CUCCAUU",5,"SIKE1","80143","ENSG00000052723",-0.235,-0.235,1,"80143"
4,"hsa-miR-136-5p","CUCCAUU",5,"VEGFD","2277","ENSG00000165197",-0.234,-0.234,1,"2277"
4,"hsa-miR-136-5p","CUCCAUU",5,"ATP5PB","515","ENSG00000116459",-0.233,-0.233,1,"515"
4,"hsa-miR-136-5p","CUCCAUU",5,"FNBP1","23048","ENSG00000187239",-0.233,-0.233,1,"23048"
4,"hsa-miR-136-5p","CUCCAUU",5,"STK33","65975","ENSG00000130413",-0.233,-0.233,1,"65975"
4,"hsa-miR-136-5p","CUCCAUU",5,"BICD1","636","ENSG00000151746",-0.232,-0.232,1,"636"
4,"hsa-miR-136-5p","CUCCAUU",5,"IFIT2","3433","ENSG00000119922",-0.232,-0.232,1,"3433"
4,"hsa-miR-136-5p","CUCCAUU",5,"LRIG3","121227","ENSG00000139263",-0.232,-0.232,1,"121227"
4,"hsa-miR-136-5p","CUCCAUU",5,"OSBPL10","114884","ENSG00000144645",-0.232,-0.232,1,"114884"
4,"hsa-miR-136-5p","CUCCAUU",5,"SLC35A1","10559","ENSG00000164414",-0.232,-0.232,1,"10559"
4,"hsa-miR-136-5p","CUCCAUU",5,"CPLX4","339302","ENSG00000166569",-0.231,-0.231,1,"339302"
4,"hsa-miR-136-5p","CUCCAUU",5,"ERG","2078","ENSG00000157554",-0.231,-0.231,1,"2078"
4,"hsa-miR-136-5p","CUCCAUU",5,"FN1","2335","ENSG00000115414",-0.231,-0.231,1,"2335"
4,"hsa-miR-136-5p","CUCCAUU",5,"SLC22A24","283238","ENSG00000197658",-0.231,-0.231,1,"283238"
4,"hsa-miR-136-5p","CUCCAUU",5,"UBE2D3","7323","ENSG00000109332",-0.231,-0.231,1,"7323"
4,"hsa-miR-136-5p","CUCCAUU",5,"YARS2","51067","ENSG00000139131",-0.231,-0.231,1,"51067"
4,"hsa-miR-136-5p","CUCCAUU",5,"GLIPR1","11010","ENSG00000139278",-0.23,-0.23,1,"11010"
4,"hsa-miR-136-5p","CUCCAUU",5,"GPR158","57512","ENSG00000151025",-0.23,-0.23,1,"57512"
4,"hsa-miR-136-5p","CUCCAUU",5,"RABGAP1L","9910","ENSG00000152061",-0.23,-0.23,1,"9910"
4,"hsa-miR-136-5p","CUCCAUU",5,"SCG5","6447","ENSG00000166922",-0.23,-0.23,1,"6447"
4,"hsa-miR-136-5p","CUCCAUU",5,"SHE","126669","ENSG00000169291",-0.23,-0.23,1,"126669"
4,"hsa-miR-136-5p","CUCCAUU",5,"SMPX","23676","ENSG00000091482",-0.23,-0.23,1,"23676"
4,"hsa-miR-136-5p","CUCCAUU",5,"ABHD16B","140701","ENSG00000183260",-0.229,-0.229,1,"140701"
4,"hsa-miR-136-5p","CUCCAUU",5,"FAM76A","199870","ENSG00000009780",-0.229,-0.203333333333333,3,"199870"
4,"hsa-miR-136-5p","CUCCAUU",5,"NOS2","4843","ENSG00000007171",-0.229,-0.229,1,"4843"
4,"hsa-miR-136-5p","CUCCAUU",5,"SPMIP11","255411","ENSG00000257987",-0.229,-0.229,1,"255411"
4,"hsa-miR-136-5p","CUCCAUU",5,"TNFSF8","944","ENSG00000106952",-0.229,-0.229,1,"944"
4,"hsa-miR-136-5p","CUCCAUU",5,"TOMM22","56993","ENSG00000100216",-0.229,-0.229,1,"56993"
4,"hsa-miR-136-5p","CUCCAUU",5,"BTNL9","153579","ENSG00000165810",-0.228,-0.228,1,"153579"
4,"hsa-miR-136-5p","CUCCAUU",5,"DYNLT5","200132","ENSG00000152760",-0.228,-0.228,1,"200132"
4,"hsa-miR-136-5p","CUCCAUU",5,"EPHA5","2044","ENSG00000145242",-0.228,-0.228,1,"2044"
4,"hsa-miR-136-5p","CUCCAUU",5,"FHIP1B","84067","ENSG00000051009",-0.228,-0.228,1,"84067"
4,"hsa-miR-136-5p","CUCCAUU",5,"FAM89A","375061","ENSG00000182118",-0.227,-0.227,1,"375061"
4,"hsa-miR-136-5p","CUCCAUU",5,"GIN1","54826","ENSG00000145723",-0.227,-0.227,1,"54826"
4,"hsa-miR-136-5p","CUCCAUU",5,"PROCR","10544","ENSG00000101000",-0.227,-0.227,1,"10544"
4,"hsa-miR-136-5p","CUCCAUU",5,"PSME4","23198","ENSG00000068878",-0.227,-0.227,1,"23198"
4,"hsa-miR-136-5p","CUCCAUU",5,"TENM1","10178","ENSG00000009694",-0.227,-0.227,1,"10178"
4,"hsa-miR-136-5p","CUCCAUU",5,"EPC1","80314","ENSG00000120616",-0.226,-0.226,1,"80314"
4,"hsa-miR-136-5p","CUCCAUU",5,"HINT1","3094","ENSG00000169567",-0.226,-0.226,1,"3094"
4,"hsa-miR-136-5p","CUCCAUU",5,"LY6D","8581","ENSG00000167656",-0.226,-0.226,1,"8581"
4,"hsa-miR-136-5p","CUCCAUU",5,"MIX23","131076","ENSG00000160124",-0.226,-0.226,1,"131076"
4,"hsa-miR-136-5p","CUCCAUU",5,"WBP2NL","164684","ENSG00000183066",-0.226,-0.226,1,"164684"
4,"hsa-miR-136-5p","CUCCAUU",5,"ZBTB6","10773","ENSG00000186130",-0.226,-0.226,1,"10773"
4,"hsa-miR-136-5p","CUCCAUU",5,"DAO","1610","ENSG00000110887",-0.225,-0.225,1,"1610"
4,"hsa-miR-136-5p","CUCCAUU",5,"VEGFB","7423","ENSG00000173511",-0.225,-0.225,1,"7423"
4,"hsa-miR-136-5p","CUCCAUU",5,"CLEC2D","29121","ENSG00000069493",-0.224,-0.224,1,"29121"
4,"hsa-miR-136-5p","CUCCAUU",5,"CYP4F11","57834","ENSG00000171903",-0.224,-0.224,1,"57834"
4,"hsa-miR-136-5p","CUCCAUU",5,"DMGDH","29958","ENSG00000132837",-0.224,-0.224,1,"29958"
4,"hsa-miR-136-5p","CUCCAUU",5,"SUDS3","64426","ENSG00000111707",-0.224,-0.224,1,"64426"
4,"hsa-miR-136-5p","CUCCAUU",5,"TMBIM6","7009","ENSG00000139644",-0.224,-0.224,1,"7009"
4,"hsa-miR-136-5p","CUCCAUU",5,"AGPAT3","56894","ENSG00000160216",-0.223,-0.223,1,"56894"
4,"hsa-miR-136-5p","CUCCAUU",5,"FUCA2","2519","ENSG00000001036",-0.223,-0.223,1,"2519"
4,"hsa-miR-136-5p","CUCCAUU",5,"MFSD6L","162387","ENSG00000185156",-0.223,-0.223,1,"162387"
4,"hsa-miR-136-5p","CUCCAUU",5,"ZNF106","64397","ENSG00000103994",-0.223,-0.223,1,"64397"
4,"hsa-miR-136-5p","CUCCAUU",5,"ZNF787","126208","ENSG00000142409",-0.223,-0.223,1,"126208"
4,"hsa-miR-136-5p","CUCCAUU",5,"FSTL1","11167","ENSG00000163430",-0.222,-0.222,1,"11167"
4,"hsa-miR-136-5p","CUCCAUU",5,"HMGCS2","3158","ENSG00000134240",-0.222,-0.222,1,"3158"
4,"hsa-miR-136-5p","CUCCAUU",5,"NECAB1","64168","ENSG00000123119",-0.222,-0.222,1,"64168"
4,"hsa-miR-136-5p","CUCCAUU",5,"PZP","5858","ENSG00000126838",-0.222,-0.222,1,"5858"
4,"hsa-miR-136-5p","CUCCAUU",5,"IMPG1","3617","ENSG00000112706",-0.221,-0.221,1,"3617"
4,"hsa-miR-136-5p","CUCCAUU",5,"KRBOX4","55634","ENSG00000147121",-0.221,-0.221,1,"55634"
4,"hsa-miR-136-5p","CUCCAUU",5,"OSTM1","28962","ENSG00000081087",-0.221,-0.221,1,"28962"
4,"hsa-miR-136-5p","CUCCAUU",5,"SLC24A1","9187","ENSG00000074621",-0.221,-0.221,1,"9187"
4,"hsa-miR-136-5p","CUCCAUU",5,"SPCS2","9789","ENSG00000118363",-0.221,-0.221,1,"9789"
4,"hsa-miR-136-5p","CUCCAUU",5,"SUGT1","10910","ENSG00000165416",-0.221,-0.221,1,"10910"
4,"hsa-miR-136-5p","CUCCAUU",5,"UCK2","7371","ENSG00000143179",-0.221,-0.221,1,"7371"
4,"hsa-miR-136-5p","CUCCAUU",5,"ATF1","466","ENSG00000123268",-0.22,-0.22,1,"466"
4,"hsa-miR-136-5p","CUCCAUU",5,"HSBP1","3281","ENSG00000230989",-0.22,-0.22,1,"3281"
4,"hsa-miR-136-5p","CUCCAUU",5,"PLSCR2","57047","ENSG00000163746",-0.22,-0.22,1,"57047"
4,"hsa-miR-136-5p","CUCCAUU",5,"SNTG1","54212","ENSG00000147481",-0.22,-0.22,1,"54212"
4,"hsa-miR-136-5p","CUCCAUU",5,"CALCOCO2","10241","ENSG00000136436",-0.219,-0.219,1,"10241"
4,"hsa-miR-136-5p","CUCCAUU",5,"DPYS","1807","ENSG00000147647",-0.219,-0.219,1,"1807"
4,"hsa-miR-136-5p","CUCCAUU",5,"EGLN3","112399","ENSG00000129521",-0.219,-0.219,1,"112399"
4,"hsa-miR-136-5p","CUCCAUU",5,"LRRC58","116064","ENSG00000163428",-0.219,-0.219,1,"116064"
4,"hsa-miR-136-5p","CUCCAUU",5,"LUZP4","51213","ENSG00000102021",-0.219,-0.219,1,"51213"
4,"hsa-miR-136-5p","CUCCAUU",5,"PYHIN1","149628","ENSG00000163564",-0.219,-0.219,1,"149628"
4,"hsa-miR-136-5p","CUCCAUU",5,"AKIRIN1","79647","ENSG00000174574",-0.218,-0.218,1,"79647"
4,"hsa-miR-136-5p","CUCCAUU",5,"ATP6V0A2","23545","ENSG00000185344",-0.218,-0.218,1,"23545"
4,"hsa-miR-136-5p","CUCCAUU",5,"RNF214","257160","ENSG00000167257",-0.218,-0.218,1,"257160"
4,"hsa-miR-136-5p","CUCCAUU",5,"RTL8C","8933","ENSG00000134590",-0.218,-0.218,1,"8933"
4,"hsa-miR-136-5p","CUCCAUU",5,"TFEC","22797","ENSG00000105967",-0.218,-0.218,1,"22797"
4,"hsa-miR-136-5p","CUCCAUU",5,"ZNF324B","388569","ENSG00000249471",-0.218,-0.218,1,"388569"
4,"hsa-miR-136-5p","CUCCAUU",5,"ZNF544","27300","ENSG00000198131",-0.218,-0.218,1,"27300"
4,"hsa-miR-136-5p","CUCCAUU",5,"S100A14","57402","ENSG00000189334",-0.217,-0.217,1,"57402"
4,"hsa-miR-136-5p","CUCCAUU",5,"STIM2","57620","ENSG00000109689",-0.217,-0.217,1,"57620"
4,"hsa-miR-136-5p","CUCCAUU",5,"VAMP1","6843","ENSG00000139190",-0.217,-0.217,1,"6843"
4,"hsa-miR-136-5p","CUCCAUU",5,"ZNF471","57573","ENSG00000196263",-0.217,-0.217,1,"57573"
4,"hsa-miR-136-5p","CUCCAUU",5,"EXOSC6","118460","ENSG00000223496",-0.216,-0.216,1,"118460"
4,"hsa-miR-136-5p","CUCCAUU",5,"HS3ST4","9951","ENSG00000182601",-0.216,-0.216,1,"9951"
4,"hsa-miR-136-5p","CUCCAUU",5,"NEUROD6","63974","ENSG00000164600",-0.216,-0.216,1,"63974"
4,"hsa-miR-136-5p","CUCCAUU",5,"OR52W1","120787","ENSG00000175485",-0.216,-0.216,1,"120787"
4,"hsa-miR-136-5p","CUCCAUU",5,"PRXL2A","84293","ENSG00000122378",-0.216,-0.216,1,"84293"
4,"hsa-miR-136-5p","CUCCAUU",5,"SLC30A4","7782","ENSG00000104154",-0.216,-0.216,1,"7782"
4,"hsa-miR-136-5p","CUCCAUU",5,"LLPH","84298","ENSG00000139233",-0.215,-0.215,1,"84298"
4,"hsa-miR-136-5p","CUCCAUU",5,"LRRC27","80313","ENSG00000148814",-0.215,-0.215,1,"80313"
4,"hsa-miR-136-5p","CUCCAUU",5,"LYSMD3","116068","ENSG00000176018",-0.215,-0.215,1,"116068"
4,"hsa-miR-136-5p","CUCCAUU",5,"MFAP3","4238","ENSG00000037749",-0.215,-0.215,1,"4238"
4,"hsa-miR-136-5p","CUCCAUU",5,"ABHD13","84945","ENSG00000139826",-0.214,-0.214,1,"84945"
4,"hsa-miR-136-5p","CUCCAUU",5,"HLA-DRB1","3123","ENSG00000196126",-0.214,-0.214,1,"3123"
4,"hsa-miR-136-5p","CUCCAUU",5,"MOCS2","4338","ENSG00000164172",-0.214,-0.214,1,"4338"
4,"hsa-miR-136-5p","CUCCAUU",5,"FHDC1","85462","ENSG00000137460",-0.213,-0.213,1,"85462"
4,"hsa-miR-136-5p","CUCCAUU",5,"FXN","2395","ENSG00000165060",-0.213,-0.213,1,"2395"
4,"hsa-miR-136-5p","CUCCAUU",5,"GPR176","11245","ENSG00000166073",-0.213,-0.213,1,"11245"
4,"hsa-miR-136-5p","CUCCAUU",5,"UBE2K","3093","ENSG00000078140",-0.213,-0.213,1,"3093"
4,"hsa-miR-136-5p","CUCCAUU",5,"UQCC1","55245","ENSG00000101019",-0.213,-0.213,1,"55245"
4,"hsa-miR-136-5p","CUCCAUU",5,"ZIC3","7547","ENSG00000156925",-0.213,-0.213,1,"7547"
4,"hsa-miR-136-5p","CUCCAUU",5,"ZNF24","7572","ENSG00000172466",-0.213,-0.213,1,"7572"
4,"hsa-miR-136-5p","CUCCAUU",5,"CCDC140","151278","ENSG00000163081",-0.212,-0.212,1,"151278"
4,"hsa-miR-136-5p","CUCCAUU",5,"CYP4F31P",NA,"ENSG00000178206",-0.212,-0.212,1,"107403068"
4,"hsa-miR-136-5p","CUCCAUU",5,"FBN2","2201","ENSG00000138829",-0.212,-0.212,1,"2201"
4,"hsa-miR-136-5p","CUCCAUU",5,"GATM","2628","ENSG00000171766",-0.212,-0.212,1,"2628"
4,"hsa-miR-136-5p","CUCCAUU",5,"OCIAD1","54940","ENSG00000109180",-0.212,-0.212,1,"54940"
4,"hsa-miR-136-5p","CUCCAUU",5,"ORMDL1","94101","ENSG00000128699",-0.212,-0.212,1,"94101"
4,"hsa-miR-136-5p","CUCCAUU",5,"PDK1","5163","ENSG00000152256",-0.212,-0.212,1,"5163"
4,"hsa-miR-136-5p","CUCCAUU",5,"RGS4","5999","ENSG00000117152",-0.212,-0.212,1,"5999"
4,"hsa-miR-136-5p","CUCCAUU",5,"BET1L","51272","ENSG00000177951",-0.211,-0.211,1,"51272"
4,"hsa-miR-136-5p","CUCCAUU",5,"DGKG","1608","ENSG00000058866",-0.211,-0.211,1,"1608"
4,"hsa-miR-136-5p","CUCCAUU",5,"DLGAP1","9229","ENSG00000170579",-0.211,-0.211,1,"9229"
4,"hsa-miR-136-5p","CUCCAUU",5,"MKRN2OS","100129480","ENSG00000225526",-0.211,-0.211,1,"100129480"
4,"hsa-miR-136-5p","CUCCAUU",5,"NMT1","4836","ENSG00000136448",-0.211,-0.211,1,"4836"
4,"hsa-miR-136-5p","CUCCAUU",5,"CCNDBP1","23582","ENSG00000166946",-0.21,-0.21,1,"23582"
4,"hsa-miR-136-5p","CUCCAUU",5,"FNDC7","163479","ENSG00000143107",-0.21,-0.21,1,"163479"
4,"hsa-miR-136-5p","CUCCAUU",5,"GK5","256356","ENSG00000175066",-0.21,-0.21,1,"256356"
4,"hsa-miR-136-5p","CUCCAUU",5,"PWWP2A","114825","ENSG00000170234",-0.21,-0.21,1,"114825"
4,"hsa-miR-136-5p","CUCCAUU",5,"TIMM23","653252","ENSG00000138297",-0.21,-0.21,1,"100287932"
4,"hsa-miR-136-5p","CUCCAUU",5,"TMEM199","147007","ENSG00000244045",-0.21,-0.21,1,"147007"
4,"hsa-miR-136-5p","CUCCAUU",5,"AL354993.1",NA,"ENSG00000227164",-0.209,-0.209,1,NA
4,"hsa-miR-136-5p","CUCCAUU",5,"DSTYK","25778","ENSG00000133059",-0.209,-0.209,1,"25778"
4,"hsa-miR-136-5p","CUCCAUU",5,"EIF4EBP3","8637","ENSG00000243056",-0.209,-0.209,1,"8637"
4,"hsa-miR-136-5p","CUCCAUU",5,"GPR45","11250","ENSG00000135973",-0.209,-0.209,1,"11250"
4,"hsa-miR-136-5p","CUCCAUU",5,"PTH2R","5746","ENSG00000144407",-0.209,-0.209,1,"5746"
4,"hsa-miR-136-5p","CUCCAUU",5,"DEFB107A","245910","ENSG00000186572",-0.208,-0.208,3,"245910"
4,"hsa-miR-136-5p","CUCCAUU",5,"DEFB107B","245910","ENSG00000198129",-0.208,-0.208,3,"503614"
4,"hsa-miR-136-5p","CUCCAUU",5,"ITLN1","55600","ENSG00000179914",-0.208,-0.208,1,"55600"
4,"hsa-miR-136-5p","CUCCAUU",5,"NT5C2","22978","ENSG00000076685",-0.208,-0.208,1,"22978"
4,"hsa-miR-136-5p","CUCCAUU",5,"PRPF4","9128","ENSG00000136875",-0.208,-0.208,1,"9128"
4,"hsa-miR-136-5p","CUCCAUU",5,"ABHD10","55347","ENSG00000144827",-0.207,-0.207,1,"55347"
4,"hsa-miR-136-5p","CUCCAUU",5,"IL18R1","8809","ENSG00000115604",-0.207,-0.207,1,"8809"
4,"hsa-miR-136-5p","CUCCAUU",5,"LETMD1","25875","ENSG00000050426",-0.207,-0.207,1,"25875"
4,"hsa-miR-136-5p","CUCCAUU",5,"NAA15","80155","ENSG00000164134",-0.207,-0.207,1,"80155"
4,"hsa-miR-136-5p","CUCCAUU",5,"RMDN1","51115","ENSG00000176623",-0.207,-0.207,1,"51115"
4,"hsa-miR-136-5p","CUCCAUU",5,"MAP3K10","4294","ENSG00000130758",-0.206,-0.206,1,"4294"
4,"hsa-miR-136-5p","CUCCAUU",5,"MTMR4","9110","ENSG00000108389",-0.206,-0.206,1,"9110"
4,"hsa-miR-136-5p","CUCCAUU",5,"SLBP","7884","ENSG00000163950",-0.206,-0.206,1,"7884"
4,"hsa-miR-136-5p","CUCCAUU",5,"STYXL2","92235","ENSG00000198842",-0.206,-0.206,1,"92235"
4,"hsa-miR-136-5p","CUCCAUU",5,"ESYT3","83850","ENSG00000158220",-0.205,-0.205,1,"83850"
4,"hsa-miR-136-5p","CUCCAUU",5,"KLF10","7071","ENSG00000155090",-0.205,-0.205,1,"7071"
4,"hsa-miR-136-5p","CUCCAUU",5,"ORC2","4999","ENSG00000115942",-0.205,-0.205,1,"4999"
4,"hsa-miR-136-5p","CUCCAUU",5,"PABPC1","26986","ENSG00000070756",-0.205,-0.205,1,"26986"
4,"hsa-miR-136-5p","CUCCAUU",5,"POLH","5429","ENSG00000170734",-0.205,-0.205,1,"5429"
4,"hsa-miR-136-5p","CUCCAUU",5,"PTPN22","26191","ENSG00000134242",-0.205,-0.205,1,"26191"
4,"hsa-miR-136-5p","CUCCAUU",5,"ACER3","55331","ENSG00000078124",-0.204,-0.204,1,"55331"
4,"hsa-miR-136-5p","CUCCAUU",5,"COG5","10466","ENSG00000164597",-0.204,-0.204,1,"10466"
4,"hsa-miR-136-5p","CUCCAUU",5,"EIF4B","1975","ENSG00000063046",-0.204,-0.204,1,"1975"
4,"hsa-miR-136-5p","CUCCAUU",5,"SLC3A1","6519","ENSG00000138079",-0.204,-0.204,1,"6519"
4,"hsa-miR-136-5p","CUCCAUU",5,"STXBP4","252983","ENSG00000166263",-0.204,-0.204,1,"252983"
4,"hsa-miR-136-5p","CUCCAUU",5,"ZBTB5","9925","ENSG00000168795",-0.204,-0.204,1,"9925"
4,"hsa-miR-136-5p","CUCCAUU",5,"AGFG2","3268","ENSG00000106351",-0.203,-0.1985,2,"3268"
4,"hsa-miR-136-5p","CUCCAUU",5,"DCP2","167227","ENSG00000172795",-0.203,-0.203,1,"167227"
4,"hsa-miR-136-5p","CUCCAUU",5,"EFNB1","1947","ENSG00000090776",-0.203,-0.203,1,"1947"
4,"hsa-miR-136-5p","CUCCAUU",5,"FOXB1","27023","ENSG00000171956",-0.203,-0.203,1,"27023"
4,"hsa-miR-136-5p","CUCCAUU",5,"LHFPL6","10186","ENSG00000183722",-0.203,-0.203,1,"10186"
4,"hsa-miR-136-5p","CUCCAUU",5,"SPINK2","6691","ENSG00000128040",-0.203,-0.203,1,"6691"
4,"hsa-miR-136-5p","CUCCAUU",5,"KLF5","688","ENSG00000102554",-0.202,-0.202,1,"688"
4,"hsa-miR-136-5p","CUCCAUU",5,"METTL14","57721","ENSG00000145388",-0.202,-0.202,1,"57721"
4,"hsa-miR-136-5p","CUCCAUU",5,"MS4A12","54860","ENSG00000071203",-0.202,-0.202,1,"54860"
4,"hsa-miR-136-5p","CUCCAUU",5,"RP11-268J15.5",NA,"ENSG00000116883",-0.202,-0.202,1,NA
4,"hsa-miR-136-5p","CUCCAUU",5,"SAA1","6288","ENSG00000173432",-0.202,-0.202,1,"6288"
4,"hsa-miR-136-5p","CUCCAUU",5,"SH2D4A","63898","ENSG00000104611",-0.202,-0.202,1,"63898"
4,"hsa-miR-136-5p","CUCCAUU",5,"SORBS1","10580","ENSG00000095637",-0.202,-0.202,1,"10580"
4,"hsa-miR-136-5p","CUCCAUU",5,"TAS2R14","50840","ENSG00000212127",-0.202,-0.202,2,"50840"
4,"hsa-miR-136-5p","CUCCAUU",5,"TUBGCP3","10426","ENSG00000126216",-0.202,-0.202,1,"10426"
4,"hsa-miR-136-5p","CUCCAUU",5,"ZNF776","284309","ENSG00000152443",-0.202,-0.202,1,"284309"
4,"hsa-miR-136-5p","CUCCAUU",5,"ACADM","34","ENSG00000117054",-0.201,-0.201,1,"34"
4,"hsa-miR-136-5p","CUCCAUU",5,"ARFGEF2","10564","ENSG00000124198",-0.201,-0.201,1,"10564"
4,"hsa-miR-136-5p","CUCCAUU",5,"C22orf46P",NA,"ENSG00000184208",-0.201,-0.201,1,"79640"
4,"hsa-miR-136-5p","CUCCAUU",5,"LINC02869","440714","ENSG00000228208",-0.201,-0.201,1,"440714"
4,"hsa-miR-136-5p","CUCCAUU",5,"MRPS30","10884","ENSG00000112996",-0.201,-0.201,1,"10884"
4,"hsa-miR-136-5p","CUCCAUU",5,"PLA2G7","7941","ENSG00000146070",-0.201,-0.201,1,"7941"
4,"hsa-miR-136-5p","CUCCAUU",5,"RNF11","26994","ENSG00000123091",-0.201,-0.201,1,"26994"
4,"hsa-miR-136-5p","CUCCAUU",5,"WNT5A","7474","ENSG00000114251",-0.201,-0.201,1,"7474"
4,"hsa-miR-136-5p","CUCCAUU",5,"CDKN2B","1030","ENSG00000147883",-0.2,-0.2,1,"1030"
4,"hsa-miR-136-5p","CUCCAUU",5,"CYP2C8","1558","ENSG00000138115",-0.2,-0.2,1,"1558"
4,"hsa-miR-136-5p","CUCCAUU",5,"CYRIA","81553","ENSG00000197872",-0.2,-0.2,1,"81553"
4,"hsa-miR-136-5p","CUCCAUU",5,"FDX1","2230","ENSG00000137714",-0.2,-0.2,1,"2230"
4,"hsa-miR-136-5p","CUCCAUU",5,"GPAT3","84803","ENSG00000138678",-0.2,-0.2,1,"84803"
4,"hsa-miR-136-5p","CUCCAUU",5,"HIST1H2BO",NA,"ENSG00000196331",-0.2,-0.2,1,NA
4,"hsa-miR-136-5p","CUCCAUU",5,"PANX1","24145","ENSG00000110218",-0.2,-0.2,1,"24145"
4,"hsa-miR-136-5p","CUCCAUU",5,"TERB1","283847","ENSG00000249961",-0.2,-0.2,1,"283847"
4,"hsa-miR-136-5p","CUCCAUU",5,"CHRM2","1129","ENSG00000181072",-0.199,-0.1945,2,"1129"
4,"hsa-miR-136-5p","CUCCAUU",5,"GLRX2","51022","ENSG00000023572",-0.199,-0.199,1,"51022"
4,"hsa-miR-136-5p","CUCCAUU",5,"LRRC19","64922","ENSG00000184434",-0.199,-0.199,1,"64922"
4,"hsa-miR-136-5p","CUCCAUU",5,"PATZ1","23598","ENSG00000100105",-0.199,-0.199,1,"23598"
4,"hsa-miR-136-5p","CUCCAUU",5,"RARS2","57038","ENSG00000146282",-0.199,-0.199,1,"57038"
4,"hsa-miR-136-5p","CUCCAUU",5,"CMC2","56942","ENSG00000103121",-0.198,-0.198,1,"56942"
4,"hsa-miR-136-5p","CUCCAUU",5,"GABRA4","2557","ENSG00000109158",-0.198,-0.198,1,"2557"
4,"hsa-miR-136-5p","CUCCAUU",5,"IFT70A","92104","ENSG00000197557",-0.198,-0.198,1,"92104"
4,"hsa-miR-136-5p","CUCCAUU",5,"MKS1","54903","ENSG00000011143",-0.198,-0.198,1,"54903"
4,"hsa-miR-136-5p","CUCCAUU",5,"PAX6","5080","ENSG00000007372",-0.198,-0.198,1,"5080"
4,"hsa-miR-136-5p","CUCCAUU",5,"RPL27A","6157","ENSG00000166441",-0.198,-0.198,1,"6157"
4,"hsa-miR-136-5p","CUCCAUU",5,"SCEL","8796","ENSG00000136155",-0.198,-0.198,1,"8796"
4,"hsa-miR-136-5p","CUCCAUU",5,"SSTR3",NA,"ENSG00000183473",-0.198,-0.198,1,"6753"
4,"hsa-miR-136-5p","CUCCAUU",5,"TOMM6","100188893","ENSG00000214736",-0.198,-0.198,1,"100188893"
4,"hsa-miR-136-5p","CUCCAUU",5,"TSPAN3","10099","ENSG00000140391",-0.198,-0.198,1,"10099"
4,"hsa-miR-136-5p","CUCCAUU",5,"ABRA","137735","ENSG00000174429",-0.197,-0.197,1,"137735"
4,"hsa-miR-136-5p","CUCCAUU",5,"ASCC1","51008","ENSG00000138303",-0.197,-0.197,1,"51008"
4,"hsa-miR-136-5p","CUCCAUU",5,"EID3","493861","ENSG00000255150",-0.197,-0.197,1,"493861"
4,"hsa-miR-136-5p","CUCCAUU",5,"ETFA","2108","ENSG00000140374",-0.197,-0.197,1,"2108"
4,"hsa-miR-136-5p","CUCCAUU",5,"KLF17","128209","ENSG00000171872",-0.197,-0.197,1,"128209"
4,"hsa-miR-136-5p","CUCCAUU",5,"KLHL9","55958","ENSG00000198642",-0.197,-0.197,1,"55958"
4,"hsa-miR-136-5p","CUCCAUU",5,"PKIG","11142","ENSG00000168734",-0.197,-0.197,1,"11142"
4,"hsa-miR-136-5p","CUCCAUU",5,"TMEM232","642987","ENSG00000186952",-0.197,-0.197,1,"642987"
4,"hsa-miR-136-5p","CUCCAUU",5,"TMEM41A","90407","ENSG00000163900",-0.197,-0.197,1,"90407"
4,"hsa-miR-136-5p","CUCCAUU",5,"UBE2E3","10477","ENSG00000170035",-0.197,-0.197,1,"10477"
4,"hsa-miR-136-5p","CUCCAUU",5,"ANP32B","10541","ENSG00000136938",-0.196,-0.196,1,"10541"
4,"hsa-miR-136-5p","CUCCAUU",5,"CHIC2","26511","ENSG00000109220",-0.196,-0.196,1,"26511"
4,"hsa-miR-136-5p","CUCCAUU",5,"OSBPL3","26031","ENSG00000070882",-0.196,-0.196,1,"26031"
4,"hsa-miR-136-5p","CUCCAUU",5,"PILRA","29992","ENSG00000085514",-0.196,-0.196,1,"29992"
4,"hsa-miR-136-5p","CUCCAUU",5,"RABL2A","11159","ENSG00000144134",-0.196,-0.196,1,"11159"
4,"hsa-miR-136-5p","CUCCAUU",5,"SMARCC1","6599","ENSG00000173473",-0.196,-0.196,1,"6599"
4,"hsa-miR-136-5p","CUCCAUU",5,"TLL1","7092","ENSG00000038295",-0.196,-0.196,1,"7092"
4,"hsa-miR-136-5p","CUCCAUU",5,"TMEM144","55314","ENSG00000164124",-0.196,-0.196,1,"55314"
4,"hsa-miR-136-5p","CUCCAUU",5,"TMEM252","169693","ENSG00000181778",-0.196,-0.196,1,"169693"
4,"hsa-miR-136-5p","CUCCAUU",5,"UGT2B15","7366","ENSG00000196620",-0.196,-0.196,1,"7366"
4,"hsa-miR-136-5p","CUCCAUU",5,"ABCG2","9429","ENSG00000118777",-0.195,-0.195,1,"9429"
4,"hsa-miR-136-5p","CUCCAUU",5,"GPR156","165829","ENSG00000175697",-0.195,-0.195,1,"165829"
4,"hsa-miR-136-5p","CUCCAUU",5,"HIKESHI","51501","ENSG00000149196",-0.195,-0.195,1,"51501"
4,"hsa-miR-136-5p","CUCCAUU",5,"MFSD4B","91749","ENSG00000173214",-0.195,-0.195,1,"91749"
4,"hsa-miR-136-5p","CUCCAUU",5,"PAQR9","344838","ENSG00000188582",-0.195,-0.195,1,"344838"
4,"hsa-miR-136-5p","CUCCAUU",5,"PRDM7","11105","ENSG00000126856",-0.195,-0.195,1,"11105"
4,"hsa-miR-136-5p","CUCCAUU",5,"RABL2B","11158","ENSG00000079974",-0.195,-0.195,2,"11158"
4,"hsa-miR-136-5p","CUCCAUU",5,"SLC6A5","9152","ENSG00000165970",-0.195,-0.195,1,"9152"
4,"hsa-miR-136-5p","CUCCAUU",5,"UGT3A1","133688","ENSG00000145626",-0.195,-0.195,1,"133688"
4,"hsa-miR-136-5p","CUCCAUU",5,"VAMP7","6845","ENSG00000124333",-0.195,-0.195,1,"6845"
4,"hsa-miR-136-5p","CUCCAUU",5,"ZNF669","79862","ENSG00000188295",-0.195,-0.195,1,"79862"
4,"hsa-miR-136-5p","CUCCAUU",5,"CACYBP","27101","ENSG00000116161",-0.194,-0.194,1,"27101"
4,"hsa-miR-136-5p","CUCCAUU",5,"PGM3","5238","ENSG00000013375",-0.194,-0.194,1,"5238"
4,"hsa-miR-136-5p","CUCCAUU",5,"WDR41","55255","ENSG00000164253",-0.194,-0.194,1,"55255"
4,"hsa-miR-136-5p","CUCCAUU",5,"CD96","10225","ENSG00000153283",-0.193,-0.193,1,"10225"
4,"hsa-miR-136-5p","CUCCAUU",5,"FGFBP3","143282","ENSG00000174721",-0.193,-0.193,1,"143282"
4,"hsa-miR-136-5p","CUCCAUU",5,"MTMR8","55613","ENSG00000102043",-0.193,-0.193,1,"55613"
4,"hsa-miR-136-5p","CUCCAUU",5,"PRPSAP1","5635","ENSG00000161542",-0.193,-0.193,1,"5635"
4,"hsa-miR-136-5p","CUCCAUU",5,"TBCCD1","55171","ENSG00000113838",-0.193,-0.193,1,"55171"
4,"hsa-miR-136-5p","CUCCAUU",5,"AJUBA","84962","ENSG00000129474",-0.192,-0.192,1,"84962"
4,"hsa-miR-136-5p","CUCCAUU",5,"HHEX","3087","ENSG00000152804",-0.192,-0.192,1,"3087"
4,"hsa-miR-136-5p","CUCCAUU",5,"SDHA","6389","ENSG00000073578",-0.192,-0.192,1,"6389"
4,"hsa-miR-136-5p","CUCCAUU",5,"SPINK4","27290","ENSG00000122711",-0.192,-0.192,1,"27290"
4,"hsa-miR-136-5p","CUCCAUU",5,"SYDE1","85360","ENSG00000105137",-0.192,-0.192,1,"85360"
4,"hsa-miR-136-5p","CUCCAUU",5,"URGCP-MRPS24","100534592","ENSG00000270617",-0.192,-0.192,1,"100534592"
4,"hsa-miR-136-5p","CUCCAUU",5,"ESRRG","2104","ENSG00000196482",-0.191,-0.191,1,"2104"
4,"hsa-miR-136-5p","CUCCAUU",5,"GLS2","27165","ENSG00000135423",-0.191,-0.191,1,"27165"
4,"hsa-miR-136-5p","CUCCAUU",5,"HS2ST1","9653","ENSG00000153936",-0.191,-0.191,1,"9653"
4,"hsa-miR-136-5p","CUCCAUU",5,"PPTC7","160760","ENSG00000196850",-0.191,-0.191,1,"160760"
4,"hsa-miR-136-5p","CUCCAUU",5,"PTGES3","10728","ENSG00000110958",-0.191,-0.191,1,"10728"
4,"hsa-miR-136-5p","CUCCAUU",5,"SYT1","6857","ENSG00000067715",-0.191,-0.191,1,"6857"
4,"hsa-miR-136-5p","CUCCAUU",5,"TCF7","6932","ENSG00000081059",-0.191,-0.191,1,"6932"
4,"hsa-miR-136-5p","CUCCAUU",5,"TGFB1","7040","ENSG00000105329",-0.191,-0.191,1,"7040"
4,"hsa-miR-136-5p","CUCCAUU",5,"TMEM51","55092","ENSG00000171729",-0.191,-0.191,1,"55092"
4,"hsa-miR-136-5p","CUCCAUU",5,"TNFSF18","8995","ENSG00000120337",-0.191,-0.191,1,"8995"
4,"hsa-miR-136-5p","CUCCAUU",5,"ZSCAN16","80345","ENSG00000196812",-0.191,-0.191,1,"80345"
4,"hsa-miR-136-5p","CUCCAUU",5,"CHKA","1119","ENSG00000110721",-0.19,-0.19,1,"1119"
4,"hsa-miR-136-5p","CUCCAUU",5,"DEK","7913","ENSG00000124795",-0.19,-0.19,1,"7913"
4,"hsa-miR-136-5p","CUCCAUU",5,"GTPBP4","23560","ENSG00000107937",-0.19,-0.19,1,"23560"
4,"hsa-miR-136-5p","CUCCAUU",5,"LMAN1","3998","ENSG00000074695",-0.19,-0.19,1,"3998"
4,"hsa-miR-136-5p","CUCCAUU",5,"MUC19","283463","ENSG00000205592",-0.19,-0.19,1,"283463"
4,"hsa-miR-136-5p","CUCCAUU",5,"YIPF4","84272","ENSG00000119820",-0.19,-0.19,1,"84272"
4,"hsa-miR-136-5p","CUCCAUU",5,"FAM120C","54954","ENSG00000184083",-0.189,-0.189,1,"54954"
4,"hsa-miR-136-5p","CUCCAUU",5,"HSPA13","6782","ENSG00000155304",-0.189,-0.189,1,"6782"
4,"hsa-miR-136-5p","CUCCAUU",5,"JAG2","3714","ENSG00000184916",-0.189,-0.189,1,"3714"
4,"hsa-miR-136-5p","CUCCAUU",5,"PBX3","5090","ENSG00000167081",-0.189,-0.189,1,"5090"
4,"hsa-miR-136-5p","CUCCAUU",5,"SSBP1","6742","ENSG00000106028",-0.189,-0.189,1,"6742"
4,"hsa-miR-136-5p","CUCCAUU",5,"SYAP1","94056","ENSG00000169895",-0.189,-0.189,1,"94056"
4,"hsa-miR-136-5p","CUCCAUU",5,"THEM4","117145","ENSG00000159445",-0.189,-0.189,1,"117145"
4,"hsa-miR-136-5p","CUCCAUU",5,"ZNF581","51545","ENSG00000171425",-0.189,-0.189,1,"51545"
4,"hsa-miR-136-5p","CUCCAUU",5,"ADGRA3","166647","ENSG00000152990",-0.188,-0.188,1,"166647"
4,"hsa-miR-136-5p","CUCCAUU",5,"BRD7","29117","ENSG00000166164",-0.188,-0.188,1,"29117"
4,"hsa-miR-136-5p","CUCCAUU",5,"CDRT4","284040","ENSG00000239704",-0.188,-0.188,1,"284040"
4,"hsa-miR-136-5p","CUCCAUU",5,"CKAP2","26586","ENSG00000136108",-0.188,-0.188,1,"26586"
4,"hsa-miR-136-5p","CUCCAUU",5,"EOGT","285203","ENSG00000163378",-0.188,-0.188,1,"285203"
4,"hsa-miR-136-5p","CUCCAUU",5,"INO80","54617","ENSG00000128908",-0.188,-0.188,1,"54617"
4,"hsa-miR-136-5p","CUCCAUU",5,"PSME3","10197","ENSG00000131467",-0.188,-0.188,1,"10197"
4,"hsa-miR-136-5p","CUCCAUU",5,"RNF170","81790","ENSG00000120925",-0.188,-0.188,1,"81790"
4,"hsa-miR-136-5p","CUCCAUU",5,"WDR20","91833","ENSG00000140153",-0.188,-0.188,1,"91833"
4,"hsa-miR-136-5p","CUCCAUU",5,"WDR43","23160","ENSG00000163811",-0.188,-0.188,1,"23160"
4,"hsa-miR-136-5p","CUCCAUU",5,"FAM240C","285095","ENSG00000216921",-0.187,-0.187,1,"285095"
4,"hsa-miR-136-5p","CUCCAUU",5,"L3MBTL4","91133","ENSG00000154655",-0.187,-0.187,1,"91133"
4,"hsa-miR-136-5p","CUCCAUU",5,"PELO","53918","ENSG00000152684",-0.187,-0.187,1,"53918"
4,"hsa-miR-136-5p","CUCCAUU",5,"SGK2","10110","ENSG00000101049",-0.187,-0.187,1,"10110"
4,"hsa-miR-136-5p","CUCCAUU",5,"SLC8A3","6547","ENSG00000100678",-0.187,-0.187,1,"6547"
4,"hsa-miR-136-5p","CUCCAUU",5,"SMIM6","100130933","ENSG00000259120",-0.187,-0.187,1,"100130933"
4,"hsa-miR-136-5p","CUCCAUU",5,"DPY19L1","23333","ENSG00000173852",-0.186,-0.186,1,"23333"
4,"hsa-miR-136-5p","CUCCAUU",5,"ENDOU","8909","ENSG00000111405",-0.186,-0.186,1,"8909"
4,"hsa-miR-136-5p","CUCCAUU",5,"ENPP5","59084","ENSG00000112796",-0.186,-0.186,1,"59084"
4,"hsa-miR-136-5p","CUCCAUU",5,"F3","2152","ENSG00000117525",-0.186,-0.186,1,"2152"
4,"hsa-miR-136-5p","CUCCAUU",5,"GRK4","2868","ENSG00000125388",-0.186,-0.186,1,"2868"
4,"hsa-miR-136-5p","CUCCAUU",5,"HSPA2","3306","ENSG00000126803",-0.186,-0.186,1,"3306"
4,"hsa-miR-136-5p","CUCCAUU",5,"KLHL8","57563","ENSG00000145332",-0.186,-0.186,1,"57563"
4,"hsa-miR-136-5p","CUCCAUU",5,"SDHAF4","135154","ENSG00000154079",-0.186,-0.186,1,"135154"
4,"hsa-miR-136-5p","CUCCAUU",5,"ACADSB","36","ENSG00000196177",-0.185,-0.182,2,"36"
4,"hsa-miR-136-5p","CUCCAUU",5,"CUL4A","8451","ENSG00000139842",-0.185,-0.185,1,"8451"
4,"hsa-miR-136-5p","CUCCAUU",5,"MMP21","118856","ENSG00000154485",-0.185,-0.185,1,"118856"
4,"hsa-miR-136-5p","CUCCAUU",5,"PPBP","5473","ENSG00000163736",-0.185,-0.185,1,"5473"
4,"hsa-miR-136-5p","CUCCAUU",5,"STXBP3","6814","ENSG00000116266",-0.185,-0.185,1,"6814"
4,"hsa-miR-136-5p","CUCCAUU",5,"TRPV3","162514","ENSG00000167723",-0.185,-0.185,1,"162514"
4,"hsa-miR-136-5p","CUCCAUU",5,"CCDC186","55088","ENSG00000165813",-0.184,-0.184,1,"55088"
4,"hsa-miR-136-5p","CUCCAUU",5,"CCN1","3491","ENSG00000142871",-0.184,-0.184,1,"3491"
4,"hsa-miR-136-5p","CUCCAUU",5,"CFAP68","64776","ENSG00000137720",-0.184,-0.184,1,"64776"
4,"hsa-miR-136-5p","CUCCAUU",5,"DNAJC14","85406","ENSG00000135392",-0.184,-0.184,1,"85406"
4,"hsa-miR-136-5p","CUCCAUU",5,"EPG5","57724","ENSG00000152223",-0.184,-0.184,1,"57724"
4,"hsa-miR-136-5p","CUCCAUU",5,"FAM120B","84498","ENSG00000112584",-0.184,-0.184,1,"84498"
4,"hsa-miR-136-5p","CUCCAUU",5,"GALNT14","79623","ENSG00000158089",-0.184,-0.184,1,"79623"
4,"hsa-miR-136-5p","CUCCAUU",5,"GARIN1B","84691","ENSG00000135248",-0.184,-0.184,1,"84691"
4,"hsa-miR-136-5p","CUCCAUU",5,"HYCC1","84668","ENSG00000122591",-0.184,-0.184,1,"84668"
4,"hsa-miR-136-5p","CUCCAUU",5,"PDS5B","23047","ENSG00000083642",-0.184,-0.184,1,"23047"
4,"hsa-miR-136-5p","CUCCAUU",5,"POMGNT1","55624","ENSG00000085998",-0.184,-0.184,1,"55624"
4,"hsa-miR-136-5p","CUCCAUU",5,"PTPN13","5783","ENSG00000163629",-0.184,-0.184,1,"5783"
4,"hsa-miR-136-5p","CUCCAUU",5,"TRAPPC3L","100128327","ENSG00000173626",-0.184,-0.184,1,"100128327"
4,"hsa-miR-136-5p","CUCCAUU",5,"ZNF620","253639","ENSG00000177842",-0.184,-0.184,1,"253639"
4,"hsa-miR-136-5p","CUCCAUU",5,"ALG6","29929","ENSG00000088035",-0.183,-0.183,1,"29929"
4,"hsa-miR-136-5p","CUCCAUU",5,"APH1A","51107","ENSG00000117362",-0.183,-0.183,1,"51107"
4,"hsa-miR-136-5p","CUCCAUU",5,"BECN1","8678","ENSG00000126581",-0.183,-0.183,1,"8678"
4,"hsa-miR-136-5p","CUCCAUU",5,"FOXC1","2296","ENSG00000054598",-0.183,-0.183,1,"2296"
4,"hsa-miR-136-5p","CUCCAUU",5,"GALNTL6","442117","ENSG00000174473",-0.183,-0.183,1,"442117"
4,"hsa-miR-136-5p","CUCCAUU",5,"MUC22","100507679","ENSG00000261272",-0.183,-0.183,1,"100507679"
4,"hsa-miR-136-5p","CUCCAUU",5,"NUP50","10762","ENSG00000093000",-0.183,-0.183,1,"10762"
4,"hsa-miR-136-5p","CUCCAUU",5,"POTEG","404785","ENSG00000187537",-0.183,-0.183,1,"404785"
4,"hsa-miR-136-5p","CUCCAUU",5,"POTEM","641455","ENSG00000222036",-0.183,-0.183,1,"641455"
4,"hsa-miR-136-5p","CUCCAUU",5,"SELENOS","55829","ENSG00000131871",-0.183,-0.183,1,"55829"
4,"hsa-miR-136-5p","CUCCAUU",5,"WARS2","10352","ENSG00000116874",-0.183,-0.183,1,"10352"
4,"hsa-miR-136-5p","CUCCAUU",5,"ZCCHC24","219654","ENSG00000165424",-0.183,-0.183,1,"219654"
4,"hsa-miR-136-5p","CUCCAUU",5,"ZNF527","84503","ENSG00000189164",-0.183,-0.183,1,"84503"
4,"hsa-miR-136-5p","CUCCAUU",5,"ZNF557","79230","ENSG00000130544",-0.183,-0.183,1,"79230"
4,"hsa-miR-136-5p","CUCCAUU",5,"ZNF621","285268","ENSG00000172888",-0.183,-0.183,1,"285268"
4,"hsa-miR-136-5p","CUCCAUU",5,"DDR2","4921","ENSG00000162733",-0.182,-0.182,1,"4921"
4,"hsa-miR-136-5p","CUCCAUU",5,"LIN7A","8825","ENSG00000111052",-0.182,-0.182,1,"8825"
4,"hsa-miR-136-5p","CUCCAUU",5,"NEGR1","257194","ENSG00000172260",-0.182,-0.182,1,"257194"
4,"hsa-miR-136-5p","CUCCAUU",5,"OSBPL6","114880","ENSG00000079156",-0.182,-0.182,1,"114880"
4,"hsa-miR-136-5p","CUCCAUU",5,"ZNF75A","7627","ENSG00000162086",-0.182,-0.182,1,"7627"
4,"hsa-miR-136-5p","CUCCAUU",5,"AANAT","15","ENSG00000129673",-0.181,-0.181,1,"15"
4,"hsa-miR-136-5p","CUCCAUU",5,"AC016559.1",NA,"ENSG00000268012",-0.181,-0.181,1,NA
4,"hsa-miR-136-5p","CUCCAUU",5,"ADRA2A","150","ENSG00000150594",-0.181,-0.181,1,"150"
4,"hsa-miR-136-5p","CUCCAUU",5,"AP4E1","23431","ENSG00000081014",-0.181,-0.181,1,"23431"
4,"hsa-miR-136-5p","CUCCAUU",5,"AZIN1","51582","ENSG00000155096",-0.181,-0.18,2,"51582"
4,"hsa-miR-136-5p","CUCCAUU",5,"GRSF1","2926","ENSG00000132463",-0.181,-0.181,1,"2926"
4,"hsa-miR-136-5p","CUCCAUU",5,"H2AX","3014","ENSG00000188486",-0.181,-0.181,1,"3014"
4,"hsa-miR-136-5p","CUCCAUU",5,"HCFC2","29915","ENSG00000111727",-0.181,-0.181,1,"29915"
4,"hsa-miR-136-5p","CUCCAUU",5,"MCOLN3","55283","ENSG00000055732",-0.181,-0.181,1,"55283"
4,"hsa-miR-136-5p","CUCCAUU",5,"MIR4280HG","117751736","ENSG00000233828",-0.181,-0.181,1,"117751736"
4,"hsa-miR-136-5p","CUCCAUU",5,"NDUFA10","4705","ENSG00000130414",-0.181,-0.181,1,"4705"
4,"hsa-miR-136-5p","CUCCAUU",5,"PLEKHG7","440107","ENSG00000187510",-0.181,-0.181,1,"440107"
4,"hsa-miR-136-5p","CUCCAUU",5,"TRIM49D1","399939","ENSG00000223417",-0.181,-0.181,1,"399939"
4,"hsa-miR-136-5p","CUCCAUU",5,"CINP","51550","ENSG00000100865",-0.18,-0.18,1,"51550"
4,"hsa-miR-136-5p","CUCCAUU",5,"FNIP1","96459","ENSG00000217128",-0.18,-0.18,1,"96459"
4,"hsa-miR-136-5p","CUCCAUU",5,"GTF3C4","9329","ENSG00000125484",-0.18,-0.18,1,"9329"
4,"hsa-miR-136-5p","CUCCAUU",5,"KLRC1","3821","ENSG00000134545",-0.18,-0.18,1,"3821"
4,"hsa-miR-136-5p","CUCCAUU",5,"KRT222","125113","ENSG00000213424",-0.18,-0.18,1,"125113"
4,"hsa-miR-136-5p","CUCCAUU",5,"RPL10A","4736","ENSG00000198755",-0.18,-0.18,1,"4736"
4,"hsa-miR-136-5p","CUCCAUU",5,"BLMH","642","ENSG00000108578",-0.179,-0.179,1,"642"
4,"hsa-miR-136-5p","CUCCAUU",5,"C1orf186",NA,"ENSG00000196533",-0.179,-0.179,1,NA
4,"hsa-miR-136-5p","CUCCAUU",5,"CCER1","196477","ENSG00000197651",-0.179,-0.179,1,"196477"
4,"hsa-miR-136-5p","CUCCAUU",5,"GINS1","9837","ENSG00000101003",-0.179,-0.179,1,"9837"
4,"hsa-miR-136-5p","CUCCAUU",5,"NGRN","51335","ENSG00000182768",-0.179,-0.179,1,"51335"
4,"hsa-miR-136-5p","CUCCAUU",5,"OIP5","11339","ENSG00000104147",-0.179,-0.179,1,"11339"
4,"hsa-miR-136-5p","CUCCAUU",5,"SFTA3","253970","ENSG00000229415",-0.179,-0.179,1,"253970"
4,"hsa-miR-136-5p","CUCCAUU",5,"TRAIP","10293","ENSG00000183763",-0.179,-0.179,1,"10293"
4,"hsa-miR-136-5p","CUCCAUU",5,"TRIM48","79097","ENSG00000150244",-0.179,-0.179,1,"79097"
4,"hsa-miR-136-5p","CUCCAUU",5,"ACTC1","70","ENSG00000159251",-0.178,-0.178,1,"70"
4,"hsa-miR-136-5p","CUCCAUU",5,"DENND10","404636","ENSG00000119979",-0.178,-0.178,1,"404636"
4,"hsa-miR-136-5p","CUCCAUU",5,"FCRL6","343413","ENSG00000181036",-0.178,-0.178,1,"343413"
4,"hsa-miR-136-5p","CUCCAUU",5,"ITGAV","3685","ENSG00000138448",-0.178,-0.178,1,"3685"
4,"hsa-miR-136-5p","CUCCAUU",5,"KLRC2","3822","ENSG00000205809",-0.178,-0.178,1,"3822"
4,"hsa-miR-136-5p","CUCCAUU",5,"PANK1","53354","ENSG00000152782",-0.178,-0.178,1,"53354"
4,"hsa-miR-136-5p","CUCCAUU",5,"PRMT6","55170","ENSG00000198890",-0.178,-0.178,1,"55170"
4,"hsa-miR-136-5p","CUCCAUU",5,"RNF122","79845","ENSG00000133874",-0.178,-0.178,1,"79845"
4,"hsa-miR-136-5p","CUCCAUU",5,"SLC11A1","6556","ENSG00000018280",-0.178,-0.178,1,"6556"
4,"hsa-miR-136-5p","CUCCAUU",5,"TRMT11","60487","ENSG00000066651",-0.178,-0.178,1,"60487"
4,"hsa-miR-136-5p","CUCCAUU",5,"WIPI1","55062","ENSG00000070540",-0.178,-0.178,1,"55062"
5,"hsa-miR-3143","UAACAUU",5,"UBE2Q2P13",NA,"ENSG00000259658",-0.739,-0.739,1,"100128108"
5,"hsa-miR-3143","UAACAUU",5,"TMEM244","253582","ENSG00000203756",-0.682,-0.682,1,"253582"
5,"hsa-miR-3143","UAACAUU",5,"AF165138.7","388813","ENSG00000243440",-0.653,-0.653,1,NA
5,"hsa-miR-3143","UAACAUU",5,"MED30","90390","ENSG00000164758",-0.629,-0.629,1,"90390"
5,"hsa-miR-3143","UAACAUU",5,"LINC01620","140834","ENSG00000168746",-0.614,-0.614,2,"140834"
5,"hsa-miR-3143","UAACAUU",5,"PPDPFL","492307","ENSG00000168333",-0.604,-0.604,1,"492307"
5,"hsa-miR-3143","UAACAUU",5,"MND1","84057","ENSG00000121211",-0.595,-0.595,1,"84057"
5,"hsa-miR-3143","UAACAUU",5,"SMIM30","401397","ENSG00000214194",-0.551,-0.551,1,"401397"
5,"hsa-miR-3143","UAACAUU",5,"UBBP4",NA,"ENSG00000263563",-0.536,-0.536,1,"23666"
5,"hsa-miR-3143","UAACAUU",5,"MRPS18C","51023","ENSG00000163319",-0.533,-0.533,1,"51023"
5,"hsa-miR-3143","UAACAUU",5,"OCLM","10896","ENSG00000262180",-0.526,-0.526,1,NA
5,"hsa-miR-3143","UAACAUU",5,"LOC100192379","100192379","ENSG00000226757",-0.521,-0.521,1,NA
5,"hsa-miR-3143","UAACAUU",5,"NSMCE2","286053","ENSG00000156831",-0.506,-0.506,1,"286053"
5,"hsa-miR-3143","UAACAUU",5,"DNAJC15","29103","ENSG00000120675",-0.503,-0.503,1,"29103"
5,"hsa-miR-3143","UAACAUU",5,"CCL2","6347","ENSG00000108691",-0.501,-0.501,1,"6347"
5,"hsa-miR-3143","UAACAUU",5,"MRPS22","56945","ENSG00000175110",-0.501,-0.501,1,"56945"
5,"hsa-miR-3143","UAACAUU",5,"GLIPR1L1","256710","ENSG00000173401",-0.497,-0.497,1,"256710"
5,"hsa-miR-3143","UAACAUU",5,"ECHDC1","55862","ENSG00000093144",-0.484,-0.484,1,"55862"
5,"hsa-miR-3143","UAACAUU",5,"TCP1","6950","ENSG00000120438",-0.477,-0.477,1,"6950"
5,"hsa-miR-3143","UAACAUU",5,"IMMP2L","83943","ENSG00000184903",-0.459,-0.459,1,"83943"
5,"hsa-miR-3143","UAACAUU",5,"SEM1","7979","ENSG00000127922",-0.453,-0.453,1,"7979"
5,"hsa-miR-3143","UAACAUU",5,"RWDD3","25950","ENSG00000122481",-0.445,-0.445,1,"25950"
5,"hsa-miR-3143","UAACAUU",5,"SLC35A1","10559","ENSG00000164414",-0.445,-0.445,1,"10559"
5,"hsa-miR-3143","UAACAUU",5,"CTHRC1","115908","ENSG00000164932",-0.444,-0.444,1,"115908"
5,"hsa-miR-3143","UAACAUU",5,"BLOC1S4","55330","ENSG00000186222",-0.443,-0.443,1,"55330"
5,"hsa-miR-3143","UAACAUU",5,"SAMM50","25813","ENSG00000100347",-0.44,-0.44,1,"25813"
5,"hsa-miR-3143","UAACAUU",5,"HSPA1B","3304","ENSG00000204388",-0.437,-0.437,1,"3304"
5,"hsa-miR-3143","UAACAUU",5,"TEX12","56158","ENSG00000150783",-0.437,-0.437,1,"56158"
5,"hsa-miR-3143","UAACAUU",5,"AC027763.2",NA,"ENSG00000215067",-0.435,-0.435,1,NA
5,"hsa-miR-3143","UAACAUU",5,"CATSPERB","79820","ENSG00000133962",-0.434,-0.434,1,"79820"
5,"hsa-miR-3143","UAACAUU",5,"CENPU","79682","ENSG00000151725",-0.433,-0.433,1,"79682"
5,"hsa-miR-3143","UAACAUU",5,"INPP1","3628","ENSG00000151689",-0.432,-0.432,1,"3628"
5,"hsa-miR-3143","UAACAUU",5,"RNF212B","100507650","ENSG00000215277",-0.432,-0.432,1,"100507650"
5,"hsa-miR-3143","UAACAUU",5,"NDUFB5","4711","ENSG00000136521",-0.427,-0.4165,2,"4711"
5,"hsa-miR-3143","UAACAUU",5,"GNGT1","2792","ENSG00000127928",-0.425,-0.425,1,"2792"
5,"hsa-miR-3143","UAACAUU",5,"NSUN6","221078","ENSG00000241058",-0.414,-0.414,1,"221078"
5,"hsa-miR-3143","UAACAUU",5,"LRR1","122769","ENSG00000165501",-0.411,-0.411,1,"122769"
5,"hsa-miR-3143","UAACAUU",5,"DEPDC4","120863","ENSG00000166153",-0.41,-0.41,1,"120863"
5,"hsa-miR-3143","UAACAUU",5,"IL2","3558","ENSG00000109471",-0.406,-0.406,1,"3558"
5,"hsa-miR-3143","UAACAUU",5,"RPS19","6223","ENSG00000105372",-0.404,-0.404,1,"6223"
5,"hsa-miR-3143","UAACAUU",5,"GABARAP","11337","ENSG00000170296",-0.403,-0.403,1,"11337"
5,"hsa-miR-3143","UAACAUU",5,"POT1","25913","ENSG00000128513",-0.402,-0.402,1,"25913"
5,"hsa-miR-3143","UAACAUU",5,"SRSF5","6430","ENSG00000100650",-0.402,-0.402,1,"6430"
5,"hsa-miR-3143","UAACAUU",5,"B2M","567","ENSG00000166710",-0.4,-0.4,1,"567"
5,"hsa-miR-3143","UAACAUU",5,"DYNLRB1","83658","ENSG00000125971",-0.4,-0.4,1,"83658"
5,"hsa-miR-3143","UAACAUU",5,"MED10","84246","ENSG00000133398",-0.397,-0.397,1,"84246"
5,"hsa-miR-3143","UAACAUU",5,"TMEM243","79161","ENSG00000135185",-0.397,-0.397,1,"79161"
5,"hsa-miR-3143","UAACAUU",5,"GMFB","2764","ENSG00000197045",-0.395,-0.395,1,"2764"
5,"hsa-miR-3143","UAACAUU",5,"ARL9","132946","ENSG00000196503",-0.394,-0.394,1,"132946"
5,"hsa-miR-3143","UAACAUU",5,"PRR15","222171","ENSG00000176532",-0.39,-0.39,1,"222171"
5,"hsa-miR-3143","UAACAUU",5,"PRSS57","400668","ENSG00000185198",-0.39,-0.39,1,"400668"
5,"hsa-miR-3143","UAACAUU",5,"SMIM17","147670","ENSG00000268182",-0.39,-0.39,1,"147670"
5,"hsa-miR-3143","UAACAUU",5,"ARL14","80117","ENSG00000179674",-0.387,-0.387,1,"80117"
5,"hsa-miR-3143","UAACAUU",5,"PJVK","494513","ENSG00000204311",-0.383,-0.383,1,"494513"
5,"hsa-miR-3143","UAACAUU",5,"PACRGL","133015","ENSG00000163138",-0.382,-0.382,1,"133015"
5,"hsa-miR-3143","UAACAUU",5,"SFR1","119392","ENSG00000156384",-0.382,-0.382,1,"119392"
5,"hsa-miR-3143","UAACAUU",5,"PPIL4","85313","ENSG00000131013",-0.38,-0.38,1,"85313"
5,"hsa-miR-3143","UAACAUU",5,"CXCL2","2920","ENSG00000081041",-0.379,-0.379,1,"2920"
5,"hsa-miR-3143","UAACAUU",5,"PDSS1","23590","ENSG00000148459",-0.379,-0.379,1,"23590"
5,"hsa-miR-3143","UAACAUU",5,"C5orf15","56951","ENSG00000113583",-0.378,-0.378,1,"56951"
5,"hsa-miR-3143","UAACAUU",5,"KDM4D","55693","ENSG00000186280",-0.375,-0.375,1,"55693"
5,"hsa-miR-3143","UAACAUU",5,"MACROH2A1","9555","ENSG00000113648",-0.373,-0.373,1,"9555"
5,"hsa-miR-3143","UAACAUU",5,"AL136115.1",NA,"ENSG00000212673",-0.372,-0.372,1,NA
5,"hsa-miR-3143","UAACAUU",5,"KDELR3","11015","ENSG00000100196",-0.372,-0.372,1,"11015"
5,"hsa-miR-3143","UAACAUU",5,"ITLN1","55600","ENSG00000179914",-0.371,-0.371,1,"55600"
5,"hsa-miR-3143","UAACAUU",5,"SCAF11","9169","ENSG00000139218",-0.369,-0.369,1,"9169"
5,"hsa-miR-3143","UAACAUU",5,"DMC1","11144","ENSG00000100206",-0.368,-0.368,1,"11144"
5,"hsa-miR-3143","UAACAUU",5,"DLX3","1747","ENSG00000064195",-0.367,-0.367,1,"1747"
5,"hsa-miR-3143","UAACAUU",5,"GLT6D1","360203","ENSG00000204007",-0.366,-0.366,1,"360203"
5,"hsa-miR-3143","UAACAUU",5,"BAD","572","ENSG00000002330",-0.365,-0.365,1,"572"
5,"hsa-miR-3143","UAACAUU",5,"KCNN4","3783","ENSG00000104783",-0.365,-0.365,1,"3783"
5,"hsa-miR-3143","UAACAUU",5,"GTPBP8","29083","ENSG00000163607",-0.364,-0.274,2,"29083"
5,"hsa-miR-3143","UAACAUU",5,"MROH8","140699","ENSG00000101353",-0.363,-0.363,1,"140699"
5,"hsa-miR-3143","UAACAUU",5,"POU2AF2","341032","ENSG00000150750",-0.362,-0.362,1,"341032"
5,"hsa-miR-3143","UAACAUU",5,"C7orf57","136288","ENSG00000164746",-0.361,-0.361,1,"136288"
5,"hsa-miR-3143","UAACAUU",5,"COX7B","1349","ENSG00000131174",-0.361,-0.303,2,"1349"
5,"hsa-miR-3143","UAACAUU",5,"ERCC3","2071","ENSG00000163161",-0.358,-0.358,1,"2071"
5,"hsa-miR-3143","UAACAUU",5,"BID","637","ENSG00000015475",-0.357,-0.357,1,"637"
5,"hsa-miR-3143","UAACAUU",5,"MRPS35","60488","ENSG00000061794",-0.356,-0.356,1,"60488"
5,"hsa-miR-3143","UAACAUU",5,"NCAPG2","54892","ENSG00000146918",-0.356,-0.356,1,"54892"
5,"hsa-miR-3143","UAACAUU",5,"GCK","2645","ENSG00000106633",-0.354,-0.354,1,"2645"
5,"hsa-miR-3143","UAACAUU",5,"SAMSN1","64092","ENSG00000155307",-0.353,-0.353,1,"64092"
5,"hsa-miR-3143","UAACAUU",5,"COX7A2L","9167","ENSG00000115944",-0.352,-0.302,2,"9167"
5,"hsa-miR-3143","UAACAUU",5,"RBM46","166863","ENSG00000151962",-0.352,-0.352,1,"166863"
5,"hsa-miR-3143","UAACAUU",5,"RAB5A","5868","ENSG00000144566",-0.351,-0.351,1,"5868"
5,"hsa-miR-3143","UAACAUU",5,"RBM39","9584","ENSG00000131051",-0.348,-0.348,1,"9584"
5,"hsa-miR-3143","UAACAUU",5,"CTA-299D3.8",NA,"ENSG00000219016",-0.347,-0.347,1,NA
5,"hsa-miR-3143","UAACAUU",5,"AMN1","196394","ENSG00000151743",-0.345,-0.345,1,"196394"
5,"hsa-miR-3143","UAACAUU",5,"CAMLG","819","ENSG00000164615",-0.344,-0.344,1,"819"
5,"hsa-miR-3143","UAACAUU",5,"EIF1AY","9086","ENSG00000198692",-0.344,-0.344,1,"9086"
5,"hsa-miR-3143","UAACAUU",5,"MLF1","4291","ENSG00000178053",-0.343,-0.343,1,"4291"
5,"hsa-miR-3143","UAACAUU",5,"PRSS22","64063","ENSG00000005001",-0.343,-0.343,1,"64063"
5,"hsa-miR-3143","UAACAUU",5,"SMIM8","57150","ENSG00000111850",-0.343,-0.2745,4,"57150"
5,"hsa-miR-3143","UAACAUU",5,"PEX2","5828","ENSG00000164751",-0.342,-0.342,1,"5828"
5,"hsa-miR-3143","UAACAUU",5,"OSM","5008","ENSG00000099985",-0.34,-0.34,1,"5008"
5,"hsa-miR-3143","UAACAUU",5,"TMEM97","27346","ENSG00000109084",-0.339,-0.339,1,"27346"
5,"hsa-miR-3143","UAACAUU",5,"GFOD2","81577","ENSG00000141098",-0.336,-0.336,1,"81577"
5,"hsa-miR-3143","UAACAUU",5,"CCDC126","90693","ENSG00000169193",-0.334,-0.334,1,"90693"
5,"hsa-miR-3143","UAACAUU",5,"FAM98B","283742","ENSG00000171262",-0.332,-0.332,1,"283742"
5,"hsa-miR-3143","UAACAUU",5,"ADSS2","159","ENSG00000035687",-0.331,-0.331,1,"159"
5,"hsa-miR-3143","UAACAUU",5,"ZNF195","7748","ENSG00000005801",-0.331,-0.331,1,"7748"
5,"hsa-miR-3143","UAACAUU",5,"ASF1A","25842","ENSG00000111875",-0.33,-0.33,1,"25842"
5,"hsa-miR-3143","UAACAUU",5,"CCDC122","160857","ENSG00000151773",-0.33,-0.33,1,"160857"
5,"hsa-miR-3143","UAACAUU",5,"COQ6","51004","ENSG00000119723",-0.33,-0.33,1,"51004"
5,"hsa-miR-3143","UAACAUU",5,"DERA","51071","ENSG00000023697",-0.33,-0.33,1,"51071"
5,"hsa-miR-3143","UAACAUU",5,"UBB","7314","ENSG00000170315",-0.326,-0.326,1,"7314"
5,"hsa-miR-3143","UAACAUU",5,"CCDC39","339829","ENSG00000145075",-0.325,-0.325,1,"339829"
5,"hsa-miR-3143","UAACAUU",5,"FOXD4","2298","ENSG00000170122",-0.325,-0.325,1,"2298"
5,"hsa-miR-3143","UAACAUU",5,"RRS1","23212","ENSG00000179041",-0.325,-0.325,1,"23212"
5,"hsa-miR-3143","UAACAUU",5,"OSGEPL1","64172","ENSG00000128694",-0.324,-0.324,1,"64172"
5,"hsa-miR-3143","UAACAUU",5,"ATP6V0D2","245972","ENSG00000147614",-0.323,-0.323,1,"245972"
5,"hsa-miR-3143","UAACAUU",5,"BCL2L10","10017","ENSG00000137875",-0.323,-0.323,1,"10017"
5,"hsa-miR-3143","UAACAUU",5,"GCG","2641","ENSG00000115263",-0.323,-0.323,1,"2641"
5,"hsa-miR-3143","UAACAUU",5,"TNFSF11","8600","ENSG00000120659",-0.322,-0.2575,2,"8600"
5,"hsa-miR-3143","UAACAUU",5,"ILF2","3608","ENSG00000143621",-0.321,-0.321,1,"3608"
5,"hsa-miR-3143","UAACAUU",5,"LZTFL1","54585","ENSG00000163818",-0.321,-0.321,1,"54585"
5,"hsa-miR-3143","UAACAUU",5,"ATP6V1B2","526","ENSG00000147416",-0.32,-0.32,1,"526"
5,"hsa-miR-3143","UAACAUU",5,"CFAP206","154313","ENSG00000272514",-0.32,-0.2975,2,"154313"
5,"hsa-miR-3143","UAACAUU",5,"KLRD1","3824","ENSG00000134539",-0.319,-0.319,1,"3824"
5,"hsa-miR-3143","UAACAUU",5,"STK17A","9263","ENSG00000164543",-0.318,-0.318,1,"9263"
5,"hsa-miR-3143","UAACAUU",5,"CMKLR2","2825","ENSG00000183671",-0.317,-0.317,1,"2825"
5,"hsa-miR-3143","UAACAUU",5,"MRPS16","51021","ENSG00000182180",-0.317,-0.317,1,"51021"
5,"hsa-miR-3143","UAACAUU",5,"PRSS56","646960","ENSG00000237412",-0.317,-0.317,1,"646960"
5,"hsa-miR-3143","UAACAUU",5,"GFAP","2670","ENSG00000131095",-0.316,-0.316,1,"2670"
5,"hsa-miR-3143","UAACAUU",5,"PGBD1","84547","ENSG00000137338",-0.316,-0.316,1,"84547"
5,"hsa-miR-3143","UAACAUU",5,"KLRC4","8302","ENSG00000183542",-0.314,-0.253,2,"8302"
5,"hsa-miR-3143","UAACAUU",5,"LSM8","51691","ENSG00000128534",-0.313,-0.313,1,"51691"
5,"hsa-miR-3143","UAACAUU",5,"NPVF","64111","ENSG00000105954",-0.313,-0.313,1,"64111"
5,"hsa-miR-3143","UAACAUU",5,"CYB5R4","51167","ENSG00000065615",-0.312,-0.312,2,"51167"
5,"hsa-miR-3143","UAACAUU",5,"FOXD4L1","200350","ENSG00000184492",-0.312,-0.312,1,"200350"
5,"hsa-miR-3143","UAACAUU",5,"KANSL2","54934","ENSG00000139620",-0.312,-0.312,1,"54934"
5,"hsa-miR-3143","UAACAUU",5,"SALL1","6299","ENSG00000103449",-0.311,-0.311,1,"6299"
5,"hsa-miR-3143","UAACAUU",5,"CCDC117","150275","ENSG00000159873",-0.31,-0.31,1,"150275"
5,"hsa-miR-3143","UAACAUU",5,"NAA50","80218","ENSG00000121579",-0.31,-0.31,1,"80218"
5,"hsa-miR-3143","UAACAUU",5,"GPR22","2845","ENSG00000172209",-0.309,-0.309,1,"2845"
5,"hsa-miR-3143","UAACAUU",5,"MRPL45",NA,"ENSG00000174100",-0.306,-0.306,1,"84311"
5,"hsa-miR-3143","UAACAUU",5,"PRR23C","389152","ENSG00000233701",-0.306,-0.306,1,"389152"
5,"hsa-miR-3143","UAACAUU",5,"HACD3","51495","ENSG00000074696",-0.305,-0.305,1,"51495"
5,"hsa-miR-3143","UAACAUU",5,"NIFK","84365","ENSG00000155438",-0.303,-0.303,1,"84365"
5,"hsa-miR-3143","UAACAUU",5,"LYSMD3","116068","ENSG00000176018",-0.302,-0.302,1,"116068"
5,"hsa-miR-3143","UAACAUU",5,"NDUFB4","4710","ENSG00000065518",-0.302,-0.2795,2,"4710"
5,"hsa-miR-3143","UAACAUU",5,"GRPEL1","80273","ENSG00000109519",-0.301,-0.301,1,"80273"
5,"hsa-miR-3143","UAACAUU",5,"ISOC1","51015","ENSG00000066583",-0.301,-0.288,2,"51015"
5,"hsa-miR-3143","UAACAUU",5,"MAPRE1","22919","ENSG00000101367",-0.301,-0.301,1,"22919"
5,"hsa-miR-3143","UAACAUU",5,"CER1","9350","ENSG00000147869",-0.3,-0.2605,2,"9350"
5,"hsa-miR-3143","UAACAUU",5,"CTRC","11330","ENSG00000162438",-0.299,-0.299,1,"11330"
5,"hsa-miR-3143","UAACAUU",5,"CABP7","164633","ENSG00000100314",-0.298,-0.298,1,"164633"
5,"hsa-miR-3143","UAACAUU",5,"FAM3C","10447","ENSG00000196937",-0.298,-0.298,1,"10447"
5,"hsa-miR-3143","UAACAUU",5,"PCBP1","5093","ENSG00000169564",-0.298,-0.298,1,"5093"
5,"hsa-miR-3143","UAACAUU",5,"RNF146","81847","ENSG00000118518",-0.298,-0.298,1,"81847"
5,"hsa-miR-3143","UAACAUU",5,"SDHB","6390","ENSG00000117118",-0.298,-0.298,1,"6390"
5,"hsa-miR-3143","UAACAUU",5,"ARHGEF33","100271715","ENSG00000214694",-0.296,-0.296,1,"100271715"
5,"hsa-miR-3143","UAACAUU",5,"GFRAL","389400","ENSG00000187871",-0.295,-0.295,1,"389400"
5,"hsa-miR-3143","UAACAUU",5,"TMEM50A","23585","ENSG00000183726",-0.295,-0.295,1,"23585"
5,"hsa-miR-3143","UAACAUU",5,"CAT","847","ENSG00000121691",-0.294,-0.294,1,"847"
5,"hsa-miR-3143","UAACAUU",5,"CCT6A","908","ENSG00000146731",-0.294,-0.294,1,"908"
5,"hsa-miR-3143","UAACAUU",5,"ZNF302","55900","ENSG00000089335",-0.294,-0.294,1,"55900"
5,"hsa-miR-3143","UAACAUU",5,"NAAA","27163","ENSG00000138744",-0.293,-0.293,1,"27163"
5,"hsa-miR-3143","UAACAUU",5,"DNAJB6","10049","ENSG00000105993",-0.29,-0.269,2,"10049"
5,"hsa-miR-3143","UAACAUU",5,"EIF4A2","1974","ENSG00000156976",-0.29,-0.29,1,"1974"
5,"hsa-miR-3143","UAACAUU",5,"IL1RL2","8808","ENSG00000115598",-0.29,-0.29,1,"8808"
5,"hsa-miR-3143","UAACAUU",5,"KIF4B","285643","ENSG00000226650",-0.29,-0.29,1,"285643"
5,"hsa-miR-3143","UAACAUU",5,"NRN1","51299","ENSG00000124785",-0.29,-0.29,1,"51299"
5,"hsa-miR-3143","UAACAUU",5,"CUL2","8453","ENSG00000108094",-0.289,-0.289,1,"8453"
5,"hsa-miR-3143","UAACAUU",5,"REG3G","130120","ENSG00000143954",-0.288,-0.288,1,"130120"
5,"hsa-miR-3143","UAACAUU",5,"FASTKD3","79072","ENSG00000124279",-0.285,-0.285,1,"79072"
5,"hsa-miR-3143","UAACAUU",5,"MARS2","92935","ENSG00000247626",-0.285,-0.285,1,"92935"
5,"hsa-miR-3143","UAACAUU",5,"SH3TC2","79628","ENSG00000169247",-0.285,-0.285,1,"79628"
5,"hsa-miR-3143","UAACAUU",5,"TTC32","130502","ENSG00000183891",-0.284,-0.284,1,"130502"
5,"hsa-miR-3143","UAACAUU",5,"RNF6","6049","ENSG00000127870",-0.283,-0.266,2,"6049"
5,"hsa-miR-3143","UAACAUU",5,"ATP10A","57194","ENSG00000206190",-0.281,-0.281,1,"57194"
5,"hsa-miR-3143","UAACAUU",5,"EIF2AK1","27102","ENSG00000086232",-0.281,-0.281,1,"27102"
5,"hsa-miR-3143","UAACAUU",5,"IDI1","3422","ENSG00000067064",-0.281,-0.2415,2,"3422"
5,"hsa-miR-3143","UAACAUU",5,"CBR4","84869","ENSG00000145439",-0.28,-0.28,1,"84869"
5,"hsa-miR-3143","UAACAUU",5,"GNG2","54331","ENSG00000186469",-0.28,-0.28,1,"54331"
5,"hsa-miR-3143","UAACAUU",5,"IL5","3567","ENSG00000113525",-0.279,-0.279,1,"3567"
5,"hsa-miR-3143","UAACAUU",5,"LCTL","197021","ENSG00000188501",-0.279,-0.279,1,"197021"
5,"hsa-miR-3143","UAACAUU",5,"FGF1","2246","ENSG00000113578",-0.278,-0.278,1,"2246"
5,"hsa-miR-3143","UAACAUU",5,"TGM3","7053","ENSG00000125780",-0.278,-0.278,1,"7053"
5,"hsa-miR-3143","UAACAUU",5,"CHIC2","26511","ENSG00000109220",-0.277,-0.277,1,"26511"
5,"hsa-miR-3143","UAACAUU",5,"HNRNPA2B1","3181","ENSG00000122566",-0.276,-0.2425,2,"3181"
5,"hsa-miR-3143","UAACAUU",5,"UFSP2","55325","ENSG00000109775",-0.276,-0.276,1,"55325"
5,"hsa-miR-3143","UAACAUU",5,"B3GNT5","84002","ENSG00000176597",-0.275,-0.275,1,"84002"
5,"hsa-miR-3143","UAACAUU",5,"LIPC","3990","ENSG00000166035",-0.275,-0.275,1,"3990"
5,"hsa-miR-3143","UAACAUU",5,"NDUFC1","4717","ENSG00000109390",-0.274,-0.274,1,"4717"
5,"hsa-miR-3143","UAACAUU",5,"MPP4","58538","ENSG00000082126",-0.273,-0.273,1,"58538"
5,"hsa-miR-3143","UAACAUU",5,"HMGN5","79366","ENSG00000198157",-0.272,-0.272,1,"79366"
5,"hsa-miR-3143","UAACAUU",5,"ANKUB1","389161","ENSG00000206199",-0.271,-0.271,1,"389161"
5,"hsa-miR-3143","UAACAUU",5,"LINC02656",NA,"ENSG00000212743",-0.271,-0.271,1,"399716"
5,"hsa-miR-3143","UAACAUU",5,"ERLIN2","11160","ENSG00000147475",-0.27,-0.27,1,"11160"
5,"hsa-miR-3143","UAACAUU",5,"RMC1","29919","ENSG00000141452",-0.27,-0.27,1,"29919"
5,"hsa-miR-3143","UAACAUU",5,"UTP3","57050","ENSG00000132467",-0.27,-0.27,1,"57050"
5,"hsa-miR-3143","UAACAUU",5,"LIN52","91750","ENSG00000205659",-0.269,-0.269,1,"91750"
5,"hsa-miR-3143","UAACAUU",5,"N4BP2L1","90634","ENSG00000139597",-0.269,-0.269,1,"90634"
5,"hsa-miR-3143","UAACAUU",5,"NOG","9241","ENSG00000183691",-0.269,-0.269,1,"9241"
5,"hsa-miR-3143","UAACAUU",5,"NRARP","441478","ENSG00000198435",-0.269,-0.269,1,"441478"
5,"hsa-miR-3143","UAACAUU",5,"LGALSL","29094","ENSG00000119862",-0.268,-0.268,1,"29094"
5,"hsa-miR-3143","UAACAUU",5,"UBE2D3","7323","ENSG00000109332",-0.268,-0.268,1,"7323"
5,"hsa-miR-3143","UAACAUU",5,"WDR75","84128","ENSG00000115368",-0.268,-0.268,1,"84128"
5,"hsa-miR-3143","UAACAUU",5,"TWIST1","7291","ENSG00000122691",-0.267,-0.267,1,"7291"
5,"hsa-miR-3143","UAACAUU",5,"POC5","134359","ENSG00000152359",-0.266,-0.266,1,"134359"
5,"hsa-miR-3143","UAACAUU",5,"EPPIN","57119","ENSG00000101448",-0.265,-0.265,1,"57119"
5,"hsa-miR-3143","UAACAUU",5,"EPPIN-WFDC6","100526773","ENSG00000249139",-0.265,-0.265,1,"100526773"
5,"hsa-miR-3143","UAACAUU",5,"HNRNPF","3185","ENSG00000169813",-0.265,-0.265,1,"3185"
5,"hsa-miR-3143","UAACAUU",5,"MRPL42","28977","ENSG00000198015",-0.264,-0.241,2,"28977"
5,"hsa-miR-3143","UAACAUU",5,"NDUFAF4","29078","ENSG00000123545",-0.263,-0.263,1,"29078"
5,"hsa-miR-3143","UAACAUU",5,"ZNF20","7568","ENSG00000132010",-0.263,-0.263,1,"7568"
5,"hsa-miR-3143","UAACAUU",5,"IQCB1","9657","ENSG00000173226",-0.262,-0.262,1,"9657"
5,"hsa-miR-3143","UAACAUU",5,"ZNF382","84911","ENSG00000161298",-0.262,-0.262,1,"84911"
5,"hsa-miR-3143","UAACAUU",5,"C12orf56","115749","ENSG00000185306",-0.261,-0.2275,2,"115749"
5,"hsa-miR-3143","UAACAUU",5,"SLC35E2A","9906","ENSG00000215790",-0.261,-0.261,1,"9906"
5,"hsa-miR-3143","UAACAUU",5,"TBPL1","9519","ENSG00000028839",-0.261,-0.261,1,"9519"
5,"hsa-miR-3143","UAACAUU",5,"OPN1SW","611","ENSG00000128617",-0.26,-0.26,1,"611"
5,"hsa-miR-3143","UAACAUU",5,"PRNP","5621","ENSG00000171867",-0.26,-0.26,1,"5621"
5,"hsa-miR-3143","UAACAUU",5,"TMBIM4","51643","ENSG00000155957",-0.26,-0.26,1,"51643"
5,"hsa-miR-3143","UAACAUU",5,"LIMS1","3987","ENSG00000169756",-0.259,-0.259,1,"3987"
5,"hsa-miR-3143","UAACAUU",5,"SPOP","8405","ENSG00000121067",-0.259,-0.259,1,"8405"
5,"hsa-miR-3143","UAACAUU",5,"ETFRF1","144363","ENSG00000205707",-0.258,-0.258,1,"144363"
5,"hsa-miR-3143","UAACAUU",5,"MYL12B","103910","ENSG00000118680",-0.258,-0.258,1,"103910"
5,"hsa-miR-3143","UAACAUU",5,"POLR3K","51728","ENSG00000161980",-0.258,-0.258,1,"51728"
5,"hsa-miR-3143","UAACAUU",5,"ZNF772","400720","ENSG00000197128",-0.258,-0.2425,2,"400720"
5,"hsa-miR-3143","UAACAUU",5,"LLGL2","3993","ENSG00000073350",-0.257,-0.257,1,"3993"
5,"hsa-miR-3143","UAACAUU",5,"C8orf48","157773","ENSG00000164743",-0.256,-0.256,1,"157773"
5,"hsa-miR-3143","UAACAUU",5,"DPM1","8813","ENSG00000000419",-0.255,-0.255,1,"8813"
5,"hsa-miR-3143","UAACAUU",5,"GABRP","2568","ENSG00000094755",-0.255,-0.255,1,"2568"
5,"hsa-miR-3143","UAACAUU",5,"TENT2","167153","ENSG00000164329",-0.255,-0.255,1,"167153"
5,"hsa-miR-3143","UAACAUU",5,"CDIN1","84529","ENSG00000186073",-0.254,-0.222,2,"84529"
5,"hsa-miR-3143","UAACAUU",5,"ZNF143","7702","ENSG00000166478",-0.254,-0.254,1,"7702"
5,"hsa-miR-3143","UAACAUU",5,"LACTB2","51110","ENSG00000147592",-0.253,-0.253,1,"51110"
5,"hsa-miR-3143","UAACAUU",5,"MAP1LC3B","81631","ENSG00000140941",-0.253,-0.253,1,"81631"
5,"hsa-miR-3143","UAACAUU",5,"MBTD1","54799","ENSG00000011258",-0.253,-0.253,1,"54799"
5,"hsa-miR-3143","UAACAUU",5,"MMP7","4316","ENSG00000137673",-0.253,-0.253,1,"4316"
5,"hsa-miR-3143","UAACAUU",5,"PLK4","10733","ENSG00000142731",-0.253,-0.253,1,"10733"
5,"hsa-miR-3143","UAACAUU",5,"SIGLEC5","8778","ENSG00000268500",-0.253,-0.253,1,"8778"
5,"hsa-miR-3143","UAACAUU",5,"SOCS2","8835","ENSG00000120833",-0.253,-0.253,1,"8835"
5,"hsa-miR-3143","UAACAUU",5,"EPYC","1833","ENSG00000083782",-0.252,-0.252,1,"1833"
5,"hsa-miR-3143","UAACAUU",5,"RILPL2","196383","ENSG00000150977",-0.252,-0.252,1,"196383"
5,"hsa-miR-3143","UAACAUU",5,"SINHCAF","58516","ENSG00000139146",-0.252,-0.252,1,"58516"
5,"hsa-miR-3143","UAACAUU",5,"TMEM263","90488","ENSG00000151135",-0.252,-0.252,1,"90488"
5,"hsa-miR-3143","UAACAUU",5,"ATP6V1E1","529","ENSG00000131100",-0.251,-0.251,1,"529"
5,"hsa-miR-3143","UAACAUU",5,"F5","2153","ENSG00000198734",-0.251,-0.251,1,"2153"
5,"hsa-miR-3143","UAACAUU",5,"HBS1L","10767","ENSG00000112339",-0.251,-0.251,1,"10767"
5,"hsa-miR-3143","UAACAUU",5,"PAOX","196743","ENSG00000148832",-0.251,-0.251,1,"196743"
5,"hsa-miR-3143","UAACAUU",5,"AP1AR","55435","ENSG00000138660",-0.25,-0.25,1,"55435"
5,"hsa-miR-3143","UAACAUU",5,"ZNF197","10168","ENSG00000186448",-0.25,-0.25,2,"10168"
5,"hsa-miR-3143","UAACAUU",5,"ABHD18","80167","ENSG00000164074",-0.249,-0.249,1,"80167"
5,"hsa-miR-3143","UAACAUU",5,"BEST4","266675","ENSG00000142959",-0.249,-0.249,1,"266675"
5,"hsa-miR-3143","UAACAUU",5,"GGNBP2",NA,"ENSG00000005955",-0.249,-0.249,1,"79893"
5,"hsa-miR-3143","UAACAUU",5,"ALDH8A1","64577","ENSG00000118514",-0.248,-0.248,1,"64577"
5,"hsa-miR-3143","UAACAUU",5,"SNAPC5","10302","ENSG00000174446",-0.247,-0.247,1,"10302"
5,"hsa-miR-3143","UAACAUU",5,"GHITM","27069","ENSG00000165678",-0.245,-0.245,1,"27069"
5,"hsa-miR-3143","UAACAUU",5,"SUV39H2","79723","ENSG00000152455",-0.245,-0.245,1,"79723"
5,"hsa-miR-3143","UAACAUU",5,"TMEM167A","153339","ENSG00000174695",-0.245,-0.2155,2,"153339"
5,"hsa-miR-3143","UAACAUU",5,"CXCL14","9547","ENSG00000145824",-0.244,-0.244,1,"9547"
5,"hsa-miR-3143","UAACAUU",5,"MPLKIP","136647","ENSG00000168303",-0.244,-0.244,1,"136647"
5,"hsa-miR-3143","UAACAUU",5,"ACYP1","97","ENSG00000119640",-0.243,-0.243,1,"97"
5,"hsa-miR-3143","UAACAUU",5,"FAM171B","165215","ENSG00000144369",-0.243,-0.243,1,"165215"
5,"hsa-miR-3143","UAACAUU",5,"SLC30A8","169026","ENSG00000164756",-0.243,-0.243,1,"169026"
5,"hsa-miR-3143","UAACAUU",5,"FAM221A","340277","ENSG00000188732",-0.242,-0.242,1,"340277"
5,"hsa-miR-3143","UAACAUU",5,"PACC1","55248","ENSG00000065600",-0.242,-0.242,1,"55248"
5,"hsa-miR-3143","UAACAUU",5,"PANK1","53354","ENSG00000152782",-0.242,-0.242,1,"53354"
5,"hsa-miR-3143","UAACAUU",5,"TPGS2","25941","ENSG00000134779",-0.242,-0.242,1,"25941"
5,"hsa-miR-3143","UAACAUU",5,"C16orf95","100506581","ENSG00000260456",-0.241,-0.241,1,"100506581"
5,"hsa-miR-3143","UAACAUU",5,"DEPDC1B","55789","ENSG00000035499",-0.241,-0.241,1,"55789"
5,"hsa-miR-3143","UAACAUU",5,"OR9Q1","219956","ENSG00000186509",-0.241,-0.241,1,"219956"
5,"hsa-miR-3143","UAACAUU",5,"SLC35E2B","728661","ENSG00000189339",-0.241,-0.241,1,"728661"
5,"hsa-miR-3143","UAACAUU",5,"WASHC3","51019","ENSG00000120860",-0.241,-0.241,1,"51019"
5,"hsa-miR-3143","UAACAUU",5,"BEND6","221336","ENSG00000151917",-0.24,-0.24,1,"221336"
5,"hsa-miR-3143","UAACAUU",5,"CEP15","57415","ENSG00000114405",-0.24,-0.24,1,"57415"
5,"hsa-miR-3143","UAACAUU",5,"MFSD2B","388931","ENSG00000205639",-0.24,-0.24,1,"388931"
5,"hsa-miR-3143","UAACAUU",5,"RAP1A","5906","ENSG00000116473",-0.24,-0.212,2,"5906"
5,"hsa-miR-3143","UAACAUU",5,"UBE2K","3093","ENSG00000078140",-0.24,-0.24,1,"3093"
5,"hsa-miR-3143","UAACAUU",5,"ZNF792","126375","ENSG00000180884",-0.24,-0.24,1,"126375"
5,"hsa-miR-3143","UAACAUU",5,"AGMO","392636","ENSG00000187546",-0.239,-0.239,1,"392636"
5,"hsa-miR-3143","UAACAUU",5,"CCNY","219771","ENSG00000108100",-0.239,-0.239,1,"219771"
5,"hsa-miR-3143","UAACAUU",5,"FOXD4L3","286380","ENSG00000187559",-0.239,-0.239,1,"286380"
5,"hsa-miR-3143","UAACAUU",5,"FOXD4L6","101060560","ENSG00000204793",-0.239,-0.239,1,"653404"
5,"hsa-miR-3143","UAACAUU",5,"RNF138","51444","ENSG00000134758",-0.239,-0.239,1,"51444"
5,"hsa-miR-3143","UAACAUU",5,"BORCS7","119032","ENSG00000166275",-0.238,-0.238,1,"119032"
5,"hsa-miR-3143","UAACAUU",5,"CCR2","729230","ENSG00000121807",-0.238,-0.238,1,"729230"
5,"hsa-miR-3143","UAACAUU",5,"FOXG1","2290","ENSG00000176165",-0.238,-0.238,1,"2290"
5,"hsa-miR-3143","UAACAUU",5,"SDHD","6392","ENSG00000204370",-0.238,-0.238,1,"6392"
5,"hsa-miR-3143","UAACAUU",5,"CYCS","54205","ENSG00000172115",-0.237,-0.237,1,"54205"
5,"hsa-miR-3143","UAACAUU",5,"HTR5A-AS1","100128264","ENSG00000220575",-0.236,-0.236,1,"100128264"
5,"hsa-miR-3143","UAACAUU",5,"RAB42","115273","ENSG00000188060",-0.236,-0.236,1,"115273"
5,"hsa-miR-3143","UAACAUU",5,"SCAPER","49855","ENSG00000140386",-0.236,-0.236,1,"49855"
5,"hsa-miR-3143","UAACAUU",5,"BHLHE40","8553","ENSG00000134107",-0.235,-0.235,1,"8553"
5,"hsa-miR-3143","UAACAUU",5,"FMC1","154791","ENSG00000164898",-0.235,-0.235,1,"154791"
5,"hsa-miR-3143","UAACAUU",5,"HERC4","26091","ENSG00000148634",-0.235,-0.235,1,"26091"
5,"hsa-miR-3143","UAACAUU",5,"KCTD8","386617","ENSG00000183783",-0.235,-0.235,1,"386617"
5,"hsa-miR-3143","UAACAUU",5,"TMED6","146456","ENSG00000157315",-0.235,-0.235,1,"146456"
5,"hsa-miR-3143","UAACAUU",5,"ABRA","137735","ENSG00000174429",-0.234,-0.211,2,"137735"
5,"hsa-miR-3143","UAACAUU",5,"PCP4L1","654790","ENSG00000248485",-0.234,-0.234,1,"654790"
5,"hsa-miR-3143","UAACAUU",5,"UMAD1","729852","ENSG00000219545",-0.234,-0.234,1,"729852"
5,"hsa-miR-3143","UAACAUU",5,"HOXD9","3235","ENSG00000128709",-0.233,-0.233,1,"3235"
5,"hsa-miR-3143","UAACAUU",5,"KIF4A","24137","ENSG00000090889",-0.233,-0.233,1,"24137"
5,"hsa-miR-3143","UAACAUU",5,"KLHDC1","122773","ENSG00000197776",-0.232,-0.232,1,"122773"
5,"hsa-miR-3143","UAACAUU",5,"TMEM237","65062","ENSG00000155755",-0.232,-0.232,1,"65062"
5,"hsa-miR-3143","UAACAUU",5,"FSBP","100861412","ENSG00000265817",-0.231,-0.231,1,"100861412"
5,"hsa-miR-3143","UAACAUU",5,"PDHX","8050","ENSG00000110435",-0.231,-0.231,1,"8050"
5,"hsa-miR-3143","UAACAUU",5,"RNF222","643904","ENSG00000189051",-0.231,-0.231,1,"643904"
5,"hsa-miR-3143","UAACAUU",5,"AL359195.1",NA,"ENSG00000204038",-0.23,-0.23,1,NA
5,"hsa-miR-3143","UAACAUU",5,"WDR43","23160","ENSG00000163811",-0.23,-0.23,1,"23160"
5,"hsa-miR-3143","UAACAUU",5,"FABP1","2168","ENSG00000163586",-0.229,-0.229,1,"2168"
5,"hsa-miR-3143","UAACAUU",5,"SKA3","221150","ENSG00000165480",-0.229,-0.229,1,"221150"
5,"hsa-miR-3143","UAACAUU",5,"TMEM200A","114801","ENSG00000164484",-0.229,-0.229,1,"114801"
5,"hsa-miR-3143","UAACAUU",5,"AP1S3","130340","ENSG00000152056",-0.228,-0.228,1,"130340"
5,"hsa-miR-3143","UAACAUU",5,"RHOQ","23433","ENSG00000119729",-0.228,-0.228,1,"23433"
5,"hsa-miR-3143","UAACAUU",5,"TGOLN2","10618","ENSG00000152291",-0.228,-0.228,1,"10618"
5,"hsa-miR-3143","UAACAUU",5,"GNPNAT1","64841","ENSG00000100522",-0.227,-0.227,1,"64841"
5,"hsa-miR-3143","UAACAUU",5,"IFT81","28981","ENSG00000122970",-0.227,-0.227,1,"28981"
5,"hsa-miR-3143","UAACAUU",5,"GTF2E1","2960","ENSG00000153767",-0.226,-0.226,1,"2960"
5,"hsa-miR-3143","UAACAUU",5,"MRPS9","64965","ENSG00000135972",-0.226,-0.226,1,"64965"
5,"hsa-miR-3143","UAACAUU",5,"RPAP3","79657","ENSG00000005175",-0.226,-0.2245,2,"79657"
5,"hsa-miR-3143","UAACAUU",5,"UBE2V2","7336","ENSG00000169139",-0.226,-0.226,1,"7336"
5,"hsa-miR-3143","UAACAUU",5,"CHORDC1","26973","ENSG00000110172",-0.225,-0.225,1,"26973"
5,"hsa-miR-3143","UAACAUU",5,"GOLGA7","51125","ENSG00000147533",-0.225,-0.225,1,"51125"
5,"hsa-miR-3143","UAACAUU",5,"SLC25A40","55972","ENSG00000075303",-0.225,-0.225,1,"55972"
5,"hsa-miR-3143","UAACAUU",5,"SNX25","83891","ENSG00000109762",-0.225,-0.225,1,"83891"
5,"hsa-miR-3143","UAACAUU",5,"MRPS36","92259","ENSG00000134056",-0.224,-0.224,1,"92259"
5,"hsa-miR-3143","UAACAUU",5,"SPPL2A","84888","ENSG00000138600",-0.224,-0.224,1,"84888"
5,"hsa-miR-3143","UAACAUU",5,"ZNF639","51193","ENSG00000121864",-0.224,-0.224,1,"51193"
5,"hsa-miR-3143","UAACAUU",5,"ADH7","131","ENSG00000196344",-0.223,-0.223,1,"131"
5,"hsa-miR-3143","UAACAUU",5,"PTP4A1","7803","ENSG00000112245",-0.223,-0.223,1,"7803"
5,"hsa-miR-3143","UAACAUU",5,"RAB27A","5873","ENSG00000069974",-0.223,-0.223,1,"5873"
5,"hsa-miR-3143","UAACAUU",5,"RIDA","10247","ENSG00000132541",-0.223,-0.223,1,"10247"
5,"hsa-miR-3143","UAACAUU",5,"ZSCAN23","222696","ENSG00000187987",-0.223,-0.223,1,"222696"
5,"hsa-miR-3143","UAACAUU",5,"ARG2","384","ENSG00000081181",-0.222,-0.222,1,"384"
5,"hsa-miR-3143","UAACAUU",5,"CDCA3","83461","ENSG00000111665",-0.222,-0.222,1,"83461"
5,"hsa-miR-3143","UAACAUU",5,"CHPF2","54480","ENSG00000033100",-0.222,-0.222,1,"54480"
5,"hsa-miR-3143","UAACAUU",5,"FLJ00388",NA,"ENSG00000273395",-0.222,-0.222,1,NA
5,"hsa-miR-3143","UAACAUU",5,"VSTM5","387804","ENSG00000214376",-0.222,-0.222,1,"387804"
5,"hsa-miR-3143","UAACAUU",5,"ADD3","120","ENSG00000148700",-0.221,-0.221,1,"120"
5,"hsa-miR-3143","UAACAUU",5,"STK17B","9262","ENSG00000081320",-0.221,-0.221,1,"9262"
5,"hsa-miR-3143","UAACAUU",5,"TMEM202","338949","ENSG00000187806",-0.221,-0.221,1,"338949"
5,"hsa-miR-3143","UAACAUU",5,"ARHGAP24","83478","ENSG00000138639",-0.22,-0.22,1,"83478"
5,"hsa-miR-3143","UAACAUU",5,"GPR27","2850","ENSG00000170837",-0.219,-0.219,1,"2850"
5,"hsa-miR-3143","UAACAUU",5,"KNCN","148930","ENSG00000162456",-0.219,-0.219,1,"148930"
5,"hsa-miR-3143","UAACAUU",5,"AVIL","10677","ENSG00000135407",-0.218,-0.218,1,"10677"
5,"hsa-miR-3143","UAACAUU",5,"PSIP1","11168","ENSG00000164985",-0.218,-0.218,1,"11168"
5,"hsa-miR-3143","UAACAUU",5,"BRAF","673","ENSG00000157764",-0.217,-0.217,1,"673"
5,"hsa-miR-3143","UAACAUU",5,"LEPROTL1","23484","ENSG00000104660",-0.217,-0.217,1,"23484"
5,"hsa-miR-3143","UAACAUU",5,"PGRMC2","10424","ENSG00000164040",-0.217,-0.217,1,"10424"
5,"hsa-miR-3143","UAACAUU",5,"FCGR2A","2212","ENSG00000143226",-0.216,-0.216,1,"2212"
5,"hsa-miR-3143","UAACAUU",5,"HOXC13","3229","ENSG00000123364",-0.216,-0.216,1,"3229"
5,"hsa-miR-3143","UAACAUU",5,"ELL2","22936","ENSG00000118985",-0.215,-0.215,1,"22936"
5,"hsa-miR-3143","UAACAUU",5,"RTN1","6252","ENSG00000139970",-0.215,-0.215,1,"6252"
5,"hsa-miR-3143","UAACAUU",5,"CNR1","1268","ENSG00000118432",-0.214,-0.214,1,"1268"
5,"hsa-miR-3143","UAACAUU",5,"FAHD1","81889","ENSG00000180185",-0.214,-0.214,1,"81889"
5,"hsa-miR-3143","UAACAUU",5,"GALR1","2587","ENSG00000166573",-0.214,-0.214,1,"2587"
5,"hsa-miR-3143","UAACAUU",5,"IMMT","10989","ENSG00000132305",-0.214,-0.214,1,"10989"
5,"hsa-miR-3143","UAACAUU",5,"ORC6","23594","ENSG00000091651",-0.214,-0.214,1,"23594"
5,"hsa-miR-3143","UAACAUU",5,"CARNMT1","138199","ENSG00000156017",-0.213,-0.213,1,"138199"
5,"hsa-miR-3143","UAACAUU",5,"DSTN","11034","ENSG00000125868",-0.213,-0.213,1,"11034"
5,"hsa-miR-3143","UAACAUU",5,"DYRK4","8798","ENSG00000010219",-0.213,-0.213,1,"8798"
5,"hsa-miR-3143","UAACAUU",5,"GPX8","493869","ENSG00000164294",-0.213,-0.213,1,"493869"
5,"hsa-miR-3143","UAACAUU",5,"OR51E1","143503","ENSG00000180785",-0.213,-0.213,1,"143503"
5,"hsa-miR-3143","UAACAUU",5,"RNF13","11342","ENSG00000082996",-0.213,-0.213,1,"11342"
5,"hsa-miR-3143","UAACAUU",5,"SPO11","23626","ENSG00000054796",-0.213,-0.213,1,"23626"
5,"hsa-miR-3143","UAACAUU",5,"SYCP1","6847","ENSG00000198765",-0.213,-0.213,1,"6847"
5,"hsa-miR-3143","UAACAUU",5,"C2orf69","205327","ENSG00000178074",-0.212,-0.2045,2,"205327"
5,"hsa-miR-3143","UAACAUU",5,"MFSD2A","84879","ENSG00000168389",-0.212,-0.212,1,"84879"
5,"hsa-miR-3143","UAACAUU",5,"MRNIP-DT","100996419","ENSG00000245317",-0.212,-0.212,1,"100996419"
5,"hsa-miR-3143","UAACAUU",5,"NADK2","133686","ENSG00000152620",-0.212,-0.212,1,"133686"
5,"hsa-miR-3143","UAACAUU",5,"CEBPG","1054","ENSG00000153879",-0.211,-0.211,1,"1054"
5,"hsa-miR-3143","UAACAUU",5,"GNB1","2782","ENSG00000078369",-0.211,-0.211,1,"2782"
5,"hsa-miR-3143","UAACAUU",5,"ITGB1BP1","9270","ENSG00000119185",-0.211,-0.211,1,"9270"
5,"hsa-miR-3143","UAACAUU",5,"NIPAL1","152519","ENSG00000163293",-0.211,-0.211,1,"152519"
5,"hsa-miR-3143","UAACAUU",5,"NDUFS5","4725","ENSG00000168653",-0.21,-0.21,1,"4725"
5,"hsa-miR-3143","UAACAUU",5,"BOLA3","388962","ENSG00000163170",-0.209,-0.209,1,"388962"
5,"hsa-miR-3143","UAACAUU",5,"DSCC1","79075","ENSG00000136982",-0.209,-0.209,1,"79075"
5,"hsa-miR-3143","UAACAUU",5,"EIF5A2","56648","ENSG00000163577",-0.209,-0.209,1,"56648"
5,"hsa-miR-3143","UAACAUU",5,"GLS","2744","ENSG00000115419",-0.209,-0.209,1,"2744"
5,"hsa-miR-3143","UAACAUU",5,"RO60","6738","ENSG00000116747",-0.209,-0.209,1,"6738"
5,"hsa-miR-3143","UAACAUU",5,"SNCAIP","9627","ENSG00000064692",-0.209,-0.209,1,"9627"
5,"hsa-miR-3143","UAACAUU",5,"TRIM23","373","ENSG00000113595",-0.209,-0.209,1,"373"
5,"hsa-miR-3143","UAACAUU",5,"GPHN","10243","ENSG00000171723",-0.208,-0.208,1,"10243"
5,"hsa-miR-3143","UAACAUU",5,"OTC","5009","ENSG00000036473",-0.208,-0.208,1,"5009"
5,"hsa-miR-3143","UAACAUU",5,"FBXO30","84085","ENSG00000118496",-0.207,-0.207,1,"84085"
5,"hsa-miR-3143","UAACAUU",5,"FCGR2B","2213","ENSG00000072694",-0.207,-0.207,1,"2213"
5,"hsa-miR-3143","UAACAUU",5,"PCOLCE2","26577","ENSG00000163710",-0.207,-0.207,1,"26577"
5,"hsa-miR-3143","UAACAUU",5,"TMEM128","85013","ENSG00000132406",-0.207,-0.207,1,"85013"
5,"hsa-miR-3143","UAACAUU",5,"DLX5","1749","ENSG00000105880",-0.206,-0.206,1,"1749"
5,"hsa-miR-3143","UAACAUU",5,"RABGGTB","5876","ENSG00000137955",-0.206,-0.206,1,"5876"
5,"hsa-miR-3143","UAACAUU",5,"PPM1A","5494","ENSG00000100614",-0.205,-0.205,1,"5494"
5,"hsa-miR-3143","UAACAUU",5,"STAU2","27067","ENSG00000040341",-0.205,-0.205,1,"27067"
5,"hsa-miR-3143","UAACAUU",5,"ZNF696","79943","ENSG00000185730",-0.205,-0.205,1,"79943"
5,"hsa-miR-3143","UAACAUU",5,"PRNT","149830","ENSG00000180259",-0.204,-0.204,1,"149830"
5,"hsa-miR-3143","UAACAUU",5,"PSMB1","5689","ENSG00000008018",-0.204,-0.204,1,"5689"
5,"hsa-miR-3143","UAACAUU",5,"SP9","100131390","ENSG00000217236",-0.204,-0.204,1,"100131390"
5,"hsa-miR-3143","UAACAUU",5,"HEY1","23462","ENSG00000164683",-0.203,-0.203,1,"23462"
5,"hsa-miR-3143","UAACAUU",5,"SMIM14","201895","ENSG00000163683",-0.203,-0.203,1,"201895"
5,"hsa-miR-3143","UAACAUU",5,"STXBP3","6814","ENSG00000116266",-0.203,-0.203,1,"6814"
5,"hsa-miR-3143","UAACAUU",5,"BOLL","66037","ENSG00000152430",-0.202,-0.202,1,"66037"
5,"hsa-miR-3143","UAACAUU",5,"L3MBTL3","84456","ENSG00000198945",-0.202,-0.202,1,"84456"
5,"hsa-miR-3143","UAACAUU",5,"METAP1","23173","ENSG00000164024",-0.202,-0.202,1,"23173"
5,"hsa-miR-3143","UAACAUU",5,"FOXA1","3169","ENSG00000129514",-0.201,-0.1985,2,"3169"
5,"hsa-miR-3143","UAACAUU",5,"SPCS2","9789","ENSG00000118363",-0.201,-0.201,1,"9789"
5,"hsa-miR-3143","UAACAUU",5,"TAF15",NA,"ENSG00000172660",-0.201,-0.201,1,"8148"
5,"hsa-miR-3143","UAACAUU",5,"ACE2","59272","ENSG00000130234",-0.2,-0.2,1,"59272"
5,"hsa-miR-3143","UAACAUU",5,"HENMT1","113802","ENSG00000162639",-0.2,-0.2,1,"113802"
5,"hsa-miR-3143","UAACAUU",5,"MRPL13","28998","ENSG00000172172",-0.2,-0.2,1,"28998"
5,"hsa-miR-3143","UAACAUU",5,"RNF103","7844","ENSG00000239305",-0.2,-0.2,1,"7844"
5,"hsa-miR-3143","UAACAUU",5,"SCG2","7857","ENSG00000171951",-0.2,-0.2,1,"7857"
5,"hsa-miR-3143","UAACAUU",5,"SPATA18","132671","ENSG00000163071",-0.2,-0.2,1,"132671"
5,"hsa-miR-3143","UAACAUU",5,"TYRP1","7306","ENSG00000107165",-0.2,-0.2,1,"7306"
5,"hsa-miR-3143","UAACAUU",5,"GAS2","2620","ENSG00000148935",-0.199,-0.199,1,"2620"
5,"hsa-miR-3143","UAACAUU",5,"SRSF3","6428","ENSG00000112081",-0.199,-0.199,1,"6428"
5,"hsa-miR-3143","UAACAUU",5,"TPT1","7178","ENSG00000133112",-0.199,-0.199,1,"7178"
5,"hsa-miR-3143","UAACAUU",5,"CEPT1","10390","ENSG00000134255",-0.198,-0.198,1,"10390"
5,"hsa-miR-3143","UAACAUU",5,"GREM1","26585","ENSG00000166923",-0.198,-0.198,1,"26585"
5,"hsa-miR-3143","UAACAUU",5,"AL139099.1",NA,"ENSG00000253459",-0.197,-0.197,1,NA
5,"hsa-miR-3143","UAACAUU",5,"CD163","9332","ENSG00000177575",-0.197,-0.197,1,"9332"
5,"hsa-miR-3143","UAACAUU",5,"CIAO1","9391","ENSG00000144021",-0.197,-0.197,1,"9391"
5,"hsa-miR-3143","UAACAUU",5,"DLX1","1745","ENSG00000144355",-0.197,-0.197,1,"1745"
5,"hsa-miR-3143","UAACAUU",5,"HNRNPA1","3178","ENSG00000135486",-0.197,-0.197,1,"3178"
5,"hsa-miR-3143","UAACAUU",5,"IL17F","112744","ENSG00000112116",-0.197,-0.197,1,"112744"
5,"hsa-miR-3143","UAACAUU",5,"PF4V1","5197","ENSG00000109272",-0.197,-0.197,1,"5197"
5,"hsa-miR-3143","UAACAUU",5,"PLN","5350","ENSG00000198523",-0.197,-0.197,1,"5350"
5,"hsa-miR-3143","UAACAUU",5,"C14orf119","55017","ENSG00000179933",-0.196,-0.196,1,"55017"
5,"hsa-miR-3143","UAACAUU",5,"C22orf42","150297","ENSG00000205856",-0.196,-0.196,1,"150297"
5,"hsa-miR-3143","UAACAUU",5,"CREB5","9586","ENSG00000146592",-0.196,-0.196,1,"9586"
5,"hsa-miR-3143","UAACAUU",5,"EIF1","10209","ENSG00000173812",-0.196,-0.196,1,"10209"
5,"hsa-miR-3143","UAACAUU",5,"FAM153B",NA,"ENSG00000182230",-0.196,-0.196,1,"202134"
5,"hsa-miR-3143","UAACAUU",5,"LYG2","254773","ENSG00000185674",-0.196,-0.196,1,"254773"
5,"hsa-miR-3143","UAACAUU",5,"MRPL16","54948","ENSG00000166902",-0.196,-0.196,1,"54948"
5,"hsa-miR-3143","UAACAUU",5,"NUP50","10762","ENSG00000093000",-0.196,-0.196,1,"10762"
5,"hsa-miR-3143","UAACAUU",5,"ZNF800","168850","ENSG00000048405",-0.196,-0.196,1,"168850"
5,"hsa-miR-3143","UAACAUU",5,"SF3B6","51639","ENSG00000115128",-0.195,-0.195,1,"51639"
5,"hsa-miR-3143","UAACAUU",5,"YIPF5","81555","ENSG00000145817",-0.195,-0.195,1,"81555"
5,"hsa-miR-3143","UAACAUU",5,"EGR3","1960","ENSG00000179388",-0.194,-0.194,1,"1960"
5,"hsa-miR-3143","UAACAUU",5,"PRM1","5619","ENSG00000175646",-0.194,-0.194,1,"5619"
5,"hsa-miR-3143","UAACAUU",5,"PWWP2A","114825","ENSG00000170234",-0.194,-0.194,1,"114825"
5,"hsa-miR-3143","UAACAUU",5,"RAB6C","84084","ENSG00000222014",-0.194,-0.194,1,"84084"
5,"hsa-miR-3143","UAACAUU",5,"ZNF292","23036","ENSG00000188994",-0.194,-0.194,1,"23036"
5,"hsa-miR-3143","UAACAUU",5,"CSAD","51380","ENSG00000139631",-0.193,-0.193,1,"51380"
5,"hsa-miR-3143","UAACAUU",5,"HNF4G","3174","ENSG00000164749",-0.193,-0.193,1,"3174"
5,"hsa-miR-3143","UAACAUU",5,"CRYBA1","1411","ENSG00000108255",-0.192,-0.192,1,"1411"
5,"hsa-miR-3143","UAACAUU",5,"RAMAC","83640","ENSG00000169612",-0.192,-0.192,1,"83640"
5,"hsa-miR-3143","UAACAUU",5,"ZMAT4","79698","ENSG00000165061",-0.192,-0.192,1,"79698"
5,"hsa-miR-3143","UAACAUU",5,"CENPBD1P",NA,"ENSG00000177946",-0.191,-0.191,1,"92806"
5,"hsa-miR-3143","UAACAUU",5,"PRPF18","8559","ENSG00000165630",-0.191,-0.191,1,"8559"
5,"hsa-miR-3143","UAACAUU",5,"VIP","7432","ENSG00000146469",-0.191,-0.191,1,"7432"
5,"hsa-miR-3143","UAACAUU",5,"CYB561D1","284613","ENSG00000174151",-0.19,-0.19,1,"284613"
5,"hsa-miR-3143","UAACAUU",5,"EPHA6","285220","ENSG00000080224",-0.19,-0.19,1,"285220"
5,"hsa-miR-3143","UAACAUU",5,"FAM177A1","283635","ENSG00000151327",-0.19,-0.19,1,"283635"
5,"hsa-miR-3143","UAACAUU",5,"TPD52","7163","ENSG00000076554",-0.19,-0.19,2,"7163"
5,"hsa-miR-3143","UAACAUU",5,"FAM133B","257415","ENSG00000234545",-0.189,-0.189,1,"257415"
5,"hsa-miR-3143","UAACAUU",5,"ZFAND4","93550","ENSG00000172671",-0.189,-0.189,1,"93550"
5,"hsa-miR-3143","UAACAUU",5,"AL583828.1",NA,"ENSG00000187461",-0.188,-0.188,1,NA
5,"hsa-miR-3143","UAACAUU",5,"C1D","10438","ENSG00000197223",-0.188,-0.188,1,"10438"
5,"hsa-miR-3143","UAACAUU",5,"CERS5","91012","ENSG00000139624",-0.188,-0.188,1,"91012"
5,"hsa-miR-3143","UAACAUU",5,"FPR3","2359","ENSG00000187474",-0.188,-0.188,1,"2359"
5,"hsa-miR-3143","UAACAUU",5,"PAX9","5083","ENSG00000198807",-0.188,-0.188,1,"5083"
5,"hsa-miR-3143","UAACAUU",5,"C16orf87","388272","ENSG00000155330",-0.187,-0.187,1,"388272"
5,"hsa-miR-3143","UAACAUU",5,"C19orf12","83636","ENSG00000131943",-0.187,-0.187,1,"83636"
5,"hsa-miR-3143","UAACAUU",5,"CCDC112","153733","ENSG00000164221",-0.187,-0.187,1,"153733"
5,"hsa-miR-3143","UAACAUU",5,"CXCL1","2919","ENSG00000163739",-0.187,-0.187,1,"2919"
5,"hsa-miR-3143","UAACAUU",5,"DCLK1","9201","ENSG00000133083",-0.187,-0.187,1,"9201"
5,"hsa-miR-3143","UAACAUU",5,"DEK","7913","ENSG00000124795",-0.187,-0.187,1,"7913"
5,"hsa-miR-3143","UAACAUU",5,"EFCAB11","90141","ENSG00000140025",-0.187,-0.187,1,"90141"
5,"hsa-miR-3143","UAACAUU",5,"LYG1","129530","ENSG00000144214",-0.187,-0.187,1,"129530"
5,"hsa-miR-3143","UAACAUU",5,"MAPK1","5594","ENSG00000100030",-0.187,-0.187,1,"5594"
5,"hsa-miR-3143","UAACAUU",5,"SRSF2","6427","ENSG00000161547",-0.187,-0.187,1,"6427"
5,"hsa-miR-3143","UAACAUU",5,"TANK","10010","ENSG00000136560",-0.187,-0.187,1,"10010"
5,"hsa-miR-3143","UAACAUU",5,"TKTL1","8277","ENSG00000007350",-0.187,-0.187,1,"8277"
5,"hsa-miR-3143","UAACAUU",5,"ZWINT","11130","ENSG00000122952",-0.187,-0.187,1,"11130"
5,"hsa-miR-3143","UAACAUU",5,"ADGRG2","10149","ENSG00000173698",-0.186,-0.186,1,"10149"
5,"hsa-miR-3143","UAACAUU",5,"CCDC163P","126661","ENSG00000236624",-0.186,-0.186,1,NA
5,"hsa-miR-3143","UAACAUU",5,"CD1B","910","ENSG00000158485",-0.186,-0.186,1,"910"
5,"hsa-miR-3143","UAACAUU",5,"PBX3","5090","ENSG00000167081",-0.186,-0.186,1,"5090"
5,"hsa-miR-3143","UAACAUU",5,"SRR","63826","ENSG00000167720",-0.186,-0.186,1,"63826"
5,"hsa-miR-3143","UAACAUU",5,"TOMM40","10452","ENSG00000130204",-0.186,-0.186,1,"10452"
5,"hsa-miR-3143","UAACAUU",5,"DNAJB4","11080","ENSG00000162616",-0.185,-0.185,1,"11080"
5,"hsa-miR-3143","UAACAUU",5,"HORMAD1","84072","ENSG00000143452",-0.185,-0.185,1,"84072"
5,"hsa-miR-3143","UAACAUU",5,"RAB2A","5862","ENSG00000104388",-0.185,-0.185,1,"5862"
5,"hsa-miR-3143","UAACAUU",5,"SPG21","51324","ENSG00000090487",-0.185,-0.185,1,"51324"
5,"hsa-miR-3143","UAACAUU",5,"SUDS3","64426","ENSG00000111707",-0.185,-0.185,1,"64426"
5,"hsa-miR-3143","UAACAUU",5,"ACAT1","38","ENSG00000075239",-0.184,-0.184,1,"38"
5,"hsa-miR-3143","UAACAUU",5,"CC2D2B","387707","ENSG00000188649",-0.184,-0.184,1,"387707"
5,"hsa-miR-3143","UAACAUU",5,"DMXL2","23312","ENSG00000104093",-0.184,-0.184,1,"23312"
5,"hsa-miR-3143","UAACAUU",5,"PEX7","5191","ENSG00000112357",-0.184,-0.184,1,"5191"
5,"hsa-miR-3143","UAACAUU",5,"RGS5","8490","ENSG00000143248",-0.184,-0.184,1,"8490"
5,"hsa-miR-3143","UAACAUU",5,"AMMECR1","9949","ENSG00000101935",-0.183,-0.183,1,"9949"
5,"hsa-miR-3143","UAACAUU",5,"ATP2C1","27032","ENSG00000017260",-0.183,-0.183,1,"27032"
5,"hsa-miR-3143","UAACAUU",5,"CYB5B","80777","ENSG00000103018",-0.183,-0.183,1,"80777"
5,"hsa-miR-3143","UAACAUU",5,"HTR2C","3358","ENSG00000147246",-0.183,-0.183,1,"3358"
5,"hsa-miR-3143","UAACAUU",5,"MTERF1","7978","ENSG00000127989",-0.183,-0.183,1,"7978"
5,"hsa-miR-3143","UAACAUU",5,"RAB6A","5870","ENSG00000175582",-0.183,-0.183,1,"5870"
5,"hsa-miR-3143","UAACAUU",5,"ATOX1","475","ENSG00000177556",-0.182,-0.182,1,"475"
5,"hsa-miR-3143","UAACAUU",5,"B3GNT2","10678","ENSG00000170340",-0.182,-0.182,1,"10678"
5,"hsa-miR-3143","UAACAUU",5,"BBS7","55212","ENSG00000138686",-0.182,-0.182,1,"55212"
5,"hsa-miR-3143","UAACAUU",5,"FGFR2","2263","ENSG00000066468",-0.182,-0.182,1,"2263"
5,"hsa-miR-3143","UAACAUU",5,"GPCPD1","56261","ENSG00000125772",-0.182,-0.182,1,"56261"
5,"hsa-miR-3143","UAACAUU",5,"LINC01600","154386","ENSG00000164385",-0.182,-0.182,1,"154386"
5,"hsa-miR-3143","UAACAUU",5,"MS4A14","84689","ENSG00000166928",-0.182,-0.182,1,"84689"
5,"hsa-miR-3143","UAACAUU",5,"NEDD1","121441","ENSG00000139350",-0.182,-0.182,1,"121441"
5,"hsa-miR-3143","UAACAUU",5,"PMP2","5375","ENSG00000147588",-0.182,-0.182,1,"5375"
5,"hsa-miR-3143","UAACAUU",5,"SRGN","5552","ENSG00000122862",-0.182,-0.182,1,"5552"
5,"hsa-miR-3143","UAACAUU",5,"TRADD","8717","ENSG00000102871",-0.182,-0.182,1,"8717"
5,"hsa-miR-3143","UAACAUU",5,"TRIM13","10206","ENSG00000204977",-0.182,-0.182,1,"10206"
5,"hsa-miR-3143","UAACAUU",5,"LAMA3","3909","ENSG00000053747",-0.181,-0.181,1,"3909"
5,"hsa-miR-3143","UAACAUU",5,"MSANTD3-TMEFF1","100526694","ENSG00000251349",-0.181,-0.181,1,"100526694"
5,"hsa-miR-3143","UAACAUU",5,"NDST4","64579","ENSG00000138653",-0.181,-0.181,1,"64579"
5,"hsa-miR-3143","UAACAUU",5,"PAWR","5074","ENSG00000177425",-0.181,-0.181,1,"5074"
5,"hsa-miR-3143","UAACAUU",5,"PMCH","5367","ENSG00000183395",-0.181,-0.181,1,"5367"
5,"hsa-miR-3143","UAACAUU",5,"PTRH2","51651","ENSG00000141378",-0.181,-0.181,1,"51651"
5,"hsa-miR-3143","UAACAUU",5,"TRIM48","79097","ENSG00000150244",-0.181,-0.181,1,"79097"
5,"hsa-miR-3143","UAACAUU",5,"ZNF559-ZNF177","100529215","ENSG00000270011",-0.181,-0.181,1,"100529215"
5,"hsa-miR-3143","UAACAUU",5,"CAAP1","79886","ENSG00000120159",-0.18,-0.18,1,"79886"
5,"hsa-miR-3143","UAACAUU",5,"CHMP2A","27243","ENSG00000130724",-0.18,-0.18,1,"27243"
5,"hsa-miR-3143","UAACAUU",5,"MCOLN2","255231","ENSG00000153898",-0.18,-0.18,1,"255231"
5,"hsa-miR-3143","UAACAUU",5,"MPZL3","196264","ENSG00000160588",-0.18,-0.18,1,"196264"
5,"hsa-miR-3143","UAACAUU",5,"MTX2","10651","ENSG00000128654",-0.18,-0.18,1,"10651"
5,"hsa-miR-3143","UAACAUU",5,"OR2L13","284521","ENSG00000196071",-0.18,-0.18,1,"284521"
5,"hsa-miR-3143","UAACAUU",5,"OSER1","51526","ENSG00000132823",-0.18,-0.18,1,"51526"
5,"hsa-miR-3143","UAACAUU",5,"RAB33B","83452","ENSG00000172007",-0.18,-0.18,1,"83452"
5,"hsa-miR-3143","UAACAUU",5,"RBMX","27316","ENSG00000147274",-0.18,-0.18,1,"27316"
5,"hsa-miR-3143","UAACAUU",5,"RPL22L1","200916","ENSG00000163584",-0.18,-0.18,1,"200916"
5,"hsa-miR-3143","UAACAUU",5,"TXNRD3","114112","ENSG00000197763",-0.18,-0.18,1,"114112"
5,"hsa-miR-3143","UAACAUU",5,"USP33","23032","ENSG00000077254",-0.18,-0.18,1,"23032"
5,"hsa-miR-3143","UAACAUU",5,"MEX3C","51320","ENSG00000176624",-0.179,-0.179,1,"51320"
5,"hsa-miR-3143","UAACAUU",5,"PAIP2B","400961","ENSG00000124374",-0.179,-0.179,1,"400961"
5,"hsa-miR-3143","UAACAUU",5,"RWDD1","51389","ENSG00000111832",-0.179,-0.179,1,"51389"
5,"hsa-miR-3143","UAACAUU",5,"TMPRSS7","344805","ENSG00000176040",-0.179,-0.179,1,"344805"
5,"hsa-miR-3143","UAACAUU",5,"COX11","1353","ENSG00000166260",-0.178,-0.178,1,"1353"
5,"hsa-miR-3143","UAACAUU",5,"ELOVL4","6785","ENSG00000118402",-0.178,-0.178,1,"6785"
5,"hsa-miR-3143","UAACAUU",5,"GYG2","8908","ENSG00000056998",-0.178,-0.178,1,"8908"
5,"hsa-miR-3143","UAACAUU",5,"HS3ST3A1","9955","ENSG00000153976",-0.178,-0.178,1,"9955"
5,"hsa-miR-3143","UAACAUU",5,"TAFA1","407738","ENSG00000183662",-0.178,-0.178,1,"407738"
5,"hsa-miR-3143","UAACAUU",5,"TMEFF1","8577","ENSG00000241697",-0.178,-0.178,1,"8577"
5,"hsa-miR-3143","UAACAUU",5,"UBQLN1","29979","ENSG00000135018",-0.178,-0.178,1,"29979"
5,"hsa-miR-3143","UAACAUU",5,"UTP23","84294","ENSG00000147679",-0.178,-0.178,1,"84294"
6,"hsa-miR-3922-5p","CAAGGCC",5,"C12orf57","113246","ENSG00000111678",-0.828,-0.828,1,"113246"
6,"hsa-miR-3922-5p","CAAGGCC",5,"FKBP3","2287","ENSG00000100442",-0.815,-0.815,1,"2287"
6,"hsa-miR-3922-5p","CAAGGCC",5,"HBB","3043","ENSG00000244734",-0.755,-0.755,1,"3043"
6,"hsa-miR-3922-5p","CAAGGCC",5,"HBE1","3046","ENSG00000213931",-0.735,-0.735,1,"3046"
6,"hsa-miR-3922-5p","CAAGGCC",5,"ARL15","54622","ENSG00000185305",-0.729,-0.551,2,"54622"
6,"hsa-miR-3922-5p","CAAGGCC",5,"FAM163B","642968","ENSG00000196990",-0.718,-0.718,1,"642968"
6,"hsa-miR-3922-5p","CAAGGCC",5,"GALT","2592","ENSG00000213930",-0.698,-0.651,2,"2592"
6,"hsa-miR-3922-5p","CAAGGCC",5,"COPB1","1315","ENSG00000129083",-0.684,-0.684,1,"1315"
6,"hsa-miR-3922-5p","CAAGGCC",5,"MB21D2","151963","ENSG00000180611",-0.65,-0.65,1,"151963"
6,"hsa-miR-3922-5p","CAAGGCC",5,"ZNF195","7748","ENSG00000005801",-0.644,-0.644,1,"7748"
6,"hsa-miR-3922-5p","CAAGGCC",5,"SMIM19","114926","ENSG00000176209",-0.642,-0.642,1,"114926"
6,"hsa-miR-3922-5p","CAAGGCC",5,"HILPDA","29923","ENSG00000135245",-0.634,-0.634,1,"29923"
6,"hsa-miR-3922-5p","CAAGGCC",5,"NUDT10","170685","ENSG00000122824",-0.633,-0.633,1,"170685"
6,"hsa-miR-3922-5p","CAAGGCC",5,"H2AC13","8329","ENSG00000196747",-0.61,-0.61,1,"8329"
6,"hsa-miR-3922-5p","CAAGGCC",5,"COX15","1355","ENSG00000014919",-0.605,-0.605,1,"1355"
6,"hsa-miR-3922-5p","CAAGGCC",5,"STPG1","90529","ENSG00000001460",-0.596,-0.596,1,"90529"
6,"hsa-miR-3922-5p","CAAGGCC",5,"COQ2","27235","ENSG00000173085",-0.584,-0.584,1,"27235"
6,"hsa-miR-3922-5p","CAAGGCC",5,"RNF214","257160","ENSG00000167257",-0.583,-0.583,1,"257160"
6,"hsa-miR-3922-5p","CAAGGCC",5,"BTG1","694","ENSG00000133639",-0.57,-0.57,1,"694"
6,"hsa-miR-3922-5p","CAAGGCC",5,"C1orf210","149466","ENSG00000253313",-0.56,-0.56,1,"149466"
6,"hsa-miR-3922-5p","CAAGGCC",5,"BBLN","79095","ENSG00000171159",-0.555,-0.555,1,"79095"
6,"hsa-miR-3922-5p","CAAGGCC",5,"CCL13","6357","ENSG00000181374",-0.552,-0.552,1,"6357"
6,"hsa-miR-3922-5p","CAAGGCC",5,"CHRNA1","1134","ENSG00000138435",-0.552,-0.552,1,"1134"
6,"hsa-miR-3922-5p","CAAGGCC",5,"HNRNPH1","3187","ENSG00000169045",-0.552,-0.552,1,"3187"
6,"hsa-miR-3922-5p","CAAGGCC",5,"RP11-268J15.5",NA,"ENSG00000116883",-0.552,-0.552,1,NA
6,"hsa-miR-3922-5p","CAAGGCC",5,"RFK","55312","ENSG00000135002",-0.544,-0.5385,2,"55312"
6,"hsa-miR-3922-5p","CAAGGCC",5,"HDDC3","374659","ENSG00000184508",-0.54,-0.54,1,"374659"
6,"hsa-miR-3922-5p","CAAGGCC",5,"TPD52L1","7164","ENSG00000111907",-0.536,-0.536,1,"7164"
6,"hsa-miR-3922-5p","CAAGGCC",5,"AGR2","10551","ENSG00000106541",-0.528,-0.528,1,"10551"
6,"hsa-miR-3922-5p","CAAGGCC",5,"NAP1L1","4673","ENSG00000187109",-0.527,-0.527,1,"4673"
6,"hsa-miR-3922-5p","CAAGGCC",5,"ANKH","56172","ENSG00000154122",-0.525,-0.525,1,"56172"
6,"hsa-miR-3922-5p","CAAGGCC",5,"NAGS","162417","ENSG00000161653",-0.521,-0.521,1,"162417"
6,"hsa-miR-3922-5p","CAAGGCC",5,"NF2","4771","ENSG00000186575",-0.52,-0.52,1,"4771"
6,"hsa-miR-3922-5p","CAAGGCC",5,"PGS1","9489","ENSG00000087157",-0.518,-0.518,1,"9489"
6,"hsa-miR-3922-5p","CAAGGCC",5,"MGST2","4258","ENSG00000085871",-0.517,-0.517,1,"4258"
6,"hsa-miR-3922-5p","CAAGGCC",5,"ERG","2078","ENSG00000157554",-0.515,-0.348,2,"2078"
6,"hsa-miR-3922-5p","CAAGGCC",5,"AGO2","27161","ENSG00000123908",-0.512,-0.512,1,"27161"
6,"hsa-miR-3922-5p","CAAGGCC",5,"TMEM37","140738","ENSG00000171227",-0.511,-0.511,1,"140738"
6,"hsa-miR-3922-5p","CAAGGCC",5,"DPPA2","151871","ENSG00000163530",-0.506,-0.506,1,"151871"
6,"hsa-miR-3922-5p","CAAGGCC",5,"RRP9","9136","ENSG00000114767",-0.505,-0.505,1,"9136"
6,"hsa-miR-3922-5p","CAAGGCC",5,"KRTAP2-1","81872","ENSG00000212725",-0.5,-0.5,1,"81872"
6,"hsa-miR-3922-5p","CAAGGCC",5,"PPP1R21","129285","ENSG00000162869",-0.497,-0.497,1,"129285"
6,"hsa-miR-3922-5p","CAAGGCC",5,"KLHL34","257240","ENSG00000185915",-0.494,-0.494,1,"257240"
6,"hsa-miR-3922-5p","CAAGGCC",5,"FLI1","2313","ENSG00000151702",-0.486,-0.486,1,"2313"
6,"hsa-miR-3922-5p","CAAGGCC",5,"KIR3DL3","115653","ENSG00000242019",-0.485,-0.485,1,"115653"
6,"hsa-miR-3922-5p","CAAGGCC",5,"GATC","283459","ENSG00000257218",-0.484,-0.484,1,"283459"
6,"hsa-miR-3922-5p","CAAGGCC",5,"NABP1","64859","ENSG00000173559",-0.484,-0.484,1,"64859"
6,"hsa-miR-3922-5p","CAAGGCC",5,"IL1F10","84639","ENSG00000136697",-0.483,-0.483,1,"84639"
6,"hsa-miR-3922-5p","CAAGGCC",5,"GAGE1","2543","ENSG00000205777",-0.481,-0.481,1,"2543"
6,"hsa-miR-3922-5p","CAAGGCC",5,"MTERF1","7978","ENSG00000127989",-0.481,-0.481,1,"7978"
6,"hsa-miR-3922-5p","CAAGGCC",5,"CD47","961","ENSG00000196776",-0.48,-0.351,2,"961"
6,"hsa-miR-3922-5p","CAAGGCC",5,"CPB1","1360","ENSG00000153002",-0.48,-0.48,1,"1360"
6,"hsa-miR-3922-5p","CAAGGCC",5,"B4GAT1","11041","ENSG00000174684",-0.479,-0.479,1,"11041"
6,"hsa-miR-3922-5p","CAAGGCC",5,"TBX22","50945","ENSG00000122145",-0.475,-0.475,1,"50945"
6,"hsa-miR-3922-5p","CAAGGCC",5,"ZNF589","51385","ENSG00000164048",-0.475,-0.318,3,"51385"
6,"hsa-miR-3922-5p","CAAGGCC",5,"BTF3L4","91408","ENSG00000134717",-0.471,-0.339,2,"91408"
6,"hsa-miR-3922-5p","CAAGGCC",5,"STX2","2054","ENSG00000111450",-0.471,-0.471,1,"2054"
6,"hsa-miR-3922-5p","CAAGGCC",5,"NMNAT3","349565","ENSG00000163864",-0.465,-0.465,1,"349565"
6,"hsa-miR-3922-5p","CAAGGCC",5,"TERF2IP","54386","ENSG00000166848",-0.465,-0.465,1,"54386"
6,"hsa-miR-3922-5p","CAAGGCC",5,"KCNK17","89822","ENSG00000124780",-0.461,-0.461,1,"89822"
6,"hsa-miR-3922-5p","CAAGGCC",5,"HNRNPF","3185","ENSG00000169813",-0.459,-0.459,1,"3185"
6,"hsa-miR-3922-5p","CAAGGCC",5,"MTRES1","51250","ENSG00000130349",-0.459,-0.459,1,"51250"
6,"hsa-miR-3922-5p","CAAGGCC",5,"ABCG5","64240","ENSG00000138075",-0.458,-0.458,1,"64240"
6,"hsa-miR-3922-5p","CAAGGCC",5,"PPP2R1A","5518","ENSG00000105568",-0.458,-0.458,1,"5518"
6,"hsa-miR-3922-5p","CAAGGCC",5,"MIEF1","54471","ENSG00000100335",-0.456,-0.456,1,"54471"
6,"hsa-miR-3922-5p","CAAGGCC",5,"NIP7","51388","ENSG00000132603",-0.456,-0.456,1,"51388"
6,"hsa-miR-3922-5p","CAAGGCC",5,"NOP9","161424","ENSG00000196943",-0.455,-0.455,1,"161424"
6,"hsa-miR-3922-5p","CAAGGCC",5,"EML3","256364","ENSG00000149499",-0.453,-0.453,1,"256364"
6,"hsa-miR-3922-5p","CAAGGCC",5,"TP53","7157","ENSG00000141510",-0.453,-0.453,1,"7157"
6,"hsa-miR-3922-5p","CAAGGCC",5,"TMEM223","79064","ENSG00000168569",-0.45,-0.45,1,"79064"
6,"hsa-miR-3922-5p","CAAGGCC",5,"GADD45B","4616","ENSG00000099860",-0.448,-0.333,2,"4616"
6,"hsa-miR-3922-5p","CAAGGCC",5,"TLCD2","727910","ENSG00000185561",-0.448,-0.448,1,"727910"
6,"hsa-miR-3922-5p","CAAGGCC",5,"ZNF74","7625","ENSG00000185252",-0.448,-0.448,1,"7625"
6,"hsa-miR-3922-5p","CAAGGCC",5,"SSPN","8082","ENSG00000123096",-0.447,-0.447,1,"8082"
6,"hsa-miR-3922-5p","CAAGGCC",5,"BLCAP","10904","ENSG00000166619",-0.446,-0.446,1,"10904"
6,"hsa-miR-3922-5p","CAAGGCC",5,"ZNF205","7755","ENSG00000122386",-0.446,-0.446,1,"7755"
6,"hsa-miR-3922-5p","CAAGGCC",5,"ZNF396","252884","ENSG00000186496",-0.446,-0.446,1,"252884"
6,"hsa-miR-3922-5p","CAAGGCC",5,"ASAH2B","653308","ENSG00000204147",-0.443,-0.443,1,"653308"
6,"hsa-miR-3922-5p","CAAGGCC",5,"COASY","80347","ENSG00000068120",-0.442,-0.442,1,"80347"
6,"hsa-miR-3922-5p","CAAGGCC",5,"DCUN1D5","84259","ENSG00000137692",-0.441,-0.441,1,"84259"
6,"hsa-miR-3922-5p","CAAGGCC",5,"FBXL9P",NA,"ENSG00000125122",-0.441,-0.441,1,"26231"
6,"hsa-miR-3922-5p","CAAGGCC",5,"KCNJ8","3764","ENSG00000121361",-0.44,-0.44,1,"3764"
6,"hsa-miR-3922-5p","CAAGGCC",5,"GID4","79018","ENSG00000141034",-0.439,-0.439,1,"79018"
6,"hsa-miR-3922-5p","CAAGGCC",5,"MOCS2","4338","ENSG00000164172",-0.438,-0.438,1,"4338"
6,"hsa-miR-3922-5p","CAAGGCC",5,"ABHD15","116236","ENSG00000168792",-0.437,-0.437,1,"116236"
6,"hsa-miR-3922-5p","CAAGGCC",5,"CYP4F11","57834","ENSG00000171903",-0.433,-0.433,1,"57834"
6,"hsa-miR-3922-5p","CAAGGCC",5,"KIR2DL4","3805","ENSG00000189013",-0.431,-0.431,1,"3805"
6,"hsa-miR-3922-5p","CAAGGCC",5,"OTOA","146183","ENSG00000155719",-0.431,-0.431,1,"146183"
6,"hsa-miR-3922-5p","CAAGGCC",5,"PRKD2","25865","ENSG00000105287",-0.431,-0.431,1,"25865"
6,"hsa-miR-3922-5p","CAAGGCC",5,"HSPB3","8988","ENSG00000169271",-0.429,-0.3645,2,"8988"
6,"hsa-miR-3922-5p","CAAGGCC",5,"RAB10","10890","ENSG00000084733",-0.429,-0.429,1,"10890"
6,"hsa-miR-3922-5p","CAAGGCC",5,"ZNF667","63934","ENSG00000198046",-0.429,-0.429,1,"63934"
6,"hsa-miR-3922-5p","CAAGGCC",5,"HMBS","3145","ENSG00000256269",-0.428,-0.428,1,"3145"
6,"hsa-miR-3922-5p","CAAGGCC",5,"TPM2","7169","ENSG00000198467",-0.428,-0.428,1,"7169"
6,"hsa-miR-3922-5p","CAAGGCC",5,"TNFRSF10A","8797","ENSG00000104689",-0.427,-0.427,1,"8797"
6,"hsa-miR-3922-5p","CAAGGCC",5,"ARSJ","79642","ENSG00000180801",-0.425,-0.3265,2,"79642"
6,"hsa-miR-3922-5p","CAAGGCC",5,"ZNF586","54807","ENSG00000083828",-0.425,-0.425,1,"54807"
6,"hsa-miR-3922-5p","CAAGGCC",5,"RP11-379H8.1",NA,"ENSG00000261086",-0.424,-0.424,1,NA
6,"hsa-miR-3922-5p","CAAGGCC",5,"ICA1L","130026","ENSG00000163596",-0.422,-0.422,1,"130026"
6,"hsa-miR-3922-5p","CAAGGCC",5,"RGS14","10636","ENSG00000169220",-0.421,-0.421,1,"10636"
6,"hsa-miR-3922-5p","CAAGGCC",5,"LINC02872","401535","ENSG00000204446",-0.418,-0.418,1,"401535"
6,"hsa-miR-3922-5p","CAAGGCC",5,"EFCC1","79825","ENSG00000114654",-0.417,-0.417,1,"79825"
6,"hsa-miR-3922-5p","CAAGGCC",5,"KIFBP","26128","ENSG00000198954",-0.417,-0.417,1,"26128"
6,"hsa-miR-3922-5p","CAAGGCC",5,"TPRXL","348825","ENSG00000180438",-0.417,-0.417,1,"348825"
6,"hsa-miR-3922-5p","CAAGGCC",5,"ENSA","2029","ENSG00000143420",-0.414,-0.414,1,"2029"
6,"hsa-miR-3922-5p","CAAGGCC",5,"MRPS33","51650","ENSG00000090263",-0.414,-0.414,1,"51650"
6,"hsa-miR-3922-5p","CAAGGCC",5,"KRTAP5-8","57830","ENSG00000241233",-0.407,-0.407,1,"57830"
6,"hsa-miR-3922-5p","CAAGGCC",5,"PLA2G4C","8605","ENSG00000105499",-0.407,-0.407,1,"8605"
6,"hsa-miR-3922-5p","CAAGGCC",5,"ARSI","340075","ENSG00000183876",-0.406,-0.406,1,"340075"
6,"hsa-miR-3922-5p","CAAGGCC",5,"INIP","58493","ENSG00000148153",-0.406,-0.406,1,"58493"
6,"hsa-miR-3922-5p","CAAGGCC",5,"GP2","2813","ENSG00000169347",-0.405,-0.405,1,"2813"
6,"hsa-miR-3922-5p","CAAGGCC",5,"EMILIN3","90187","ENSG00000183798",-0.404,-0.3825,2,"90187"
6,"hsa-miR-3922-5p","CAAGGCC",5,"MKS1","54903","ENSG00000011143",-0.404,-0.404,1,"54903"
6,"hsa-miR-3922-5p","CAAGGCC",5,"TEDDM1","127670","ENSG00000203730",-0.404,-0.404,1,"127670"
6,"hsa-miR-3922-5p","CAAGGCC",5,"SPMIP8","374739","ENSG00000159648",-0.403,-0.403,1,"374739"
6,"hsa-miR-3922-5p","CAAGGCC",5,"TES","26136","ENSG00000135269",-0.403,-0.403,1,"26136"
6,"hsa-miR-3922-5p","CAAGGCC",5,"CLDN4","1364","ENSG00000189143",-0.402,-0.402,1,"1364"
6,"hsa-miR-3922-5p","CAAGGCC",5,"FAM216B","144809","ENSG00000179813",-0.402,-0.402,1,"144809"
6,"hsa-miR-3922-5p","CAAGGCC",5,"HEXIM2","124790","ENSG00000168517",-0.399,-0.399,1,"124790"
6,"hsa-miR-3922-5p","CAAGGCC",5,"VTCN1","79679","ENSG00000134258",-0.399,-0.399,1,"79679"
6,"hsa-miR-3922-5p","CAAGGCC",5,"LRMDA","83938","ENSG00000148655",-0.397,-0.397,1,"83938"
6,"hsa-miR-3922-5p","CAAGGCC",5,"VPS33A","65082","ENSG00000139719",-0.396,-0.396,1,"65082"
6,"hsa-miR-3922-5p","CAAGGCC",5,"C10orf105","414152","ENSG00000214688",-0.395,-0.395,1,"414152"
6,"hsa-miR-3922-5p","CAAGGCC",5,"ALG1","56052","ENSG00000033011",-0.394,-0.394,1,"56052"
6,"hsa-miR-3922-5p","CAAGGCC",5,"RXRB","6257","ENSG00000204231",-0.392,-0.392,1,"6257"
6,"hsa-miR-3922-5p","CAAGGCC",5,"OCLM","10896","ENSG00000262180",-0.39,-0.39,1,NA
6,"hsa-miR-3922-5p","CAAGGCC",5,"ZNF571","51276","ENSG00000180479",-0.39,-0.39,1,"51276"
6,"hsa-miR-3922-5p","CAAGGCC",5,"GSTT1",NA,"ENSG00000184674",-0.389,-0.389,1,"2952"
6,"hsa-miR-3922-5p","CAAGGCC",5,"EDN3","1908","ENSG00000124205",-0.387,-0.298,2,"1908"
6,"hsa-miR-3922-5p","CAAGGCC",5,"TMEM38A","79041","ENSG00000072954",-0.386,-0.386,1,"79041"
6,"hsa-miR-3922-5p","CAAGGCC",5,"KRT32","3882","ENSG00000108759",-0.385,-0.385,1,"3882"
6,"hsa-miR-3922-5p","CAAGGCC",5,"POLM","27434","ENSG00000122678",-0.385,-0.314,2,"27434"
6,"hsa-miR-3922-5p","CAAGGCC",5,"BUB1B","701","ENSG00000156970",-0.383,-0.383,1,"701"
6,"hsa-miR-3922-5p","CAAGGCC",5,"ZDHHC22","283576","ENSG00000177108",-0.383,-0.383,1,"283576"
6,"hsa-miR-3922-5p","CAAGGCC",5,"TMEM82","388595","ENSG00000162460",-0.382,-0.382,1,"388595"
6,"hsa-miR-3922-5p","CAAGGCC",5,"IRX5","10265","ENSG00000176842",-0.381,-0.381,1,"10265"
6,"hsa-miR-3922-5p","CAAGGCC",5,"TMEM217","221468","ENSG00000172738",-0.378,-0.378,1,"221468"
6,"hsa-miR-3922-5p","CAAGGCC",5,"TSKU","25987","ENSG00000182704",-0.378,-0.378,1,"25987"
6,"hsa-miR-3922-5p","CAAGGCC",5,"LRRC74B","400891","ENSG00000187905",-0.375,-0.284,2,"400891"
6,"hsa-miR-3922-5p","CAAGGCC",5,"MRTFA","57591","ENSG00000196588",-0.375,-0.375,1,"57591"
6,"hsa-miR-3922-5p","CAAGGCC",5,"NPC2","10577","ENSG00000119655",-0.375,-0.375,1,"10577"
6,"hsa-miR-3922-5p","CAAGGCC",5,"P4HA3","283208","ENSG00000149380",-0.375,-0.375,1,"283208"
6,"hsa-miR-3922-5p","CAAGGCC",5,"BRIX1","55299","ENSG00000113460",-0.374,-0.374,1,"55299"
6,"hsa-miR-3922-5p","CAAGGCC",5,"CCDC103","388389","ENSG00000167131",-0.374,-0.374,1,"388389"
6,"hsa-miR-3922-5p","CAAGGCC",5,"CRIP1","1396","ENSG00000213145",-0.374,-0.374,1,"1396"
6,"hsa-miR-3922-5p","CAAGGCC",5,"TCEAL4","79921","ENSG00000133142",-0.373,-0.373,1,"79921"
6,"hsa-miR-3922-5p","CAAGGCC",5,"TRIM23","373","ENSG00000113595",-0.373,-0.373,1,"373"
6,"hsa-miR-3922-5p","CAAGGCC",5,"ELMOD3","84173","ENSG00000115459",-0.372,-0.372,1,"84173"
6,"hsa-miR-3922-5p","CAAGGCC",5,"RHNO1","83695","ENSG00000171792",-0.372,-0.372,1,"83695"
6,"hsa-miR-3922-5p","CAAGGCC",5,"AGER","177","ENSG00000204305",-0.37,-0.37,1,"177"
6,"hsa-miR-3922-5p","CAAGGCC",5,"GTF2B","2959","ENSG00000137947",-0.37,-0.37,1,"2959"
6,"hsa-miR-3922-5p","CAAGGCC",5,"OSBPL2","9885","ENSG00000130703",-0.37,-0.37,1,"9885"
6,"hsa-miR-3922-5p","CAAGGCC",5,"DNAJA4","55466","ENSG00000140403",-0.369,-0.369,1,"55466"
6,"hsa-miR-3922-5p","CAAGGCC",5,"KCNMB4","27345","ENSG00000135643",-0.369,-0.369,1,"27345"
6,"hsa-miR-3922-5p","CAAGGCC",5,"TIMM10B","26515","ENSG00000132286",-0.369,-0.369,1,"26515"
6,"hsa-miR-3922-5p","CAAGGCC",5,"CNPY3","10695","ENSG00000137161",-0.368,-0.296,2,"10695"
6,"hsa-miR-3922-5p","CAAGGCC",5,"TEX56P",NA,"ENSG00000185689",-0.368,-0.368,1,"404220"
6,"hsa-miR-3922-5p","CAAGGCC",5,"C1GALT1","56913","ENSG00000106392",-0.367,-0.367,1,"56913"
6,"hsa-miR-3922-5p","CAAGGCC",5,"PLEK","5341","ENSG00000115956",-0.367,-0.367,1,"5341"
6,"hsa-miR-3922-5p","CAAGGCC",5,"IL3","3562","ENSG00000164399",-0.366,-0.366,1,"3562"
6,"hsa-miR-3922-5p","CAAGGCC",5,"PSMC4","5704","ENSG00000013275",-0.366,-0.366,1,"5704"
6,"hsa-miR-3922-5p","CAAGGCC",5,"ESYT2","57488","ENSG00000117868",-0.365,-0.365,1,"57488"
6,"hsa-miR-3922-5p","CAAGGCC",5,"GNA11","2767","ENSG00000088256",-0.365,-0.365,1,"2767"
6,"hsa-miR-3922-5p","CAAGGCC",5,"LCE1C","353133","ENSG00000197084",-0.365,-0.365,1,"353133"
6,"hsa-miR-3922-5p","CAAGGCC",5,"ZFY","7544","ENSG00000067646",-0.364,-0.364,1,"7544"
6,"hsa-miR-3922-5p","CAAGGCC",5,"CNGA2","1260","ENSG00000183862",-0.363,-0.363,1,"1260"
6,"hsa-miR-3922-5p","CAAGGCC",5,"NLRP4","147945","ENSG00000160505",-0.363,-0.363,1,"147945"
6,"hsa-miR-3922-5p","CAAGGCC",5,"DSC3","1825","ENSG00000134762",-0.362,-0.362,1,"1825"
6,"hsa-miR-3922-5p","CAAGGCC",5,"CSAD","51380","ENSG00000139631",-0.361,-0.361,1,"51380"
6,"hsa-miR-3922-5p","CAAGGCC",5,"FGF5","2250","ENSG00000138675",-0.361,-0.361,1,"2250"
6,"hsa-miR-3922-5p","CAAGGCC",5,"MED22","6837","ENSG00000148297",-0.361,-0.361,1,"6837"
6,"hsa-miR-3922-5p","CAAGGCC",5,"INCA1","388324","ENSG00000196388",-0.36,-0.36,1,"388324"
6,"hsa-miR-3922-5p","CAAGGCC",5,"PPM1D","8493","ENSG00000170836",-0.359,-0.359,1,"8493"
6,"hsa-miR-3922-5p","CAAGGCC",5,"SELENBP1","8991","ENSG00000143416",-0.358,-0.358,1,"8991"
6,"hsa-miR-3922-5p","CAAGGCC",5,"CENPX","201254","ENSG00000169689",-0.357,-0.2995,2,"201254"
6,"hsa-miR-3922-5p","CAAGGCC",5,"CHCHD4","131474","ENSG00000163528",-0.354,-0.354,1,"131474"
6,"hsa-miR-3922-5p","CAAGGCC",5,"CABP2","51475","ENSG00000167791",-0.353,-0.353,1,"51475"
6,"hsa-miR-3922-5p","CAAGGCC",5,"DDX54","79039","ENSG00000123064",-0.352,-0.352,1,"79039"
6,"hsa-miR-3922-5p","CAAGGCC",5,"SUOX","6821","ENSG00000139531",-0.352,-0.352,1,"6821"
6,"hsa-miR-3922-5p","CAAGGCC",5,"ZNF812P",NA,"ENSG00000224689",-0.352,-0.352,1,"729648"
6,"hsa-miR-3922-5p","CAAGGCC",5,"MYO1A","4640","ENSG00000166866",-0.351,-0.351,1,"4640"
6,"hsa-miR-3922-5p","CAAGGCC",5,"SMDT1","91689","ENSG00000183172",-0.348,-0.348,1,"91689"
6,"hsa-miR-3922-5p","CAAGGCC",5,"ZNHIT6","54680","ENSG00000117174",-0.348,-0.348,1,"54680"
6,"hsa-miR-3922-5p","CAAGGCC",5,"TMEM33","55161","ENSG00000109133",-0.347,-0.347,1,"55161"
6,"hsa-miR-3922-5p","CAAGGCC",5,"BARX2","8538","ENSG00000043039",-0.346,-0.346,1,"8538"
6,"hsa-miR-3922-5p","CAAGGCC",5,"HEATR1","55127","ENSG00000119285",-0.346,-0.346,1,"55127"
6,"hsa-miR-3922-5p","CAAGGCC",5,"IGLON5","402665","ENSG00000142549",-0.346,-0.346,1,"402665"
6,"hsa-miR-3922-5p","CAAGGCC",5,"ATRIP","84126","ENSG00000164053",-0.345,-0.345,1,"84126"
6,"hsa-miR-3922-5p","CAAGGCC",5,"CMTM8","152189","ENSG00000170293",-0.345,-0.345,1,"152189"
6,"hsa-miR-3922-5p","CAAGGCC",5,"MATCAP1","653319","ENSG00000196123",-0.345,-0.345,1,"653319"
6,"hsa-miR-3922-5p","CAAGGCC",5,"TTC31","64427","ENSG00000115282",-0.345,-0.345,1,"64427"
6,"hsa-miR-3922-5p","CAAGGCC",5,"C15orf61","145853","ENSG00000189227",-0.344,-0.3105,2,"145853"
6,"hsa-miR-3922-5p","CAAGGCC",5,"RP6-24A23.6",NA,"ENSG00000260548",-0.344,-0.344,1,NA
6,"hsa-miR-3922-5p","CAAGGCC",5,"UQCR11","10975","ENSG00000127540",-0.344,-0.344,1,"10975"
6,"hsa-miR-3922-5p","CAAGGCC",5,"AC003102.1",NA,"ENSG00000214921",-0.343,-0.343,1,NA
6,"hsa-miR-3922-5p","CAAGGCC",5,"LCMT2","9836","ENSG00000168806",-0.343,-0.343,1,"9836"
6,"hsa-miR-3922-5p","CAAGGCC",5,"SPMIP7","100130988","ENSG00000164500",-0.343,-0.343,1,"100130988"
6,"hsa-miR-3922-5p","CAAGGCC",5,"CNOT6L","246175","ENSG00000138767",-0.342,-0.342,1,"246175"
6,"hsa-miR-3922-5p","CAAGGCC",5,"YTHDF3","253943","ENSG00000185728",-0.342,-0.342,1,"253943"
6,"hsa-miR-3922-5p","CAAGGCC",5,"AC008443.1",NA,"ENSG00000268397",-0.341,-0.341,1,NA
6,"hsa-miR-3922-5p","CAAGGCC",5,"SLC5A9","200010","ENSG00000117834",-0.341,-0.341,1,"200010"
6,"hsa-miR-3922-5p","CAAGGCC",5,"TP53TG3D","24150","ENSG00000205456",-0.341,-0.341,5,"729264"
6,"hsa-miR-3922-5p","CAAGGCC",5,"MRGPRE","116534","ENSG00000184350",-0.34,-0.34,1,"116534"
6,"hsa-miR-3922-5p","CAAGGCC",5,"GADD45GIP1","90480","ENSG00000179271",-0.339,-0.339,1,"90480"
6,"hsa-miR-3922-5p","CAAGGCC",5,"METTL14","57721","ENSG00000145388",-0.339,-0.339,1,"57721"
6,"hsa-miR-3922-5p","CAAGGCC",5,"PRKAG3","53632","ENSG00000115592",-0.338,-0.338,1,"53632"
6,"hsa-miR-3922-5p","CAAGGCC",5,"ZFX","7543","ENSG00000005889",-0.338,-0.338,1,"7543"
6,"hsa-miR-3922-5p","CAAGGCC",5,"ZIK1","284307","ENSG00000171649",-0.338,-0.338,1,"284307"
6,"hsa-miR-3922-5p","CAAGGCC",5,"FAM151B","167555","ENSG00000152380",-0.337,-0.337,1,"167555"
6,"hsa-miR-3922-5p","CAAGGCC",5,"RNF169","254225","ENSG00000166439",-0.337,-0.337,1,"254225"
6,"hsa-miR-3922-5p","CAAGGCC",5,"EGLN3","112399","ENSG00000129521",-0.336,-0.336,1,"112399"
6,"hsa-miR-3922-5p","CAAGGCC",5,"SLBP","7884","ENSG00000163950",-0.336,-0.336,1,"7884"
6,"hsa-miR-3922-5p","CAAGGCC",5,"DEFB118","117285","ENSG00000131068",-0.335,-0.335,1,"117285"
6,"hsa-miR-3922-5p","CAAGGCC",5,"GLCCI1","113263","ENSG00000106415",-0.335,-0.335,1,"113263"
6,"hsa-miR-3922-5p","CAAGGCC",5,"GMPR2","51292","ENSG00000100938",-0.335,-0.335,1,"51292"
6,"hsa-miR-3922-5p","CAAGGCC",5,"MSRB3","253827","ENSG00000174099",-0.335,-0.335,1,"253827"
6,"hsa-miR-3922-5p","CAAGGCC",5,"RAB11A","8766","ENSG00000103769",-0.335,-0.335,1,"8766"
6,"hsa-miR-3922-5p","CAAGGCC",5,"CACNG4","27092","ENSG00000075461",-0.334,-0.334,1,"27092"
6,"hsa-miR-3922-5p","CAAGGCC",5,"REPIN1","29803","ENSG00000214022",-0.334,-0.3035,2,"29803"
6,"hsa-miR-3922-5p","CAAGGCC",5,"RNF13","11342","ENSG00000082996",-0.334,-0.334,1,"11342"
6,"hsa-miR-3922-5p","CAAGGCC",5,"HOXB4","3214","ENSG00000182742",-0.333,-0.333,1,"3214"
6,"hsa-miR-3922-5p","CAAGGCC",5,"SAA1","6288","ENSG00000173432",-0.333,-0.333,1,"6288"
6,"hsa-miR-3922-5p","CAAGGCC",5,"TPT1","7178","ENSG00000133112",-0.333,-0.333,1,"7178"
6,"hsa-miR-3922-5p","CAAGGCC",5,"UQCC1","55245","ENSG00000101019",-0.332,-0.332,1,"55245"
6,"hsa-miR-3922-5p","CAAGGCC",5,"GRID1","2894","ENSG00000182771",-0.331,-0.331,1,"2894"
6,"hsa-miR-3922-5p","CAAGGCC",5,"SLC36A2","153201","ENSG00000186335",-0.33,-0.33,1,"153201"
6,"hsa-miR-3922-5p","CAAGGCC",5,"CRYGS","1427","ENSG00000213139",-0.329,-0.329,1,"1427"
6,"hsa-miR-3922-5p","CAAGGCC",5,"DCTN4","51164","ENSG00000132912",-0.329,-0.329,1,"51164"
6,"hsa-miR-3922-5p","CAAGGCC",5,"FAM169B","283777","ENSG00000185087",-0.329,-0.329,1,NA
6,"hsa-miR-3922-5p","CAAGGCC",5,"HSD17B8","7923","ENSG00000204228",-0.329,-0.329,1,"7923"
6,"hsa-miR-3922-5p","CAAGGCC",5,"RD3","343035","ENSG00000198570",-0.328,-0.328,1,"343035"
6,"hsa-miR-3922-5p","CAAGGCC",5,"ENO2","2026","ENSG00000111674",-0.327,-0.327,1,"2026"
6,"hsa-miR-3922-5p","CAAGGCC",5,"LEPROT","54741","ENSG00000213625",-0.327,-0.327,1,"54741"
6,"hsa-miR-3922-5p","CAAGGCC",5,"PYCARD","29108","ENSG00000103490",-0.327,-0.327,1,"29108"
6,"hsa-miR-3922-5p","CAAGGCC",5,"FAM203B","728071","ENSG00000230567",-0.326,-0.326,1,NA
6,"hsa-miR-3922-5p","CAAGGCC",5,"HGH1","51236","ENSG00000235173",-0.326,-0.326,1,"51236"
6,"hsa-miR-3922-5p","CAAGGCC",5,"MTMR2","8898","ENSG00000087053",-0.326,-0.326,1,"8898"
6,"hsa-miR-3922-5p","CAAGGCC",5,"PTPRG","5793","ENSG00000144724",-0.326,-0.326,1,"5793"
6,"hsa-miR-3922-5p","CAAGGCC",5,"ZBTB42","100128927","ENSG00000179627",-0.326,-0.326,1,"100128927"
6,"hsa-miR-3922-5p","CAAGGCC",5,"INTS11","54973","ENSG00000127054",-0.325,-0.325,1,"54973"
6,"hsa-miR-3922-5p","CAAGGCC",5,"PFN2","5217","ENSG00000070087",-0.325,-0.325,1,"5217"
6,"hsa-miR-3922-5p","CAAGGCC",5,"PLGRKT","55848","ENSG00000107020",-0.325,-0.325,1,"55848"
6,"hsa-miR-3922-5p","CAAGGCC",5,"SLC45A1","50651","ENSG00000162426",-0.325,-0.325,1,"50651"
6,"hsa-miR-3922-5p","CAAGGCC",5,"PRR18","285800","ENSG00000176381",-0.323,-0.323,1,"285800"
6,"hsa-miR-3922-5p","CAAGGCC",5,"VAX2","25806","ENSG00000116035",-0.323,-0.323,1,"25806"
6,"hsa-miR-3922-5p","CAAGGCC",5,"PABIR2","159090","ENSG00000156504",-0.321,-0.321,1,"159090"
6,"hsa-miR-3922-5p","CAAGGCC",5,"RSRC1","51319","ENSG00000174891",-0.321,-0.321,1,"51319"
6,"hsa-miR-3922-5p","CAAGGCC",5,"RCE1","9986","ENSG00000173653",-0.32,-0.32,1,"9986"
6,"hsa-miR-3922-5p","CAAGGCC",5,"RPRD1A","55197","ENSG00000141425",-0.32,-0.32,1,"55197"
6,"hsa-miR-3922-5p","CAAGGCC",5,"SAXO1","158297","ENSG00000155875",-0.32,-0.32,1,"158297"
6,"hsa-miR-3922-5p","CAAGGCC",5,"NME6","10201","ENSG00000172113",-0.319,-0.319,1,"10201"
6,"hsa-miR-3922-5p","CAAGGCC",5,"CACUL1","143384","ENSG00000151893",-0.318,-0.318,1,"143384"
6,"hsa-miR-3922-5p","CAAGGCC",5,"DNMBP","23268","ENSG00000107554",-0.318,-0.318,1,"23268"
6,"hsa-miR-3922-5p","CAAGGCC",5,"ALPL","249","ENSG00000162551",-0.317,-0.317,1,"249"
6,"hsa-miR-3922-5p","CAAGGCC",5,"CLEC4F","165530","ENSG00000152672",-0.317,-0.317,1,"165530"
6,"hsa-miR-3922-5p","CAAGGCC",5,"CYP4F31P",NA,"ENSG00000178206",-0.317,-0.317,1,"107403068"
6,"hsa-miR-3922-5p","CAAGGCC",5,"NPNT","255743","ENSG00000168743",-0.317,-0.317,1,"255743"
6,"hsa-miR-3922-5p","CAAGGCC",5,"QDPR","5860","ENSG00000151552",-0.317,-0.317,1,"5860"
6,"hsa-miR-3922-5p","CAAGGCC",5,"SYNJ2","8871","ENSG00000078269",-0.317,-0.317,1,"8871"
6,"hsa-miR-3922-5p","CAAGGCC",5,"UBE2N","7334","ENSG00000177889",-0.317,-0.317,1,"7334"
6,"hsa-miR-3922-5p","CAAGGCC",5,"RAB26","25837","ENSG00000167964",-0.316,-0.316,1,"25837"
6,"hsa-miR-3922-5p","CAAGGCC",5,"RNF130","55819","ENSG00000113269",-0.316,-0.316,1,"55819"
6,"hsa-miR-3922-5p","CAAGGCC",5,"TIGIT","201633","ENSG00000181847",-0.316,-0.316,1,"201633"
6,"hsa-miR-3922-5p","CAAGGCC",5,"TOR1A","1861","ENSG00000136827",-0.316,-0.316,1,"1861"
6,"hsa-miR-3922-5p","CAAGGCC",5,"VSX1","30813","ENSG00000100987",-0.316,-0.316,1,"30813"
6,"hsa-miR-3922-5p","CAAGGCC",5,"AP2S1","1175","ENSG00000042753",-0.315,-0.315,1,"1175"
6,"hsa-miR-3922-5p","CAAGGCC",5,"ATG16L2","89849","ENSG00000168010",-0.315,-0.315,1,"89849"
6,"hsa-miR-3922-5p","CAAGGCC",5,"DHRS4","10901","ENSG00000157326",-0.315,-0.315,1,"10901"
6,"hsa-miR-3922-5p","CAAGGCC",5,"PNO1","56902","ENSG00000115946",-0.315,-0.315,1,"56902"
6,"hsa-miR-3922-5p","CAAGGCC",5,"PSME3IP1","80011","ENSG00000172775",-0.315,-0.315,1,"80011"
6,"hsa-miR-3922-5p","CAAGGCC",5,"SRSF6","6431","ENSG00000124193",-0.315,-0.315,1,"6431"
6,"hsa-miR-3922-5p","CAAGGCC",5,"SYNE4","163183","ENSG00000181392",-0.315,-0.315,1,"163183"
6,"hsa-miR-3922-5p","CAAGGCC",5,"TMEM74B","55321","ENSG00000125895",-0.315,-0.315,1,"55321"
6,"hsa-miR-3922-5p","CAAGGCC",5,"AK4","205","ENSG00000162433",-0.314,-0.314,1,"205"
6,"hsa-miR-3922-5p","CAAGGCC",5,"IPO9","55705","ENSG00000198700",-0.314,-0.314,1,"55705"
6,"hsa-miR-3922-5p","CAAGGCC",5,"NIT2","56954","ENSG00000114021",-0.314,-0.314,1,"56954"
6,"hsa-miR-3922-5p","CAAGGCC",5,"POMGNT1","55624","ENSG00000085998",-0.314,-0.2675,2,"55624"
6,"hsa-miR-3922-5p","CAAGGCC",5,"ABHD4","63874","ENSG00000100439",-0.313,-0.313,1,"63874"
6,"hsa-miR-3922-5p","CAAGGCC",5,"MAPK4","5596","ENSG00000141639",-0.313,-0.313,1,"5596"
6,"hsa-miR-3922-5p","CAAGGCC",5,"PIK3R6",NA,"ENSG00000174083",-0.313,-0.313,1,"146850"
6,"hsa-miR-3922-5p","CAAGGCC",5,"SYBU-AS1",NA,"ENSG00000248050",-0.313,-0.313,1,"100132813"
6,"hsa-miR-3922-5p","CAAGGCC",5,"ATG7","10533","ENSG00000197548",-0.312,-0.303,2,"10533"
6,"hsa-miR-3922-5p","CAAGGCC",5,"MAU2","23383","ENSG00000129933",-0.312,-0.312,1,"23383"
6,"hsa-miR-3922-5p","CAAGGCC",5,"RNGTT","8732","ENSG00000111880",-0.312,-0.312,1,"8732"
6,"hsa-miR-3922-5p","CAAGGCC",5,"DENND6B","414918","ENSG00000205593",-0.311,-0.311,1,"414918"
6,"hsa-miR-3922-5p","CAAGGCC",5,"VAPA","9218","ENSG00000101558",-0.311,-0.311,1,"9218"
6,"hsa-miR-3922-5p","CAAGGCC",5,"ZXDB","158586","ENSG00000198455",-0.311,-0.311,1,"158586"
6,"hsa-miR-3922-5p","CAAGGCC",5,"C2orf72","257407","ENSG00000204128",-0.31,-0.31,1,"257407"
6,"hsa-miR-3922-5p","CAAGGCC",5,"LYNX1","66004","ENSG00000180155",-0.31,-0.31,1,"66004"
6,"hsa-miR-3922-5p","CAAGGCC",5,"SPOUT1","51490","ENSG00000198917",-0.31,-0.31,1,"51490"
6,"hsa-miR-3922-5p","CAAGGCC",5,"SRXN1","140809","ENSG00000271303",-0.31,-0.257,2,"140809"
6,"hsa-miR-3922-5p","CAAGGCC",5,"CCDC22","28952","ENSG00000101997",-0.308,-0.308,1,"28952"
6,"hsa-miR-3922-5p","CAAGGCC",5,"RHBDD1","84236","ENSG00000144468",-0.308,-0.2805,2,"84236"
6,"hsa-miR-3922-5p","CAAGGCC",5,"ADD3-AS1","100505933","ENSG00000203876",-0.307,-0.307,1,"100505933"
6,"hsa-miR-3922-5p","CAAGGCC",5,"FADS6","283985","ENSG00000172782",-0.307,-0.307,1,"283985"
6,"hsa-miR-3922-5p","CAAGGCC",5,"LRRC41","10489","ENSG00000132128",-0.307,-0.307,1,"10489"
6,"hsa-miR-3922-5p","CAAGGCC",5,"LURAP1","541468","ENSG00000171357",-0.307,-0.307,1,"541468"
6,"hsa-miR-3922-5p","CAAGGCC",5,"MAPK13","5603","ENSG00000156711",-0.307,-0.307,1,"5603"
6,"hsa-miR-3922-5p","CAAGGCC",5,"RRAGC","64121","ENSG00000116954",-0.307,-0.307,1,"64121"
6,"hsa-miR-3922-5p","CAAGGCC",5,"COMTD1","118881","ENSG00000165644",-0.306,-0.306,1,"118881"
6,"hsa-miR-3922-5p","CAAGGCC",5,"MORN4","118812","ENSG00000171160",-0.306,-0.306,1,"118812"
6,"hsa-miR-3922-5p","CAAGGCC",5,"ZFP3","124961","ENSG00000180787",-0.306,-0.306,1,"124961"
6,"hsa-miR-3922-5p","CAAGGCC",5,"CDH18","1016","ENSG00000145526",-0.305,-0.305,1,"1016"
6,"hsa-miR-3922-5p","CAAGGCC",5,"CRABP1","1381","ENSG00000166426",-0.305,-0.305,1,"1381"
6,"hsa-miR-3922-5p","CAAGGCC",5,"AZIN1","51582","ENSG00000155096",-0.304,-0.2485,2,"51582"
6,"hsa-miR-3922-5p","CAAGGCC",5,"DDB2","1643","ENSG00000134574",-0.304,-0.304,1,"1643"
6,"hsa-miR-3922-5p","CAAGGCC",5,"GPR39","2863","ENSG00000183840",-0.304,-0.304,1,"2863"
6,"hsa-miR-3922-5p","CAAGGCC",5,"INTS2","57508","ENSG00000108506",-0.304,-0.241,2,"57508"
6,"hsa-miR-3922-5p","CAAGGCC",5,"PEX26","55670","ENSG00000215193",-0.304,-0.304,1,"55670"
6,"hsa-miR-3922-5p","CAAGGCC",5,"DDI1","414301","ENSG00000170967",-0.303,-0.303,1,"414301"
6,"hsa-miR-3922-5p","CAAGGCC",5,"FXYD7","53822","ENSG00000221946",-0.303,-0.303,1,"53822"
6,"hsa-miR-3922-5p","CAAGGCC",5,"PI4K2B","55300","ENSG00000038210",-0.303,-0.303,1,"55300"
6,"hsa-miR-3922-5p","CAAGGCC",5,"PARS2","25973","ENSG00000162396",-0.302,-0.302,1,"25973"
6,"hsa-miR-3922-5p","CAAGGCC",5,"GIPC2","54810","ENSG00000137960",-0.301,-0.301,1,"54810"
6,"hsa-miR-3922-5p","CAAGGCC",5,"ZNF436-AS1","148898","ENSG00000249087",-0.301,-0.301,1,"148898"
6,"hsa-miR-3922-5p","CAAGGCC",5,"MEX3C","51320","ENSG00000176624",-0.3,-0.2485,2,"51320"
6,"hsa-miR-3922-5p","CAAGGCC",5,"FAM124B","79843","ENSG00000124019",-0.299,-0.299,1,"79843"
6,"hsa-miR-3922-5p","CAAGGCC",5,"JOSD1","9929","ENSG00000100221",-0.299,-0.299,1,"9929"
6,"hsa-miR-3922-5p","CAAGGCC",5,"LIN28B","389421","ENSG00000187772",-0.299,-0.299,1,"389421"
6,"hsa-miR-3922-5p","CAAGGCC",5,"THUMPD1","55623","ENSG00000066654",-0.299,-0.299,1,"55623"
6,"hsa-miR-3922-5p","CAAGGCC",5,"ALDH4A1","8659","ENSG00000159423",-0.298,-0.298,1,"8659"
6,"hsa-miR-3922-5p","CAAGGCC",5,"GRAPL","400581","ENSG00000189152",-0.298,-0.298,1,"400581"
6,"hsa-miR-3922-5p","CAAGGCC",5,"KDELR2","11014","ENSG00000136240",-0.298,-0.298,1,"11014"
6,"hsa-miR-3922-5p","CAAGGCC",5,"KRT77","374454","ENSG00000189182",-0.298,-0.298,1,"374454"
6,"hsa-miR-3922-5p","CAAGGCC",5,"LSM10","84967","ENSG00000181817",-0.298,-0.298,1,"84967"
6,"hsa-miR-3922-5p","CAAGGCC",5,"NECTIN4","81607","ENSG00000143217",-0.298,-0.298,1,"81607"
6,"hsa-miR-3922-5p","CAAGGCC",5,"TRPC5","7224","ENSG00000072315",-0.298,-0.298,1,"7224"
6,"hsa-miR-3922-5p","CAAGGCC",5,"CHRAC1","54108","ENSG00000104472",-0.297,-0.297,1,"54108"
6,"hsa-miR-3922-5p","CAAGGCC",5,"PPP3CC","5533","ENSG00000120910",-0.296,-0.296,1,"5533"
6,"hsa-miR-3922-5p","CAAGGCC",5,"DHRS4L2","317749","ENSG00000187630",-0.295,-0.295,1,"317749"
6,"hsa-miR-3922-5p","CAAGGCC",5,"LIPH","200879","ENSG00000163898",-0.295,-0.295,1,"200879"
6,"hsa-miR-3922-5p","CAAGGCC",5,"LY6K","54742","ENSG00000160886",-0.295,-0.295,1,"54742"
6,"hsa-miR-3922-5p","CAAGGCC",5,"ZNF576","79177","ENSG00000124444",-0.295,-0.295,1,"79177"
6,"hsa-miR-3922-5p","CAAGGCC",5,"AMIGO1","57463","ENSG00000181754",-0.294,-0.294,1,"57463"
6,"hsa-miR-3922-5p","CAAGGCC",5,"ARPP19","10776","ENSG00000128989",-0.294,-0.294,1,"10776"
6,"hsa-miR-3922-5p","CAAGGCC",5,"CWC27","10283","ENSG00000153015",-0.294,-0.294,1,"10283"
6,"hsa-miR-3922-5p","CAAGGCC",5,"DENND6A","201627","ENSG00000174839",-0.294,-0.294,1,"201627"
6,"hsa-miR-3922-5p","CAAGGCC",5,"MIEN1","84299","ENSG00000141741",-0.294,-0.294,1,"84299"
6,"hsa-miR-3922-5p","CAAGGCC",5,"SDHAF1","644096","ENSG00000205138",-0.294,-0.294,1,"644096"
6,"hsa-miR-3922-5p","CAAGGCC",5,"SPSB1","80176","ENSG00000171621",-0.294,-0.294,1,"80176"
6,"hsa-miR-3922-5p","CAAGGCC",5,"AFG3L2","10939","ENSG00000141385",-0.293,-0.293,1,"10939"
6,"hsa-miR-3922-5p","CAAGGCC",5,"GATA5","140628","ENSG00000130700",-0.293,-0.293,1,"140628"
6,"hsa-miR-3922-5p","CAAGGCC",5,"AQP3","360","ENSG00000165272",-0.292,-0.292,1,"360"
6,"hsa-miR-3922-5p","CAAGGCC",5,"HOOK1","51361","ENSG00000134709",-0.292,-0.292,1,"51361"
6,"hsa-miR-3922-5p","CAAGGCC",5,"INSYN2A","642938","ENSG00000188916",-0.292,-0.292,1,"642938"
6,"hsa-miR-3922-5p","CAAGGCC",5,"LINC01547","84536","ENSG00000183250",-0.292,-0.292,1,"84536"
6,"hsa-miR-3922-5p","CAAGGCC",5,"SLC33A1","9197","ENSG00000169359",-0.292,-0.292,1,"9197"
6,"hsa-miR-3922-5p","CAAGGCC",5,"AGAP3","116988","ENSG00000133612",-0.29,-0.29,1,"116988"
6,"hsa-miR-3922-5p","CAAGGCC",5,"DKK3","27122","ENSG00000050165",-0.288,-0.288,1,"27122"
6,"hsa-miR-3922-5p","CAAGGCC",5,"SLC25A45","283130","ENSG00000162241",-0.288,-0.288,1,"283130"
6,"hsa-miR-3922-5p","CAAGGCC",5,"CDKL1","8814","ENSG00000100490",-0.287,-0.287,1,"8814"
6,"hsa-miR-3922-5p","CAAGGCC",5,"CLCN6","1185","ENSG00000011021",-0.287,-0.287,1,"1185"
6,"hsa-miR-3922-5p","CAAGGCC",5,"TAB2","23118","ENSG00000055208",-0.287,-0.285,2,"23118"
6,"hsa-miR-3922-5p","CAAGGCC",5,"ZNF230","7773","ENSG00000159882",-0.287,-0.287,1,"7773"
6,"hsa-miR-3922-5p","CAAGGCC",5,"ANG","283","ENSG00000214274",-0.286,-0.2525,2,"283"
6,"hsa-miR-3922-5p","CAAGGCC",5,"KIF3C","3797","ENSG00000084731",-0.286,-0.286,1,"3797"
6,"hsa-miR-3922-5p","CAAGGCC",5,"MAPK11","5600","ENSG00000185386",-0.286,-0.286,1,"5600"
6,"hsa-miR-3922-5p","CAAGGCC",5,"MRPL15","29088","ENSG00000137547",-0.285,-0.285,1,"29088"
6,"hsa-miR-3922-5p","CAAGGCC",5,"TMEM219","124446","ENSG00000149932",-0.285,-0.285,1,"124446"
6,"hsa-miR-3922-5p","CAAGGCC",5,"C19orf48P",NA,"ENSG00000167747",-0.284,-0.284,1,"84798"
6,"hsa-miR-3922-5p","CAAGGCC",5,"CYCS","54205","ENSG00000172115",-0.284,-0.284,1,"54205"
6,"hsa-miR-3922-5p","CAAGGCC",5,"LARP4","113251","ENSG00000161813",-0.284,-0.284,1,"113251"
6,"hsa-miR-3922-5p","CAAGGCC",5,"SYCP2L","221711","ENSG00000153157",-0.284,-0.284,1,"221711"
6,"hsa-miR-3922-5p","CAAGGCC",5,"ARRDC4","91947","ENSG00000140450",-0.283,-0.283,1,"91947"
6,"hsa-miR-3922-5p","CAAGGCC",5,"CCDC47","57003","ENSG00000108588",-0.283,-0.283,1,"57003"
6,"hsa-miR-3922-5p","CAAGGCC",5,"CCL21","6366","ENSG00000137077",-0.283,-0.283,1,"6366"
6,"hsa-miR-3922-5p","CAAGGCC",5,"FASLG","356","ENSG00000117560",-0.283,-0.283,1,"356"
6,"hsa-miR-3922-5p","CAAGGCC",5,"FGF17","8822","ENSG00000158815",-0.283,-0.283,1,"8822"
6,"hsa-miR-3922-5p","CAAGGCC",5,"SHC1","6464","ENSG00000160691",-0.283,-0.2775,2,"6464"
6,"hsa-miR-3922-5p","CAAGGCC",5,"TNPO1","3842","ENSG00000083312",-0.283,-0.283,1,"3842"
6,"hsa-miR-3922-5p","CAAGGCC",5,"IFRD2","7866","ENSG00000214706",-0.282,-0.282,1,"7866"
6,"hsa-miR-3922-5p","CAAGGCC",5,"NODAL","4838","ENSG00000156574",-0.282,-0.282,1,"4838"
6,"hsa-miR-3922-5p","CAAGGCC",5,"TP53TG3","24150","ENSG00000183632",-0.282,-0.282,5,"24150"
6,"hsa-miR-3922-5p","CAAGGCC",5,"TP53TG3B","24150","ENSG00000261509",-0.282,-0.282,5,"729355"
6,"hsa-miR-3922-5p","CAAGGCC",5,"TP53TG3C","24150","ENSG00000205457",-0.282,-0.282,6,"653550"
6,"hsa-miR-3922-5p","CAAGGCC",5,"CERT1","10087","ENSG00000113163",-0.281,-0.281,1,"10087"
6,"hsa-miR-3922-5p","CAAGGCC",5,"DHX37","57647","ENSG00000150990",-0.281,-0.281,1,"57647"
6,"hsa-miR-3922-5p","CAAGGCC",5,"LYRM9","201229","ENSG00000232859",-0.281,-0.281,1,"201229"
6,"hsa-miR-3922-5p","CAAGGCC",5,"MAGEB2","4113","ENSG00000099399",-0.281,-0.281,1,"4113"
6,"hsa-miR-3922-5p","CAAGGCC",5,"MARCHF5","54708","ENSG00000198060",-0.281,-0.281,1,"54708"
6,"hsa-miR-3922-5p","CAAGGCC",5,"TLX2","3196","ENSG00000115297",-0.281,-0.281,1,"3196"
6,"hsa-miR-3922-5p","CAAGGCC",5,"ZNF500","26048","ENSG00000103199",-0.281,-0.281,1,"26048"
6,"hsa-miR-3922-5p","CAAGGCC",5,"FARSB","10056","ENSG00000116120",-0.28,-0.28,1,"10056"
6,"hsa-miR-3922-5p","CAAGGCC",5,"FNDC10","643988","ENSG00000228594",-0.28,-0.28,1,"643988"
6,"hsa-miR-3922-5p","CAAGGCC",5,"LRRC2","79442","ENSG00000163827",-0.28,-0.28,1,"79442"
6,"hsa-miR-3922-5p","CAAGGCC",5,"NAIF1","203245","ENSG00000171169",-0.28,-0.28,1,"203245"
6,"hsa-miR-3922-5p","CAAGGCC",5,"RP13-512J5.1",NA,"ENSG00000255767",-0.28,-0.28,1,NA
6,"hsa-miR-3922-5p","CAAGGCC",5,"RWDD2B","10069","ENSG00000156253",-0.28,-0.28,1,"10069"
6,"hsa-miR-3922-5p","CAAGGCC",5,"ST6GALNAC6","30815","ENSG00000160408",-0.28,-0.28,1,"30815"
6,"hsa-miR-3922-5p","CAAGGCC",5,"MAT2B","27430","ENSG00000038274",-0.279,-0.279,1,"27430"
6,"hsa-miR-3922-5p","CAAGGCC",5,"PRR5","55615","ENSG00000186654",-0.279,-0.279,1,"55615"
6,"hsa-miR-3922-5p","CAAGGCC",5,"FOXL2","668","ENSG00000183770",-0.278,-0.278,1,"668"
6,"hsa-miR-3922-5p","CAAGGCC",5,"NKAIN1","79570","ENSG00000084628",-0.278,-0.278,1,"79570"
6,"hsa-miR-3922-5p","CAAGGCC",5,"SEL1L","6400","ENSG00000071537",-0.278,-0.278,1,"6400"
6,"hsa-miR-3922-5p","CAAGGCC",5,"BTN3A1","11119","ENSG00000026950",-0.277,-0.277,1,"11119"
6,"hsa-miR-3922-5p","CAAGGCC",5,"IFFO1","25900","ENSG00000010295",-0.277,-0.277,1,"25900"
6,"hsa-miR-3922-5p","CAAGGCC",5,"ITFG3",NA,"ENSG00000269881",-0.277,-0.2405,2,NA
6,"hsa-miR-3922-5p","CAAGGCC",5,"RPP38","10557","ENSG00000152464",-0.277,-0.277,1,"10557"
6,"hsa-miR-3922-5p","CAAGGCC",5,"CCDC50","152137","ENSG00000152492",-0.276,-0.276,1,"152137"
6,"hsa-miR-3922-5p","CAAGGCC",5,"EYA1","2138","ENSG00000104313",-0.276,-0.276,1,"2138"
6,"hsa-miR-3922-5p","CAAGGCC",5,"HSPA14","51182","ENSG00000187522",-0.276,-0.276,1,"51182"
6,"hsa-miR-3922-5p","CAAGGCC",5,"MICOS13","125988","ENSG00000174917",-0.276,-0.276,1,"125988"
6,"hsa-miR-3922-5p","CAAGGCC",5,"OR2M3","127062","ENSG00000228198",-0.276,-0.276,1,"127062"
6,"hsa-miR-3922-5p","CAAGGCC",5,"PRMT1","3276","ENSG00000126457",-0.276,-0.276,1,"3276"
6,"hsa-miR-3922-5p","CAAGGCC",5,"TEN1","100134934","ENSG00000257949",-0.276,-0.276,1,"100134934"
6,"hsa-miR-3922-5p","CAAGGCC",5,"USP37","57695","ENSG00000135913",-0.276,-0.276,1,"57695"
6,"hsa-miR-3922-5p","CAAGGCC",5,"VAPB","9217","ENSG00000124164",-0.276,-0.267,2,"9217"
6,"hsa-miR-3922-5p","CAAGGCC",5,"ZNF419","79744","ENSG00000105136",-0.276,-0.276,1,"79744"
6,"hsa-miR-3922-5p","CAAGGCC",5,"AARD","441376","ENSG00000205002",-0.275,-0.275,1,"441376"
6,"hsa-miR-3922-5p","CAAGGCC",5,"APBA2","321","ENSG00000034053",-0.275,-0.275,1,"321"
6,"hsa-miR-3922-5p","CAAGGCC",5,"MCAT","27349","ENSG00000100294",-0.275,-0.275,1,"27349"
6,"hsa-miR-3922-5p","CAAGGCC",5,"MDM4","4194","ENSG00000198625",-0.275,-0.275,1,"4194"
6,"hsa-miR-3922-5p","CAAGGCC",5,"NUDT13","25961","ENSG00000166321",-0.275,-0.275,1,"25961"
6,"hsa-miR-3922-5p","CAAGGCC",5,"UFM1","51569","ENSG00000120686",-0.275,-0.275,1,"51569"
6,"hsa-miR-3922-5p","CAAGGCC",5,"VAMP1","6843","ENSG00000139190",-0.275,-0.275,1,"6843"
6,"hsa-miR-3922-5p","CAAGGCC",5,"DUT","1854","ENSG00000128951",-0.274,-0.274,1,"1854"
6,"hsa-miR-3922-5p","CAAGGCC",5,"PRSS45P",NA,"ENSG00000188086",-0.274,-0.274,1,"377047"
6,"hsa-miR-3922-5p","CAAGGCC",5,"RIMOC1","285636","ENSG00000205765",-0.273,-0.273,1,"285636"
6,"hsa-miR-3922-5p","CAAGGCC",5,"FAM241B","219738","ENSG00000171224",-0.272,-0.272,1,"219738"
6,"hsa-miR-3922-5p","CAAGGCC",5,"GFRA3","2676","ENSG00000146013",-0.272,-0.272,1,"2676"
6,"hsa-miR-3922-5p","CAAGGCC",5,"TSPAN6","7105","ENSG00000000003",-0.272,-0.272,1,"7105"
6,"hsa-miR-3922-5p","CAAGGCC",5,"CAB39L","81617","ENSG00000102547",-0.271,-0.271,1,"81617"
6,"hsa-miR-3922-5p","CAAGGCC",5,"HOMER2","9455","ENSG00000103942",-0.271,-0.271,1,"9455"
6,"hsa-miR-3922-5p","CAAGGCC",5,"MAPKAPK3","7867","ENSG00000114738",-0.271,-0.271,1,"7867"
6,"hsa-miR-3922-5p","CAAGGCC",5,"TRHDE","29953","ENSG00000072657",-0.271,-0.271,1,"29953"
6,"hsa-miR-3922-5p","CAAGGCC",5,"RIMS1","22999","ENSG00000079841",-0.27,-0.27,1,"22999"
6,"hsa-miR-3922-5p","CAAGGCC",5,"SP5","389058","ENSG00000204335",-0.27,-0.27,1,"389058"
6,"hsa-miR-3922-5p","CAAGGCC",5,"DGCR6","8214","ENSG00000183628",-0.269,-0.269,1,"8214"
6,"hsa-miR-3922-5p","CAAGGCC",5,"HMGN4","10473","ENSG00000182952",-0.269,-0.269,1,"10473"
6,"hsa-miR-3922-5p","CAAGGCC",5,"SSTR3",NA,"ENSG00000183473",-0.269,-0.269,1,"6753"
6,"hsa-miR-3922-5p","CAAGGCC",5,"AFG2A","166378","ENSG00000145375",-0.268,-0.268,1,"166378"
6,"hsa-miR-3922-5p","CAAGGCC",5,"CACNG2","10369","ENSG00000166862",-0.268,-0.268,1,"10369"
6,"hsa-miR-3922-5p","CAAGGCC",5,"DCPS","28960","ENSG00000110063",-0.268,-0.268,1,"28960"
6,"hsa-miR-3922-5p","CAAGGCC",5,"PPT2","9374","ENSG00000221988",-0.268,-0.268,1,"9374"
6,"hsa-miR-3922-5p","CAAGGCC",5,"CALML4","91860","ENSG00000129007",-0.267,-0.267,1,"91860"
6,"hsa-miR-3922-5p","CAAGGCC",5,"PACRGL","133015","ENSG00000163138",-0.267,-0.267,1,"133015"
6,"hsa-miR-3922-5p","CAAGGCC",5,"NRG1","3084","ENSG00000157168",-0.266,-0.266,1,"3084"
6,"hsa-miR-3922-5p","CAAGGCC",5,"UQCRFS1","7386","ENSG00000169021",-0.266,-0.266,1,"7386"
6,"hsa-miR-3922-5p","CAAGGCC",5,"USP49","25862","ENSG00000164663",-0.266,-0.266,1,"25862"
6,"hsa-miR-3922-5p","CAAGGCC",5,"ZNF670-ZNF695",NA,"ENSG00000135747",-0.266,-0.266,1,"100533111"
6,"hsa-miR-3922-5p","CAAGGCC",5,"BDNF","627","ENSG00000176697",-0.265,-0.265,1,"627"
6,"hsa-miR-3922-5p","CAAGGCC",5,"HOXD13","3239","ENSG00000128714",-0.265,-0.265,1,"3239"
6,"hsa-miR-3922-5p","CAAGGCC",5,"PHPT1","29085","ENSG00000054148",-0.265,-0.265,1,"29085"
6,"hsa-miR-3922-5p","CAAGGCC",5,"SRP68","6730","ENSG00000167881",-0.265,-0.265,1,"6730"
6,"hsa-miR-3922-5p","CAAGGCC",5,"DLX4","1748","ENSG00000108813",-0.264,-0.264,1,"1748"
6,"hsa-miR-3922-5p","CAAGGCC",5,"NREP","9315","ENSG00000134986",-0.264,-0.264,1,"9315"
6,"hsa-miR-3922-5p","CAAGGCC",5,"ATP2A1","487","ENSG00000196296",-0.263,-0.263,1,"487"
6,"hsa-miR-3922-5p","CAAGGCC",5,"CCDC28A","25901","ENSG00000024862",-0.263,-0.263,1,"25901"
6,"hsa-miR-3922-5p","CAAGGCC",5,"FAM20B","9917","ENSG00000116199",-0.263,-0.263,1,"9917"
6,"hsa-miR-3922-5p","CAAGGCC",5,"LAT2","7462","ENSG00000086730",-0.263,-0.263,1,"7462"
6,"hsa-miR-3922-5p","CAAGGCC",5,"RNF34","80196","ENSG00000170633",-0.263,-0.263,1,"80196"
6,"hsa-miR-3922-5p","CAAGGCC",5,"SLC23A3","151295","ENSG00000213901",-0.263,-0.263,1,"151295"
6,"hsa-miR-3922-5p","CAAGGCC",5,"TMEM98","26022","ENSG00000006042",-0.263,-0.263,1,"26022"
6,"hsa-miR-3922-5p","CAAGGCC",5,"C5","727","ENSG00000106804",-0.262,-0.262,1,"727"
6,"hsa-miR-3922-5p","CAAGGCC",5,"FANCF","2188","ENSG00000183161",-0.262,-0.262,1,"2188"
6,"hsa-miR-3922-5p","CAAGGCC",5,"RNF126","55658","ENSG00000070423",-0.262,-0.262,1,"55658"
6,"hsa-miR-3922-5p","CAAGGCC",5,"TP53INP2","58476","ENSG00000078804",-0.262,-0.262,1,"58476"
6,"hsa-miR-3922-5p","CAAGGCC",5,"HBM","3042","ENSG00000206177",-0.261,-0.261,1,"3042"
6,"hsa-miR-3922-5p","CAAGGCC",5,"MPP7","143098","ENSG00000150054",-0.261,-0.261,1,"143098"
6,"hsa-miR-3922-5p","CAAGGCC",5,"RAD51","5888","ENSG00000051180",-0.261,-0.261,1,"5888"
6,"hsa-miR-3922-5p","CAAGGCC",5,"XRCC6","2547","ENSG00000196419",-0.261,-0.261,1,"2547"
6,"hsa-miR-3922-5p","CAAGGCC",5,"AC079602.1",NA,"ENSG00000272214",-0.26,-0.26,1,NA
6,"hsa-miR-3922-5p","CAAGGCC",5,"MEFV","4210","ENSG00000103313",-0.26,-0.26,1,"4210"
6,"hsa-miR-3922-5p","CAAGGCC",5,"RFLNB","359845","ENSG00000183688",-0.26,-0.26,1,"359845"
6,"hsa-miR-3922-5p","CAAGGCC",5,"SDC4","6385","ENSG00000124145",-0.26,-0.26,1,"6385"
6,"hsa-miR-3922-5p","CAAGGCC",5,"SMIM12","113444","ENSG00000163866",-0.26,-0.26,1,"113444"
6,"hsa-miR-3922-5p","CAAGGCC",5,"UBE2J2","118424","ENSG00000160087",-0.26,-0.26,1,"118424"
6,"hsa-miR-3922-5p","CAAGGCC",5,"UGCG","7357","ENSG00000148154",-0.26,-0.26,1,"7357"
6,"hsa-miR-3922-5p","CAAGGCC",5,"ZDHHC24","254359","ENSG00000174165",-0.26,-0.26,1,"254359"
6,"hsa-miR-3922-5p","CAAGGCC",5,"C11orf86","254439","ENSG00000173237",-0.259,-0.259,1,"254439"
6,"hsa-miR-3922-5p","CAAGGCC",5,"CD40LG","959","ENSG00000102245",-0.259,-0.259,1,"959"
6,"hsa-miR-3922-5p","CAAGGCC",5,"HMBOX1","79618","ENSG00000147421",-0.259,-0.259,1,"79618"
6,"hsa-miR-3922-5p","CAAGGCC",5,"LGALSL","29094","ENSG00000119862",-0.259,-0.259,1,"29094"
6,"hsa-miR-3922-5p","CAAGGCC",5,"MEI4","101928601","ENSG00000269964",-0.259,-0.259,1,"101928601"
6,"hsa-miR-3922-5p","CAAGGCC",5,"PTGDR","5729","ENSG00000168229",-0.259,-0.259,1,"5729"
6,"hsa-miR-3922-5p","CAAGGCC",5,"TSPAN31","6302","ENSG00000135452",-0.259,-0.259,1,"6302"
6,"hsa-miR-3922-5p","CAAGGCC",5,"TTLL9","164395","ENSG00000131044",-0.259,-0.259,1,"164395"
6,"hsa-miR-3922-5p","CAAGGCC",5,"VAC14","55697","ENSG00000103043",-0.259,-0.259,1,"55697"
6,"hsa-miR-3922-5p","CAAGGCC",5,"CALHM3","119395","ENSG00000183128",-0.258,-0.258,1,"119395"
6,"hsa-miR-3922-5p","CAAGGCC",5,"JMJD1C","221037","ENSG00000171988",-0.258,-0.258,1,"221037"
6,"hsa-miR-3922-5p","CAAGGCC",5,"NAGLU","4669","ENSG00000108784",-0.258,-0.258,1,"4669"
6,"hsa-miR-3922-5p","CAAGGCC",5,"SMIM8","57150","ENSG00000111850",-0.258,-0.258,2,"57150"
6,"hsa-miR-3922-5p","CAAGGCC",5,"GAL","51083","ENSG00000069482",-0.257,-0.257,1,"51083"
6,"hsa-miR-3922-5p","CAAGGCC",5,"MARCHF8","220972","ENSG00000165406",-0.257,-0.257,1,"220972"
6,"hsa-miR-3922-5p","CAAGGCC",5,"NUP85","79902","ENSG00000125450",-0.256,-0.256,1,"79902"
6,"hsa-miR-3922-5p","CAAGGCC",5,"PALD1","27143","ENSG00000107719",-0.256,-0.256,1,"27143"
6,"hsa-miR-3922-5p","CAAGGCC",5,"CD2AP","23607","ENSG00000198087",-0.255,-0.2535,2,"23607"
6,"hsa-miR-3922-5p","CAAGGCC",5,"GJA5","101060613","ENSG00000143140",-0.255,-0.255,1,"2702"
6,"hsa-miR-3922-5p","CAAGGCC",5,"PVR","5817","ENSG00000073008",-0.255,-0.255,1,"5817"
6,"hsa-miR-3922-5p","CAAGGCC",5,"SDHA","6389","ENSG00000073578",-0.255,-0.255,1,"6389"
6,"hsa-miR-3922-5p","CAAGGCC",5,"SRA1","10011","ENSG00000213523",-0.255,-0.255,1,"10011"
6,"hsa-miR-3922-5p","CAAGGCC",5,"TAGLN2","8407","ENSG00000158710",-0.255,-0.255,1,"8407"
6,"hsa-miR-3922-5p","CAAGGCC",5,"TCF12","6938","ENSG00000140262",-0.255,-0.255,1,"6938"
6,"hsa-miR-3922-5p","CAAGGCC",5,"UBE2M","9040","ENSG00000130725",-0.255,-0.255,1,"9040"
6,"hsa-miR-3922-5p","CAAGGCC",5,"UPK3A","7380","ENSG00000100373",-0.255,-0.255,1,"7380"
6,"hsa-miR-3922-5p","CAAGGCC",5,"AKR1D1","6718","ENSG00000122787",-0.254,-0.254,1,"6718"
6,"hsa-miR-3922-5p","CAAGGCC",5,"HDHD2","84064","ENSG00000167220",-0.254,-0.254,1,"84064"
6,"hsa-miR-3922-5p","CAAGGCC",5,"SOX11","6664","ENSG00000176887",-0.254,-0.254,1,"6664"
6,"hsa-miR-3922-5p","CAAGGCC",5,"SRPK1","6732","ENSG00000096063",-0.254,-0.228,2,"6732"
6,"hsa-miR-3922-5p","CAAGGCC",5,"STARD10","10809","ENSG00000214530",-0.254,-0.254,1,"10809"
6,"hsa-miR-3922-5p","CAAGGCC",5,"TACC2","10579","ENSG00000138162",-0.254,-0.254,1,"10579"
6,"hsa-miR-3922-5p","CAAGGCC",5,"USP44","84101","ENSG00000136014",-0.254,-0.254,1,"84101"
6,"hsa-miR-3922-5p","CAAGGCC",5,"GCHFR","2644","ENSG00000137880",-0.253,-0.253,1,"2644"
6,"hsa-miR-3922-5p","CAAGGCC",5,"MAF","4094","ENSG00000178573",-0.253,-0.253,1,"4094"
6,"hsa-miR-3922-5p","CAAGGCC",5,"NIN","51199","ENSG00000100503",-0.253,-0.253,1,"51199"
6,"hsa-miR-3922-5p","CAAGGCC",5,"SYT4","6860","ENSG00000132872",-0.253,-0.253,1,"6860"
6,"hsa-miR-3922-5p","CAAGGCC",5,"URM1","81605","ENSG00000167118",-0.253,-0.253,1,"81605"
6,"hsa-miR-3922-5p","CAAGGCC",5,"LGALS8","3964","ENSG00000116977",-0.252,-0.252,1,"3964"
6,"hsa-miR-3922-5p","CAAGGCC",5,"RPEL1","729020","ENSG00000235376",-0.252,-0.252,1,"729020"
6,"hsa-miR-3922-5p","CAAGGCC",5,"TBC1D22A","25771","ENSG00000054611",-0.252,-0.252,1,"25771"
6,"hsa-miR-3922-5p","CAAGGCC",5,"TTLL3","26140","ENSG00000214021",-0.252,-0.252,1,"26140"
6,"hsa-miR-3922-5p","CAAGGCC",5,"BBIP1","92482","ENSG00000214413",-0.251,-0.251,1,"92482"
6,"hsa-miR-3922-5p","CAAGGCC",5,"PACC1","55248","ENSG00000065600",-0.251,-0.251,1,"55248"
6,"hsa-miR-3922-5p","CAAGGCC",5,"RNF185","91445","ENSG00000138942",-0.251,-0.251,1,"91445"
6,"hsa-miR-3922-5p","CAAGGCC",5,"RTTN","25914","ENSG00000176225",-0.251,-0.227,2,"25914"
6,"hsa-miR-3922-5p","CAAGGCC",5,"ATP5PB","515","ENSG00000116459",-0.25,-0.25,1,"515"
6,"hsa-miR-3922-5p","CAAGGCC",5,"BID","637","ENSG00000015475",-0.25,-0.25,1,"637"
6,"hsa-miR-3922-5p","CAAGGCC",5,"ERRFI1","54206","ENSG00000116285",-0.25,-0.25,1,"54206"
6,"hsa-miR-3922-5p","CAAGGCC",5,"GSG1L","146395","ENSG00000169181",-0.25,-0.25,1,"146395"
6,"hsa-miR-3922-5p","CAAGGCC",5,"PREP","5550","ENSG00000085377",-0.25,-0.25,1,"5550"
6,"hsa-miR-3922-5p","CAAGGCC",5,"ZNF469","84627","ENSG00000225614",-0.25,-0.25,1,"84627"
6,"hsa-miR-3922-5p","CAAGGCC",5,"ADCY2","108","ENSG00000078295",-0.249,-0.249,1,"108"
6,"hsa-miR-3922-5p","CAAGGCC",5,"KCTD21","283219","ENSG00000188997",-0.249,-0.249,1,"283219"
6,"hsa-miR-3922-5p","CAAGGCC",5,"MRPL49","740","ENSG00000149792",-0.249,-0.249,1,"740"
6,"hsa-miR-3922-5p","CAAGGCC",5,"MRPS23","51649","ENSG00000181610",-0.249,-0.249,1,"51649"
6,"hsa-miR-3922-5p","CAAGGCC",5,"PFKFB4","5210","ENSG00000114268",-0.249,-0.249,1,"5210"
6,"hsa-miR-3922-5p","CAAGGCC",5,"PHTF2","57157","ENSG00000006576",-0.249,-0.249,1,"57157"
6,"hsa-miR-3922-5p","CAAGGCC",5,"RAB5B","5869","ENSG00000111540",-0.249,-0.2435,2,"5869"
6,"hsa-miR-3922-5p","CAAGGCC",5,"RIC3","79608","ENSG00000166405",-0.249,-0.229,2,"79608"
6,"hsa-miR-3922-5p","CAAGGCC",5,"SMIM7","79086","ENSG00000214046",-0.249,-0.22,2,"79086"
6,"hsa-miR-3922-5p","CAAGGCC",5,"TBL2","26608","ENSG00000106638",-0.249,-0.249,1,"26608"
6,"hsa-miR-3922-5p","CAAGGCC",5,"TSC2","7249","ENSG00000103197",-0.249,-0.249,1,"7249"
6,"hsa-miR-3922-5p","CAAGGCC",5,"FGFRL1","53834","ENSG00000127418",-0.248,-0.248,1,"53834"
6,"hsa-miR-3922-5p","CAAGGCC",5,"MOB1A","55233","ENSG00000114978",-0.248,-0.248,1,"55233"
6,"hsa-miR-3922-5p","CAAGGCC",5,"MRRF","92399","ENSG00000148187",-0.248,-0.248,1,"92399"
6,"hsa-miR-3922-5p","CAAGGCC",5,"PLLP","51090","ENSG00000102934",-0.248,-0.248,1,"51090"
6,"hsa-miR-3922-5p","CAAGGCC",5,"TLK1","9874","ENSG00000198586",-0.248,-0.248,1,"9874"
6,"hsa-miR-3922-5p","CAAGGCC",5,"TRAPPC8","22878","ENSG00000153339",-0.248,-0.248,1,"22878"
6,"hsa-miR-3922-5p","CAAGGCC",5,"ATOX1","475","ENSG00000177556",-0.247,-0.247,1,"475"
6,"hsa-miR-3922-5p","CAAGGCC",5,"BTN3A2","11118","ENSG00000186470",-0.247,-0.247,1,"11118"
6,"hsa-miR-3922-5p","CAAGGCC",5,"C19orf38","255809","ENSG00000214212",-0.247,-0.247,1,"255809"
6,"hsa-miR-3922-5p","CAAGGCC",5,"CDPF1","150383","ENSG00000205643",-0.247,-0.247,1,"150383"
6,"hsa-miR-3922-5p","CAAGGCC",5,"DLAT","1737","ENSG00000150768",-0.247,-0.247,1,"1737"
6,"hsa-miR-3922-5p","CAAGGCC",5,"RBP2","5948","ENSG00000114113",-0.247,-0.247,1,"5948"
6,"hsa-miR-3922-5p","CAAGGCC",5,"RGS4","5999","ENSG00000117152",-0.247,-0.247,1,"5999"
6,"hsa-miR-3922-5p","CAAGGCC",5,"TAPT1","202018","ENSG00000169762",-0.247,-0.232,2,"202018"
6,"hsa-miR-3922-5p","CAAGGCC",5,"ZDHHC23","254887","ENSG00000184307",-0.247,-0.247,1,"254887"
6,"hsa-miR-3922-5p","CAAGGCC",5,"ZNF527","84503","ENSG00000189164",-0.247,-0.247,1,"84503"
6,"hsa-miR-3922-5p","CAAGGCC",5,"FBLN7","129804","ENSG00000144152",-0.246,-0.246,1,"129804"
6,"hsa-miR-3922-5p","CAAGGCC",5,"HES6","55502","ENSG00000144485",-0.246,-0.246,1,"55502"
6,"hsa-miR-3922-5p","CAAGGCC",5,"HOXD12","3238","ENSG00000170178",-0.246,-0.246,1,"3238"
6,"hsa-miR-3922-5p","CAAGGCC",5,"LIF","3976","ENSG00000128342",-0.246,-0.246,1,"3976"
6,"hsa-miR-3922-5p","CAAGGCC",5,"LINC01976","107546764","ENSG00000261514",-0.246,-0.246,1,"107546764"
6,"hsa-miR-3922-5p","CAAGGCC",5,"MYD88","4615","ENSG00000172936",-0.246,-0.246,1,"4615"
6,"hsa-miR-3922-5p","CAAGGCC",5,"NUTF2","10204","ENSG00000102898",-0.246,-0.2125,2,"10204"
6,"hsa-miR-3922-5p","CAAGGCC",5,"AC022498.1",NA,"ENSG00000213132",-0.245,-0.245,1,NA
6,"hsa-miR-3922-5p","CAAGGCC",5,"C7orf50","84310","ENSG00000146540",-0.245,-0.245,1,"84310"
6,"hsa-miR-3922-5p","CAAGGCC",5,"CXXC5","51523","ENSG00000171604",-0.245,-0.245,1,"51523"
6,"hsa-miR-3922-5p","CAAGGCC",5,"EMP1","2012","ENSG00000134531",-0.245,-0.245,1,"2012"
6,"hsa-miR-3922-5p","CAAGGCC",5,"FAM107A","11170","ENSG00000168309",-0.245,-0.245,1,"11170"
6,"hsa-miR-3922-5p","CAAGGCC",5,"INAVA","55765","ENSG00000163362",-0.245,-0.245,1,"55765"
6,"hsa-miR-3922-5p","CAAGGCC",5,"NAA15","80155","ENSG00000164134",-0.245,-0.245,1,"80155"
6,"hsa-miR-3922-5p","CAAGGCC",5,"NAA40","79829","ENSG00000110583",-0.245,-0.238,2,"79829"
6,"hsa-miR-3922-5p","CAAGGCC",5,"NUDT21","11051","ENSG00000167005",-0.245,-0.245,1,"11051"
6,"hsa-miR-3922-5p","CAAGGCC",5,"RAD9A","5883","ENSG00000172613",-0.245,-0.245,1,"5883"
6,"hsa-miR-3922-5p","CAAGGCC",5,"CCSER2","54462","ENSG00000107771",-0.244,-0.244,1,"54462"
6,"hsa-miR-3922-5p","CAAGGCC",5,"CYBC1","79415","ENSG00000178927",-0.244,-0.244,1,"79415"
6,"hsa-miR-3922-5p","CAAGGCC",5,"GRAMD1B","57476","ENSG00000023171",-0.244,-0.244,1,"57476"
6,"hsa-miR-3922-5p","CAAGGCC",5,"PAQR5","54852","ENSG00000137819",-0.244,-0.244,1,"54852"
6,"hsa-miR-3922-5p","CAAGGCC",5,"TBL1Y","90665","ENSG00000092377",-0.244,-0.244,1,"90665"
6,"hsa-miR-3922-5p","CAAGGCC",5,"ZNF519","162655","ENSG00000175322",-0.244,-0.244,1,"162655"
6,"hsa-miR-3922-5p","CAAGGCC",5,"ZNF564","163050","ENSG00000249709",-0.244,-0.244,1,"163050"
6,"hsa-miR-3922-5p","CAAGGCC",5,"FGF14","2259","ENSG00000102466",-0.243,-0.243,1,"2259"
6,"hsa-miR-3922-5p","CAAGGCC",5,"GM2A","2760","ENSG00000196743",-0.243,-0.243,1,"2760"
6,"hsa-miR-3922-5p","CAAGGCC",5,"KCNAB1","7881","ENSG00000169282",-0.243,-0.243,1,"7881"
6,"hsa-miR-3922-5p","CAAGGCC",5,"KIAA1143","57456","ENSG00000163807",-0.243,-0.243,1,"57456"
6,"hsa-miR-3922-5p","CAAGGCC",5,"KRIT1","889","ENSG00000001631",-0.243,-0.243,1,"889"
6,"hsa-miR-3922-5p","CAAGGCC",5,"NCOA1","8648","ENSG00000084676",-0.243,-0.243,1,"8648"
6,"hsa-miR-3922-5p","CAAGGCC",5,"NEK11","79858","ENSG00000114670",-0.243,-0.243,1,"79858"
6,"hsa-miR-3922-5p","CAAGGCC",5,"RRP7A","27341","ENSG00000189306",-0.243,-0.243,1,"27341"
6,"hsa-miR-3922-5p","CAAGGCC",5,"CDC42EP2","10435","ENSG00000149798",-0.242,-0.242,1,"10435"
6,"hsa-miR-3922-5p","CAAGGCC",5,"CISD3",NA,"ENSG00000230055",-0.242,-0.242,1,"284106"
6,"hsa-miR-3922-5p","CAAGGCC",5,"CTDSP2","10106","ENSG00000175215",-0.242,-0.242,1,"10106"
6,"hsa-miR-3922-5p","CAAGGCC",5,"FZD8","8325","ENSG00000177283",-0.242,-0.242,1,"8325"
6,"hsa-miR-3922-5p","CAAGGCC",5,"IL2RA","3559","ENSG00000134460",-0.242,-0.242,1,"3559"
6,"hsa-miR-3922-5p","CAAGGCC",5,"RSF1","51773","ENSG00000048649",-0.242,-0.242,1,"51773"
6,"hsa-miR-3922-5p","CAAGGCC",5,"TMEM242","729515","ENSG00000215712",-0.242,-0.242,1,"729515"
6,"hsa-miR-3922-5p","CAAGGCC",5,"ZNF440","126070","ENSG00000171295",-0.242,-0.2165,2,"126070"
6,"hsa-miR-3922-5p","CAAGGCC",5,"FAF2","23197","ENSG00000113194",-0.241,-0.241,1,"23197"
6,"hsa-miR-3922-5p","CAAGGCC",5,"NAALADL1","10004","ENSG00000168060",-0.241,-0.241,1,"10004"
6,"hsa-miR-3922-5p","CAAGGCC",5,"NUDT17","200035","ENSG00000186364",-0.241,-0.241,1,"200035"
6,"hsa-miR-3922-5p","CAAGGCC",5,"PURB","5814","ENSG00000146676",-0.241,-0.241,1,"5814"
6,"hsa-miR-3922-5p","CAAGGCC",5,"SETD9","133383","ENSG00000155542",-0.241,-0.241,1,"133383"
6,"hsa-miR-3922-5p","CAAGGCC",5,"SPAG6","9576","ENSG00000077327",-0.241,-0.241,1,"9576"
6,"hsa-miR-3922-5p","CAAGGCC",5,"TBC1D29P",NA,"ENSG00000266733",-0.241,-0.241,1,"26083"
6,"hsa-miR-3922-5p","CAAGGCC",5,"CLEC17A","388512","ENSG00000187912",-0.239,-0.239,1,"388512"
6,"hsa-miR-3922-5p","CAAGGCC",5,"COX4I1","1327","ENSG00000131143",-0.239,-0.239,1,"1327"
6,"hsa-miR-3922-5p","CAAGGCC",5,"FBXO31","79791","ENSG00000103264",-0.239,-0.239,1,"79791"
6,"hsa-miR-3922-5p","CAAGGCC",5,"LDLR","3949","ENSG00000130164",-0.239,-0.239,1,"3949"
6,"hsa-miR-3922-5p","CAAGGCC",5,"LRRC20","55222","ENSG00000172731",-0.239,-0.239,1,"55222"
6,"hsa-miR-3922-5p","CAAGGCC",5,"MYO18B","84700","ENSG00000133454",-0.239,-0.239,1,"84700"
6,"hsa-miR-3922-5p","CAAGGCC",5,"TIMM10","26519","ENSG00000134809",-0.239,-0.239,1,"26519"
6,"hsa-miR-3922-5p","CAAGGCC",5,"TSN","7247","ENSG00000211460",-0.239,-0.239,1,"7247"
6,"hsa-miR-3922-5p","CAAGGCC",5,"UBA52","7311","ENSG00000221983",-0.239,-0.239,1,"7311"
6,"hsa-miR-3922-5p","CAAGGCC",5,"FIG4","9896","ENSG00000112367",-0.238,-0.238,1,"9896"
6,"hsa-miR-3922-5p","CAAGGCC",5,"GJB1","2705","ENSG00000169562",-0.238,-0.238,1,"2705"
6,"hsa-miR-3922-5p","CAAGGCC",5,"GUCY1B1","2983","ENSG00000061918",-0.238,-0.238,1,"2983"
6,"hsa-miR-3922-5p","CAAGGCC",5,"KCTD7","154881","ENSG00000243335",-0.238,-0.238,1,"154881"
6,"hsa-miR-3922-5p","CAAGGCC",5,"OSBPL1A","114876","ENSG00000141447",-0.238,-0.238,1,"114876"
6,"hsa-miR-3922-5p","CAAGGCC",5,"PSMD9","5715","ENSG00000110801",-0.238,-0.238,1,"5715"
6,"hsa-miR-3922-5p","CAAGGCC",5,"TGFB1I1","7041","ENSG00000140682",-0.238,-0.238,1,"7041"
6,"hsa-miR-3922-5p","CAAGGCC",5,"AP1S1","1174","ENSG00000106367",-0.237,-0.237,1,"1174"
6,"hsa-miR-3922-5p","CAAGGCC",5,"CDK6","1021","ENSG00000105810",-0.237,-0.237,1,"1021"
6,"hsa-miR-3922-5p","CAAGGCC",5,"GOSR1","9527","ENSG00000108587",-0.237,-0.237,1,"9527"
6,"hsa-miR-3922-5p","CAAGGCC",5,"PKIA","5569","ENSG00000171033",-0.237,-0.237,1,"5569"
6,"hsa-miR-3922-5p","CAAGGCC",5,"SLC10A6","345274","ENSG00000145283",-0.237,-0.237,1,"345274"
6,"hsa-miR-3922-5p","CAAGGCC",5,"TRPM4","54795","ENSG00000130529",-0.237,-0.237,1,"54795"
6,"hsa-miR-3922-5p","CAAGGCC",5,"HMGA2-AS1","100129940","ENSG00000197301",-0.236,-0.236,1,"100129940"
6,"hsa-miR-3922-5p","CAAGGCC",5,"SPTY2D1","144108","ENSG00000179119",-0.236,-0.236,1,"144108"
6,"hsa-miR-3922-5p","CAAGGCC",5,"TMED9","54732","ENSG00000184840",-0.236,-0.236,1,"54732"
6,"hsa-miR-3922-5p","CAAGGCC",5,"TMEM127","55654","ENSG00000135956",-0.236,-0.236,1,"55654"
6,"hsa-miR-3922-5p","CAAGGCC",5,"TTLL2","83887","ENSG00000120440",-0.236,-0.236,1,"83887"
6,"hsa-miR-3922-5p","CAAGGCC",5,"BEND3","57673","ENSG00000178409",-0.235,-0.235,1,"57673"
6,"hsa-miR-3922-5p","CAAGGCC",5,"DGKQ","1609","ENSG00000145214",-0.235,-0.235,1,"1609"
6,"hsa-miR-3922-5p","CAAGGCC",5,"LMO7","4008","ENSG00000136153",-0.235,-0.235,1,"4008"
6,"hsa-miR-3922-5p","CAAGGCC",5,"RPP14","11102","ENSG00000163684",-0.235,-0.235,1,"11102"
6,"hsa-miR-3922-5p","CAAGGCC",5,"SLC66A2","80148","ENSG00000122490",-0.235,-0.235,1,"80148"
6,"hsa-miR-3922-5p","CAAGGCC",5,"ZBTB18","10472","ENSG00000179456",-0.235,-0.235,1,"10472"
6,"hsa-miR-3922-5p","CAAGGCC",5,"COL19A1","1310","ENSG00000082293",-0.234,-0.234,1,"1310"
6,"hsa-miR-3922-5p","CAAGGCC",5,"ESS2","8220","ENSG00000100056",-0.234,-0.2305,2,"8220"
6,"hsa-miR-3922-5p","CAAGGCC",5,"GINM1","116254","ENSG00000055211",-0.234,-0.234,1,"116254"
6,"hsa-miR-3922-5p","CAAGGCC",5,"ITFG2","55846","ENSG00000111203",-0.234,-0.234,1,"55846"
6,"hsa-miR-3922-5p","CAAGGCC",5,"LINC01558","26238","ENSG00000146521",-0.234,-0.234,1,"26238"
6,"hsa-miR-3922-5p","CAAGGCC",5,"MKKS","8195","ENSG00000125863",-0.234,-0.234,1,"8195"
6,"hsa-miR-3922-5p","CAAGGCC",5,"PRKAR2B","5577","ENSG00000005249",-0.234,-0.234,1,"5577"
6,"hsa-miR-3922-5p","CAAGGCC",5,"RAD51D","5892","ENSG00000185379",-0.234,-0.234,1,"5892"
6,"hsa-miR-3922-5p","CAAGGCC",5,"RBCK1","10616","ENSG00000125826",-0.234,-0.234,1,"10616"
6,"hsa-miR-3922-5p","CAAGGCC",5,"SPAST","6683","ENSG00000021574",-0.234,-0.234,1,"6683"
6,"hsa-miR-3922-5p","CAAGGCC",5,"TMEM150B","284417","ENSG00000180061",-0.234,-0.234,1,"284417"
6,"hsa-miR-3922-5p","CAAGGCC",5,"ANPEP","290","ENSG00000166825",-0.233,-0.233,1,"290"
6,"hsa-miR-3922-5p","CAAGGCC",5,"CYP11B1","1584","ENSG00000160882",-0.233,-0.233,1,"1584"
6,"hsa-miR-3922-5p","CAAGGCC",5,"HS3ST2","9956","ENSG00000122254",-0.233,-0.233,1,"9956"
6,"hsa-miR-3922-5p","CAAGGCC",5,"KLF7","8609","ENSG00000118263",-0.233,-0.233,1,"8609"
6,"hsa-miR-3922-5p","CAAGGCC",5,"MARCHF1","55016","ENSG00000145416",-0.233,-0.233,1,"55016"
6,"hsa-miR-3922-5p","CAAGGCC",5,"PPIL2","23759","ENSG00000100023",-0.233,-0.233,1,"23759"
6,"hsa-miR-3922-5p","CAAGGCC",5,"SLC66A3","130814","ENSG00000162976",-0.233,-0.233,1,"130814"
6,"hsa-miR-3922-5p","CAAGGCC",5,"SSTR2","6752","ENSG00000180616",-0.233,-0.233,1,"6752"
6,"hsa-miR-3922-5p","CAAGGCC",5,"BFAR","51283","ENSG00000103429",-0.232,-0.232,1,"51283"
6,"hsa-miR-3922-5p","CAAGGCC",5,"CAPZA1","829","ENSG00000116489",-0.232,-0.232,1,"829"
6,"hsa-miR-3922-5p","CAAGGCC",5,"CD177","57126","ENSG00000204936",-0.232,-0.232,1,"57126"
6,"hsa-miR-3922-5p","CAAGGCC",5,"DMRTA1","63951","ENSG00000176399",-0.232,-0.232,1,"63951"
6,"hsa-miR-3922-5p","CAAGGCC",5,"DUSP3","1845","ENSG00000108861",-0.232,-0.2195,2,"1845"
6,"hsa-miR-3922-5p","CAAGGCC",5,"OXA1L","5018","ENSG00000155463",-0.232,-0.232,1,"5018"
6,"hsa-miR-3922-5p","CAAGGCC",5,"SCTR","6344","ENSG00000080293",-0.232,-0.232,1,"6344"
6,"hsa-miR-3922-5p","CAAGGCC",5,"DBNL","28988","ENSG00000136279",-0.231,-0.231,1,"28988"
6,"hsa-miR-3922-5p","CAAGGCC",5,"FYN","2534","ENSG00000010810",-0.231,-0.231,1,"2534"
6,"hsa-miR-3922-5p","CAAGGCC",5,"GLYCTK","132158","ENSG00000168237",-0.231,-0.231,1,"132158"
6,"hsa-miR-3922-5p","CAAGGCC",5,"KCNN4","3783","ENSG00000104783",-0.231,-0.231,1,"3783"
6,"hsa-miR-3922-5p","CAAGGCC",5,"OSBPL8","114882","ENSG00000091039",-0.231,-0.231,1,"114882"
6,"hsa-miR-3922-5p","CAAGGCC",5,"CASK","8573","ENSG00000147044",-0.23,-0.23,1,"8573"
6,"hsa-miR-3922-5p","CAAGGCC",5,"MAP3K3","4215","ENSG00000198909",-0.23,-0.23,1,"4215"
6,"hsa-miR-3922-5p","CAAGGCC",5,"NFYA","4800","ENSG00000001167",-0.23,-0.23,1,"4800"
6,"hsa-miR-3922-5p","CAAGGCC",5,"PLAC9","219348","ENSG00000189129",-0.23,-0.23,1,"219348"
6,"hsa-miR-3922-5p","CAAGGCC",5,"ADPRH","141","ENSG00000144843",-0.229,-0.229,1,"141"
6,"hsa-miR-3922-5p","CAAGGCC",5,"CNIH2","254263","ENSG00000174871",-0.229,-0.229,1,"254263"
6,"hsa-miR-3922-5p","CAAGGCC",5,"FLJ30594",NA,"ENSG00000272268",-0.229,-0.229,1,NA
6,"hsa-miR-3922-5p","CAAGGCC",5,"GSTO2","119391","ENSG00000065621",-0.229,-0.212,2,"119391"
6,"hsa-miR-3922-5p","CAAGGCC",5,"HIST1H2BH",NA,"ENSG00000197459",-0.229,-0.229,1,NA
6,"hsa-miR-3922-5p","CAAGGCC",5,"LYPD2","137797","ENSG00000197353",-0.229,-0.229,1,"137797"
6,"hsa-miR-3922-5p","CAAGGCC",5,"SMAD1","4086","ENSG00000170365",-0.229,-0.229,1,"4086"
6,"hsa-miR-3922-5p","CAAGGCC",5,"THAP7","80764","ENSG00000184436",-0.229,-0.229,1,"80764"
6,"hsa-miR-3922-5p","CAAGGCC",5,"TMEM129","92305","ENSG00000168936",-0.229,-0.229,1,"92305"
6,"hsa-miR-3922-5p","CAAGGCC",5,"FBXO7","25793","ENSG00000100225",-0.228,-0.228,1,"25793"
6,"hsa-miR-3922-5p","CAAGGCC",5,"GUCY1A1","2982","ENSG00000164116",-0.228,-0.228,1,"2982"
6,"hsa-miR-3922-5p","CAAGGCC",5,"HOXA11","3207","ENSG00000005073",-0.228,-0.228,1,"3207"
6,"hsa-miR-3922-5p","CAAGGCC",5,"NEK8","284086","ENSG00000160602",-0.228,-0.228,1,"284086"
6,"hsa-miR-3922-5p","CAAGGCC",5,"PABPN1L","390748","ENSG00000205022",-0.228,-0.228,1,"390748"
6,"hsa-miR-3922-5p","CAAGGCC",5,"RAB30","27314","ENSG00000137502",-0.228,-0.228,1,"27314"
6,"hsa-miR-3922-5p","CAAGGCC",5,"SUPT6H","6830","ENSG00000109111",-0.228,-0.228,1,"6830"
6,"hsa-miR-3922-5p","CAAGGCC",5,"GALNT16","57452","ENSG00000100626",-0.227,-0.227,1,"57452"
6,"hsa-miR-3922-5p","CAAGGCC",5,"IMP4","92856","ENSG00000136718",-0.227,-0.227,1,"92856"
6,"hsa-miR-3922-5p","CAAGGCC",5,"TBC1D30","23329","ENSG00000111490",-0.227,-0.227,1,"23329"
6,"hsa-miR-3922-5p","CAAGGCC",5,"TRH","7200","ENSG00000170893",-0.227,-0.227,1,"7200"
6,"hsa-miR-3922-5p","CAAGGCC",5,"CTNNBIP1","56998","ENSG00000178585",-0.226,-0.226,1,"56998"
6,"hsa-miR-3922-5p","CAAGGCC",5,"GATA6","2627","ENSG00000141448",-0.226,-0.226,1,"2627"
6,"hsa-miR-3922-5p","CAAGGCC",5,"GLYATL1","92292","ENSG00000166840",-0.226,-0.226,1,"92292"
6,"hsa-miR-3922-5p","CAAGGCC",5,"KIAA1217","56243","ENSG00000120549",-0.226,-0.226,1,"56243"
6,"hsa-miR-3922-5p","CAAGGCC",5,"PTPRK","5796","ENSG00000152894",-0.226,-0.226,1,"5796"
6,"hsa-miR-3922-5p","CAAGGCC",5,"TMOD1","7111","ENSG00000136842",-0.226,-0.226,1,"7111"
6,"hsa-miR-3922-5p","CAAGGCC",5,"ASF1B","55723","ENSG00000105011",-0.225,-0.225,1,"55723"
6,"hsa-miR-3922-5p","CAAGGCC",5,"HAAO","23498","ENSG00000162882",-0.225,-0.225,1,"23498"
6,"hsa-miR-3922-5p","CAAGGCC",5,"LYL1","4066","ENSG00000104903",-0.225,-0.225,1,"4066"
6,"hsa-miR-3922-5p","CAAGGCC",5,"PSAP","5660","ENSG00000197746",-0.225,-0.225,1,"5660"
6,"hsa-miR-3922-5p","CAAGGCC",5,"RHOC","389","ENSG00000155366",-0.225,-0.225,1,"389"
6,"hsa-miR-3922-5p","CAAGGCC",5,"RNMT","8731","ENSG00000101654",-0.225,-0.225,1,"8731"
6,"hsa-miR-3922-5p","CAAGGCC",5,"ADISSP","54976","ENSG00000101220",-0.224,-0.224,1,"54976"
6,"hsa-miR-3922-5p","CAAGGCC",5,"ARPC4-TTLL3","100526693","ENSG00000250151",-0.224,-0.224,1,"100526693"
6,"hsa-miR-3922-5p","CAAGGCC",5,"AWAT2","158835","ENSG00000147160",-0.224,-0.224,1,"158835"
6,"hsa-miR-3922-5p","CAAGGCC",5,"CCL22","6367","ENSG00000102962",-0.224,-0.224,1,"6367"
6,"hsa-miR-3922-5p","CAAGGCC",5,"CNPPD1","27013","ENSG00000115649",-0.224,-0.224,1,"27013"
6,"hsa-miR-3922-5p","CAAGGCC",5,"COPS6","10980","ENSG00000168090",-0.224,-0.224,1,"10980"
6,"hsa-miR-3922-5p","CAAGGCC",5,"COX6B1","1340","ENSG00000126267",-0.224,-0.224,1,"1340"
6,"hsa-miR-3922-5p","CAAGGCC",5,"DZIP1L","199221","ENSG00000158163",-0.224,-0.224,1,"199221"
6,"hsa-miR-3922-5p","CAAGGCC",5,"GJC3","349149","ENSG00000176402",-0.224,-0.224,1,"349149"
6,"hsa-miR-3922-5p","CAAGGCC",5,"KLK11","11012","ENSG00000167757",-0.224,-0.224,1,"11012"
6,"hsa-miR-3922-5p","CAAGGCC",5,"MFSD4B","91749","ENSG00000173214",-0.224,-0.224,1,"91749"
6,"hsa-miR-3922-5p","CAAGGCC",5,"NPHP1","4867","ENSG00000144061",-0.224,-0.224,1,"4867"
6,"hsa-miR-3922-5p","CAAGGCC",5,"PFKFB1","5207","ENSG00000158571",-0.224,-0.224,1,"5207"
6,"hsa-miR-3922-5p","CAAGGCC",5,"PGRMC2","10424","ENSG00000164040",-0.224,-0.224,1,"10424"
6,"hsa-miR-3922-5p","CAAGGCC",5,"CFAP298","56683","ENSG00000159079",-0.223,-0.223,1,"56683"
6,"hsa-miR-3922-5p","CAAGGCC",5,"NLRC5","84166","ENSG00000140853",-0.223,-0.223,1,"84166"
6,"hsa-miR-3922-5p","CAAGGCC",5,"P2RY6","5031","ENSG00000171631",-0.223,-0.223,1,"5031"
6,"hsa-miR-3922-5p","CAAGGCC",5,"PXMP4","11264","ENSG00000101417",-0.223,-0.223,1,"11264"
6,"hsa-miR-3922-5p","CAAGGCC",5,"ZFP36L2","678","ENSG00000152518",-0.223,-0.223,1,"678"
6,"hsa-miR-3922-5p","CAAGGCC",5,"CCDC69","26112","ENSG00000198624",-0.222,-0.222,1,"26112"
6,"hsa-miR-3922-5p","CAAGGCC",5,"TRUB1","142940","ENSG00000165832",-0.222,-0.222,1,"142940"
6,"hsa-miR-3922-5p","CAAGGCC",5,"ZFAND2B","130617","ENSG00000158552",-0.222,-0.222,1,"130617"
6,"hsa-miR-3922-5p","CAAGGCC",5,"DRG1","4733","ENSG00000185721",-0.221,-0.221,1,"4733"
6,"hsa-miR-3922-5p","CAAGGCC",5,"LCE1E","353135","ENSG00000186226",-0.221,-0.221,1,"353135"
6,"hsa-miR-3922-5p","CAAGGCC",5,"PRH2","5555","ENSG00000134551",-0.221,-0.221,1,"5555"
6,"hsa-miR-3922-5p","CAAGGCC",5,"RTN4RL2","349667","ENSG00000186907",-0.221,-0.221,1,"349667"
6,"hsa-miR-3922-5p","CAAGGCC",5,"STARD3NL","83930","ENSG00000010270",-0.221,-0.221,1,"83930"
6,"hsa-miR-3922-5p","CAAGGCC",5,"UBN1","29855","ENSG00000118900",-0.221,-0.221,1,"29855"
6,"hsa-miR-3922-5p","CAAGGCC",5,"ZNF439","90594","ENSG00000171291",-0.221,-0.221,1,"90594"
6,"hsa-miR-3922-5p","CAAGGCC",5,"FUT4","2526","ENSG00000196371",-0.22,-0.22,1,"2526"
6,"hsa-miR-3922-5p","CAAGGCC",5,"LRRK1","79705","ENSG00000154237",-0.22,-0.22,1,"79705"
6,"hsa-miR-3922-5p","CAAGGCC",5,"LYSMD4","145748","ENSG00000183060",-0.22,-0.22,1,"145748"
6,"hsa-miR-3922-5p","CAAGGCC",5,"PARVG","64098","ENSG00000138964",-0.22,-0.22,1,"64098"
6,"hsa-miR-3922-5p","CAAGGCC",5,"PHF14","9678","ENSG00000106443",-0.22,-0.22,1,"9678"
6,"hsa-miR-3922-5p","CAAGGCC",5,"STX11","8676","ENSG00000135604",-0.22,-0.22,1,"8676"
6,"hsa-miR-3922-5p","CAAGGCC",5,"TAT","6898","ENSG00000198650",-0.22,-0.22,1,"6898"
6,"hsa-miR-3922-5p","CAAGGCC",5,"UBTD1","80019","ENSG00000165886",-0.22,-0.22,1,"80019"
6,"hsa-miR-3922-5p","CAAGGCC",5,"ATP5F1B","506","ENSG00000110955",-0.219,-0.219,1,"506"
6,"hsa-miR-3922-5p","CAAGGCC",5,"RAB31","11031","ENSG00000168461",-0.219,-0.219,1,"11031"
6,"hsa-miR-3922-5p","CAAGGCC",5,"RALGAPB","57148","ENSG00000170471",-0.219,-0.219,1,"57148"
6,"hsa-miR-3922-5p","CAAGGCC",5,"DUSP6","1848","ENSG00000139318",-0.218,-0.218,1,"1848"
6,"hsa-miR-3922-5p","CAAGGCC",5,"PABPC4L","132430","ENSG00000254535",-0.218,-0.218,1,"132430"
6,"hsa-miR-3922-5p","CAAGGCC",5,"TRAF2","7186","ENSG00000127191",-0.218,-0.218,1,"7186"
6,"hsa-miR-3922-5p","CAAGGCC",5,"CYP1A1","1543","ENSG00000140465",-0.217,-0.217,1,"1543"
6,"hsa-miR-3922-5p","CAAGGCC",5,"GNG12","55970","ENSG00000172380",-0.217,-0.217,1,"55970"
6,"hsa-miR-3922-5p","CAAGGCC",5,"IFT122","55764","ENSG00000163913",-0.217,-0.217,1,"55764"
6,"hsa-miR-3922-5p","CAAGGCC",5,"PIK3IP1","113791","ENSG00000100100",-0.217,-0.217,1,"113791"
6,"hsa-miR-3922-5p","CAAGGCC",5,"PPIC","5480","ENSG00000168938",-0.217,-0.217,1,"5480"
6,"hsa-miR-3922-5p","CAAGGCC",5,"TLR5","7100","ENSG00000187554",-0.217,-0.217,1,"7100"
6,"hsa-miR-3922-5p","CAAGGCC",5,"TMEM130","222865","ENSG00000166448",-0.217,-0.2045,2,"222865"
6,"hsa-miR-3922-5p","CAAGGCC",5,"UQCC2","84300","ENSG00000137288",-0.217,-0.217,1,"84300"
6,"hsa-miR-3922-5p","CAAGGCC",5,"ZNF784","147808","ENSG00000179922",-0.217,-0.217,1,"147808"
6,"hsa-miR-3922-5p","CAAGGCC",5,"C1orf122","127687","ENSG00000197982",-0.216,-0.216,1,"127687"
6,"hsa-miR-3922-5p","CAAGGCC",5,"GPC4","2239","ENSG00000076716",-0.216,-0.216,1,"2239"
6,"hsa-miR-3922-5p","CAAGGCC",5,"METAP1D","254042","ENSG00000172878",-0.216,-0.216,1,"254042"
6,"hsa-miR-3922-5p","CAAGGCC",5,"TM2D3","80213","ENSG00000184277",-0.216,-0.216,1,"80213"
6,"hsa-miR-3922-5p","CAAGGCC",5,"TM4SF5","9032","ENSG00000142484",-0.216,-0.216,1,"9032"
6,"hsa-miR-3922-5p","CAAGGCC",5,"TNPO2","30000","ENSG00000105576",-0.216,-0.216,1,"30000"
6,"hsa-miR-3922-5p","CAAGGCC",5,"CAPN12","147968","ENSG00000182472",-0.215,-0.215,1,"147968"
6,"hsa-miR-3922-5p","CAAGGCC",5,"DBNDD1","79007","ENSG00000003249",-0.215,-0.215,1,"79007"
6,"hsa-miR-3922-5p","CAAGGCC",5,"DGKG","1608","ENSG00000058866",-0.215,-0.215,1,"1608"
6,"hsa-miR-3922-5p","CAAGGCC",5,"EDN2","1907","ENSG00000127129",-0.215,-0.215,1,"1907"
6,"hsa-miR-3922-5p","CAAGGCC",5,"GZF1","64412","ENSG00000125812",-0.215,-0.215,1,"64412"
6,"hsa-miR-3922-5p","CAAGGCC",5,"HEMK1","51409","ENSG00000114735",-0.215,-0.215,1,"51409"
6,"hsa-miR-3922-5p","CAAGGCC",5,"L3MBTL2","83746","ENSG00000100395",-0.215,-0.215,1,"83746"
6,"hsa-miR-3922-5p","CAAGGCC",5,"LTBP2","4053","ENSG00000119681",-0.215,-0.215,1,"4053"
6,"hsa-miR-3922-5p","CAAGGCC",5,"NDC1","55706","ENSG00000058804",-0.215,-0.215,1,"55706"
6,"hsa-miR-3922-5p","CAAGGCC",5,"NELFB","25920","ENSG00000188986",-0.215,-0.215,1,"25920"
6,"hsa-miR-3922-5p","CAAGGCC",5,"SSC5D","284297","ENSG00000179954",-0.215,-0.215,1,"284297"
6,"hsa-miR-3922-5p","CAAGGCC",5,"STING1","340061","ENSG00000184584",-0.215,-0.215,1,"340061"
6,"hsa-miR-3922-5p","CAAGGCC",5,"ZNF518B","85460","ENSG00000178163",-0.215,-0.215,1,"85460"
6,"hsa-miR-3922-5p","CAAGGCC",5,"FBXL20","84961","ENSG00000108306",-0.214,-0.214,1,"84961"
6,"hsa-miR-3922-5p","CAAGGCC",5,"LEPROTL1","23484","ENSG00000104660",-0.214,-0.214,1,"23484"
6,"hsa-miR-3922-5p","CAAGGCC",5,"MYO16","23026","ENSG00000041515",-0.214,-0.214,1,"23026"
6,"hsa-miR-3922-5p","CAAGGCC",5,"PRR3","80742","ENSG00000204576",-0.214,-0.214,1,"80742"
6,"hsa-miR-3922-5p","CAAGGCC",5,"TMEM94","9772","ENSG00000177728",-0.214,-0.214,1,"9772"
6,"hsa-miR-3922-5p","CAAGGCC",5,"ADRA2A","150","ENSG00000150594",-0.213,-0.213,1,"150"
6,"hsa-miR-3922-5p","CAAGGCC",5,"ASAH2","56624","ENSG00000188611",-0.213,-0.213,1,"56624"
6,"hsa-miR-3922-5p","CAAGGCC",5,"CNNM3","26505","ENSG00000168763",-0.213,-0.213,1,"26505"
6,"hsa-miR-3922-5p","CAAGGCC",5,"GATSL2",NA,"ENSG00000198750",-0.213,-0.213,1,NA
6,"hsa-miR-3922-5p","CAAGGCC",5,"GPR37L1","9283","ENSG00000170075",-0.213,-0.213,1,"9283"
6,"hsa-miR-3922-5p","CAAGGCC",5,"LRIG1","26018","ENSG00000144749",-0.213,-0.1955,2,"26018"
6,"hsa-miR-3922-5p","CAAGGCC",5,"NAPA","8775","ENSG00000105402",-0.213,-0.213,1,"8775"
6,"hsa-miR-3922-5p","CAAGGCC",5,"OPA3","80207","ENSG00000125741",-0.213,-0.213,1,"80207"
6,"hsa-miR-3922-5p","CAAGGCC",5,"TNFRSF13C","115650","ENSG00000159958",-0.213,-0.213,1,"115650"
6,"hsa-miR-3922-5p","CAAGGCC",5,"ABCC12","94160","ENSG00000140798",-0.212,-0.212,1,"94160"
6,"hsa-miR-3922-5p","CAAGGCC",5,"EIF5A","1984","ENSG00000132507",-0.212,-0.212,1,"1984"
6,"hsa-miR-3922-5p","CAAGGCC",5,"GLIS2","84662","ENSG00000126603",-0.212,-0.212,1,"84662"
6,"hsa-miR-3922-5p","CAAGGCC",5,"LRRC75A","388341","ENSG00000181350",-0.212,-0.212,1,"388341"
6,"hsa-miR-3922-5p","CAAGGCC",5,"SNX13","23161","ENSG00000071189",-0.212,-0.212,1,"23161"
6,"hsa-miR-3922-5p","CAAGGCC",5,"ST6GALNAC4","27090","ENSG00000136840",-0.212,-0.212,1,"27090"
6,"hsa-miR-3922-5p","CAAGGCC",5,"URGCP","55665","ENSG00000106608",-0.212,-0.212,1,"55665"
6,"hsa-miR-3922-5p","CAAGGCC",5,"AIFM1","9131","ENSG00000156709",-0.211,-0.211,1,"9131"
6,"hsa-miR-3922-5p","CAAGGCC",5,"BCL2L2","599","ENSG00000129473",-0.211,-0.211,1,"599"
6,"hsa-miR-3922-5p","CAAGGCC",5,"GMDS","2762","ENSG00000112699",-0.211,-0.211,1,"2762"
6,"hsa-miR-3922-5p","CAAGGCC",5,"GMEB2","26205","ENSG00000101216",-0.211,-0.211,1,"26205"
6,"hsa-miR-3922-5p","CAAGGCC",5,"HMOX1","3162","ENSG00000100292",-0.211,-0.211,1,"3162"
6,"hsa-miR-3922-5p","CAAGGCC",5,"MMP19","4327","ENSG00000123342",-0.211,-0.211,1,"4327"
6,"hsa-miR-3922-5p","CAAGGCC",5,"PIWIL2","55124","ENSG00000197181",-0.211,-0.211,1,"55124"
6,"hsa-miR-3922-5p","CAAGGCC",5,"TLL1","7092","ENSG00000038295",-0.211,-0.211,1,"7092"
6,"hsa-miR-3922-5p","CAAGGCC",5,"TXNDC5","81567","ENSG00000239264",-0.211,-0.211,1,"81567"
6,"hsa-miR-3922-5p","CAAGGCC",5,"ADORA2A","135","ENSG00000128271",-0.21,-0.21,1,"135"
6,"hsa-miR-3922-5p","CAAGGCC",5,"ANXA5","308","ENSG00000164111",-0.21,-0.21,1,"308"
6,"hsa-miR-3922-5p","CAAGGCC",5,"LRRC47","57470","ENSG00000130764",-0.21,-0.21,1,"57470"
6,"hsa-miR-3922-5p","CAAGGCC",5,"MANEAL","149175","ENSG00000185090",-0.21,-0.21,1,"149175"
6,"hsa-miR-3922-5p","CAAGGCC",5,"SEMA4D","10507","ENSG00000187764",-0.21,-0.21,1,"10507"
6,"hsa-miR-3922-5p","CAAGGCC",5,"TMEM164","84187","ENSG00000157600",-0.21,-0.21,1,"84187"
6,"hsa-miR-3922-5p","CAAGGCC",5,"VCP","7415","ENSG00000165280",-0.21,-0.21,1,"7415"
6,"hsa-miR-3922-5p","CAAGGCC",5,"AQP7","364","ENSG00000165269",-0.209,-0.209,1,"364"
6,"hsa-miR-3922-5p","CAAGGCC",5,"B4GALT5","9334","ENSG00000158470",-0.209,-0.209,1,"9334"
6,"hsa-miR-3922-5p","CAAGGCC",5,"BLOC1S1","2647","ENSG00000135441",-0.209,-0.209,1,"2647"
6,"hsa-miR-3922-5p","CAAGGCC",5,"C6orf89","221477","ENSG00000198663",-0.209,-0.209,1,"221477"
6,"hsa-miR-3922-5p","CAAGGCC",5,"CD74","972","ENSG00000019582",-0.209,-0.209,1,"972"
6,"hsa-miR-3922-5p","CAAGGCC",5,"CLSTN2","64084","ENSG00000158258",-0.209,-0.209,1,"64084"
6,"hsa-miR-3922-5p","CAAGGCC",5,"DNMT1","1786","ENSG00000130816",-0.209,-0.209,1,"1786"
6,"hsa-miR-3922-5p","CAAGGCC",5,"HLX","3142","ENSG00000136630",-0.209,-0.209,1,"3142"
6,"hsa-miR-3922-5p","CAAGGCC",5,"MBNL1","4154","ENSG00000152601",-0.209,-0.209,1,"4154"
6,"hsa-miR-3922-5p","CAAGGCC",5,"PPP1R3E","90673","ENSG00000235194",-0.209,-0.209,1,"90673"
6,"hsa-miR-3922-5p","CAAGGCC",5,"SLC38A7","55238","ENSG00000103042",-0.209,-0.209,1,"55238"
6,"hsa-miR-3922-5p","CAAGGCC",5,"SMAD6","4091","ENSG00000137834",-0.209,-0.209,1,"4091"
6,"hsa-miR-3922-5p","CAAGGCC",5,"STAMBPL1","57559","ENSG00000138134",-0.209,-0.209,1,"57559"
6,"hsa-miR-3922-5p","CAAGGCC",5,"UROS","7390","ENSG00000188690",-0.209,-0.209,1,"7390"
6,"hsa-miR-3922-5p","CAAGGCC",5,"AVPR1B","553","ENSG00000198049",-0.208,-0.208,1,"553"
6,"hsa-miR-3922-5p","CAAGGCC",5,"CILP","8483","ENSG00000138615",-0.208,-0.208,1,"8483"
6,"hsa-miR-3922-5p","CAAGGCC",5,"CITED4","163732","ENSG00000179862",-0.208,-0.208,1,"163732"
6,"hsa-miR-3922-5p","CAAGGCC",5,"HDAC2","3066","ENSG00000196591",-0.208,-0.208,1,"3066"
6,"hsa-miR-3922-5p","CAAGGCC",5,"KCNS1","3787","ENSG00000124134",-0.208,-0.208,1,"3787"
6,"hsa-miR-3922-5p","CAAGGCC",5,"KCTD15","79047","ENSG00000153885",-0.208,-0.201,2,"79047"
6,"hsa-miR-3922-5p","CAAGGCC",5,"ZNF224","7767","ENSG00000267680",-0.208,-0.208,1,"7767"
6,"hsa-miR-3922-5p","CAAGGCC",5,"ZNF585B","92285","ENSG00000245680",-0.208,-0.208,1,"92285"
6,"hsa-miR-3922-5p","CAAGGCC",5,"ZSCAN32","54925","ENSG00000140987",-0.208,-0.208,1,"54925"
6,"hsa-miR-3922-5p","CAAGGCC",5,"CEP97","79598","ENSG00000182504",-0.207,-0.207,1,"79598"
6,"hsa-miR-3922-5p","CAAGGCC",5,"CNP","1267","ENSG00000173786",-0.207,-0.207,1,"1267"
6,"hsa-miR-3922-5p","CAAGGCC",5,"DEXI","28955","ENSG00000182108",-0.207,-0.207,1,"28955"
6,"hsa-miR-3922-5p","CAAGGCC",5,"DPH3","285381","ENSG00000154813",-0.207,-0.207,1,"285381"
6,"hsa-miR-3922-5p","CAAGGCC",5,"FCHSD1","89848","ENSG00000197948",-0.207,-0.207,1,"89848"
6,"hsa-miR-3922-5p","CAAGGCC",5,"HOXC13","3229","ENSG00000123364",-0.207,-0.207,1,"3229"
6,"hsa-miR-3922-5p","CAAGGCC",5,"PELO","53918","ENSG00000152684",-0.207,-0.207,1,"53918"
6,"hsa-miR-3922-5p","CAAGGCC",5,"RPL24","6152","ENSG00000114391",-0.207,-0.207,1,"6152"
6,"hsa-miR-3922-5p","CAAGGCC",5,"SASH3","54440","ENSG00000122122",-0.207,-0.207,1,"54440"
6,"hsa-miR-3922-5p","CAAGGCC",5,"ADGRG1","9289","ENSG00000205336",-0.206,-0.206,1,"9289"
6,"hsa-miR-3922-5p","CAAGGCC",5,"ASB18","401036","ENSG00000182177",-0.206,-0.206,1,"401036"
6,"hsa-miR-3922-5p","CAAGGCC",5,"ATP6V0C","527","ENSG00000185883",-0.206,-0.206,1,"527"
6,"hsa-miR-3922-5p","CAAGGCC",5,"CD226","10666","ENSG00000150637",-0.206,-0.206,1,"10666"
6,"hsa-miR-3922-5p","CAAGGCC",5,"LUZP1","7798","ENSG00000169641",-0.206,-0.206,1,"7798"
6,"hsa-miR-3922-5p","CAAGGCC",5,"SCAND3","114821","ENSG00000232040",-0.206,-0.206,1,"114821"
6,"hsa-miR-3922-5p","CAAGGCC",5,"SCN4B","6330","ENSG00000177098",-0.206,-0.193,2,"6330"
6,"hsa-miR-3922-5p","CAAGGCC",5,"ZNF33A","7581","ENSG00000189180",-0.206,-0.206,1,"7581"
6,"hsa-miR-3922-5p","CAAGGCC",5,"CCNT1","904","ENSG00000129315",-0.205,-0.205,1,"904"
6,"hsa-miR-3922-5p","CAAGGCC",5,"CDC25B","994","ENSG00000101224",-0.205,-0.205,1,"994"
6,"hsa-miR-3922-5p","CAAGGCC",5,"FGD4","121512","ENSG00000139132",-0.205,-0.205,1,"121512"
6,"hsa-miR-3922-5p","CAAGGCC",5,"HECTD3","79654","ENSG00000126107",-0.205,-0.205,1,"79654"
6,"hsa-miR-3922-5p","CAAGGCC",5,"HLA-A","3105","ENSG00000206503",-0.205,-0.205,1,"3105"
6,"hsa-miR-3922-5p","CAAGGCC",5,"HSPA9","3313","ENSG00000113013",-0.205,-0.205,1,"3313"
6,"hsa-miR-3922-5p","CAAGGCC",5,"KDM5B","10765","ENSG00000117139",-0.205,-0.205,1,"10765"
6,"hsa-miR-3922-5p","CAAGGCC",5,"OGFOD1","55239","ENSG00000087263",-0.205,-0.205,1,"55239"
6,"hsa-miR-3922-5p","CAAGGCC",5,"RAB22A","57403","ENSG00000124209",-0.205,-0.205,1,"57403"
6,"hsa-miR-3922-5p","CAAGGCC",5,"SFXN1","94081","ENSG00000164466",-0.205,-0.205,1,"94081"
6,"hsa-miR-3922-5p","CAAGGCC",5,"ZNF80","7634","ENSG00000174255",-0.205,-0.205,1,"7634"
6,"hsa-miR-3922-5p","CAAGGCC",5,"ALG11","440138","ENSG00000253710",-0.204,-0.204,1,"440138"
6,"hsa-miR-3922-5p","CAAGGCC",5,"ALMS1","7840","ENSG00000116127",-0.204,-0.204,1,"7840"
6,"hsa-miR-3922-5p","CAAGGCC",5,"ANKIB1","54467","ENSG00000001629",-0.204,-0.204,1,"54467"
6,"hsa-miR-3922-5p","CAAGGCC",5,"BAG4","9530","ENSG00000156735",-0.204,-0.204,1,"9530"
6,"hsa-miR-3922-5p","CAAGGCC",5,"ECH1","1891","ENSG00000104823",-0.204,-0.204,1,"1891"
6,"hsa-miR-3922-5p","CAAGGCC",5,"GEN1","348654","ENSG00000178295",-0.204,-0.204,1,"348654"
6,"hsa-miR-3922-5p","CAAGGCC",5,"HAGH","3029","ENSG00000063854",-0.204,-0.204,1,"3029"
6,"hsa-miR-3922-5p","CAAGGCC",5,"HMGB1","3146","ENSG00000189403",-0.204,-0.204,1,"3146"
6,"hsa-miR-3922-5p","CAAGGCC",5,"LRRC14","9684","ENSG00000160959",-0.204,-0.204,1,"9684"
6,"hsa-miR-3922-5p","CAAGGCC",5,"NCMAP","400746","ENSG00000184454",-0.204,-0.204,1,"400746"
6,"hsa-miR-3922-5p","CAAGGCC",5,"PCDHGB1","56104","ENSG00000254221",-0.204,-0.204,1,"56104"
6,"hsa-miR-3922-5p","CAAGGCC",5,"PCDHGB4","8641","ENSG00000253953",-0.204,-0.204,1,"8641"
6,"hsa-miR-3922-5p","CAAGGCC",5,"SRSF2","6427","ENSG00000161547",-0.204,-0.204,1,"6427"
6,"hsa-miR-3922-5p","CAAGGCC",5,"ZWINT","11130","ENSG00000122952",-0.204,-0.204,1,"11130"
6,"hsa-miR-3922-5p","CAAGGCC",5,"ABCG2","9429","ENSG00000118777",-0.203,-0.2025,2,"9429"
6,"hsa-miR-3922-5p","CAAGGCC",5,"AL117190.3",NA,"ENSG00000269375",-0.203,-0.203,1,NA
6,"hsa-miR-3922-5p","CAAGGCC",5,"BICRAL","23506","ENSG00000112624",-0.203,-0.203,1,"23506"
6,"hsa-miR-3922-5p","CAAGGCC",5,"CLVS2","134829","ENSG00000146352",-0.203,-0.203,1,"134829"
6,"hsa-miR-3922-5p","CAAGGCC",5,"EPN2","22905","ENSG00000072134",-0.203,-0.203,1,"22905"
6,"hsa-miR-3922-5p","CAAGGCC",5,"EXOSC5","56915","ENSG00000077348",-0.203,-0.203,1,"56915"
6,"hsa-miR-3922-5p","CAAGGCC",5,"NELFA","7469","ENSG00000185049",-0.203,-0.203,1,"7469"
6,"hsa-miR-3922-5p","CAAGGCC",5,"OSBPL6","114880","ENSG00000079156",-0.203,-0.203,1,"114880"
6,"hsa-miR-3922-5p","CAAGGCC",5,"PCDHGB2","56103","ENSG00000253910",-0.203,-0.203,1,"56103"
6,"hsa-miR-3922-5p","CAAGGCC",5,"PCDHGB3","56102","ENSG00000262209",-0.203,-0.203,1,"56102"
6,"hsa-miR-3922-5p","CAAGGCC",5,"PCDHGB7","56099","ENSG00000254122",-0.203,-0.203,1,"56099"
6,"hsa-miR-3922-5p","CAAGGCC",5,"PDCD1","5133","ENSG00000188389",-0.203,-0.203,1,"5133"
6,"hsa-miR-3922-5p","CAAGGCC",5,"PMVK","10654","ENSG00000163344",-0.203,-0.203,1,"10654"
6,"hsa-miR-3922-5p","CAAGGCC",5,"RAE1","8480","ENSG00000101146",-0.203,-0.203,1,"8480"
6,"hsa-miR-3922-5p","CAAGGCC",5,"SLC25A25","114789","ENSG00000148339",-0.203,-0.203,1,"114789"
6,"hsa-miR-3922-5p","CAAGGCC",5,"SSTR5","6755","ENSG00000162009",-0.203,-0.203,1,"6755"
6,"hsa-miR-3922-5p","CAAGGCC",5,"ALS2","57679","ENSG00000003393",-0.202,-0.202,1,"57679"
6,"hsa-miR-3922-5p","CAAGGCC",5,"ERVV-1","147664","ENSG00000269526",-0.202,-0.202,1,"147664"
6,"hsa-miR-3922-5p","CAAGGCC",5,"LSM8","51691","ENSG00000128534",-0.202,-0.202,1,"51691"
6,"hsa-miR-3922-5p","CAAGGCC",5,"PEPD","5184","ENSG00000124299",-0.202,-0.202,1,"5184"
6,"hsa-miR-3922-5p","CAAGGCC",5,"PLIN5","440503","ENSG00000214456",-0.202,-0.202,1,"440503"
6,"hsa-miR-3922-5p","CAAGGCC",5,"SUSD6","9766","ENSG00000100647",-0.202,-0.202,1,"9766"
6,"hsa-miR-3922-5p","CAAGGCC",5,"TMEM80","283232","ENSG00000177042",-0.202,-0.202,1,"283232"
6,"hsa-miR-3922-5p","CAAGGCC",5,"ZNF280B",NA,"ENSG00000198477",-0.202,-0.202,1,"140883"
6,"hsa-miR-3922-5p","CAAGGCC",5,"DDR2","4921","ENSG00000162733",-0.201,-0.201,1,"4921"
6,"hsa-miR-3922-5p","CAAGGCC",5,"FAM120AOS","158293","ENSG00000188938",-0.201,-0.201,1,"158293"
6,"hsa-miR-3922-5p","CAAGGCC",5,"KYAT1","883","ENSG00000171097",-0.201,-0.201,1,"883"
6,"hsa-miR-3922-5p","CAAGGCC",5,"PEA15","8682","ENSG00000162734",-0.201,-0.201,1,"8682"
6,"hsa-miR-3922-5p","CAAGGCC",5,"POLD2","5425","ENSG00000106628",-0.201,-0.201,1,"5425"
6,"hsa-miR-3922-5p","CAAGGCC",5,"RASL12","51285","ENSG00000103710",-0.201,-0.201,1,"51285"
6,"hsa-miR-3922-5p","CAAGGCC",5,"UQCC6","728568","ENSG00000204954",-0.201,-0.201,1,"728568"
6,"hsa-miR-3922-5p","CAAGGCC",5,"YWHAG","7532","ENSG00000170027",-0.201,-0.201,1,"7532"
6,"hsa-miR-3922-5p","CAAGGCC",5,"ARMH1","339541","ENSG00000198520",-0.2,-0.2,1,"339541"
6,"hsa-miR-3922-5p","CAAGGCC",5,"MEDAG","84935","ENSG00000102802",-0.2,-0.2,1,"84935"
6,"hsa-miR-3922-5p","CAAGGCC",5,"NOL9","79707","ENSG00000162408",-0.2,-0.2,1,"79707"
6,"hsa-miR-3922-5p","CAAGGCC",5,"PRKCI","5584","ENSG00000163558",-0.2,-0.2,1,"5584"
6,"hsa-miR-3922-5p","CAAGGCC",5,"RBM10","8241","ENSG00000182872",-0.2,-0.2,1,"8241"
6,"hsa-miR-3922-5p","CAAGGCC",5,"UBE2F","140739","ENSG00000184182",-0.2,-0.2,1,"140739"
6,"hsa-miR-3922-5p","CAAGGCC",5,"ARHGAP35","2909","ENSG00000160007",-0.199,-0.199,1,"2909"
6,"hsa-miR-3922-5p","CAAGGCC",5,"ATXN7","6314","ENSG00000163635",-0.199,-0.199,1,"6314"
6,"hsa-miR-3922-5p","CAAGGCC",5,"CAMK2G","818","ENSG00000148660",-0.199,-0.189,2,"818"
6,"hsa-miR-3922-5p","CAAGGCC",5,"CD34","947","ENSG00000174059",-0.199,-0.199,1,"947"
6,"hsa-miR-3922-5p","CAAGGCC",5,"DYRK1B","9149","ENSG00000105204",-0.199,-0.199,1,"9149"
6,"hsa-miR-3922-5p","CAAGGCC",5,"OLIG2","10215","ENSG00000205927",-0.199,-0.199,1,"10215"
6,"hsa-miR-3922-5p","CAAGGCC",5,"SEMA3G","56920","ENSG00000010319",-0.199,-0.199,1,"56920"
6,"hsa-miR-3922-5p","CAAGGCC",5,"ANGPT2","285","ENSG00000091879",-0.198,-0.198,1,"285"
6,"hsa-miR-3922-5p","CAAGGCC",5,"DERL2","51009","ENSG00000072849",-0.198,-0.198,1,"51009"
6,"hsa-miR-3922-5p","CAAGGCC",5,"KMT5A","387893","ENSG00000183955",-0.198,-0.198,1,"387893"
6,"hsa-miR-3922-5p","CAAGGCC",5,"SLX9","85395","ENSG00000160256",-0.198,-0.198,1,"85395"
6,"hsa-miR-3922-5p","CAAGGCC",5,"ZNF436","80818","ENSG00000125945",-0.198,-0.198,1,"80818"
6,"hsa-miR-3922-5p","CAAGGCC",5,"ARHGEF3","50650","ENSG00000163947",-0.197,-0.197,1,"50650"
6,"hsa-miR-3922-5p","CAAGGCC",5,"ATG13","9776","ENSG00000175224",-0.197,-0.197,1,"9776"
6,"hsa-miR-3922-5p","CAAGGCC",5,"CIBAR2","339145","ENSG00000153789",-0.197,-0.197,1,"339145"
6,"hsa-miR-3922-5p","CAAGGCC",5,"CXCL13","10563","ENSG00000156234",-0.197,-0.197,1,"10563"
6,"hsa-miR-3922-5p","CAAGGCC",5,"GAS2L2",NA,"ENSG00000132139",-0.197,-0.197,1,"246176"
6,"hsa-miR-3922-5p","CAAGGCC",5,"GSX1","219409","ENSG00000169840",-0.197,-0.197,1,"219409"
6,"hsa-miR-3922-5p","CAAGGCC",5,"HNRNPLL","92906","ENSG00000143889",-0.197,-0.197,1,"92906"
6,"hsa-miR-3922-5p","CAAGGCC",5,"INTS6","26512","ENSG00000102786",-0.197,-0.197,1,"26512"
6,"hsa-miR-3922-5p","CAAGGCC",5,"MTMR14","64419","ENSG00000163719",-0.197,-0.197,1,"64419"
6,"hsa-miR-3922-5p","CAAGGCC",5,"NRN1","51299","ENSG00000124785",-0.197,-0.197,1,"51299"
6,"hsa-miR-3922-5p","CAAGGCC",5,"PARL","55486","ENSG00000175193",-0.197,-0.197,1,"55486"
6,"hsa-miR-3922-5p","CAAGGCC",5,"RASEF","158158","ENSG00000165105",-0.197,-0.197,1,"158158"
6,"hsa-miR-3922-5p","CAAGGCC",5,"RNF187","149603","ENSG00000168159",-0.197,-0.1925,2,"149603"
6,"hsa-miR-3922-5p","CAAGGCC",5,"SERPINA1","5265","ENSG00000197249",-0.197,-0.197,1,"5265"
6,"hsa-miR-3922-5p","CAAGGCC",5,"TP53AIP1","63970","ENSG00000120471",-0.197,-0.197,1,"63970"
6,"hsa-miR-3922-5p","CAAGGCC",5,"CH25H","9023","ENSG00000138135",-0.196,-0.196,1,"9023"
6,"hsa-miR-3922-5p","CAAGGCC",5,"HK3","3101","ENSG00000160883",-0.196,-0.196,1,"3101"
6,"hsa-miR-3922-5p","CAAGGCC",5,"KLF13","51621","ENSG00000169926",-0.196,-0.196,1,"51621"
6,"hsa-miR-3922-5p","CAAGGCC",5,"MAPK12","6300","ENSG00000188130",-0.196,-0.196,1,"6300"
6,"hsa-miR-3922-5p","CAAGGCC",5,"MIRLET7BHG","400931","ENSG00000197182",-0.196,-0.1955,4,"400931"
6,"hsa-miR-3922-5p","CAAGGCC",5,"MRM1",NA,"ENSG00000129282",-0.196,-0.196,1,"79922"
6,"hsa-miR-3922-5p","CAAGGCC",5,"PIWIL3","440822","ENSG00000184571",-0.196,-0.196,1,"440822"
6,"hsa-miR-3922-5p","CAAGGCC",5,"RFLNA","144347","ENSG00000178882",-0.196,-0.196,2,"144347"
6,"hsa-miR-3922-5p","CAAGGCC",5,"SDCBP2","27111","ENSG00000125775",-0.196,-0.196,1,"27111"
6,"hsa-miR-3922-5p","CAAGGCC",5,"SPRED3","399473","ENSG00000188766",-0.196,-0.196,1,"399473"
6,"hsa-miR-3922-5p","CAAGGCC",5,"TMEM199","147007","ENSG00000244045",-0.196,-0.196,1,"147007"
6,"hsa-miR-3922-5p","CAAGGCC",5,"TMEM252","169693","ENSG00000181778",-0.196,-0.196,1,"169693"
6,"hsa-miR-3922-5p","CAAGGCC",5,"FAM131A","131408","ENSG00000175182",-0.195,-0.195,1,"131408"
6,"hsa-miR-3922-5p","CAAGGCC",5,"GNA12","2768","ENSG00000146535",-0.195,-0.192,2,"2768"
6,"hsa-miR-3922-5p","CAAGGCC",5,"LINC01561","404216","ENSG00000177234",-0.195,-0.195,1,"404216"
6,"hsa-miR-3922-5p","CAAGGCC",5,"PTCD2","79810","ENSG00000049883",-0.195,-0.195,1,"79810"
6,"hsa-miR-3922-5p","CAAGGCC",5,"SH2D4B","387694","ENSG00000178217",-0.195,-0.195,1,"387694"
6,"hsa-miR-3922-5p","CAAGGCC",5,"SKP1","6500","ENSG00000113558",-0.195,-0.195,1,"6500"
6,"hsa-miR-3922-5p","CAAGGCC",5,"AC079210.1",NA,"ENSG00000269657",-0.194,-0.194,1,NA
6,"hsa-miR-3922-5p","CAAGGCC",5,"C1orf50","79078","ENSG00000164008",-0.194,-0.194,1,"79078"
6,"hsa-miR-3922-5p","CAAGGCC",5,"CDC14A","8556","ENSG00000079335",-0.194,-0.194,1,"8556"
6,"hsa-miR-3922-5p","CAAGGCC",5,"CDH26","60437","ENSG00000124215",-0.194,-0.194,1,"60437"
6,"hsa-miR-3922-5p","CAAGGCC",5,"DCTN5","84516","ENSG00000166847",-0.194,-0.194,1,"84516"
6,"hsa-miR-3922-5p","CAAGGCC",5,"GNGT2","2793","ENSG00000167083",-0.194,-0.194,1,"2793"
6,"hsa-miR-3922-5p","CAAGGCC",5,"KCNK6","9424","ENSG00000099337",-0.194,-0.194,1,"9424"
6,"hsa-miR-3922-5p","CAAGGCC",5,"PDE5A","8654","ENSG00000138735",-0.194,-0.194,1,"8654"
6,"hsa-miR-3922-5p","CAAGGCC",5,"PTP4A3","11156","ENSG00000184489",-0.194,-0.194,1,"11156"
6,"hsa-miR-3922-5p","CAAGGCC",5,"RPAP3","79657","ENSG00000005175",-0.194,-0.194,1,"79657"
6,"hsa-miR-3922-5p","CAAGGCC",5,"SEZ6L2","26470","ENSG00000174938",-0.194,-0.194,1,"26470"
6,"hsa-miR-3922-5p","CAAGGCC",5,"TMPPE","643853","ENSG00000188167",-0.194,-0.194,1,"643853"
6,"hsa-miR-3922-5p","CAAGGCC",5,"TNFRSF21","27242","ENSG00000146072",-0.194,-0.194,1,"27242"
6,"hsa-miR-3922-5p","CAAGGCC",5,"C17orf80","55028","ENSG00000141219",-0.193,-0.193,1,"55028"
6,"hsa-miR-3922-5p","CAAGGCC",5,"HLCS","3141","ENSG00000159267",-0.193,-0.193,1,"3141"
6,"hsa-miR-3922-5p","CAAGGCC",5,"MGAT1","4245","ENSG00000131446",-0.193,-0.193,1,"4245"
6,"hsa-miR-3922-5p","CAAGGCC",5,"MINDY2","54629","ENSG00000128923",-0.193,-0.193,1,"54629"
6,"hsa-miR-3922-5p","CAAGGCC",5,"MS4A8","83661","ENSG00000166959",-0.193,-0.193,1,"83661"
6,"hsa-miR-3922-5p","CAAGGCC",5,"MTO1","25821","ENSG00000135297",-0.193,-0.193,1,"25821"
6,"hsa-miR-3922-5p","CAAGGCC",5,"SERINC5","256987","ENSG00000164300",-0.193,-0.193,1,"256987"
6,"hsa-miR-3922-5p","CAAGGCC",5,"TRMT61A","115708","ENSG00000166166",-0.193,-0.193,1,"115708"
6,"hsa-miR-3922-5p","CAAGGCC",5,"ACVR2B","93","ENSG00000114739",-0.192,-0.192,1,"93"
6,"hsa-miR-3922-5p","CAAGGCC",5,"BCAR1","9564","ENSG00000050820",-0.192,-0.192,1,"9564"
6,"hsa-miR-3922-5p","CAAGGCC",5,"C16orf92","146378","ENSG00000167194",-0.192,-0.192,1,"146378"
6,"hsa-miR-3922-5p","CAAGGCC",5,"C7","730","ENSG00000112936",-0.192,-0.192,1,"730"
6,"hsa-miR-3922-5p","CAAGGCC",5,"EIF4EBP2","1979","ENSG00000148730",-0.192,-0.192,1,"1979"
6,"hsa-miR-3922-5p","CAAGGCC",5,"HIST1H2BO",NA,"ENSG00000196331",-0.192,-0.192,1,NA
6,"hsa-miR-3922-5p","CAAGGCC",5,"IFRG15","163590","ENSG00000258664",-0.192,-0.192,1,NA
6,"hsa-miR-3922-5p","CAAGGCC",5,"TCEA3","6920","ENSG00000204219",-0.192,-0.192,1,"6920"
6,"hsa-miR-3922-5p","CAAGGCC",5,"TIMM22","29928","ENSG00000177370",-0.192,-0.192,1,"29928"
6,"hsa-miR-3922-5p","CAAGGCC",5,"AP000867.1",NA,"ENSG00000187811",-0.191,-0.191,1,NA
6,"hsa-miR-3922-5p","CAAGGCC",5,"CA5B","11238","ENSG00000169239",-0.191,-0.191,1,"11238"
6,"hsa-miR-3922-5p","CAAGGCC",5,"CPSF6","11052","ENSG00000111605",-0.191,-0.191,1,"11052"
6,"hsa-miR-3922-5p","CAAGGCC",5,"CRKL","1399","ENSG00000099942",-0.191,-0.191,1,"1399"
6,"hsa-miR-3922-5p","CAAGGCC",5,"GRAP","10750","ENSG00000154016",-0.191,-0.191,2,"10750"
6,"hsa-miR-3922-5p","CAAGGCC",5,"GTF3C1","2975","ENSG00000077235",-0.191,-0.191,1,"2975"
6,"hsa-miR-3922-5p","CAAGGCC",5,"RNF213","57674","ENSG00000173821",-0.191,-0.191,1,"57674"
6,"hsa-miR-3922-5p","CAAGGCC",5,"TTYH1","57348","ENSG00000167614",-0.191,-0.191,1,"57348"
6,"hsa-miR-3922-5p","CAAGGCC",5,"UMPS","7372","ENSG00000114491",-0.191,-0.191,1,"7372"
6,"hsa-miR-3922-5p","CAAGGCC",5,"ABCF1","23","ENSG00000204574",-0.19,-0.19,1,"23"
6,"hsa-miR-3922-5p","CAAGGCC",5,"EDAR","10913","ENSG00000135960",-0.19,-0.19,1,"10913"
6,"hsa-miR-3922-5p","CAAGGCC",5,"EEPD1","80820","ENSG00000122547",-0.19,-0.19,1,"80820"
6,"hsa-miR-3922-5p","CAAGGCC",5,"FAM171B","165215","ENSG00000144369",-0.19,-0.19,1,"165215"
6,"hsa-miR-3922-5p","CAAGGCC",5,"OTULIN","90268","ENSG00000154124",-0.19,-0.19,1,"90268"
6,"hsa-miR-3922-5p","CAAGGCC",5,"PPFIA2","8499","ENSG00000139220",-0.19,-0.19,1,"8499"
6,"hsa-miR-3922-5p","CAAGGCC",5,"RBMS2","5939","ENSG00000076067",-0.19,-0.19,1,"5939"
6,"hsa-miR-3922-5p","CAAGGCC",5,"RPL37","6167","ENSG00000145592",-0.19,-0.19,1,"6167"
6,"hsa-miR-3922-5p","CAAGGCC",5,"SCAF8","22828","ENSG00000213079",-0.19,-0.19,1,"22828"
6,"hsa-miR-3922-5p","CAAGGCC",5,"SLC16A1","6566","ENSG00000155380",-0.19,-0.19,1,"6566"
6,"hsa-miR-3922-5p","CAAGGCC",5,"SRPX2","27286","ENSG00000102359",-0.19,-0.19,1,"27286"
6,"hsa-miR-3922-5p","CAAGGCC",5,"THRB","7068","ENSG00000151090",-0.19,-0.19,1,"7068"
6,"hsa-miR-3922-5p","CAAGGCC",5,"TOLLIP","54472","ENSG00000078902",-0.19,-0.19,1,"54472"
6,"hsa-miR-3922-5p","CAAGGCC",5,"C1GALT1C1","29071","ENSG00000171155",-0.189,-0.189,1,"29071"
6,"hsa-miR-3922-5p","CAAGGCC",5,"CELF3","11189","ENSG00000159409",-0.189,-0.189,1,"11189"
6,"hsa-miR-3922-5p","CAAGGCC",5,"CRACD","57482","ENSG00000109265",-0.189,-0.189,1,"57482"
6,"hsa-miR-3922-5p","CAAGGCC",5,"EFNA4-EFNA3","125467750","ENSG00000251246",-0.189,-0.189,1,"125467750"
6,"hsa-miR-3922-5p","CAAGGCC",5,"FGB","2244","ENSG00000171564",-0.189,-0.189,1,"2244"
6,"hsa-miR-3922-5p","CAAGGCC",5,"MFSD11","79157","ENSG00000092931",-0.189,-0.189,1,"79157"
6,"hsa-miR-3922-5p","CAAGGCC",5,"PRKX","5613","ENSG00000183943",-0.189,-0.189,1,"5613"
6,"hsa-miR-3922-5p","CAAGGCC",5,"SLAMF8","56833","ENSG00000158714",-0.189,-0.189,1,"56833"
6,"hsa-miR-3922-5p","CAAGGCC",5,"CCDC167","154467","ENSG00000198937",-0.188,-0.188,1,"154467"
6,"hsa-miR-3922-5p","CAAGGCC",5,"CSRNP1","64651","ENSG00000144655",-0.188,-0.188,1,"64651"
6,"hsa-miR-3922-5p","CAAGGCC",5,"CYTH2","9266","ENSG00000105443",-0.188,-0.188,1,"9266"
6,"hsa-miR-3922-5p","CAAGGCC",5,"GID8","54994","ENSG00000101193",-0.188,-0.188,1,"54994"
6,"hsa-miR-3922-5p","CAAGGCC",5,"GXYLT1","283464","ENSG00000151233",-0.188,-0.188,1,"283464"
6,"hsa-miR-3922-5p","CAAGGCC",5,"MOBP","4336","ENSG00000168314",-0.188,-0.188,1,"4336"
6,"hsa-miR-3922-5p","CAAGGCC",5,"ODF4","146852","ENSG00000184650",-0.188,-0.188,1,"146852"
6,"hsa-miR-3922-5p","CAAGGCC",5,"POLR3A","11128","ENSG00000148606",-0.188,-0.188,1,"11128"
6,"hsa-miR-3922-5p","CAAGGCC",5,"RNF8","9025","ENSG00000112130",-0.188,-0.188,1,"9025"
6,"hsa-miR-3922-5p","CAAGGCC",5,"SEC62","7095","ENSG00000008952",-0.188,-0.188,1,"7095"
6,"hsa-miR-3922-5p","CAAGGCC",5,"AC006372.1",NA,"ENSG00000236669",-0.187,-0.187,1,NA
6,"hsa-miR-3922-5p","CAAGGCC",5,"ATL3","25923","ENSG00000184743",-0.187,-0.187,1,"25923"
6,"hsa-miR-3922-5p","CAAGGCC",5,"CCND2","894","ENSG00000118971",-0.187,-0.187,1,"894"
6,"hsa-miR-3922-5p","CAAGGCC",5,"EHD1","10938","ENSG00000110047",-0.187,-0.187,1,"10938"
6,"hsa-miR-3922-5p","CAAGGCC",5,"ELF3","1999","ENSG00000163435",-0.187,-0.187,1,"1999"
6,"hsa-miR-3922-5p","CAAGGCC",5,"GPR37","2861","ENSG00000170775",-0.187,-0.187,1,"2861"
6,"hsa-miR-3922-5p","CAAGGCC",5,"HIF1AN","55662","ENSG00000166135",-0.187,-0.187,1,"55662"
6,"hsa-miR-3922-5p","CAAGGCC",5,"LGALS7B","3963","ENSG00000178934",-0.187,-0.187,2,"653499"
6,"hsa-miR-3922-5p","CAAGGCC",5,"PPP1R14C","81706","ENSG00000198729",-0.187,-0.187,1,"81706"
6,"hsa-miR-3922-5p","CAAGGCC",5,"PRPF31","26121","ENSG00000105618",-0.187,-0.187,1,"26121"
6,"hsa-miR-3922-5p","CAAGGCC",5,"SAMD10","140700","ENSG00000130590",-0.187,-0.187,1,"140700"
6,"hsa-miR-3922-5p","CAAGGCC",5,"SLC1A3","6507","ENSG00000079215",-0.187,-0.187,1,"6507"
6,"hsa-miR-3922-5p","CAAGGCC",5,"ST8SIA4","7903","ENSG00000113532",-0.187,-0.187,1,"7903"
6,"hsa-miR-3922-5p","CAAGGCC",5,"USP12","219333","ENSG00000152484",-0.187,-0.187,1,"219333"
6,"hsa-miR-3922-5p","CAAGGCC",5,"CELF6","60677","ENSG00000140488",-0.186,-0.186,1,"60677"
6,"hsa-miR-3922-5p","CAAGGCC",5,"GGT7","2686","ENSG00000131067",-0.186,-0.186,1,"2686"
6,"hsa-miR-3922-5p","CAAGGCC",5,"IPO13","9670","ENSG00000117408",-0.186,-0.186,1,"9670"
6,"hsa-miR-3922-5p","CAAGGCC",5,"KRT83","3889","ENSG00000170523",-0.186,-0.186,1,"3889"
6,"hsa-miR-3922-5p","CAAGGCC",5,"MOV10","4343","ENSG00000155363",-0.186,-0.186,1,"4343"
6,"hsa-miR-3922-5p","CAAGGCC",5,"RBM23","55147","ENSG00000100461",-0.186,-0.186,1,"55147"
6,"hsa-miR-3922-5p","CAAGGCC",5,"RPL28","6158","ENSG00000108107",-0.186,-0.186,1,"6158"
6,"hsa-miR-3922-5p","CAAGGCC",5,"WBP11","51729","ENSG00000084463",-0.186,-0.186,1,"51729"
6,"hsa-miR-3922-5p","CAAGGCC",5,"WWTR1","25937","ENSG00000018408",-0.186,-0.186,1,"25937"
6,"hsa-miR-3922-5p","CAAGGCC",5,"ACKR2","1238","ENSG00000144648",-0.185,-0.185,1,"1238"
6,"hsa-miR-3922-5p","CAAGGCC",5,"ENAH","55740","ENSG00000154380",-0.185,-0.185,1,"55740"
6,"hsa-miR-3922-5p","CAAGGCC",5,"FBXL12","54850","ENSG00000127452",-0.185,-0.185,1,"54850"
6,"hsa-miR-3922-5p","CAAGGCC",5,"GLRX3","10539","ENSG00000108010",-0.185,-0.185,1,"10539"
6,"hsa-miR-3922-5p","CAAGGCC",5,"HOXB6","3216","ENSG00000108511",-0.185,-0.185,1,"3216"
6,"hsa-miR-3922-5p","CAAGGCC",5,"IGFBP5","3488","ENSG00000115461",-0.185,-0.1815,2,"3488"
6,"hsa-miR-3922-5p","CAAGGCC",5,"LGALS7","3963","ENSG00000205076",-0.185,-0.185,2,"3963"
6,"hsa-miR-3922-5p","CAAGGCC",5,"NCKIPSD","51517","ENSG00000213672",-0.185,-0.185,1,"51517"
6,"hsa-miR-3922-5p","CAAGGCC",5,"SEPTIN11","55752","ENSG00000138758",-0.185,-0.185,1,"55752"
6,"hsa-miR-3922-5p","CAAGGCC",5,"SLC6A13","6540","ENSG00000010379",-0.185,-0.185,1,"6540"
6,"hsa-miR-3922-5p","CAAGGCC",5,"SYNCRIP","10492","ENSG00000135316",-0.185,-0.185,1,"10492"
6,"hsa-miR-3922-5p","CAAGGCC",5,"VSTM5","387804","ENSG00000214376",-0.185,-0.185,1,"387804"
6,"hsa-miR-3922-5p","CAAGGCC",5,"C16orf54","283897","ENSG00000185905",-0.184,-0.184,1,"283897"
6,"hsa-miR-3922-5p","CAAGGCC",5,"CGNL1","84952","ENSG00000128849",-0.184,-0.184,1,"84952"
6,"hsa-miR-3922-5p","CAAGGCC",5,"CLU","1191","ENSG00000120885",-0.184,-0.184,1,"1191"
6,"hsa-miR-3922-5p","CAAGGCC",5,"FAM83F","113828","ENSG00000133477",-0.184,-0.184,1,"113828"
6,"hsa-miR-3922-5p","CAAGGCC",5,"FGF12","2257","ENSG00000114279",-0.184,-0.184,1,"2257"
6,"hsa-miR-3922-5p","CAAGGCC",5,"H2BC11","8970","ENSG00000124635",-0.184,-0.184,1,"8970"
6,"hsa-miR-3922-5p","CAAGGCC",5,"HES4","57801","ENSG00000188290",-0.184,-0.184,1,"57801"
6,"hsa-miR-3922-5p","CAAGGCC",5,"PARP12","64761","ENSG00000059378",-0.184,-0.184,1,"64761"
6,"hsa-miR-3922-5p","CAAGGCC",5,"PDRG1","81572","ENSG00000088356",-0.184,-0.184,1,"81572"
6,"hsa-miR-3922-5p","CAAGGCC",5,"PTPN4","5775","ENSG00000088179",-0.184,-0.184,1,"5775"
6,"hsa-miR-3922-5p","CAAGGCC",5,"RAPSN","5913","ENSG00000165917",-0.184,-0.184,1,"5913"
6,"hsa-miR-3922-5p","CAAGGCC",5,"RPF2","84154","ENSG00000197498",-0.184,-0.184,1,"84154"
6,"hsa-miR-3922-5p","CAAGGCC",5,"SLC30A8","169026","ENSG00000164756",-0.184,-0.184,1,"169026"
6,"hsa-miR-3922-5p","CAAGGCC",5,"SRPRB","58477","ENSG00000144867",-0.184,-0.184,1,"58477"
6,"hsa-miR-3922-5p","CAAGGCC",5,"TRAF7","84231","ENSG00000131653",-0.184,-0.184,1,"84231"
6,"hsa-miR-3922-5p","CAAGGCC",5,"ZNF384","171017","ENSG00000126746",-0.184,-0.184,1,"171017"
6,"hsa-miR-3922-5p","CAAGGCC",5,"CD200","4345","ENSG00000091972",-0.183,-0.183,1,"4345"
6,"hsa-miR-3922-5p","CAAGGCC",5,"CHP1","11261","ENSG00000187446",-0.183,-0.183,1,"11261"
6,"hsa-miR-3922-5p","CAAGGCC",5,"CNN3","1266","ENSG00000117519",-0.183,-0.183,1,"1266"
6,"hsa-miR-3922-5p","CAAGGCC",5,"MSL2","55167","ENSG00000174579",-0.183,-0.183,1,"55167"
6,"hsa-miR-3922-5p","CAAGGCC",5,"NDE1","54820","ENSG00000072864",-0.183,-0.183,1,"54820"
6,"hsa-miR-3922-5p","CAAGGCC",5,"PYGB","5834","ENSG00000100994",-0.183,-0.183,1,"5834"
6,"hsa-miR-3922-5p","CAAGGCC",5,"RNF5","6048","ENSG00000204308",-0.183,-0.183,1,"6048"
6,"hsa-miR-3922-5p","CAAGGCC",5,"TMX4","56255","ENSG00000125827",-0.183,-0.183,1,"56255"
6,"hsa-miR-3922-5p","CAAGGCC",5,"TRIM50","135892","ENSG00000146755",-0.183,-0.183,1,"135892"
6,"hsa-miR-3922-5p","CAAGGCC",5,"AWAT1","158833","ENSG00000204195",-0.182,-0.182,1,"158833"
6,"hsa-miR-3922-5p","CAAGGCC",5,"DGAT2","84649","ENSG00000062282",-0.182,-0.182,1,"84649"
6,"hsa-miR-3922-5p","CAAGGCC",5,"KIAA0754","643314","ENSG00000255103",-0.182,-0.182,1,NA
6,"hsa-miR-3922-5p","CAAGGCC",5,"LMAN2L","81562","ENSG00000114988",-0.182,-0.182,1,"81562"
6,"hsa-miR-3922-5p","CAAGGCC",5,"PLXNB1","5364","ENSG00000164050",-0.182,-0.182,1,"5364"
6,"hsa-miR-3922-5p","CAAGGCC",5,"ZNF625","90589","ENSG00000257591",-0.182,-0.182,1,"90589"
6,"hsa-miR-3922-5p","CAAGGCC",5,"AMZ1","155185","ENSG00000174945",-0.181,-0.181,1,"155185"
6,"hsa-miR-3922-5p","CAAGGCC",5,"AQP2","359","ENSG00000167580",-0.181,-0.181,1,"359"
6,"hsa-miR-3922-5p","CAAGGCC",5,"C11orf21","29125","ENSG00000110665",-0.181,-0.181,1,"29125"
6,"hsa-miR-3922-5p","CAAGGCC",5,"LAP3","51056","ENSG00000002549",-0.181,-0.181,1,"51056"
6,"hsa-miR-3922-5p","CAAGGCC",5,"MAP2K6","5608","ENSG00000108984",-0.181,-0.181,1,"5608"
6,"hsa-miR-3922-5p","CAAGGCC",5,"MYLK4","340156","ENSG00000145949",-0.181,-0.181,1,"340156"
6,"hsa-miR-3922-5p","CAAGGCC",5,"PLA2G3","50487","ENSG00000100078",-0.181,-0.181,1,"50487"
6,"hsa-miR-3922-5p","CAAGGCC",5,"SELENOS","55829","ENSG00000131871",-0.181,-0.181,1,"55829"
6,"hsa-miR-3922-5p","CAAGGCC",5,"ZC3H12A","80149","ENSG00000163874",-0.181,-0.181,1,"80149"
6,"hsa-miR-3922-5p","CAAGGCC",5,"ANO10","55129","ENSG00000160746",-0.18,-0.18,1,"55129"
6,"hsa-miR-3922-5p","CAAGGCC",5,"CES1","1066","ENSG00000198848",-0.18,-0.18,1,"1066"
6,"hsa-miR-3922-5p","CAAGGCC",5,"EIF5AL1","143244","ENSG00000253626",-0.18,-0.18,1,"143244"
6,"hsa-miR-3922-5p","CAAGGCC",5,"KTI12","112970","ENSG00000198841",-0.18,-0.18,1,"112970"
6,"hsa-miR-3922-5p","CAAGGCC",5,"MOG","4340","ENSG00000204655",-0.18,-0.18,1,"4340"
6,"hsa-miR-3922-5p","CAAGGCC",5,"SLC14A1","6563","ENSG00000141469",-0.18,-0.18,1,"6563"
6,"hsa-miR-3922-5p","CAAGGCC",5,"WHRN","25861","ENSG00000095397",-0.18,-0.18,1,"25861"
6,"hsa-miR-3922-5p","CAAGGCC",5,"ATXN7L3B","552889","ENSG00000253719",-0.179,-0.179,1,"552889"
6,"hsa-miR-3922-5p","CAAGGCC",5,"FAM168B","130074","ENSG00000152102",-0.179,-0.179,1,"130074"
6,"hsa-miR-3922-5p","CAAGGCC",5,"KIAA0040","9674","ENSG00000235750",-0.179,-0.179,1,"9674"
6,"hsa-miR-3922-5p","CAAGGCC",5,"MESP1","55897","ENSG00000166823",-0.179,-0.179,1,"55897"
6,"hsa-miR-3922-5p","CAAGGCC",5,"NUDT16","131870","ENSG00000198585",-0.179,-0.179,1,"131870"
6,"hsa-miR-3922-5p","CAAGGCC",5,"PLEKHA6","22874","ENSG00000143850",-0.179,-0.179,1,"22874"
6,"hsa-miR-3922-5p","CAAGGCC",5,"SLC38A9","153129","ENSG00000177058",-0.179,-0.179,1,"153129"
6,"hsa-miR-3922-5p","CAAGGCC",5,"SMURF2","64750","ENSG00000108854",-0.179,-0.179,1,"64750"
6,"hsa-miR-3922-5p","CAAGGCC",5,"SOX18","54345","ENSG00000203883",-0.179,-0.179,1,"54345"
6,"hsa-miR-3922-5p","CAAGGCC",5,"TK2","7084","ENSG00000166548",-0.179,-0.179,1,"7084"
6,"hsa-miR-3922-5p","CAAGGCC",5,"WDR73","84942","ENSG00000177082",-0.179,-0.179,1,"84942"
6,"hsa-miR-3922-5p","CAAGGCC",5,"AHSG","197","ENSG00000145192",-0.178,-0.178,1,"197"
6,"hsa-miR-3922-5p","CAAGGCC",5,"APEX1","328","ENSG00000100823",-0.178,-0.178,1,"328"
6,"hsa-miR-3922-5p","CAAGGCC",5,"INMT","11185","ENSG00000241644",-0.178,-0.178,1,"11185"
6,"hsa-miR-3922-5p","CAAGGCC",5,"STRA6","64220","ENSG00000137868",-0.178,-0.178,1,"64220"
6,"hsa-miR-3922-5p","CAAGGCC",5,"SYP","6855","ENSG00000102003",-0.178,-0.178,1,"6855"
6,"hsa-miR-3922-5p","CAAGGCC",5,"TUFT1","7286","ENSG00000143367",-0.178,-0.178,1,"7286"
