"sequence_rank","queried_miRNA","circRNA_seed_2_8","circRNA_weighted_seed_score","database","mature_mirna_acc","mature_mirna_id","target_symbol","target_entrez","target_ensembl","score","type"
1,"hsa-miR-217-5p","ACUGCAU",7,"targetscan","","hsa-miR-217","CHSY1","22856","ENSG00000131873","-0.178","predicted"
1,"hsa-miR-217-5p","ACUGCAU",7,"targetscan","","hsa-miR-217","RHOT1","55288","ENSG00000126858","-0.178","predicted"
1,"hsa-miR-217-5p","ACUGCAU",7,"targetscan","","hsa-miR-217","IWS1","55677","ENSG00000163166","-0.178","predicted"
1,"hsa-miR-217-5p","ACUGCAU",7,"targetscan","","hsa-miR-217","ALG8","79053","ENSG00000159063","-0.178","predicted"
1,"hsa-miR-217-5p","ACUGCAU",7,"targetscan","","hsa-miR-217","CCDC115","84317","ENSG00000136710","-0.178","predicted"
1,"hsa-miR-217-5p","ACUGCAU",7,"targetscan","","hsa-miR-217","MTTP","4547","ENSG00000138823","-0.178","predicted"
1,"hsa-miR-217-5p","ACUGCAU",7,"targetscan","","hsa-miR-217","GOT2","2806","ENSG00000125166","-0.178","predicted"
1,"hsa-miR-217-5p","ACUGCAU",7,"targetscan","","hsa-miR-217","","10795","ENSG00000256825","-0.178","predicted"
1,"hsa-miR-217-5p","ACUGCAU",7,"targetscan","","hsa-miR-217","","389602","ENSG00000204876","-0.178","predicted"
1,"hsa-miR-217-5p","ACUGCAU",7,"targetscan","","hsa-miR-217","ABRAXAS1","84142","ENSG00000163322","-0.178","predicted"
1,"hsa-miR-217-5p","ACUGCAU",7,"targetscan","","hsa-miR-217","FLJ00104","","ENSG00000205047","-0.178","predicted"
1,"hsa-miR-217-5p","ACUGCAU",7,"targetscan","","hsa-miR-217","SLC2A11","66035","ENSG00000133460","-0.179","predicted"
1,"hsa-miR-217-5p","ACUGCAU",7,"targetscan","","hsa-miR-217","ATP11C","286410","ENSG00000101974","-0.179","predicted"
1,"hsa-miR-217-5p","ACUGCAU",7,"targetscan","","hsa-miR-217","ZNF774","342132","ENSG00000196391","-0.179","predicted"
1,"hsa-miR-217-5p","ACUGCAU",7,"targetscan","","hsa-miR-217","CPSF2","53981","ENSG00000165934","-0.179","predicted"
1,"hsa-miR-217-5p","ACUGCAU",7,"targetscan","","hsa-miR-217","NIPAL3","57185","ENSG00000001461","-0.179","predicted"
1,"hsa-miR-217-5p","ACUGCAU",7,"targetscan","","hsa-miR-217","UCN2","90226","ENSG00000145040","-0.179","predicted"
1,"hsa-miR-217-5p","ACUGCAU",7,"targetscan","","hsa-miR-217","MSH2","4436","ENSG00000095002","-0.18","predicted"
1,"hsa-miR-217-5p","ACUGCAU",7,"targetscan","","hsa-miR-217","FN1","2335","ENSG00000115414","-0.18","predicted"
1,"hsa-miR-217-5p","ACUGCAU",7,"targetscan","","hsa-miR-217","WNT5A","7474","ENSG00000114251","-0.18","predicted"
1,"hsa-miR-217-5p","ACUGCAU",7,"targetscan","","hsa-miR-217","DLC1","10395","ENSG00000164741","-0.18","predicted"
1,"hsa-miR-217-5p","ACUGCAU",7,"targetscan","","hsa-miR-217","SOST","50964","ENSG00000167941","-0.18","predicted"
1,"hsa-miR-217-5p","ACUGCAU",7,"targetscan","","hsa-miR-217","UFSP2","55325","ENSG00000109775","-0.18","predicted"
1,"hsa-miR-217-5p","ACUGCAU",7,"targetscan","","hsa-miR-217","NR0B1","190","ENSG00000169297","-0.18","predicted"
1,"hsa-miR-217-5p","ACUGCAU",7,"targetscan","","hsa-miR-217","NT5C1B-RDH14","100526794","ENSG00000250741","-0.18","predicted"
1,"hsa-miR-217-5p","ACUGCAU",7,"targetscan","","hsa-miR-217","COQ4","51117","ENSG00000167113","-0.18","predicted"
1,"hsa-miR-217-5p","ACUGCAU",7,"targetscan","","hsa-miR-217","C20orf144","128864","ENSG00000149609","-0.18","predicted"
1,"hsa-miR-217-5p","ACUGCAU",7,"targetscan","","hsa-miR-217","HPSE","10855","ENSG00000173083","-0.181","predicted"
1,"hsa-miR-217-5p","ACUGCAU",7,"targetscan","","hsa-miR-217","PCDH8","5100","ENSG00000136099","-0.181","predicted"
1,"hsa-miR-217-5p","ACUGCAU",7,"targetscan","","hsa-miR-217","SKP2","6502","ENSG00000145604","-0.181","predicted"
1,"hsa-miR-217-5p","ACUGCAU",7,"targetscan","","hsa-miR-217","ZNF45","7596","ENSG00000124459","-0.181","predicted"
1,"hsa-miR-217-5p","ACUGCAU",7,"targetscan","","hsa-miR-217","ZNF74","7625","ENSG00000185252","-0.181","predicted"
1,"hsa-miR-217-5p","ACUGCAU",7,"targetscan","","hsa-miR-217","SYAP1","94056","ENSG00000169895","-0.181","predicted"
1,"hsa-miR-217-5p","ACUGCAU",7,"targetscan","","hsa-miR-217","TDRP","157695","ENSG00000180190","-0.181","predicted"
1,"hsa-miR-217-5p","ACUGCAU",7,"targetscan","","hsa-miR-217","ZDHHC13","54503","ENSG00000177054","-0.181","predicted"
1,"hsa-miR-217-5p","ACUGCAU",7,"targetscan","","hsa-miR-217","MBOAT1","154141","ENSG00000172197","-0.181","predicted"
1,"hsa-miR-217-5p","ACUGCAU",7,"targetscan","","hsa-miR-217","SIKE1","80143","ENSG00000052723","-0.181","predicted"
1,"hsa-miR-217-5p","ACUGCAU",7,"targetscan","","hsa-miR-217","KIF3C","3797","ENSG00000084731","-0.181","predicted"
1,"hsa-miR-217-5p","ACUGCAU",7,"targetscan","","hsa-miR-217","ASXL1","171023","ENSG00000171456","-0.181","predicted"
1,"hsa-miR-217-5p","ACUGCAU",7,"targetscan","","hsa-miR-217","SLC4A5","57835","ENSG00000188687","-0.181","predicted"
1,"hsa-miR-217-5p","ACUGCAU",7,"targetscan","","hsa-miR-217","FOXJ3","22887","ENSG00000198815","-0.182","predicted"
1,"hsa-miR-217-5p","ACUGCAU",7,"targetscan","","hsa-miR-217","KLF5","688","ENSG00000102554","-0.182","predicted"
1,"hsa-miR-217-5p","ACUGCAU",7,"targetscan","","hsa-miR-217","CDH13","1012","ENSG00000140945","-0.182","predicted"
1,"hsa-miR-217-5p","ACUGCAU",7,"targetscan","","hsa-miR-217","PSIP1","11168","ENSG00000164985","-0.182","predicted"
1,"hsa-miR-217-5p","ACUGCAU",7,"targetscan","","hsa-miR-217","LYPD6","130574","ENSG00000187123","-0.182","predicted"
1,"hsa-miR-217-5p","ACUGCAU",7,"targetscan","","hsa-miR-217","SH3BP2","6452","ENSG00000087266","-0.182","predicted"
1,"hsa-miR-217-5p","ACUGCAU",7,"targetscan","","hsa-miR-217","CBLN1","869","ENSG00000102924","-0.182","predicted"
1,"hsa-miR-217-5p","ACUGCAU",7,"targetscan","","hsa-miR-217","KCND2","3751","ENSG00000184408","-0.182","predicted"
1,"hsa-miR-217-5p","ACUGCAU",7,"targetscan","","hsa-miR-217","OSBPL2","9885","ENSG00000130703","-0.182","predicted"
1,"hsa-miR-217-5p","ACUGCAU",7,"targetscan","","hsa-miR-217","ZNF684","127396","ENSG00000117010","-0.182","predicted"
1,"hsa-miR-217-5p","ACUGCAU",7,"targetscan","","hsa-miR-217","GRK3","157","ENSG00000100077","-0.182","predicted"
1,"hsa-miR-217-5p","ACUGCAU",7,"targetscan","","hsa-miR-217","CISD3","","ENSG00000230055","-0.182","predicted"
1,"hsa-miR-217-5p","ACUGCAU",7,"targetscan","","hsa-miR-217","ATP6V1E1","529","ENSG00000131100","-0.183","predicted"
1,"hsa-miR-217-5p","ACUGCAU",7,"targetscan","","hsa-miR-217","GPR183","1880","ENSG00000169508","-0.183","predicted"
1,"hsa-miR-217-5p","ACUGCAU",7,"targetscan","","hsa-miR-217","GPD2","2820","ENSG00000115159","-0.183","predicted"
1,"hsa-miR-217-5p","ACUGCAU",7,"targetscan","","hsa-miR-217","RAB27A","5873","ENSG00000069974","-0.183","predicted"
1,"hsa-miR-217-5p","ACUGCAU",7,"targetscan","","hsa-miR-217","PTER","9317","ENSG00000165983","-0.183","predicted"
1,"hsa-miR-217-5p","ACUGCAU",7,"targetscan","","hsa-miR-217","G3BP2","9908","ENSG00000138757","-0.183","predicted"
1,"hsa-miR-217-5p","ACUGCAU",7,"targetscan","","hsa-miR-217","NUDT15","55270","ENSG00000136159","-0.183","predicted"
1,"hsa-miR-217-5p","ACUGCAU",7,"targetscan","","hsa-miR-217","AGPAT4","56895","ENSG00000026652","-0.183","predicted"
1,"hsa-miR-217-5p","ACUGCAU",7,"targetscan","","hsa-miR-217","ASPG","374569","ENSG00000166183","-0.183","predicted"
1,"hsa-miR-217-5p","ACUGCAU",7,"targetscan","","hsa-miR-217","CENPP","401541","ENSG00000188312","-0.183","predicted"
1,"hsa-miR-217-5p","ACUGCAU",7,"targetscan","","hsa-miR-217","ATXN7L3B","552889","ENSG00000253719","-0.183","predicted"
1,"hsa-miR-217-5p","ACUGCAU",7,"targetscan","","hsa-miR-217","ZNF431","170959","ENSG00000196705","-0.183","predicted"
1,"hsa-miR-217-5p","ACUGCAU",7,"targetscan","","hsa-miR-217","TAS2R20","259295","ENSG00000255837","-0.183","predicted"
1,"hsa-miR-217-5p","ACUGCAU",7,"targetscan","","hsa-miR-217","OTUD7B","","ENSG00000163113","-0.183","predicted"
1,"hsa-miR-217-5p","ACUGCAU",7,"targetscan","","hsa-miR-217","NDUFA9","4704","ENSG00000139180","-0.184","predicted"
1,"hsa-miR-217-5p","ACUGCAU",7,"targetscan","","hsa-miR-217","CNOT4","4850","ENSG00000080802","-0.184","predicted"
1,"hsa-miR-217-5p","ACUGCAU",7,"targetscan","","hsa-miR-217","PEA15","8682","ENSG00000162734","-0.184","predicted"
1,"hsa-miR-217-5p","ACUGCAU",7,"targetscan","","hsa-miR-217","SERINC3","10955","ENSG00000132824","-0.184","predicted"
1,"hsa-miR-217-5p","ACUGCAU",7,"targetscan","","hsa-miR-217","PSMC3IP","29893","ENSG00000131470","-0.184","predicted"
1,"hsa-miR-217-5p","ACUGCAU",7,"targetscan","","hsa-miR-217","EXOC4","60412","ENSG00000131558","-0.184","predicted"
1,"hsa-miR-217-5p","ACUGCAU",7,"targetscan","","hsa-miR-217","ZC3H12B","340554","ENSG00000102053","-0.184","predicted"
1,"hsa-miR-217-5p","ACUGCAU",7,"targetscan","","hsa-miR-217","SSRP1","6749","ENSG00000149136","-0.184","predicted"
1,"hsa-miR-217-5p","ACUGCAU",7,"targetscan","","hsa-miR-217","AAK1","22848","ENSG00000115977","-0.184","predicted"
1,"hsa-miR-217-5p","ACUGCAU",7,"targetscan","","hsa-miR-217","CIPC","85457","ENSG00000198894","-0.184","predicted"
1,"hsa-miR-217-5p","ACUGCAU",7,"targetscan","","hsa-miR-217","PRMT9","90826","ENSG00000164169","-0.184","predicted"
1,"hsa-miR-217-5p","ACUGCAU",7,"targetscan","","hsa-miR-217","ACVR2A","92","ENSG00000121989","-0.185","predicted"
1,"hsa-miR-217-5p","ACUGCAU",7,"targetscan","","hsa-miR-217","DNAJA1","3301","ENSG00000086061","-0.185","predicted"
1,"hsa-miR-217-5p","ACUGCAU",7,"targetscan","","hsa-miR-217","CEP68","23177","ENSG00000011523","-0.185","predicted"
1,"hsa-miR-217-5p","ACUGCAU",7,"targetscan","","hsa-miR-217","NUP62CL","54830","ENSG00000198088","-0.185","predicted"
1,"hsa-miR-217-5p","ACUGCAU",7,"targetscan","","hsa-miR-217","APH1B","83464","ENSG00000138613","-0.185","predicted"
1,"hsa-miR-217-5p","ACUGCAU",7,"targetscan","","hsa-miR-217","ME2","4200","ENSG00000082212","-0.185","predicted"
1,"hsa-miR-217-5p","ACUGCAU",7,"targetscan","","hsa-miR-217","TRPV2","51393","ENSG00000187688","-0.185","predicted"
1,"hsa-miR-217-5p","ACUGCAU",7,"targetscan","","hsa-miR-217","NIPAL3","57185","ENSG00000001461","-0.185","predicted"
1,"hsa-miR-217-5p","ACUGCAU",7,"targetscan","","hsa-miR-217","KRTAP17-1","83902","ENSG00000186860","-0.185","predicted"
1,"hsa-miR-217-5p","ACUGCAU",7,"targetscan","","hsa-miR-217","SLC4A5","57835","ENSG00000188687","-0.185","predicted"
1,"hsa-miR-217-5p","ACUGCAU",7,"targetscan","","hsa-miR-217","TMEM200C","645369","ENSG00000206432","-0.185","predicted"
1,"hsa-miR-217-5p","ACUGCAU",7,"targetscan","","hsa-miR-217","HACD4","401494","ENSG00000188921","-0.185","predicted"
1,"hsa-miR-217-5p","ACUGCAU",7,"targetscan","","hsa-miR-217","G6PC1","2538","ENSG00000131482","-0.185","predicted"
1,"hsa-miR-217-5p","ACUGCAU",7,"targetscan","","hsa-miR-217","BRD10","158358","ENSG00000183354","-0.185","predicted"
1,"hsa-miR-217-5p","ACUGCAU",7,"targetscan","","hsa-miR-217","BACH1","571","ENSG00000156273","-0.186","predicted"
1,"hsa-miR-217-5p","ACUGCAU",7,"targetscan","","hsa-miR-217","BACH1","100379661","ENSG00000156273","-0.186","predicted"
1,"hsa-miR-217-5p","ACUGCAU",7,"targetscan","","hsa-miR-217","ZNF254","9534","ENSG00000213096","-0.186","predicted"
1,"hsa-miR-217-5p","ACUGCAU",7,"targetscan","","hsa-miR-217","CCNO","10309","ENSG00000152669","-0.186","predicted"
1,"hsa-miR-217-5p","ACUGCAU",7,"targetscan","","hsa-miR-217","MAN1A2","10905","ENSG00000198162","-0.186","predicted"
1,"hsa-miR-217-5p","ACUGCAU",7,"targetscan","","hsa-miR-217","SAP30L","79685","ENSG00000164576","-0.186","predicted"
1,"hsa-miR-217-5p","ACUGCAU",7,"targetscan","","hsa-miR-217","MTDH","92140","ENSG00000147649","-0.186","predicted"
1,"hsa-miR-217-5p","ACUGCAU",7,"targetscan","","hsa-miR-217","ZNF555","148254","ENSG00000186300","-0.186","predicted"
1,"hsa-miR-217-5p","ACUGCAU",7,"targetscan","","hsa-miR-217","KCNJ1","3758","ENSG00000151704","-0.186","predicted"
1,"hsa-miR-217-5p","ACUGCAU",7,"targetscan","","hsa-miR-217","PARP3","10039","ENSG00000041880","-0.186","predicted"
1,"hsa-miR-217-5p","ACUGCAU",7,"targetscan","","hsa-miR-217","ELAC1","55520","ENSG00000141642","-0.186","predicted"
1,"hsa-miR-217-5p","ACUGCAU",7,"targetscan","","hsa-miR-217","APOC3","345","ENSG00000110245","-0.186","predicted"
1,"hsa-miR-217-5p","ACUGCAU",7,"targetscan","","hsa-miR-217","ATOX1","475","ENSG00000177556","-0.187","predicted"
1,"hsa-miR-217-5p","ACUGCAU",7,"targetscan","","hsa-miR-217","SLC33A1","9197","ENSG00000169359","-0.187","predicted"
1,"hsa-miR-217-5p","ACUGCAU",7,"targetscan","","hsa-miR-217","DOCK4","9732","ENSG00000128512","-0.187","predicted"
1,"hsa-miR-217-5p","ACUGCAU",7,"targetscan","","hsa-miR-217","ZBTB5","9925","ENSG00000168795","-0.187","predicted"
1,"hsa-miR-217-5p","ACUGCAU",7,"targetscan","","hsa-miR-217","GPN1","11321","ENSG00000198522","-0.187","predicted"
1,"hsa-miR-217-5p","ACUGCAU",7,"targetscan","","hsa-miR-217","MCU","90550","ENSG00000156026","-0.187","predicted"
1,"hsa-miR-217-5p","ACUGCAU",7,"targetscan","","hsa-miR-217","ASB14","142686","ENSG00000239388","-0.187","predicted"
1,"hsa-miR-217-5p","ACUGCAU",7,"targetscan","","hsa-miR-217","TTC9","23508","ENSG00000133985","-0.187","predicted"
1,"hsa-miR-217-5p","ACUGCAU",7,"targetscan","","hsa-miR-217","OSER1","51526","ENSG00000132823","-0.187","predicted"
1,"hsa-miR-217-5p","ACUGCAU",7,"targetscan","","hsa-miR-217","SLC7A14","57709","ENSG00000013293","-0.187","predicted"
1,"hsa-miR-217-5p","ACUGCAU",7,"targetscan","","hsa-miR-217","TMEM35A","59353","ENSG00000126950","-0.187","predicted"
1,"hsa-miR-217-5p","ACUGCAU",7,"targetscan","","hsa-miR-217","CYRIB","51571","ENSG00000153310","-0.187","predicted"
1,"hsa-miR-217-5p","ACUGCAU",7,"targetscan","","hsa-miR-217","DACH1","","ENSG00000165659","-0.187","predicted"
1,"hsa-miR-217-5p","ACUGCAU",7,"targetscan","","hsa-miR-217","MKRN1","23608","ENSG00000133606","-0.188","predicted"
1,"hsa-miR-217-5p","ACUGCAU",7,"targetscan","","hsa-miR-217","MBD2","8932","ENSG00000134046","-0.188","predicted"
1,"hsa-miR-217-5p","ACUGCAU",7,"targetscan","","hsa-miR-217","KDM2B","84678","ENSG00000089094","-0.188","predicted"
1,"hsa-miR-217-5p","ACUGCAU",7,"targetscan","","hsa-miR-217","ANKRD13A","88455","ENSG00000076513","-0.188","predicted"
1,"hsa-miR-217-5p","ACUGCAU",7,"targetscan","","hsa-miR-217","TMPRSS11A","339967","ENSG00000187054","-0.188","predicted"
1,"hsa-miR-217-5p","ACUGCAU",7,"targetscan","","hsa-miR-217","TCTE1","202500","ENSG00000146221","-0.188","predicted"
1,"hsa-miR-217-5p","ACUGCAU",7,"targetscan","","hsa-miR-217","EMP1","2012","ENSG00000134531","-0.189","predicted"
1,"hsa-miR-217-5p","ACUGCAU",7,"targetscan","","hsa-miR-217","REEP5","7905","ENSG00000129625","-0.189","predicted"
1,"hsa-miR-217-5p","ACUGCAU",7,"targetscan","","hsa-miR-217","ZCCHC2","54877","ENSG00000141664","-0.189","predicted"
1,"hsa-miR-217-5p","ACUGCAU",7,"targetscan","","hsa-miR-217","FBXO30","84085","ENSG00000118496","-0.189","predicted"
1,"hsa-miR-217-5p","ACUGCAU",7,"targetscan","","hsa-miR-217","ZSCAN23","222696","ENSG00000187987","-0.189","predicted"
1,"hsa-miR-217-5p","ACUGCAU",7,"targetscan","","hsa-miR-217","ZNF430","80264","ENSG00000118620","-0.189","predicted"
1,"hsa-miR-217-5p","ACUGCAU",7,"targetscan","","hsa-miR-217","C18orf63","644041","ENSG00000206043","-0.189","predicted"
1,"hsa-miR-217-5p","ACUGCAU",7,"targetscan","","hsa-miR-217","FAM200A","221786","ENSG00000221909","-0.189","predicted"
1,"hsa-miR-217-5p","ACUGCAU",7,"targetscan","","hsa-miR-217","ELOC","6921","ENSG00000154582","-0.189","predicted"
1,"hsa-miR-217-5p","ACUGCAU",7,"targetscan","","hsa-miR-217","DYRK1A","1859","ENSG00000157540","-0.19","predicted"
1,"hsa-miR-217-5p","ACUGCAU",7,"targetscan","","hsa-miR-217","TFPI2","7980","ENSG00000105825","-0.19","predicted"
1,"hsa-miR-217-5p","ACUGCAU",7,"targetscan","","hsa-miR-217","YBX3","8531","ENSG00000060138","-0.19","predicted"
1,"hsa-miR-217-5p","ACUGCAU",7,"targetscan","","hsa-miR-217","TAF1D","79101","ENSG00000166012","-0.19","predicted"
1,"hsa-miR-217-5p","ACUGCAU",7,"targetscan","","hsa-miR-217","TRIM6","117854","ENSG00000121236","-0.19","predicted"
1,"hsa-miR-217-5p","ACUGCAU",7,"targetscan","","hsa-miR-217","AP1S3","130340","ENSG00000152056","-0.19","predicted"
1,"hsa-miR-217-5p","ACUGCAU",7,"targetscan","","hsa-miR-217","EMB","133418","ENSG00000170571","-0.19","predicted"
1,"hsa-miR-217-5p","ACUGCAU",7,"targetscan","","hsa-miR-217","POC1B","282809","ENSG00000139323","-0.19","predicted"
1,"hsa-miR-217-5p","ACUGCAU",7,"targetscan","","hsa-miR-217","CXCL10","3627","ENSG00000169245","-0.19","predicted"
1,"hsa-miR-217-5p","ACUGCAU",7,"targetscan","","hsa-miR-217","SMIM15","643155","ENSG00000188725","-0.19","predicted"
1,"hsa-miR-217-5p","ACUGCAU",7,"targetscan","","hsa-miR-217","EIF4E3","317649","ENSG00000163412","-0.19","predicted"
1,"hsa-miR-217-5p","ACUGCAU",7,"targetscan","","hsa-miR-217","HNF4G","3174","ENSG00000164749","-0.19","predicted"
1,"hsa-miR-217-5p","ACUGCAU",7,"targetscan","","hsa-miR-217","GIPC3","126326","ENSG00000179855","-0.19","predicted"
1,"hsa-miR-217-5p","ACUGCAU",7,"targetscan","","hsa-miR-217","TP63","8626","ENSG00000073282","-0.191","predicted"
1,"hsa-miR-217-5p","ACUGCAU",7,"targetscan","","hsa-miR-217","TUBB6","84617","ENSG00000176014","-0.191","predicted"
1,"hsa-miR-217-5p","ACUGCAU",7,"targetscan","","hsa-miR-217","REST","5978","ENSG00000084093","-0.191","predicted"
1,"hsa-miR-217-5p","ACUGCAU",7,"targetscan","","hsa-miR-217","TP53INP2","58476","ENSG00000078804","-0.191","predicted"
1,"hsa-miR-217-5p","ACUGCAU",7,"targetscan","","hsa-miR-217","PPM1F","9647","ENSG00000100034","-0.191","predicted"
1,"hsa-miR-217-5p","ACUGCAU",7,"targetscan","","hsa-miR-217","ABCC9","10060","ENSG00000069431","-0.191","predicted"
1,"hsa-miR-217-5p","ACUGCAU",7,"targetscan","","hsa-miR-217","CD2AP","23607","ENSG00000198087","-0.191","predicted"
1,"hsa-miR-217-5p","ACUGCAU",7,"targetscan","","hsa-miR-217","CXXC5","51523","ENSG00000171604","-0.191","predicted"
1,"hsa-miR-217-5p","ACUGCAU",7,"targetscan","","hsa-miR-217","HECTD2","143279","ENSG00000165338","-0.191","predicted"
1,"hsa-miR-217-5p","ACUGCAU",7,"targetscan","","hsa-miR-217","FAM221B","392307","ENSG00000204930","-0.191","predicted"
1,"hsa-miR-217-5p","ACUGCAU",7,"targetscan","","hsa-miR-217","ONECUT1","3175","ENSG00000169856","-0.191","predicted"
1,"hsa-miR-217-5p","ACUGCAU",7,"targetscan","","hsa-miR-217","UGP2","7360","ENSG00000169764","-0.192","predicted"
1,"hsa-miR-217-5p","ACUGCAU",7,"targetscan","","hsa-miR-217","EIF4A2","1974","ENSG00000156976","-0.192","predicted"
1,"hsa-miR-217-5p","ACUGCAU",7,"targetscan","","hsa-miR-217","STX6","10228","ENSG00000135823","-0.192","predicted"
1,"hsa-miR-217-5p","ACUGCAU",7,"targetscan","","hsa-miR-217","KLF8","11279","ENSG00000102349","-0.192","predicted"
1,"hsa-miR-217-5p","ACUGCAU",7,"targetscan","","hsa-miR-217","DNAJC15","29103","ENSG00000120675","-0.192","predicted"
1,"hsa-miR-217-5p","ACUGCAU",7,"targetscan","","hsa-miR-217","MIER3","166968","ENSG00000155545","-0.192","predicted"
1,"hsa-miR-217-5p","ACUGCAU",7,"targetscan","","hsa-miR-217","NNAT","4826","ENSG00000053438","-0.192","predicted"
1,"hsa-miR-217-5p","ACUGCAU",7,"targetscan","","hsa-miR-217","MAP3K3","4215","ENSG00000198909","-0.193","predicted"
1,"hsa-miR-217-5p","ACUGCAU",7,"targetscan","","hsa-miR-217","NEK4","6787","ENSG00000114904","-0.193","predicted"
1,"hsa-miR-217-5p","ACUGCAU",7,"targetscan","","hsa-miR-217","AGO4","192670","ENSG00000134698","-0.193","predicted"
1,"hsa-miR-217-5p","ACUGCAU",7,"targetscan","","hsa-miR-217","PLBD2","196463","ENSG00000151176","-0.193","predicted"
1,"hsa-miR-217-5p","ACUGCAU",7,"targetscan","","hsa-miR-217","CADM1","23705","ENSG00000182985","-0.194","predicted"
1,"hsa-miR-217-5p","ACUGCAU",7,"targetscan","","hsa-miR-217","ZBTB24","9841","ENSG00000112365","-0.194","predicted"
1,"hsa-miR-217-5p","ACUGCAU",7,"targetscan","","hsa-miR-217","YOD1","55432","ENSG00000180667","-0.194","predicted"
1,"hsa-miR-217-5p","ACUGCAU",7,"targetscan","","hsa-miR-217","TPRA1","131601","ENSG00000163870","-0.194","predicted"
1,"hsa-miR-217-5p","ACUGCAU",7,"targetscan","","hsa-miR-217","MIER3","166968","ENSG00000155545","-0.194","predicted"
1,"hsa-miR-217-5p","ACUGCAU",7,"targetscan","","hsa-miR-217","C4orf46","201725","ENSG00000205208","-0.194","predicted"
1,"hsa-miR-217-5p","ACUGCAU",7,"targetscan","","hsa-miR-217","ZNF772","400720","ENSG00000197128","-0.194","predicted"
1,"hsa-miR-217-5p","ACUGCAU",7,"targetscan","","hsa-miR-217","IGBP1","3476","ENSG00000089289","-0.194","predicted"
1,"hsa-miR-217-5p","ACUGCAU",7,"targetscan","","hsa-miR-217","GPR52","9293","ENSG00000203737","-0.194","predicted"
1,"hsa-miR-217-5p","ACUGCAU",7,"targetscan","","hsa-miR-217","RALBP1","10928","ENSG00000017797","-0.194","predicted"
1,"hsa-miR-217-5p","ACUGCAU",7,"targetscan","","hsa-miR-217","SPACA1","81833","ENSG00000118434","-0.194","predicted"
1,"hsa-miR-217-5p","ACUGCAU",7,"targetscan","","hsa-miR-217","IAPP","3375","ENSG00000121351","-0.195","predicted"
1,"hsa-miR-217-5p","ACUGCAU",7,"targetscan","","hsa-miR-217","MFAP5","8076","ENSG00000197614","-0.195","predicted"
1,"hsa-miR-217-5p","ACUGCAU",7,"targetscan","","hsa-miR-217","ASF1A","25842","ENSG00000111875","-0.195","predicted"
1,"hsa-miR-217-5p","ACUGCAU",7,"targetscan","","hsa-miR-217","CNOT7","29883","ENSG00000198791","-0.195","predicted"
1,"hsa-miR-217-5p","ACUGCAU",7,"targetscan","","hsa-miR-217","PSG4","5672","ENSG00000243137","-0.195","predicted"
1,"hsa-miR-217-5p","ACUGCAU",7,"targetscan","","hsa-miR-217","NRSN1","140767","ENSG00000152954","-0.195","predicted"
1,"hsa-miR-217-5p","ACUGCAU",7,"targetscan","","hsa-miR-217","YWHAG","7532","ENSG00000170027","-0.196","predicted"
1,"hsa-miR-217-5p","ACUGCAU",7,"targetscan","","hsa-miR-217","GMPS","8833","ENSG00000163655","-0.196","predicted"
1,"hsa-miR-217-5p","ACUGCAU",7,"targetscan","","hsa-miR-217","POP1","10940","ENSG00000104356","-0.196","predicted"
1,"hsa-miR-217-5p","ACUGCAU",7,"targetscan","","hsa-miR-217","CNTRL","11064","ENSG00000119397","-0.196","predicted"
1,"hsa-miR-217-5p","ACUGCAU",7,"targetscan","","hsa-miR-217","USP25","29761","ENSG00000155313","-0.196","predicted"
1,"hsa-miR-217-5p","ACUGCAU",7,"targetscan","","hsa-miR-217","SENP7","57337","ENSG00000138468","-0.196","predicted"
1,"hsa-miR-217-5p","ACUGCAU",7,"targetscan","","hsa-miR-217","YIPF6","286451","ENSG00000181704","-0.196","predicted"
1,"hsa-miR-217-5p","ACUGCAU",7,"targetscan","","hsa-miR-217","SEMA3D","223117","ENSG00000153993","-0.196","predicted"
1,"hsa-miR-217-5p","ACUGCAU",7,"targetscan","","hsa-miR-217","TCIM","56892","ENSG00000176907","-0.196","predicted"
1,"hsa-miR-217-5p","ACUGCAU",7,"targetscan","","hsa-miR-217","AKT3","10000","ENSG00000117020","-0.197","predicted"
1,"hsa-miR-217-5p","ACUGCAU",7,"targetscan","","hsa-miR-217","FZD4","8322","ENSG00000174804","-0.197","predicted"
1,"hsa-miR-217-5p","ACUGCAU",7,"targetscan","","hsa-miR-217","PDE5A","8654","ENSG00000138735","-0.197","predicted"
1,"hsa-miR-217-5p","ACUGCAU",7,"targetscan","","hsa-miR-217","RGS17","26575","ENSG00000091844","-0.197","predicted"
1,"hsa-miR-217-5p","ACUGCAU",7,"targetscan","","hsa-miR-217","LUC7L3","51747","ENSG00000108848","-0.197","predicted"
1,"hsa-miR-217-5p","ACUGCAU",7,"targetscan","","hsa-miR-217","CHRDL1","91851","ENSG00000101938","-0.197","predicted"
1,"hsa-miR-217-5p","ACUGCAU",7,"targetscan","","hsa-miR-217","GDI2","2665","ENSG00000057608","-0.197","predicted"
1,"hsa-miR-217-5p","ACUGCAU",7,"targetscan","","hsa-miR-217","FBXO32","114907","ENSG00000156804","-0.197","predicted"
1,"hsa-miR-217-5p","ACUGCAU",7,"targetscan","","hsa-miR-217","RNF115","101060478","ENSG00000121848","-0.197","predicted"
1,"hsa-miR-217-5p","ACUGCAU",7,"targetscan","","hsa-miR-217","NEDD4","4734","ENSG00000069869","-0.198","predicted"
1,"hsa-miR-217-5p","ACUGCAU",7,"targetscan","","hsa-miR-217","ITM2B","9445","ENSG00000136156","-0.198","predicted"
1,"hsa-miR-217-5p","ACUGCAU",7,"targetscan","","hsa-miR-217","CCNDBP1","23582","ENSG00000166946","-0.198","predicted"
1,"hsa-miR-217-5p","ACUGCAU",7,"targetscan","","hsa-miR-217","MYEF2","50804","ENSG00000104177","-0.198","predicted"
1,"hsa-miR-217-5p","ACUGCAU",7,"targetscan","","hsa-miR-217","ASB1","51665","ENSG00000065802","-0.198","predicted"
1,"hsa-miR-217-5p","ACUGCAU",7,"targetscan","","hsa-miR-217","TRMT10A","93587","ENSG00000145331","-0.198","predicted"
1,"hsa-miR-217-5p","ACUGCAU",7,"targetscan","","hsa-miR-217","DCBLD2","131566","ENSG00000057019","-0.198","predicted"
1,"hsa-miR-217-5p","ACUGCAU",7,"targetscan","","hsa-miR-217","ZNF616","90317","ENSG00000204611","-0.198","predicted"
1,"hsa-miR-217-5p","ACUGCAU",7,"targetscan","","hsa-miR-217","CHODL","140578","ENSG00000154645","-0.199","predicted"
1,"hsa-miR-217-5p","ACUGCAU",7,"targetscan","","hsa-miR-217","BCL2L11","10018","ENSG00000153094","-0.199","predicted"
1,"hsa-miR-217-5p","ACUGCAU",7,"targetscan","","hsa-miR-217","CYP3A5","1577","ENSG00000106258","-0.199","predicted"
1,"hsa-miR-217-5p","ACUGCAU",7,"targetscan","","hsa-miR-217","EIF4EBP2","1979","ENSG00000148730","-0.199","predicted"
1,"hsa-miR-217-5p","ACUGCAU",7,"targetscan","","hsa-miR-217","ACSL4","2182","ENSG00000068366","-0.199","predicted"
1,"hsa-miR-217-5p","ACUGCAU",7,"targetscan","","hsa-miR-217","HSPA13","6782","ENSG00000155304","-0.199","predicted"
1,"hsa-miR-217-5p","ACUGCAU",7,"targetscan","","hsa-miR-217","COL21A1","81578","ENSG00000124749","-0.199","predicted"
1,"hsa-miR-217-5p","ACUGCAU",7,"targetscan","","hsa-miR-217","C12orf74","338809","ENSG00000214215","-0.199","predicted"
1,"hsa-miR-217-5p","ACUGCAU",7,"targetscan","","hsa-miR-217","RBM23","55147","ENSG00000100461","-0.199","predicted"
1,"hsa-miR-217-5p","ACUGCAU",7,"targetscan","","hsa-miR-217","MEMO1","51072","ENSG00000162959","-0.199","predicted"
1,"hsa-miR-217-5p","ACUGCAU",7,"targetscan","","hsa-miR-217","PAX9","5083","ENSG00000198807","-0.199","predicted"
1,"hsa-miR-217-5p","ACUGCAU",7,"targetscan","","hsa-miR-217","SV2A","9900","ENSG00000159164","-0.199","predicted"
1,"hsa-miR-217-5p","ACUGCAU",7,"targetscan","","hsa-miR-217","SDR42E1","93517","ENSG00000184860","-0.199","predicted"
1,"hsa-miR-217-5p","ACUGCAU",7,"targetscan","","hsa-miR-217","CABP4","57010","ENSG00000175544","-0.199","predicted"
1,"hsa-miR-217-5p","ACUGCAU",7,"targetscan","","hsa-miR-217","MTURN","222166","ENSG00000180354","-0.199","predicted"
1,"hsa-miR-217-5p","ACUGCAU",7,"targetscan","","hsa-miR-217","SEPTIN7","989","ENSG00000122545","-0.199","predicted"
1,"hsa-miR-217-5p","ACUGCAU",7,"targetscan","","hsa-miR-217","LINC02693","339263","ENSG00000212719","-0.199","predicted"
1,"hsa-miR-217-5p","ACUGCAU",7,"targetscan","","hsa-miR-217","AL953854.2","","ENSG00000236029","-0.199","predicted"
1,"hsa-miR-217-5p","ACUGCAU",7,"targetscan","","hsa-miR-217","LBR","3930","ENSG00000143815","-0.2","predicted"
1,"hsa-miR-217-5p","ACUGCAU",7,"targetscan","","hsa-miR-217","SCP2","6342","ENSG00000116171","-0.2","predicted"
1,"hsa-miR-217-5p","ACUGCAU",7,"targetscan","","hsa-miR-217","FXR1","8087","ENSG00000114416","-0.2","predicted"
1,"hsa-miR-217-5p","ACUGCAU",7,"targetscan","","hsa-miR-217","TOB2","10766","ENSG00000183864","-0.2","predicted"
1,"hsa-miR-217-5p","ACUGCAU",7,"targetscan","","hsa-miR-217","WDHD1","11169","ENSG00000198554","-0.2","predicted"
1,"hsa-miR-217-5p","ACUGCAU",7,"targetscan","","hsa-miR-217","CNNM3","26505","ENSG00000168763","-0.2","predicted"
1,"hsa-miR-217-5p","ACUGCAU",7,"targetscan","","hsa-miR-217","POLR3E","55718","ENSG00000058600","-0.2","predicted"
1,"hsa-miR-217-5p","ACUGCAU",7,"targetscan","","hsa-miR-217","TSHZ3","57616","ENSG00000121297","-0.2","predicted"
1,"hsa-miR-217-5p","ACUGCAU",7,"targetscan","","hsa-miR-217","DCP2","167227","ENSG00000172795","-0.2","predicted"
1,"hsa-miR-217-5p","ACUGCAU",7,"targetscan","","hsa-miR-217","SLC26A11","284129","ENSG00000181045","-0.2","predicted"
1,"hsa-miR-217-5p","ACUGCAU",7,"targetscan","","hsa-miR-217","NUDT16","131870","ENSG00000198585","-0.2","predicted"
1,"hsa-miR-217-5p","ACUGCAU",7,"targetscan","","hsa-miR-217","ZEB1","6935","ENSG00000148516","-0.201","predicted"
1,"hsa-miR-217-5p","ACUGCAU",7,"targetscan","","hsa-miR-217","AZIN1","51582","ENSG00000155096","-0.201","predicted"
1,"hsa-miR-217-5p","ACUGCAU",7,"targetscan","","hsa-miR-217","MCOLN2","255231","ENSG00000153898","-0.201","predicted"
1,"hsa-miR-217-5p","ACUGCAU",7,"targetscan","","hsa-miR-217","FBXO43","286151","ENSG00000156509","-0.201","predicted"
1,"hsa-miR-217-5p","ACUGCAU",7,"targetscan","","hsa-miR-217","RNF135","84282","ENSG00000181481","-0.201","predicted"
1,"hsa-miR-217-5p","ACUGCAU",7,"targetscan","","hsa-miR-217","FARSB","10056","ENSG00000116120","-0.201","predicted"
1,"hsa-miR-217-5p","ACUGCAU",7,"targetscan","","hsa-miR-217","DAB1","1600","ENSG00000173406","-0.201","predicted"
1,"hsa-miR-217-5p","ACUGCAU",7,"targetscan","","hsa-miR-217","SLC7A11","23657","ENSG00000151012","-0.202","predicted"
1,"hsa-miR-217-5p","ACUGCAU",7,"targetscan","","hsa-miR-217","NDN","4692","ENSG00000182636","-0.202","predicted"
1,"hsa-miR-217-5p","ACUGCAU",7,"targetscan","","hsa-miR-217","ZNF207","7756","ENSG00000010244","-0.202","predicted"
1,"hsa-miR-217-5p","ACUGCAU",7,"targetscan","","hsa-miR-217","SMC4","10051","ENSG00000113810","-0.202","predicted"
1,"hsa-miR-217-5p","ACUGCAU",7,"targetscan","","hsa-miR-217","TJAP1","93643","ENSG00000137221","-0.202","predicted"
1,"hsa-miR-217-5p","ACUGCAU",7,"targetscan","","hsa-miR-217","PKD1L2","114780","ENSG00000166473","-0.202","predicted"
1,"hsa-miR-217-5p","ACUGCAU",7,"targetscan","","hsa-miR-217","VRTN","55237","ENSG00000133980","-0.202","predicted"
1,"hsa-miR-217-5p","ACUGCAU",7,"targetscan","","hsa-miR-217","DCLK3","85443","ENSG00000163673","-0.202","predicted"
1,"hsa-miR-217-5p","ACUGCAU",7,"targetscan","","hsa-miR-217","EIF2S3B","255308","ENSG00000180574","-0.202","predicted"
1,"hsa-miR-217-5p","ACUGCAU",7,"targetscan","","hsa-miR-217","HTRA1","5654","ENSG00000166033","-0.203","predicted"
1,"hsa-miR-217-5p","ACUGCAU",7,"targetscan","","hsa-miR-217","CCSER2","54462","ENSG00000107771","-0.203","predicted"
1,"hsa-miR-217-5p","ACUGCAU",7,"targetscan","","hsa-miR-217","AMOT","154796","ENSG00000126016","-0.203","predicted"
1,"hsa-miR-217-5p","ACUGCAU",7,"targetscan","","hsa-miR-217","ALG13","79868","ENSG00000101901","-0.203","predicted"
1,"hsa-miR-217-5p","ACUGCAU",7,"targetscan","","hsa-miR-217","PTPN21","11099","ENSG00000070778","-0.203","predicted"
1,"hsa-miR-217-5p","ACUGCAU",7,"targetscan","","hsa-miR-217","CERS3","204219","ENSG00000154227","-0.203","predicted"
1,"hsa-miR-217-5p","ACUGCAU",7,"targetscan","","hsa-miR-217","ITGAV","3685","ENSG00000138448","-0.204","predicted"
1,"hsa-miR-217-5p","ACUGCAU",7,"targetscan","","hsa-miR-217","DYNC1LI1","51143","ENSG00000144635","-0.204","predicted"
1,"hsa-miR-217-5p","ACUGCAU",7,"targetscan","","hsa-miR-217","ERMP1","79956","ENSG00000099219","-0.204","predicted"
1,"hsa-miR-217-5p","ACUGCAU",7,"targetscan","","hsa-miR-217","MTAP","4507","ENSG00000099810","-0.205","predicted"
1,"hsa-miR-217-5p","ACUGCAU",7,"targetscan","","hsa-miR-217","ZNF85","7639","ENSG00000105750","-0.205","predicted"
1,"hsa-miR-217-5p","ACUGCAU",7,"targetscan","","hsa-miR-217","ITM2B","9445","ENSG00000136156","-0.205","predicted"
1,"hsa-miR-217-5p","ACUGCAU",7,"targetscan","","hsa-miR-217","EFCAB6","64800","ENSG00000186976","-0.205","predicted"
1,"hsa-miR-217-5p","ACUGCAU",7,"targetscan","","hsa-miR-217","SLC25A51","92014","ENSG00000122696","-0.205","predicted"
1,"hsa-miR-217-5p","ACUGCAU",7,"targetscan","","hsa-miR-217","FAM91A1","157769","ENSG00000176853","-0.205","predicted"
1,"hsa-miR-217-5p","ACUGCAU",7,"targetscan","","hsa-miR-217","HSBP1","3281","ENSG00000230989","-0.205","predicted"
1,"hsa-miR-217-5p","ACUGCAU",7,"targetscan","","hsa-miR-217","MAF","4094","ENSG00000178573","-0.205","predicted"
1,"hsa-miR-217-5p","ACUGCAU",7,"targetscan","","hsa-miR-217","RP11-10A14.4","","ENSG00000253426","-0.205","predicted"
1,"hsa-miR-217-5p","ACUGCAU",7,"targetscan","","hsa-miR-217","VEZT","55591","ENSG00000028203","-0.206","predicted"
1,"hsa-miR-217-5p","ACUGCAU",7,"targetscan","","hsa-miR-217","GPR37","2861","ENSG00000170775","-0.206","predicted"
1,"hsa-miR-217-5p","ACUGCAU",7,"targetscan","","hsa-miR-217","CDS2","8760","ENSG00000101290","-0.206","predicted"
1,"hsa-miR-217-5p","ACUGCAU",7,"targetscan","","hsa-miR-217","ZNF584","201514","ENSG00000171574","-0.206","predicted"
1,"hsa-miR-217-5p","ACUGCAU",7,"targetscan","","hsa-miR-217","SLC25A5","292","ENSG00000005022","-0.206","predicted"
1,"hsa-miR-217-5p","ACUGCAU",7,"targetscan","","hsa-miR-217","IL12B","3593","ENSG00000113302","-0.206","predicted"
1,"hsa-miR-217-5p","ACUGCAU",7,"targetscan","","hsa-miR-217","ITGAE","3682","ENSG00000083457","-0.206","predicted"
1,"hsa-miR-217-5p","ACUGCAU",7,"targetscan","","hsa-miR-217","FAM169A","26049","ENSG00000198780","-0.206","predicted"
1,"hsa-miR-217-5p","ACUGCAU",7,"targetscan","","hsa-miR-217","RP9","6100","ENSG00000164610","-0.206","predicted"
1,"hsa-miR-217-5p","ACUGCAU",7,"targetscan","","hsa-miR-217","POGLUT2","79070","ENSG00000134901","-0.206","predicted"
1,"hsa-miR-217-5p","ACUGCAU",7,"targetscan","","hsa-miR-217","AC025278.1","","ENSG00000204752","-0.206","predicted"
1,"hsa-miR-217-5p","ACUGCAU",7,"targetscan","","hsa-miR-217","YWHAG","7532","ENSG00000170027","-0.207","predicted"
1,"hsa-miR-217-5p","ACUGCAU",7,"targetscan","","hsa-miR-217","KIAA0232","9778","ENSG00000170871","-0.207","predicted"
1,"hsa-miR-217-5p","ACUGCAU",7,"targetscan","","hsa-miR-217","PELO","53918","ENSG00000152684","-0.207","predicted"
1,"hsa-miR-217-5p","ACUGCAU",7,"targetscan","","hsa-miR-217","TRIM44","54765","ENSG00000166326","-0.207","predicted"
1,"hsa-miR-217-5p","ACUGCAU",7,"targetscan","","hsa-miR-217","FRA10AC1","118924","ENSG00000148690","-0.207","predicted"
1,"hsa-miR-217-5p","ACUGCAU",7,"targetscan","","hsa-miR-217","KIAA0087","9808","ENSG00000122548","-0.207","predicted"
1,"hsa-miR-217-5p","ACUGCAU",7,"targetscan","","hsa-miR-217","SSPN","8082","ENSG00000123096","-0.208","predicted"
1,"hsa-miR-217-5p","ACUGCAU",7,"targetscan","","hsa-miR-217","LAMTOR3","8649","ENSG00000109270","-0.208","predicted"
1,"hsa-miR-217-5p","ACUGCAU",7,"targetscan","","hsa-miR-217","CLPX","10845","ENSG00000166855","-0.208","predicted"
1,"hsa-miR-217-5p","ACUGCAU",7,"targetscan","","hsa-miR-217","MPC1","51660","ENSG00000060762","-0.208","predicted"
1,"hsa-miR-217-5p","ACUGCAU",7,"targetscan","","hsa-miR-217","SLC3A1","6519","ENSG00000138079","-0.208","predicted"
1,"hsa-miR-217-5p","ACUGCAU",7,"targetscan","","hsa-miR-217","ZNF43","7594","ENSG00000198521","-0.208","predicted"
1,"hsa-miR-217-5p","ACUGCAU",7,"targetscan","","hsa-miR-217","HOXC11","3227","ENSG00000123388","-0.208","predicted"
1,"hsa-miR-217-5p","ACUGCAU",7,"targetscan","","hsa-miR-217","SYCP2","10388","ENSG00000196074","-0.208","predicted"
1,"hsa-miR-217-5p","ACUGCAU",7,"targetscan","","hsa-miR-217","PJVK","494513","ENSG00000204311","-0.208","predicted"
1,"hsa-miR-217-5p","ACUGCAU",7,"targetscan","","hsa-miR-217","EIF3J","8669","ENSG00000104131","-0.209","predicted"
1,"hsa-miR-217-5p","ACUGCAU",7,"targetscan","","hsa-miR-217","TBC1D30","23329","ENSG00000111490","-0.209","predicted"
1,"hsa-miR-217-5p","ACUGCAU",7,"targetscan","","hsa-miR-217","C21orf62","56245","ENSG00000205929","-0.209","predicted"
1,"hsa-miR-217-5p","ACUGCAU",7,"targetscan","","hsa-miR-217","RFT1","91869","ENSG00000163933","-0.209","predicted"
1,"hsa-miR-217-5p","ACUGCAU",7,"targetscan","","hsa-miR-217","ZNF385D","79750","ENSG00000151789","-0.209","predicted"
1,"hsa-miR-217-5p","ACUGCAU",7,"targetscan","","hsa-miR-217","GBP3","2635","ENSG00000117226","-0.21","predicted"
1,"hsa-miR-217-5p","ACUGCAU",7,"targetscan","","hsa-miR-217","SAMD9","54809","ENSG00000205413","-0.21","predicted"
1,"hsa-miR-217-5p","ACUGCAU",7,"targetscan","","hsa-miR-217","CDV3","55573","ENSG00000091527","-0.21","predicted"
1,"hsa-miR-217-5p","ACUGCAU",7,"targetscan","","hsa-miR-217","INIP","58493","ENSG00000148153","-0.21","predicted"
1,"hsa-miR-217-5p","ACUGCAU",7,"targetscan","","hsa-miR-217","ERMP1","79956","ENSG00000099219","-0.21","predicted"
1,"hsa-miR-217-5p","ACUGCAU",7,"targetscan","","hsa-miR-217","C12orf76","400073","ENSG00000174456","-0.21","predicted"
1,"hsa-miR-217-5p","ACUGCAU",7,"targetscan","","hsa-miR-217","RAB3IP","117177","ENSG00000127328","-0.21","predicted"
1,"hsa-miR-217-5p","ACUGCAU",7,"targetscan","","hsa-miR-217","ZNF607","84775","ENSG00000198182","-0.21","predicted"
1,"hsa-miR-217-5p","ACUGCAU",7,"targetscan","","hsa-miR-217","ZNF256","10172","ENSG00000152454","-0.21","predicted"
1,"hsa-miR-217-5p","ACUGCAU",7,"targetscan","","hsa-miR-217","RD3L","647286","ENSG00000227729","-0.21","predicted"
1,"hsa-miR-217-5p","ACUGCAU",7,"targetscan","","hsa-miR-217","TLR4","7099","ENSG00000136869","-0.211","predicted"
1,"hsa-miR-217-5p","ACUGCAU",7,"targetscan","","hsa-miR-217","FCHSD2","9873","ENSG00000137478","-0.211","predicted"
1,"hsa-miR-217-5p","ACUGCAU",7,"targetscan","","hsa-miR-217","DDX25","29118","ENSG00000109832","-0.211","predicted"
1,"hsa-miR-217-5p","ACUGCAU",7,"targetscan","","hsa-miR-217","ASAP1","50807","ENSG00000153317","-0.211","predicted"
1,"hsa-miR-217-5p","ACUGCAU",7,"targetscan","","hsa-miR-217","ZNF625","90589","ENSG00000257591","-0.211","predicted"
1,"hsa-miR-217-5p","ACUGCAU",7,"targetscan","","hsa-miR-217","ZNF268","10795","ENSG00000090612","-0.211","predicted"
1,"hsa-miR-217-5p","ACUGCAU",7,"targetscan","","hsa-miR-217","","","ENSG00000258989","-0.211","predicted"
1,"hsa-miR-217-5p","ACUGCAU",7,"targetscan","","hsa-miR-217","CYP1B1","1545","ENSG00000138061","-0.212","predicted"
1,"hsa-miR-217-5p","ACUGCAU",7,"targetscan","","hsa-miR-217","RNF186","54546","ENSG00000178828","-0.212","predicted"
1,"hsa-miR-217-5p","ACUGCAU",7,"targetscan","","hsa-miR-217","RAP2C","57826","ENSG00000123728","-0.212","predicted"
1,"hsa-miR-217-5p","ACUGCAU",7,"targetscan","","hsa-miR-217","MBP","4155","ENSG00000197971","-0.212","predicted"
1,"hsa-miR-217-5p","ACUGCAU",7,"targetscan","","hsa-miR-217","SPOCK3","50859","ENSG00000196104","-0.212","predicted"
1,"hsa-miR-217-5p","ACUGCAU",7,"targetscan","","hsa-miR-217","RSL24D1","51187","ENSG00000137876","-0.212","predicted"
1,"hsa-miR-217-5p","ACUGCAU",7,"targetscan","","hsa-miR-217","BMERB1","89927","ENSG00000166780","-0.212","predicted"
1,"hsa-miR-217-5p","ACUGCAU",7,"targetscan","","hsa-miR-217","BMERB1","127898555","ENSG00000166780","-0.212","predicted"
1,"hsa-miR-217-5p","ACUGCAU",7,"targetscan","","hsa-miR-217","PRKD2","25865","ENSG00000105287","-0.213","predicted"
1,"hsa-miR-217-5p","ACUGCAU",7,"targetscan","","hsa-miR-217","DTL","51514","ENSG00000143476","-0.213","predicted"
1,"hsa-miR-217-5p","ACUGCAU",7,"targetscan","","hsa-miR-217","DKK1","22943","ENSG00000107984","-0.213","predicted"
1,"hsa-miR-217-5p","ACUGCAU",7,"targetscan","","hsa-miR-217","YOD1","55432","ENSG00000180667","-0.213","predicted"
1,"hsa-miR-217-5p","ACUGCAU",7,"targetscan","","hsa-miR-217","IMPA1","3612","ENSG00000133731","-0.214","predicted"
1,"hsa-miR-217-5p","ACUGCAU",7,"targetscan","","hsa-miR-217","PDE6H","5149","ENSG00000139053","-0.214","predicted"
1,"hsa-miR-217-5p","ACUGCAU",7,"targetscan","","hsa-miR-217","SOWAHC","65124","ENSG00000198142","-0.214","predicted"
1,"hsa-miR-217-5p","ACUGCAU",7,"targetscan","","hsa-miR-217","SLC25A21","89874","ENSG00000183032","-0.214","predicted"
1,"hsa-miR-217-5p","ACUGCAU",7,"targetscan","","hsa-miR-217","SLC30A5","64924","ENSG00000145740","-0.214","predicted"
1,"hsa-miR-217-5p","ACUGCAU",7,"targetscan","","hsa-miR-217","LIN7A","8825","ENSG00000111052","-0.215","predicted"
1,"hsa-miR-217-5p","ACUGCAU",7,"targetscan","","hsa-miR-217","XCL1","6375","ENSG00000143184","-0.215","predicted"
1,"hsa-miR-217-5p","ACUGCAU",7,"targetscan","","hsa-miR-217","ITGB1BP1","9270","ENSG00000119185","-0.215","predicted"
1,"hsa-miR-217-5p","ACUGCAU",7,"targetscan","","hsa-miR-217","ZNF253","56242","ENSG00000256771","-0.215","predicted"
1,"hsa-miR-217-5p","ACUGCAU",7,"targetscan","","hsa-miR-217","AGBL4","84871","ENSG00000186094","-0.215","predicted"
1,"hsa-miR-217-5p","ACUGCAU",7,"targetscan","","hsa-miR-217","MICU3","286097","ENSG00000155970","-0.215","predicted"
1,"hsa-miR-217-5p","ACUGCAU",7,"targetscan","","hsa-miR-217","MCL1","4170","ENSG00000143384","-0.216","predicted"
1,"hsa-miR-217-5p","ACUGCAU",7,"targetscan","","hsa-miR-217","TIA1","7072","ENSG00000116001","-0.216","predicted"
1,"hsa-miR-217-5p","ACUGCAU",7,"targetscan","","hsa-miR-217","HELLS","3070","ENSG00000119969","-0.216","predicted"
1,"hsa-miR-217-5p","ACUGCAU",7,"targetscan","","hsa-miR-217","PEX13","5194","ENSG00000162928","-0.216","predicted"
1,"hsa-miR-217-5p","ACUGCAU",7,"targetscan","","hsa-miR-217","STXBP6","29091","ENSG00000168952","-0.216","predicted"
1,"hsa-miR-217-5p","ACUGCAU",7,"targetscan","","hsa-miR-217","GOLIM4","27333","ENSG00000173905","-0.216","predicted"
1,"hsa-miR-217-5p","ACUGCAU",7,"targetscan","","hsa-miR-217","GJA9","81025","ENSG00000131233","-0.216","predicted"
1,"hsa-miR-217-5p","ACUGCAU",7,"targetscan","","hsa-miR-217","MCL1","574406","ENSG00000143384","-0.216","predicted"
1,"hsa-miR-217-5p","ACUGCAU",7,"targetscan","","hsa-miR-217","DLEU1","10301","ENSG00000176124","-0.216","predicted"
1,"hsa-miR-217-5p","ACUGCAU",7,"targetscan","","hsa-miR-217","DLEU1","100874074","ENSG00000176124","-0.216","predicted"
1,"hsa-miR-217-5p","ACUGCAU",7,"targetscan","","hsa-miR-217","DTL","51514","ENSG00000143476","-0.217","predicted"
1,"hsa-miR-217-5p","ACUGCAU",7,"targetscan","","hsa-miR-217","CDK5R1","8851","ENSG00000176749","-0.217","predicted"
1,"hsa-miR-217-5p","ACUGCAU",7,"targetscan","","hsa-miR-217","BOLA3","388962","ENSG00000163170","-0.217","predicted"
1,"hsa-miR-217-5p","ACUGCAU",7,"targetscan","","hsa-miR-217","CLDN11","5010","ENSG00000013297","-0.217","predicted"
1,"hsa-miR-217-5p","ACUGCAU",7,"targetscan","","hsa-miR-217","ZNF488","","ENSG00000165388","-0.217","predicted"
1,"hsa-miR-217-5p","ACUGCAU",7,"targetscan","","hsa-miR-217","NR4A2","4929","ENSG00000153234","-0.218","predicted"
1,"hsa-miR-217-5p","ACUGCAU",7,"targetscan","","hsa-miR-217","COX7B","1349","ENSG00000131174","-0.218","predicted"
1,"hsa-miR-217-5p","ACUGCAU",7,"targetscan","","hsa-miR-217","EIF2S3","1968","ENSG00000130741","-0.218","predicted"
1,"hsa-miR-217-5p","ACUGCAU",7,"targetscan","","hsa-miR-217","MS4A2","2206","ENSG00000149534","-0.218","predicted"
1,"hsa-miR-217-5p","ACUGCAU",7,"targetscan","","hsa-miR-217","OLR1","4973","ENSG00000173391","-0.218","predicted"
1,"hsa-miR-217-5p","ACUGCAU",7,"targetscan","","hsa-miR-217","ZNF708","7562","ENSG00000182141","-0.218","predicted"
1,"hsa-miR-217-5p","ACUGCAU",7,"targetscan","","hsa-miR-217","KLRC4","8302","ENSG00000183542","-0.218","predicted"
1,"hsa-miR-217-5p","ACUGCAU",7,"targetscan","","hsa-miR-217","TBC1D15","64786","ENSG00000121749","-0.218","predicted"
1,"hsa-miR-217-5p","ACUGCAU",7,"targetscan","","hsa-miR-217","HNRNPH2","3188","ENSG00000126945","-0.218","predicted"
1,"hsa-miR-217-5p","ACUGCAU",7,"targetscan","","hsa-miR-217","MT1A","4489","ENSG00000205362","-0.218","predicted"
1,"hsa-miR-217-5p","ACUGCAU",7,"targetscan","","hsa-miR-217","MMADHC","27249","ENSG00000168288","-0.218","predicted"
1,"hsa-miR-217-5p","ACUGCAU",7,"targetscan","","hsa-miR-217","ZNF528","84436","ENSG00000167555","-0.218","predicted"
1,"hsa-miR-217-5p","ACUGCAU",7,"targetscan","","hsa-miR-217","SDHAF3","57001","ENSG00000196636","-0.218","predicted"
1,"hsa-miR-217-5p","ACUGCAU",7,"targetscan","","hsa-miR-217","CD38","952","ENSG00000004468","-0.219","predicted"
1,"hsa-miR-217-5p","ACUGCAU",7,"targetscan","","hsa-miR-217","FGF11","2256","ENSG00000161958","-0.219","predicted"
1,"hsa-miR-217-5p","ACUGCAU",7,"targetscan","","hsa-miR-217","TRIM13","10206","ENSG00000204977","-0.219","predicted"
1,"hsa-miR-217-5p","ACUGCAU",7,"targetscan","","hsa-miR-217","FBXO11","80204","ENSG00000138081","-0.219","predicted"
1,"hsa-miR-217-5p","ACUGCAU",7,"targetscan","","hsa-miR-217","TMEM154","201799","ENSG00000170006","-0.219","predicted"
1,"hsa-miR-217-5p","ACUGCAU",7,"targetscan","","hsa-miR-217","ZNRF2","223082","ENSG00000180233","-0.219","predicted"
1,"hsa-miR-217-5p","ACUGCAU",7,"targetscan","","hsa-miR-217","B3GLCT","145173","ENSG00000187676","-0.219","predicted"
1,"hsa-miR-217-5p","ACUGCAU",7,"targetscan","","hsa-miR-217","SLC25A51P4","","ENSG00000189332","-0.219","predicted"
1,"hsa-miR-217-5p","ACUGCAU",7,"targetscan","","hsa-miR-217","GMFB","2764","ENSG00000197045","-0.22","predicted"
1,"hsa-miR-217-5p","ACUGCAU",7,"targetscan","","hsa-miR-217","POLD3","10714","ENSG00000077514","-0.22","predicted"
1,"hsa-miR-217-5p","ACUGCAU",7,"targetscan","","hsa-miR-217","SYF2","25949","ENSG00000117614","-0.22","predicted"
1,"hsa-miR-217-5p","ACUGCAU",7,"targetscan","","hsa-miR-217","SOWAHC","65124","ENSG00000198142","-0.22","predicted"
1,"hsa-miR-217-5p","ACUGCAU",7,"targetscan","","hsa-miR-217","SPECC1","92521","ENSG00000128487","-0.22","predicted"
1,"hsa-miR-217-5p","ACUGCAU",7,"targetscan","","hsa-miR-217","HHIP","64399","ENSG00000164161","-0.22","predicted"
1,"hsa-miR-217-5p","ACUGCAU",7,"targetscan","","hsa-miR-217","B3GAT2","135152","ENSG00000112309","-0.22","predicted"
1,"hsa-miR-217-5p","ACUGCAU",7,"targetscan","","hsa-miR-217","TCEANC","170082","ENSG00000176896","-0.22","predicted"
1,"hsa-miR-217-5p","ACUGCAU",7,"targetscan","","hsa-miR-217","FAM218A","152756","ENSG00000250486","-0.22","predicted"
1,"hsa-miR-217-5p","ACUGCAU",7,"targetscan","","hsa-miR-217","SKAP2","8935","ENSG00000005020","-0.221","predicted"
1,"hsa-miR-217-5p","ACUGCAU",7,"targetscan","","hsa-miR-217","EED","8726","ENSG00000074266","-0.221","predicted"
1,"hsa-miR-217-5p","ACUGCAU",7,"targetscan","","hsa-miR-217","SMC2","10592","ENSG00000136824","-0.221","predicted"
1,"hsa-miR-217-5p","ACUGCAU",7,"targetscan","","hsa-miR-217","PYGO1","26108","ENSG00000171016","-0.221","predicted"
1,"hsa-miR-217-5p","ACUGCAU",7,"targetscan","","hsa-miR-217","UFSP2","55325","ENSG00000109775","-0.221","predicted"
1,"hsa-miR-217-5p","ACUGCAU",7,"targetscan","","hsa-miR-217","ARMC10","83787","ENSG00000170632","-0.221","predicted"
1,"hsa-miR-217-5p","ACUGCAU",7,"targetscan","","hsa-miR-217","DPH3","285381","ENSG00000154813","-0.221","predicted"
1,"hsa-miR-217-5p","ACUGCAU",7,"targetscan","","hsa-miR-217","MBOAT4","619373","ENSG00000177669","-0.221","predicted"
1,"hsa-miR-217-5p","ACUGCAU",7,"targetscan","","hsa-miR-217","PRKAR2B","5577","ENSG00000005249","-0.222","predicted"
1,"hsa-miR-217-5p","ACUGCAU",7,"targetscan","","hsa-miR-217","RAD23B","5887","ENSG00000119318","-0.222","predicted"
1,"hsa-miR-217-5p","ACUGCAU",7,"targetscan","","hsa-miR-217","KAT2B","8850","ENSG00000114166","-0.222","predicted"
1,"hsa-miR-217-5p","ACUGCAU",7,"targetscan","","hsa-miR-217","HOMER1","9456","ENSG00000152413","-0.222","predicted"
1,"hsa-miR-217-5p","ACUGCAU",7,"targetscan","","hsa-miR-217","RER1","11079","ENSG00000157916","-0.222","predicted"
1,"hsa-miR-217-5p","ACUGCAU",7,"targetscan","","hsa-miR-217","TDRP","157695","ENSG00000180190","-0.222","predicted"
1,"hsa-miR-217-5p","ACUGCAU",7,"targetscan","","hsa-miR-217","ICA1L","130026","ENSG00000163596","-0.222","predicted"
1,"hsa-miR-217-5p","ACUGCAU",7,"targetscan","","hsa-miR-217","ZNF396","252884","ENSG00000186496","-0.222","predicted"
1,"hsa-miR-217-5p","ACUGCAU",7,"targetscan","","hsa-miR-217","H2BC15","8341","ENSG00000233822","-0.222","predicted"
1,"hsa-miR-217-5p","ACUGCAU",7,"targetscan","","hsa-miR-217","BAAT","570","ENSG00000136881","-0.223","predicted"
1,"hsa-miR-217-5p","ACUGCAU",7,"targetscan","","hsa-miR-217","MAPK8IP1","9479","ENSG00000121653","-0.223","predicted"
1,"hsa-miR-217-5p","ACUGCAU",7,"targetscan","","hsa-miR-217","SIGLEC8","27181","ENSG00000105366","-0.223","predicted"
1,"hsa-miR-217-5p","ACUGCAU",7,"targetscan","","hsa-miR-217","CEP72","55722","ENSG00000112877","-0.223","predicted"
1,"hsa-miR-217-5p","ACUGCAU",7,"targetscan","","hsa-miR-217","VGLL3","389136","ENSG00000206538","-0.223","predicted"
1,"hsa-miR-217-5p","ACUGCAU",7,"targetscan","","hsa-miR-217","CASS4","57091","ENSG00000087589","-0.223","predicted"
1,"hsa-miR-217-5p","ACUGCAU",7,"targetscan","","hsa-miR-217","PON2","5445","ENSG00000105854","-0.224","predicted"
1,"hsa-miR-217-5p","ACUGCAU",7,"targetscan","","hsa-miR-217","UBE2G1","7326","ENSG00000132388","-0.224","predicted"
1,"hsa-miR-217-5p","ACUGCAU",7,"targetscan","","hsa-miR-217","MEMO1","51072","ENSG00000162959","-0.224","predicted"
1,"hsa-miR-217-5p","ACUGCAU",7,"targetscan","","hsa-miR-217","ZCCHC4","29063","ENSG00000168228","-0.224","predicted"
1,"hsa-miR-217-5p","ACUGCAU",7,"targetscan","","hsa-miR-217","DNAJC30","84277","ENSG00000176410","-0.224","predicted"
1,"hsa-miR-217-5p","ACUGCAU",7,"targetscan","","hsa-miR-217","ZC3H8","84524","ENSG00000144161","-0.224","predicted"
1,"hsa-miR-217-5p","ACUGCAU",7,"targetscan","","hsa-miR-217","DACH1","","ENSG00000165659","-0.224","predicted"
1,"hsa-miR-217-5p","ACUGCAU",7,"targetscan","","hsa-miR-217","CLIC4","25932","ENSG00000169504","-0.225","predicted"
1,"hsa-miR-217-5p","ACUGCAU",7,"targetscan","","hsa-miR-217","DNAJC12","56521","ENSG00000108176","-0.225","predicted"
1,"hsa-miR-217-5p","ACUGCAU",7,"targetscan","","hsa-miR-217","C2CD5","9847","ENSG00000111731","-0.225","predicted"
1,"hsa-miR-217-5p","ACUGCAU",7,"targetscan","","hsa-miR-217","RAB17","64284","ENSG00000124839","-0.225","predicted"
1,"hsa-miR-217-5p","ACUGCAU",7,"targetscan","","hsa-miR-217","OR52A1","23538","ENSG00000182070","-0.225","predicted"
1,"hsa-miR-217-5p","ACUGCAU",7,"targetscan","","hsa-miR-217","YBX1","4904","ENSG00000065978","-0.226","predicted"
1,"hsa-miR-217-5p","ACUGCAU",7,"targetscan","","hsa-miR-217","ARL4A","10124","ENSG00000122644","-0.226","predicted"
1,"hsa-miR-217-5p","ACUGCAU",7,"targetscan","","hsa-miR-217","PPP1R17","10842","ENSG00000106341","-0.226","predicted"
1,"hsa-miR-217-5p","ACUGCAU",7,"targetscan","","hsa-miR-217","HIBADH","11112","ENSG00000106049","-0.226","predicted"
1,"hsa-miR-217-5p","ACUGCAU",7,"targetscan","","hsa-miR-217","ZFP28","140612","ENSG00000196867","-0.226","predicted"
1,"hsa-miR-217-5p","ACUGCAU",7,"targetscan","","hsa-miR-217","ZNF287","57336","ENSG00000141040","-0.226","predicted"
1,"hsa-miR-217-5p","ACUGCAU",7,"targetscan","","hsa-miR-217","AMPD3","272","ENSG00000133805","-0.227","predicted"
1,"hsa-miR-217-5p","ACUGCAU",7,"targetscan","","hsa-miR-217","POLR2E","5434","ENSG00000099817","-0.227","predicted"
1,"hsa-miR-217-5p","ACUGCAU",7,"targetscan","","hsa-miR-217","NME6","10201","ENSG00000172113","-0.227","predicted"
1,"hsa-miR-217-5p","ACUGCAU",7,"targetscan","","hsa-miR-217","LCA5","167691","ENSG00000135338","-0.227","predicted"
1,"hsa-miR-217-5p","ACUGCAU",7,"targetscan","","hsa-miR-217","CYRIB","51571","ENSG00000153310","-0.227","predicted"
1,"hsa-miR-217-5p","ACUGCAU",7,"targetscan","","hsa-miR-217","KRAS","3845","ENSG00000133703","-0.228","predicted"
1,"hsa-miR-217-5p","ACUGCAU",7,"targetscan","","hsa-miR-217","NAB1","4664","ENSG00000138386","-0.228","predicted"
1,"hsa-miR-217-5p","ACUGCAU",7,"targetscan","","hsa-miR-217","SRPK2","6733","ENSG00000135250","-0.228","predicted"
1,"hsa-miR-217-5p","ACUGCAU",7,"targetscan","","hsa-miR-217","TFCP2","7024","ENSG00000135457","-0.228","predicted"
1,"hsa-miR-217-5p","ACUGCAU",7,"targetscan","","hsa-miR-217","EEF1E1","9521","ENSG00000124802","-0.228","predicted"
1,"hsa-miR-217-5p","ACUGCAU",7,"targetscan","","hsa-miR-217","BET1","10282","ENSG00000105829","-0.228","predicted"
1,"hsa-miR-217-5p","ACUGCAU",7,"targetscan","","hsa-miR-217","NIPBL","25836","ENSG00000164190","-0.228","predicted"
1,"hsa-miR-217-5p","ACUGCAU",7,"targetscan","","hsa-miR-217","NABP1","64859","ENSG00000173559","-0.228","predicted"
1,"hsa-miR-217-5p","ACUGCAU",7,"targetscan","","hsa-miR-217","TM2D2","83877","ENSG00000169490","-0.228","predicted"
1,"hsa-miR-217-5p","ACUGCAU",7,"targetscan","","hsa-miR-217","IARS1","3376","ENSG00000196305","-0.228","predicted"
1,"hsa-miR-217-5p","ACUGCAU",7,"targetscan","","hsa-miR-217","COX7A2L","9167","ENSG00000115944","-0.229","predicted"
1,"hsa-miR-217-5p","ACUGCAU",7,"targetscan","","hsa-miR-217","ATAD2","29028","ENSG00000156802","-0.229","predicted"
1,"hsa-miR-217-5p","ACUGCAU",7,"targetscan","","hsa-miR-217","MRPS5","64969","ENSG00000144029","-0.229","predicted"
1,"hsa-miR-217-5p","ACUGCAU",7,"targetscan","","hsa-miR-217","DYTN","391475","ENSG00000232125","-0.229","predicted"
1,"hsa-miR-217-5p","ACUGCAU",7,"targetscan","","hsa-miR-217","MYNN","55892","ENSG00000085274","-0.229","predicted"
1,"hsa-miR-217-5p","ACUGCAU",7,"targetscan","","hsa-miR-217","COLEC11","78989","ENSG00000118004","-0.229","predicted"
1,"hsa-miR-217-5p","ACUGCAU",7,"targetscan","","hsa-miR-217","LHX1","","ENSG00000132130","-0.229","predicted"
1,"hsa-miR-217-5p","ACUGCAU",7,"targetscan","","hsa-miR-217","MFSD14CP","","ENSG00000196312","-0.229","predicted"
1,"hsa-miR-217-5p","ACUGCAU",7,"targetscan","","hsa-miR-217","VMP1","81671","ENSG00000062716","-0.23","predicted"
1,"hsa-miR-217-5p","ACUGCAU",7,"targetscan","","hsa-miR-217","METTL21A","151194","ENSG00000144401","-0.23","predicted"
1,"hsa-miR-217-5p","ACUGCAU",7,"targetscan","","hsa-miR-217","RPL36A-HNRNPH2","100529097","ENSG00000257529","-0.23","predicted"
1,"hsa-miR-217-5p","ACUGCAU",7,"targetscan","","hsa-miR-217","LIN7C","55327","ENSG00000148943","-0.231","predicted"
1,"hsa-miR-217-5p","ACUGCAU",7,"targetscan","","hsa-miR-217","RNF138","51444","ENSG00000134758","-0.231","predicted"
1,"hsa-miR-217-5p","ACUGCAU",7,"targetscan","","hsa-miR-217","HNRNPA2B1","3181","ENSG00000122566","-0.231","predicted"
1,"hsa-miR-217-5p","ACUGCAU",7,"targetscan","","hsa-miR-217","PEX13","5194","ENSG00000162928","-0.231","predicted"
1,"hsa-miR-217-5p","ACUGCAU",7,"targetscan","","hsa-miR-217","WNT3","7473","ENSG00000108379","-0.231","predicted"
1,"hsa-miR-217-5p","ACUGCAU",7,"targetscan","","hsa-miR-217","SLC19A2","10560","ENSG00000117479","-0.231","predicted"
1,"hsa-miR-217-5p","ACUGCAU",7,"targetscan","","hsa-miR-217","CMPK2","129607","ENSG00000134326","-0.231","predicted"
1,"hsa-miR-217-5p","ACUGCAU",7,"targetscan","","hsa-miR-217","SLC3A1","6519","ENSG00000138079","-0.231","predicted"
1,"hsa-miR-217-5p","ACUGCAU",7,"targetscan","","hsa-miR-217","PSMB11","122706","ENSG00000222028","-0.231","predicted"
1,"hsa-miR-217-5p","ACUGCAU",7,"targetscan","","hsa-miR-217","MAGEB16","139604","ENSG00000189023","-0.231","predicted"
1,"hsa-miR-217-5p","ACUGCAU",7,"targetscan","","hsa-miR-217","TM4SF18","116441","ENSG00000163762","-0.231","predicted"
1,"hsa-miR-217-5p","ACUGCAU",7,"targetscan","","hsa-miR-217","PF4V1","5197","ENSG00000109272","-0.231","predicted"
1,"hsa-miR-217-5p","ACUGCAU",7,"targetscan","","hsa-miR-217","TBCC","6903","ENSG00000124659","-0.231","predicted"
1,"hsa-miR-217-5p","ACUGCAU",7,"targetscan","","hsa-miR-217","RBSN","64145","ENSG00000131381","-0.231","predicted"
1,"hsa-miR-217-5p","ACUGCAU",7,"targetscan","","hsa-miR-217","WNT3","101929777","ENSG00000108379","-0.231","predicted"
1,"hsa-miR-217-5p","ACUGCAU",7,"targetscan","","hsa-miR-217","BMAL2","56938","ENSG00000029153","-0.231","predicted"
1,"hsa-miR-217-5p","ACUGCAU",7,"targetscan","","hsa-miR-217","IL7","3574","ENSG00000104432","-0.232","predicted"
1,"hsa-miR-217-5p","ACUGCAU",7,"targetscan","","hsa-miR-217","AGPAT4","56895","ENSG00000026652","-0.232","predicted"
1,"hsa-miR-217-5p","ACUGCAU",7,"targetscan","","hsa-miR-217","TMED4","222068","ENSG00000158604","-0.232","predicted"
1,"hsa-miR-217-5p","ACUGCAU",7,"targetscan","","hsa-miR-217","TSHZ1","10194","ENSG00000179981","-0.232","predicted"
1,"hsa-miR-217-5p","ACUGCAU",7,"targetscan","","hsa-miR-217","PCGF2","","ENSG00000056661","-0.232","predicted"
1,"hsa-miR-217-5p","ACUGCAU",7,"targetscan","","hsa-miR-217","HSPA9","3313","ENSG00000113013","-0.233","predicted"
1,"hsa-miR-217-5p","ACUGCAU",7,"targetscan","","hsa-miR-217","NUP214","8021","ENSG00000126883","-0.233","predicted"
1,"hsa-miR-217-5p","ACUGCAU",7,"targetscan","","hsa-miR-217","TOR1AIP1","26092","ENSG00000143337","-0.233","predicted"
1,"hsa-miR-217-5p","ACUGCAU",7,"targetscan","","hsa-miR-217","SPTLC3","55304","ENSG00000172296","-0.233","predicted"
1,"hsa-miR-217-5p","ACUGCAU",7,"targetscan","","hsa-miR-217","TBC1D15","64786","ENSG00000121749","-0.233","predicted"
1,"hsa-miR-217-5p","ACUGCAU",7,"targetscan","","hsa-miR-217","CCDC102A","92922","ENSG00000135736","-0.233","predicted"
1,"hsa-miR-217-5p","ACUGCAU",7,"targetscan","","hsa-miR-217","CERS6","253782","ENSG00000172292","-0.233","predicted"
1,"hsa-miR-217-5p","ACUGCAU",7,"targetscan","","hsa-miR-217","RASSF3","283349","ENSG00000153179","-0.233","predicted"
1,"hsa-miR-217-5p","ACUGCAU",7,"targetscan","","hsa-miR-217","RPS23","6228","ENSG00000186468","-0.233","predicted"
1,"hsa-miR-217-5p","ACUGCAU",7,"targetscan","","hsa-miR-217","CFHR4","10877","ENSG00000134365","-0.233","predicted"
1,"hsa-miR-217-5p","ACUGCAU",7,"targetscan","","hsa-miR-217","LMO7","4008","ENSG00000136153","-0.234","predicted"
1,"hsa-miR-217-5p","ACUGCAU",7,"targetscan","","hsa-miR-217","URB2","9816","ENSG00000135763","-0.234","predicted"
1,"hsa-miR-217-5p","ACUGCAU",7,"targetscan","","hsa-miR-217","ATP11C","286410","ENSG00000101974","-0.234","predicted"
1,"hsa-miR-217-5p","ACUGCAU",7,"targetscan","","hsa-miR-217","PICALM","8301","ENSG00000073921","-0.235","predicted"
1,"hsa-miR-217-5p","ACUGCAU",7,"targetscan","","hsa-miR-217","EIF5B","9669","ENSG00000158417","-0.235","predicted"
1,"hsa-miR-217-5p","ACUGCAU",7,"targetscan","","hsa-miR-217","SMC4","10051","ENSG00000113810","-0.235","predicted"
1,"hsa-miR-217-5p","ACUGCAU",7,"targetscan","","hsa-miR-217","RNF187","149603","ENSG00000168159","-0.235","predicted"
1,"hsa-miR-217-5p","ACUGCAU",7,"targetscan","","hsa-miR-217","RASSF6","166824","ENSG00000169435","-0.235","predicted"
1,"hsa-miR-217-5p","ACUGCAU",7,"targetscan","","hsa-miR-217","PCDH15","65217","ENSG00000150275","-0.235","predicted"
1,"hsa-miR-217-5p","ACUGCAU",7,"targetscan","","hsa-miR-217","LRRC75A","388341","ENSG00000181350","-0.235","predicted"
1,"hsa-miR-217-5p","ACUGCAU",7,"targetscan","","hsa-miR-217","FLJ20306","","ENSG00000269781","-0.235","predicted"
1,"hsa-miR-217-5p","ACUGCAU",7,"targetscan","","hsa-miR-217","EXTL2","2135","ENSG00000162694","-0.236","predicted"
1,"hsa-miR-217-5p","ACUGCAU",7,"targetscan","","hsa-miR-217","ZMAT4","79698","ENSG00000165061","-0.236","predicted"
1,"hsa-miR-217-5p","ACUGCAU",7,"targetscan","","hsa-miR-217","LCA5","167691","ENSG00000135338","-0.236","predicted"
1,"hsa-miR-217-5p","ACUGCAU",7,"targetscan","","hsa-miR-217","ARPC2","10109","ENSG00000163466","-0.236","predicted"
1,"hsa-miR-217-5p","ACUGCAU",7,"targetscan","","hsa-miR-217","ZMYND11","10771","ENSG00000015171","-0.237","predicted"
1,"hsa-miR-217-5p","ACUGCAU",7,"targetscan","","hsa-miR-217","SHCBP1","79801","ENSG00000171241","-0.237","predicted"
1,"hsa-miR-217-5p","ACUGCAU",7,"targetscan","","hsa-miR-217","KLHL29","114818","ENSG00000119771","-0.237","predicted"
1,"hsa-miR-217-5p","ACUGCAU",7,"targetscan","","hsa-miR-217","AK3","50808","ENSG00000147853","-0.238","predicted"
1,"hsa-miR-217-5p","ACUGCAU",7,"targetscan","","hsa-miR-217","PSEN2","5664","ENSG00000143801","-0.238","predicted"
1,"hsa-miR-217-5p","ACUGCAU",7,"targetscan","","hsa-miR-217","CD68","968","ENSG00000129226","-0.239","predicted"
1,"hsa-miR-217-5p","ACUGCAU",7,"targetscan","","hsa-miR-217","B4GALT5","9334","ENSG00000158470","-0.239","predicted"
1,"hsa-miR-217-5p","ACUGCAU",7,"targetscan","","hsa-miR-217","TCEAL4","79921","ENSG00000133142","-0.239","predicted"
1,"hsa-miR-217-5p","ACUGCAU",7,"targetscan","","hsa-miR-217","CFHR3","10878","ENSG00000116785","-0.239","predicted"
1,"hsa-miR-217-5p","ACUGCAU",7,"targetscan","","hsa-miR-217","SNTG1","54212","ENSG00000147481","-0.239","predicted"
1,"hsa-miR-217-5p","ACUGCAU",7,"targetscan","","hsa-miR-217","PALM2AKAP2","445815","ENSG00000157654","-0.239","predicted"
1,"hsa-miR-217-5p","ACUGCAU",7,"targetscan","","hsa-miR-217","RIMS2","9699","ENSG00000176406","-0.24","predicted"
1,"hsa-miR-217-5p","ACUGCAU",7,"targetscan","","hsa-miR-217","VAT1L","57687","ENSG00000171724","-0.24","predicted"
1,"hsa-miR-217-5p","ACUGCAU",7,"targetscan","","hsa-miR-217","UCHL1","7345","ENSG00000154277","-0.24","predicted"
1,"hsa-miR-217-5p","ACUGCAU",7,"targetscan","","hsa-miR-217","OTUD7B","","ENSG00000163113","-0.24","predicted"
1,"hsa-miR-217-5p","ACUGCAU",7,"targetscan","","hsa-miR-217","FAS","355","ENSG00000026103","-0.241","predicted"
1,"hsa-miR-217-5p","ACUGCAU",7,"targetscan","","hsa-miR-217","UBL3","5412","ENSG00000122042","-0.241","predicted"
1,"hsa-miR-217-5p","ACUGCAU",7,"targetscan","","hsa-miR-217","ADI1","55256","ENSG00000182551","-0.241","predicted"
1,"hsa-miR-217-5p","ACUGCAU",7,"targetscan","","hsa-miR-217","ZNF92","168374","ENSG00000146757","-0.241","predicted"
1,"hsa-miR-217-5p","ACUGCAU",7,"targetscan","","hsa-miR-217","CAVIN4","347273","ENSG00000170681","-0.241","predicted"
1,"hsa-miR-217-5p","ACUGCAU",7,"targetscan","","hsa-miR-217","EDIL3","10085","ENSG00000164176","-0.242","predicted"
1,"hsa-miR-217-5p","ACUGCAU",7,"targetscan","","hsa-miR-217","GOLT1B","51026","ENSG00000111711","-0.242","predicted"
1,"hsa-miR-217-5p","ACUGCAU",7,"targetscan","","hsa-miR-217","DCUN1D1","54165","ENSG00000043093","-0.242","predicted"
1,"hsa-miR-217-5p","ACUGCAU",7,"targetscan","","hsa-miR-217","GDAP1","54332","ENSG00000104381","-0.242","predicted"
1,"hsa-miR-217-5p","ACUGCAU",7,"targetscan","","hsa-miR-217","CCDC38","120935","ENSG00000165972","-0.242","predicted"
1,"hsa-miR-217-5p","ACUGCAU",7,"targetscan","","hsa-miR-217","GPRASP2","114928","ENSG00000158301","-0.242","predicted"
1,"hsa-miR-217-5p","ACUGCAU",7,"targetscan","","hsa-miR-217","GPRASP2","100528062","ENSG00000158301","-0.242","predicted"
1,"hsa-miR-217-5p","ACUGCAU",7,"targetscan","","hsa-miR-217","KRBOX4","55634","ENSG00000147121","-0.242","predicted"
1,"hsa-miR-217-5p","ACUGCAU",7,"targetscan","","hsa-miR-217","ITGAE","3682","ENSG00000083457","-0.242","predicted"
1,"hsa-miR-217-5p","ACUGCAU",7,"targetscan","","hsa-miR-217","SCP2","6342","ENSG00000116171","-0.243","predicted"
1,"hsa-miR-217-5p","ACUGCAU",7,"targetscan","","hsa-miR-217","C5orf15","56951","ENSG00000113583","-0.243","predicted"
1,"hsa-miR-217-5p","ACUGCAU",7,"targetscan","","hsa-miR-217","LYSMD3","116068","ENSG00000176018","-0.243","predicted"
1,"hsa-miR-217-5p","ACUGCAU",7,"targetscan","","hsa-miR-217","RBM12B","389677","ENSG00000183808","-0.243","predicted"
1,"hsa-miR-217-5p","ACUGCAU",7,"targetscan","","hsa-miR-217","SOS1","6654","ENSG00000115904","-0.243","predicted"
1,"hsa-miR-217-5p","ACUGCAU",7,"targetscan","","hsa-miR-217","","","ENSG00000267561","-0.243","predicted"
1,"hsa-miR-217-5p","ACUGCAU",7,"targetscan","","hsa-miR-217","EPM2A","7957","ENSG00000112425","-0.244","predicted"
1,"hsa-miR-217-5p","ACUGCAU",7,"targetscan","","hsa-miR-217","SLC17A3","10786","ENSG00000124564","-0.244","predicted"
1,"hsa-miR-217-5p","ACUGCAU",7,"targetscan","","hsa-miR-217","CHRAC1","54108","ENSG00000104472","-0.244","predicted"
1,"hsa-miR-217-5p","ACUGCAU",7,"targetscan","","hsa-miR-217","TMEM170B","100113407","ENSG00000205269","-0.244","predicted"
1,"hsa-miR-217-5p","ACUGCAU",7,"targetscan","","hsa-miR-217","ABCC6","368","ENSG00000091262","-0.244","predicted"
1,"hsa-miR-217-5p","ACUGCAU",7,"targetscan","","hsa-miR-217","ITGB1BP1","9270","ENSG00000119185","-0.244","predicted"
1,"hsa-miR-217-5p","ACUGCAU",7,"targetscan","","hsa-miR-217","OR4N2","390429","ENSG00000176294","-0.244","predicted"
1,"hsa-miR-217-5p","ACUGCAU",7,"targetscan","","hsa-miR-217","CLVS1","157807","ENSG00000177182","-0.245","predicted"
1,"hsa-miR-217-5p","ACUGCAU",7,"targetscan","","hsa-miR-217","MARVELD2","153562","ENSG00000152939","-0.245","predicted"
1,"hsa-miR-217-5p","ACUGCAU",7,"targetscan","","hsa-miR-217","CWH43","80157","ENSG00000109182","-0.245","predicted"
1,"hsa-miR-217-5p","ACUGCAU",7,"targetscan","","hsa-miR-217","TXNDC17","84817","ENSG00000129235","-0.245","predicted"
1,"hsa-miR-217-5p","ACUGCAU",7,"targetscan","","hsa-miR-217","BUD23","114049","ENSG00000071462","-0.245","predicted"
1,"hsa-miR-217-5p","ACUGCAU",7,"targetscan","","hsa-miR-217","FGF20","26281","ENSG00000078579","-0.246","predicted"
1,"hsa-miR-217-5p","ACUGCAU",7,"targetscan","","hsa-miR-217","MEP1A","4224","ENSG00000112818","-0.246","predicted"
1,"hsa-miR-217-5p","ACUGCAU",7,"targetscan","","hsa-miR-217","CLIC4","25932","ENSG00000169504","-0.246","predicted"
1,"hsa-miR-217-5p","ACUGCAU",7,"targetscan","","hsa-miR-217","STX1A","6804","ENSG00000106089","-0.246","predicted"
1,"hsa-miR-217-5p","ACUGCAU",7,"targetscan","","hsa-miR-217","NSUN4","387338","ENSG00000117481","-0.246","predicted"
1,"hsa-miR-217-5p","ACUGCAU",7,"targetscan","","hsa-miR-217","EIF1B","10289","ENSG00000114784","-0.246","predicted"
1,"hsa-miR-217-5p","ACUGCAU",7,"targetscan","","hsa-miR-217","TAS2R5","54429","ENSG00000127366","-0.246","predicted"
1,"hsa-miR-217-5p","ACUGCAU",7,"targetscan","","hsa-miR-217","ADSS2","159","ENSG00000035687","-0.246","predicted"
1,"hsa-miR-217-5p","ACUGCAU",7,"targetscan","","hsa-miR-217","MTCL3","387104","ENSG00000214338","-0.246","predicted"
1,"hsa-miR-217-5p","ACUGCAU",7,"targetscan","","hsa-miR-217","TDG","6996","ENSG00000139372","-0.247","predicted"
1,"hsa-miR-217-5p","ACUGCAU",7,"targetscan","","hsa-miR-217","LMAN1","3998","ENSG00000074695","-0.247","predicted"
1,"hsa-miR-217-5p","ACUGCAU",7,"targetscan","","hsa-miR-217","ARL4A","10124","ENSG00000122644","-0.247","predicted"
1,"hsa-miR-217-5p","ACUGCAU",7,"targetscan","","hsa-miR-217","CCAR1","55749","ENSG00000060339","-0.247","predicted"
1,"hsa-miR-217-5p","ACUGCAU",7,"targetscan","","hsa-miR-217","MGARP","84709","ENSG00000137463","-0.247","predicted"
1,"hsa-miR-217-5p","ACUGCAU",7,"targetscan","","hsa-miR-217","HOMER2","9455","ENSG00000103942","-0.248","predicted"
1,"hsa-miR-217-5p","ACUGCAU",7,"targetscan","","hsa-miR-217","LRRC8D","55144","ENSG00000171492","-0.248","predicted"
1,"hsa-miR-217-5p","ACUGCAU",7,"targetscan","","hsa-miR-217","EHMT1","79813","ENSG00000181090","-0.248","predicted"
1,"hsa-miR-217-5p","ACUGCAU",7,"targetscan","","hsa-miR-217","R3HCC1L","27291","ENSG00000166024","-0.248","predicted"
1,"hsa-miR-217-5p","ACUGCAU",7,"targetscan","","hsa-miR-217","HPS3","84343","ENSG00000163755","-0.248","predicted"
1,"hsa-miR-217-5p","ACUGCAU",7,"targetscan","","hsa-miR-217","AKAIN1","642597","ENSG00000231824","-0.248","predicted"
1,"hsa-miR-217-5p","ACUGCAU",7,"targetscan","","hsa-miR-217","MAIP1","79568","ENSG00000162972","-0.248","predicted"
1,"hsa-miR-217-5p","ACUGCAU",7,"targetscan","","hsa-miR-217","ACKR3","57007","ENSG00000144476","-0.249","predicted"
1,"hsa-miR-217-5p","ACUGCAU",7,"targetscan","","hsa-miR-217","MEAF6","64769","ENSG00000163875","-0.249","predicted"
1,"hsa-miR-217-5p","ACUGCAU",7,"targetscan","","hsa-miR-217","BID","637","ENSG00000015475","-0.249","predicted"
1,"hsa-miR-217-5p","ACUGCAU",7,"targetscan","","hsa-miR-217","AP5S1","55317","ENSG00000125843","-0.249","predicted"
1,"hsa-miR-217-5p","ACUGCAU",7,"targetscan","","hsa-miR-217","B3GALT2","8707","ENSG00000162630","-0.249","predicted"
1,"hsa-miR-217-5p","ACUGCAU",7,"targetscan","","hsa-miR-217","SEPSECS","51091","ENSG00000109618","-0.249","predicted"
1,"hsa-miR-217-5p","ACUGCAU",7,"targetscan","","hsa-miR-217","MRPL10","124995","ENSG00000159111","-0.25","predicted"
1,"hsa-miR-217-5p","ACUGCAU",7,"targetscan","","hsa-miR-217","FRMD5","84978","ENSG00000171877","-0.25","predicted"
1,"hsa-miR-217-5p","ACUGCAU",7,"targetscan","","hsa-miR-217","LRRC3B","116135","ENSG00000179796","-0.25","predicted"
1,"hsa-miR-217-5p","ACUGCAU",7,"targetscan","","hsa-miR-217","ARL6IP6","151188","ENSG00000177917","-0.251","predicted"
1,"hsa-miR-217-5p","ACUGCAU",7,"targetscan","","hsa-miR-217","BICC1","80114","ENSG00000122870","-0.251","predicted"
1,"hsa-miR-217-5p","ACUGCAU",7,"targetscan","","hsa-miR-217","GLUD1","2746","ENSG00000148672","-0.251","predicted"
1,"hsa-miR-217-5p","ACUGCAU",7,"targetscan","","hsa-miR-217","MOSMO","730094","ENSG00000185716","-0.251","predicted"
1,"hsa-miR-217-5p","ACUGCAU",7,"targetscan","","hsa-miR-217","LINC01560","","ENSG00000196741","-0.251","predicted"
1,"hsa-miR-217-5p","ACUGCAU",7,"targetscan","","hsa-miR-217","MXI1","4601","ENSG00000119950","-0.252","predicted"
1,"hsa-miR-217-5p","ACUGCAU",7,"targetscan","","hsa-miR-217","PPP1R3C","5507","ENSG00000119938","-0.252","predicted"
1,"hsa-miR-217-5p","ACUGCAU",7,"targetscan","","hsa-miR-217","USP15","9958","ENSG00000135655","-0.252","predicted"
1,"hsa-miR-217-5p","ACUGCAU",7,"targetscan","","hsa-miR-217","KRBOX4","55634","ENSG00000147121","-0.252","predicted"
1,"hsa-miR-217-5p","ACUGCAU",7,"targetscan","","hsa-miR-217","AKAIN1","642597","ENSG00000231824","-0.252","predicted"
1,"hsa-miR-217-5p","ACUGCAU",7,"targetscan","","hsa-miR-217","SRSF9","8683","ENSG00000111786","-0.253","predicted"
1,"hsa-miR-217-5p","ACUGCAU",7,"targetscan","","hsa-miR-217","LONP1","9361","ENSG00000196365","-0.253","predicted"
1,"hsa-miR-217-5p","ACUGCAU",7,"targetscan","","hsa-miR-217","NRG4","145957","ENSG00000169752","-0.253","predicted"
1,"hsa-miR-217-5p","ACUGCAU",7,"targetscan","","hsa-miR-217","CSF1R","1436","ENSG00000182578","-0.253","predicted"
1,"hsa-miR-217-5p","ACUGCAU",7,"targetscan","","hsa-miR-217","MBTPS1","8720","ENSG00000140943","-0.253","predicted"
1,"hsa-miR-217-5p","ACUGCAU",7,"targetscan","","hsa-miR-217","NFE2L3","9603","ENSG00000050344","-0.253","predicted"
1,"hsa-miR-217-5p","ACUGCAU",7,"targetscan","","hsa-miR-217","SARAF","51669","ENSG00000133872","-0.253","predicted"
1,"hsa-miR-217-5p","ACUGCAU",7,"targetscan","","hsa-miR-217","FGF1","2246","ENSG00000113578","-0.254","predicted"
1,"hsa-miR-217-5p","ACUGCAU",7,"targetscan","","hsa-miR-217","NAP1L1","4673","ENSG00000187109","-0.254","predicted"
1,"hsa-miR-217-5p","ACUGCAU",7,"targetscan","","hsa-miR-217","GRHL1","29841","ENSG00000134317","-0.254","predicted"
1,"hsa-miR-217-5p","ACUGCAU",7,"targetscan","","hsa-miR-217","RAB37","326624","ENSG00000172794","-0.254","predicted"
1,"hsa-miR-217-5p","ACUGCAU",7,"targetscan","","hsa-miR-217","SIAE","54414","ENSG00000110013","-0.254","predicted"
1,"hsa-miR-217-5p","ACUGCAU",7,"targetscan","","hsa-miR-217","COL8A1","1295","ENSG00000144810","-0.254","predicted"
1,"hsa-miR-217-5p","ACUGCAU",7,"targetscan","","hsa-miR-217","TUBB1","81027","ENSG00000101162","-0.254","predicted"
1,"hsa-miR-217-5p","ACUGCAU",7,"targetscan","","hsa-miR-217","ATF1","466","ENSG00000123268","-0.255","predicted"
1,"hsa-miR-217-5p","ACUGCAU",7,"targetscan","","hsa-miR-217","PFN2","5217","ENSG00000070087","-0.255","predicted"
1,"hsa-miR-217-5p","ACUGCAU",7,"targetscan","","hsa-miR-217","BET1","10282","ENSG00000105829","-0.255","predicted"
1,"hsa-miR-217-5p","ACUGCAU",7,"targetscan","","hsa-miR-217","PURG","29942","ENSG00000172733","-0.255","predicted"
1,"hsa-miR-217-5p","ACUGCAU",7,"targetscan","","hsa-miR-217","MPC1","51660","ENSG00000060762","-0.255","predicted"
1,"hsa-miR-217-5p","ACUGCAU",7,"targetscan","","hsa-miR-217","DYM","54808","ENSG00000141627","-0.255","predicted"
1,"hsa-miR-217-5p","ACUGCAU",7,"targetscan","","hsa-miR-217","","","ENSG00000253207","-0.255","predicted"
1,"hsa-miR-217-5p","ACUGCAU",7,"targetscan","","hsa-miR-217","MICA","100507436","ENSG00000204520","-0.256","predicted"
1,"hsa-miR-217-5p","ACUGCAU",7,"targetscan","","hsa-miR-217","B3GALNT1","8706","ENSG00000169255","-0.256","predicted"
1,"hsa-miR-217-5p","ACUGCAU",7,"targetscan","","hsa-miR-217","FBXO33","254170","ENSG00000165355","-0.256","predicted"
1,"hsa-miR-217-5p","ACUGCAU",7,"targetscan","","hsa-miR-217","CLEC4E","26253","ENSG00000166523","-0.256","predicted"
1,"hsa-miR-217-5p","ACUGCAU",7,"targetscan","","hsa-miR-217","TMEM151A","256472","ENSG00000179292","-0.256","predicted"
1,"hsa-miR-217-5p","ACUGCAU",7,"targetscan","","hsa-miR-217","VKORC1L1","154807","ENSG00000196715","-0.256","predicted"
1,"hsa-miR-217-5p","ACUGCAU",7,"targetscan","","hsa-miR-217","NAB1","4664","ENSG00000138386","-0.257","predicted"
1,"hsa-miR-217-5p","ACUGCAU",7,"targetscan","","hsa-miR-217","FUBP1","8880","ENSG00000162613","-0.257","predicted"
1,"hsa-miR-217-5p","ACUGCAU",7,"targetscan","","hsa-miR-217","C1orf210","149466","ENSG00000253313","-0.257","predicted"
1,"hsa-miR-217-5p","ACUGCAU",7,"targetscan","","hsa-miR-217","ZNF736","728927","ENSG00000234444","-0.257","predicted"
1,"hsa-miR-217-5p","ACUGCAU",7,"targetscan","","hsa-miR-217","SELENOK","58515","ENSG00000113811","-0.257","predicted"
1,"hsa-miR-217-5p","ACUGCAU",7,"targetscan","","hsa-miR-217","FNDC1","84624","ENSG00000164694","-0.258","predicted"
1,"hsa-miR-217-5p","ACUGCAU",7,"targetscan","","hsa-miR-217","CD36","948","ENSG00000135218","-0.259","predicted"
1,"hsa-miR-217-5p","ACUGCAU",7,"targetscan","","hsa-miR-217","MLX","6945","ENSG00000108788","-0.259","predicted"
1,"hsa-miR-217-5p","ACUGCAU",7,"targetscan","","hsa-miR-217","YES1","7525","ENSG00000176105","-0.259","predicted"
1,"hsa-miR-217-5p","ACUGCAU",7,"targetscan","","hsa-miR-217","FAM98A","25940","ENSG00000119812","-0.259","predicted"
1,"hsa-miR-217-5p","ACUGCAU",7,"targetscan","","hsa-miR-217","PLXNA4","91584","ENSG00000221866","-0.259","predicted"
1,"hsa-miR-217-5p","ACUGCAU",7,"targetscan","","hsa-miR-217","EYS","346007","ENSG00000188107","-0.259","predicted"
1,"hsa-miR-217-5p","ACUGCAU",7,"targetscan","","hsa-miR-217","NPAS3","64067","ENSG00000151322","-0.259","predicted"
1,"hsa-miR-217-5p","ACUGCAU",7,"targetscan","","hsa-miR-217","MBTPS2","51360","ENSG00000012174","-0.259","predicted"
1,"hsa-miR-217-5p","ACUGCAU",7,"targetscan","","hsa-miR-217","DPY19L4","286148","ENSG00000156162","-0.259","predicted"
1,"hsa-miR-217-5p","ACUGCAU",7,"targetscan","","hsa-miR-217","HTRA1","5654","ENSG00000166033","-0.26","predicted"
1,"hsa-miR-217-5p","ACUGCAU",7,"targetscan","","hsa-miR-217","TCERG1","10915","ENSG00000113649","-0.26","predicted"
1,"hsa-miR-217-5p","ACUGCAU",7,"targetscan","","hsa-miR-217","PRPF39","55015","ENSG00000185246","-0.26","predicted"
1,"hsa-miR-217-5p","ACUGCAU",7,"targetscan","","hsa-miR-217","FEM1C","56929","ENSG00000145780","-0.26","predicted"
1,"hsa-miR-217-5p","ACUGCAU",7,"targetscan","","hsa-miR-217","CENPW","387103","ENSG00000203760","-0.26","predicted"
1,"hsa-miR-217-5p","ACUGCAU",7,"targetscan","","hsa-miR-217","DCAF12L2","340578","ENSG00000198354","-0.26","predicted"
1,"hsa-miR-217-5p","ACUGCAU",7,"targetscan","","hsa-miR-217","RUNX2","860","ENSG00000124813","-0.261","predicted"
1,"hsa-miR-217-5p","ACUGCAU",7,"targetscan","","hsa-miR-217","LAMP2","3920","ENSG00000005893","-0.261","predicted"
1,"hsa-miR-217-5p","ACUGCAU",7,"targetscan","","hsa-miR-217","KRTAP4-1","85285","ENSG00000198443","-0.261","predicted"
1,"hsa-miR-217-5p","ACUGCAU",7,"targetscan","","hsa-miR-217","EZH2","2146","ENSG00000106462","-0.262","predicted"
1,"hsa-miR-217-5p","ACUGCAU",7,"targetscan","","hsa-miR-217","SMAD9","4093","ENSG00000120693","-0.262","predicted"
1,"hsa-miR-217-5p","ACUGCAU",7,"targetscan","","hsa-miR-217","EEIG2","284611","ENSG00000162636","-0.262","predicted"
1,"hsa-miR-217-5p","ACUGCAU",7,"targetscan","","hsa-miR-217","HIST1H2AE","8335","ENSG00000168274","-0.263","predicted"
1,"hsa-miR-217-5p","ACUGCAU",7,"targetscan","","hsa-miR-217","GSTA4","2941","ENSG00000170899","-0.263","predicted"
1,"hsa-miR-217-5p","ACUGCAU",7,"targetscan","","hsa-miR-217","FRMD5","84978","ENSG00000171877","-0.263","predicted"
1,"hsa-miR-217-5p","ACUGCAU",7,"targetscan","","hsa-miR-217","FGF16","8823","ENSG00000196468","-0.263","predicted"
1,"hsa-miR-217-5p","ACUGCAU",7,"targetscan","","hsa-miR-217","ATF1","466","ENSG00000123268","-0.264","predicted"
1,"hsa-miR-217-5p","ACUGCAU",7,"targetscan","","hsa-miR-217","TMEM135","65084","ENSG00000166575","-0.264","predicted"
1,"hsa-miR-217-5p","ACUGCAU",7,"targetscan","","hsa-miR-217","ACOT12","134526","ENSG00000172497","-0.264","predicted"
1,"hsa-miR-217-5p","ACUGCAU",7,"targetscan","","hsa-miR-217","MTPN","136319","ENSG00000105887","-0.264","predicted"
1,"hsa-miR-217-5p","ACUGCAU",7,"targetscan","","hsa-miR-217","PARD6G-AS1","100130522","ENSG00000267270","-0.264","predicted"
1,"hsa-miR-217-5p","ACUGCAU",7,"targetscan","","hsa-miR-217","CLIC4","25932","ENSG00000169504","-0.265","predicted"
1,"hsa-miR-217-5p","ACUGCAU",7,"targetscan","","hsa-miR-217","SLC26A4","5172","ENSG00000091137","-0.265","predicted"
1,"hsa-miR-217-5p","ACUGCAU",7,"targetscan","","hsa-miR-217","SLC35G3","146861","ENSG00000164729","-0.265","predicted"
1,"hsa-miR-217-5p","ACUGCAU",7,"targetscan","","hsa-miR-217","DGAT2L6","347516","ENSG00000184210","-0.265","predicted"
1,"hsa-miR-217-5p","ACUGCAU",7,"targetscan","","hsa-miR-217","PLD1","5337","ENSG00000075651","-0.266","predicted"
1,"hsa-miR-217-5p","ACUGCAU",7,"targetscan","","hsa-miR-217","SUGP2","10147","ENSG00000064607","-0.266","predicted"
1,"hsa-miR-217-5p","ACUGCAU",7,"targetscan","","hsa-miR-217","METTL23","124512","ENSG00000181038","-0.266","predicted"
1,"hsa-miR-217-5p","ACUGCAU",7,"targetscan","","hsa-miR-217","ZC3H14","79882","ENSG00000100722","-0.266","predicted"
1,"hsa-miR-217-5p","ACUGCAU",7,"targetscan","","hsa-miR-217","FAM169A","26049","ENSG00000198780","-0.266","predicted"
1,"hsa-miR-217-5p","ACUGCAU",7,"targetscan","","hsa-miR-217","ARL11","115761","ENSG00000152213","-0.266","predicted"
1,"hsa-miR-217-5p","ACUGCAU",7,"targetscan","","hsa-miR-217","AL590452.1","","ENSG00000268172","-0.266","predicted"
1,"hsa-miR-217-5p","ACUGCAU",7,"targetscan","","hsa-miR-217","SFPQ","6421","ENSG00000116560","-0.267","predicted"
1,"hsa-miR-217-5p","ACUGCAU",7,"targetscan","","hsa-miR-217","SIRT1","23411","ENSG00000096717","-0.267","predicted"
1,"hsa-miR-217-5p","ACUGCAU",7,"targetscan","","hsa-miR-217","TP53INP1","94241","ENSG00000164938","-0.267","predicted"
1,"hsa-miR-217-5p","ACUGCAU",7,"targetscan","","hsa-miR-217","SLC30A1","7779","ENSG00000170385","-0.267","predicted"
1,"hsa-miR-217-5p","ACUGCAU",7,"targetscan","","hsa-miR-217","","10548","ENSG00000254692","-0.267","predicted"
1,"hsa-miR-217-5p","ACUGCAU",7,"targetscan","","hsa-miR-217","ERH","2079","ENSG00000100632","-0.268","predicted"
1,"hsa-miR-217-5p","ACUGCAU",7,"targetscan","","hsa-miR-217","SPTLC3","55304","ENSG00000172296","-0.268","predicted"
1,"hsa-miR-217-5p","ACUGCAU",7,"targetscan","","hsa-miR-217","F2R","2149","ENSG00000181104","-0.268","predicted"
1,"hsa-miR-217-5p","ACUGCAU",7,"targetscan","","hsa-miR-217","APPBP2","10513","ENSG00000062725","-0.268","predicted"
1,"hsa-miR-217-5p","ACUGCAU",7,"targetscan","","hsa-miR-217","LAMA3","3909","ENSG00000053747","-0.269","predicted"
1,"hsa-miR-217-5p","ACUGCAU",7,"targetscan","","hsa-miR-217","COX7A2L","9167","ENSG00000115944","-0.269","predicted"
1,"hsa-miR-217-5p","ACUGCAU",7,"targetscan","","hsa-miR-217","CKAP2","26586","ENSG00000136108","-0.269","predicted"
1,"hsa-miR-217-5p","ACUGCAU",7,"targetscan","","hsa-miR-217","FRA10AC1","118924","ENSG00000148690","-0.269","predicted"
1,"hsa-miR-217-5p","ACUGCAU",7,"targetscan","","hsa-miR-217","PYURF","100996939","ENSG00000145337","-0.269","predicted"
1,"hsa-miR-217-5p","ACUGCAU",7,"targetscan","","hsa-miR-217","RAP1GDS1","5910","ENSG00000138698","-0.269","predicted"
1,"hsa-miR-217-5p","ACUGCAU",7,"targetscan","","hsa-miR-217","HSF2BP","11077","ENSG00000160207","-0.269","predicted"
1,"hsa-miR-217-5p","ACUGCAU",7,"targetscan","","hsa-miR-217","SURF4","6836","ENSG00000148248","-0.27","predicted"
1,"hsa-miR-217-5p","ACUGCAU",7,"targetscan","","hsa-miR-217","TMEM202","338949","ENSG00000187806","-0.27","predicted"
1,"hsa-miR-217-5p","ACUGCAU",7,"targetscan","","hsa-miR-217","C15orf40","123207","ENSG00000169609","-0.27","predicted"
1,"hsa-miR-217-5p","ACUGCAU",7,"targetscan","","hsa-miR-217","FPR3","2359","ENSG00000187474","-0.27","predicted"
1,"hsa-miR-217-5p","ACUGCAU",7,"targetscan","","hsa-miR-217","TRDMT1","1787","ENSG00000107614","-0.27","predicted"
1,"hsa-miR-217-5p","ACUGCAU",7,"targetscan","","hsa-miR-217","UBA5","79876","ENSG00000081307","-0.27","predicted"
1,"hsa-miR-217-5p","ACUGCAU",7,"targetscan","","hsa-miR-217","","","ENSG00000257955","-0.27","predicted"
1,"hsa-miR-217-5p","ACUGCAU",7,"targetscan","","hsa-miR-217","DR1","1810","ENSG00000117505","-0.271","predicted"
1,"hsa-miR-217-5p","ACUGCAU",7,"targetscan","","hsa-miR-217","NDUFS4","4724","ENSG00000164258","-0.271","predicted"
1,"hsa-miR-217-5p","ACUGCAU",7,"targetscan","","hsa-miR-217","ZNF799","90576","ENSG00000196466","-0.271","predicted"
1,"hsa-miR-217-5p","ACUGCAU",7,"targetscan","","hsa-miR-217","SASS6","163786","ENSG00000156876","-0.271","predicted"
1,"hsa-miR-217-5p","ACUGCAU",7,"targetscan","","hsa-miR-217","ASB9","140462","ENSG00000102048","-0.271","predicted"
1,"hsa-miR-217-5p","ACUGCAU",7,"targetscan","","hsa-miR-217","SLC25A27","9481","ENSG00000153291","-0.271","predicted"
1,"hsa-miR-217-5p","ACUGCAU",7,"targetscan","","hsa-miR-217","SMU1","55234","ENSG00000122692","-0.271","predicted"
1,"hsa-miR-217-5p","ACUGCAU",7,"targetscan","","hsa-miR-217","MOSPD1","56180","ENSG00000101928","-0.271","predicted"
1,"hsa-miR-217-5p","ACUGCAU",7,"targetscan","","hsa-miR-217","EREG","2069","ENSG00000124882","-0.272","predicted"
1,"hsa-miR-217-5p","ACUGCAU",7,"targetscan","","hsa-miR-217","LSM14A","26065","ENSG00000257103","-0.272","predicted"
1,"hsa-miR-217-5p","ACUGCAU",7,"targetscan","","hsa-miR-217","SMIM13","221710","ENSG00000224531","-0.272","predicted"
1,"hsa-miR-217-5p","ACUGCAU",7,"targetscan","","hsa-miR-217","AQR","9716","ENSG00000021776","-0.272","predicted"
1,"hsa-miR-217-5p","ACUGCAU",7,"targetscan","","hsa-miR-217","ID4","3400","ENSG00000172201","-0.273","predicted"
1,"hsa-miR-217-5p","ACUGCAU",7,"targetscan","","hsa-miR-217","NPHP3","27031","ENSG00000113971","-0.273","predicted"
1,"hsa-miR-217-5p","ACUGCAU",7,"targetscan","","hsa-miR-217","KCTD9","54793","ENSG00000104756","-0.273","predicted"
1,"hsa-miR-217-5p","ACUGCAU",7,"targetscan","","hsa-miR-217","TMEM61","199964","ENSG00000143001","-0.273","predicted"
1,"hsa-miR-217-5p","ACUGCAU",7,"targetscan","","hsa-miR-217","TMEM64","169200","ENSG00000180694","-0.274","predicted"
1,"hsa-miR-217-5p","ACUGCAU",7,"targetscan","","hsa-miR-217","TMEM225","338661","ENSG00000204300","-0.274","predicted"
1,"hsa-miR-217-5p","ACUGCAU",7,"targetscan","","hsa-miR-217","DYNLL1","8655","ENSG00000088986","-0.274","predicted"
1,"hsa-miR-217-5p","ACUGCAU",7,"targetscan","","hsa-miR-217","MBTPS2","51360","ENSG00000012174","-0.274","predicted"
1,"hsa-miR-217-5p","ACUGCAU",7,"targetscan","","hsa-miR-217","SUCLA2","8803","ENSG00000136143","-0.275","predicted"
1,"hsa-miR-217-5p","ACUGCAU",7,"targetscan","","hsa-miR-217","ADGRB3","577","ENSG00000135298","-0.275","predicted"
1,"hsa-miR-217-5p","ACUGCAU",7,"targetscan","","hsa-miR-217","BORCS5","118426","ENSG00000165714","-0.275","predicted"
1,"hsa-miR-217-5p","ACUGCAU",7,"targetscan","","hsa-miR-217","OTUD1","220213","ENSG00000165312","-0.276","predicted"
1,"hsa-miR-217-5p","ACUGCAU",7,"targetscan","","hsa-miR-217","RPL13","6137","ENSG00000167526","-0.277","predicted"
1,"hsa-miR-217-5p","ACUGCAU",7,"targetscan","","hsa-miR-217","DLX3","1747","ENSG00000064195","-0.277","predicted"
1,"hsa-miR-217-5p","ACUGCAU",7,"targetscan","","hsa-miR-217","EIF2S3B","255308","ENSG00000180574","-0.277","predicted"
1,"hsa-miR-217-5p","ACUGCAU",7,"targetscan","","hsa-miR-217","FGF20","26281","ENSG00000078579","-0.278","predicted"
1,"hsa-miR-217-5p","ACUGCAU",7,"targetscan","","hsa-miR-217","LEPR","3953","ENSG00000116678","-0.278","predicted"
1,"hsa-miR-217-5p","ACUGCAU",7,"targetscan","","hsa-miR-217","PDHA1","5160","ENSG00000131828","-0.278","predicted"
1,"hsa-miR-217-5p","ACUGCAU",7,"targetscan","","hsa-miR-217","SEL1L","6400","ENSG00000071537","-0.278","predicted"
1,"hsa-miR-217-5p","ACUGCAU",7,"targetscan","","hsa-miR-217","SMIM14","201895","ENSG00000163683","-0.278","predicted"
1,"hsa-miR-217-5p","ACUGCAU",7,"targetscan","","hsa-miR-217","FAR2","55711","ENSG00000064763","-0.278","predicted"
1,"hsa-miR-217-5p","ACUGCAU",7,"targetscan","","hsa-miR-217","ATP13A4","84239","ENSG00000127249","-0.278","predicted"
1,"hsa-miR-217-5p","ACUGCAU",7,"targetscan","","hsa-miR-217","ABTB3","121551","ENSG00000151136","-0.278","predicted"
1,"hsa-miR-217-5p","ACUGCAU",7,"targetscan","","hsa-miR-217","ITM2A","9452","ENSG00000078596","-0.279","predicted"
1,"hsa-miR-217-5p","ACUGCAU",7,"targetscan","","hsa-miR-217","DMRT2","10655","ENSG00000173253","-0.279","predicted"
1,"hsa-miR-217-5p","ACUGCAU",7,"targetscan","","hsa-miR-217","HNRNPA3","220988","ENSG00000170144","-0.279","predicted"
1,"hsa-miR-217-5p","ACUGCAU",7,"targetscan","","hsa-miR-217","DCLRE1C","64421","ENSG00000152457","-0.279","predicted"
1,"hsa-miR-217-5p","ACUGCAU",7,"targetscan","","hsa-miR-217","PLK2","10769","ENSG00000145632","-0.28","predicted"
1,"hsa-miR-217-5p","ACUGCAU",7,"targetscan","","hsa-miR-217","ZNF438","220929","ENSG00000183621","-0.28","predicted"
1,"hsa-miR-217-5p","ACUGCAU",7,"targetscan","","hsa-miR-217","FOXL2NB","401089","ENSG00000206262","-0.28","predicted"
1,"hsa-miR-217-5p","ACUGCAU",7,"targetscan","","hsa-miR-217","PLGRKT","55848","ENSG00000107020","-0.281","predicted"
1,"hsa-miR-217-5p","ACUGCAU",7,"targetscan","","hsa-miR-217","CILK1","22858","ENSG00000112144","-0.281","predicted"
1,"hsa-miR-217-5p","ACUGCAU",7,"targetscan","","hsa-miR-217","RBM14","10432","ENSG00000239306","-0.282","predicted"
1,"hsa-miR-217-5p","ACUGCAU",7,"targetscan","","hsa-miR-217","CHP2","63928","ENSG00000166869","-0.282","predicted"
1,"hsa-miR-217-5p","ACUGCAU",7,"targetscan","","hsa-miR-217","SEM1","7979","ENSG00000127922","-0.282","predicted"
1,"hsa-miR-217-5p","ACUGCAU",7,"targetscan","","hsa-miR-217","ELOC","6921","ENSG00000154582","-0.282","predicted"
1,"hsa-miR-217-5p","ACUGCAU",7,"targetscan","","hsa-miR-217","LPAR1","1902","ENSG00000198121","-0.283","predicted"
1,"hsa-miR-217-5p","ACUGCAU",7,"targetscan","","hsa-miR-217","CALHM2","51063","ENSG00000138172","-0.283","predicted"
1,"hsa-miR-217-5p","ACUGCAU",7,"targetscan","","hsa-miR-217","AL353791.1","","ENSG00000227921","-0.283","predicted"
1,"hsa-miR-217-5p","ACUGCAU",7,"targetscan","","hsa-miR-217","ERCC6","2074","ENSG00000225830","-0.285","predicted"
1,"hsa-miR-217-5p","ACUGCAU",7,"targetscan","","hsa-miR-217","CHN2","1124","ENSG00000106069","-0.285","predicted"
1,"hsa-miR-217-5p","ACUGCAU",7,"targetscan","","hsa-miR-217","TPD52L2","7165","ENSG00000101150","-0.286","predicted"
1,"hsa-miR-217-5p","ACUGCAU",7,"targetscan","","hsa-miR-217","HMGB2","3148","ENSG00000164104","-0.286","predicted"
1,"hsa-miR-217-5p","ACUGCAU",7,"targetscan","","hsa-miR-217","ZBTB14","7541","ENSG00000198081","-0.286","predicted"
1,"hsa-miR-217-5p","ACUGCAU",7,"targetscan","","hsa-miR-217","YME1L1","10730","ENSG00000136758","-0.287","predicted"
1,"hsa-miR-217-5p","ACUGCAU",7,"targetscan","","hsa-miR-217","WDR47","22911","ENSG00000085433","-0.287","predicted"
1,"hsa-miR-217-5p","ACUGCAU",7,"targetscan","","hsa-miR-217","PYGO1","26108","ENSG00000171016","-0.287","predicted"
1,"hsa-miR-217-5p","ACUGCAU",7,"targetscan","","hsa-miR-217","GNAZ","2781","ENSG00000128266","-0.287","predicted"
1,"hsa-miR-217-5p","ACUGCAU",7,"targetscan","","hsa-miR-217","TFRC","7037","ENSG00000072274","-0.288","predicted"
1,"hsa-miR-217-5p","ACUGCAU",7,"targetscan","","hsa-miR-217","FLVCR1","28982","ENSG00000162769","-0.289","predicted"
1,"hsa-miR-217-5p","ACUGCAU",7,"targetscan","","hsa-miR-217","NDUFB4","4710","ENSG00000065518","-0.29","predicted"
1,"hsa-miR-217-5p","ACUGCAU",7,"targetscan","","hsa-miR-217","ZNF492","57615","ENSG00000229676","-0.29","predicted"
1,"hsa-miR-217-5p","ACUGCAU",7,"targetscan","","hsa-miR-217","MFSD14A","64645","ENSG00000156875","-0.29","predicted"
1,"hsa-miR-217-5p","ACUGCAU",7,"targetscan","","hsa-miR-217","SELENOI","85465","ENSG00000138018","-0.291","predicted"
1,"hsa-miR-217-5p","ACUGCAU",7,"targetscan","","hsa-miR-217","NFATC2IP","84901","ENSG00000176953","-0.292","predicted"
1,"hsa-miR-217-5p","ACUGCAU",7,"targetscan","","hsa-miR-217","PCMT1","5110","ENSG00000120265","-0.292","predicted"
1,"hsa-miR-217-5p","ACUGCAU",7,"targetscan","","hsa-miR-217","MYCBP","26292","ENSG00000214114","-0.292","predicted"
1,"hsa-miR-217-5p","ACUGCAU",7,"targetscan","","hsa-miR-217","POLM","27434","ENSG00000122678","-0.292","predicted"
1,"hsa-miR-217-5p","ACUGCAU",7,"targetscan","","hsa-miR-217","ATG10","83734","ENSG00000152348","-0.292","predicted"
1,"hsa-miR-217-5p","ACUGCAU",7,"targetscan","","hsa-miR-217","BRMS1L","84312","ENSG00000100916","-0.292","predicted"
1,"hsa-miR-217-5p","ACUGCAU",7,"targetscan","","hsa-miR-217","ORAI3","93129","ENSG00000175938","-0.293","predicted"
1,"hsa-miR-217-5p","ACUGCAU",7,"targetscan","","hsa-miR-217","CDYL2","124359","ENSG00000166446","-0.293","predicted"
1,"hsa-miR-217-5p","ACUGCAU",7,"targetscan","","hsa-miR-217","HERPUD1","9709","ENSG00000051108","-0.294","predicted"
1,"hsa-miR-217-5p","ACUGCAU",7,"targetscan","","hsa-miR-217","FGFR2","2263","ENSG00000066468","-0.294","predicted"
1,"hsa-miR-217-5p","ACUGCAU",7,"targetscan","","hsa-miR-217","EPHX3","79852","ENSG00000105131","-0.294","predicted"
1,"hsa-miR-217-5p","ACUGCAU",7,"targetscan","","hsa-miR-217","ZCCHC4","29063","ENSG00000168228","-0.294","predicted"
1,"hsa-miR-217-5p","ACUGCAU",7,"targetscan","","hsa-miR-217","WNT3","7473","ENSG00000108379","-0.295","predicted"
1,"hsa-miR-217-5p","ACUGCAU",7,"targetscan","","hsa-miR-217","CTSO","1519","ENSG00000256043","-0.295","predicted"
1,"hsa-miR-217-5p","ACUGCAU",7,"targetscan","","hsa-miR-217","HS3ST3A1","9955","ENSG00000153976","-0.295","predicted"
1,"hsa-miR-217-5p","ACUGCAU",7,"targetscan","","hsa-miR-217","NUP58","9818","ENSG00000139496","-0.295","predicted"
1,"hsa-miR-217-5p","ACUGCAU",7,"targetscan","","hsa-miR-217","WNT3","101929777","ENSG00000108379","-0.295","predicted"
1,"hsa-miR-217-5p","ACUGCAU",7,"targetscan","","hsa-miR-217","CHRNB1","1140","ENSG00000170175","-0.296","predicted"
1,"hsa-miR-217-5p","ACUGCAU",7,"targetscan","","hsa-miR-217","EBNA1BP2","10969","ENSG00000117395","-0.296","predicted"
1,"hsa-miR-217-5p","ACUGCAU",7,"targetscan","","hsa-miR-217","ATG4C","84938","ENSG00000125703","-0.296","predicted"
1,"hsa-miR-217-5p","ACUGCAU",7,"targetscan","","hsa-miR-217","GRAPL","400581","ENSG00000189152","-0.296","predicted"
1,"hsa-miR-217-5p","ACUGCAU",7,"targetscan","","hsa-miR-217","IL6","3569","ENSG00000136244","-0.297","predicted"
1,"hsa-miR-217-5p","ACUGCAU",7,"targetscan","","hsa-miR-217","C15orf61","145853","ENSG00000189227","-0.297","predicted"
1,"hsa-miR-217-5p","ACUGCAU",7,"targetscan","","hsa-miR-217","GNG11","2791","ENSG00000127920","-0.297","predicted"
1,"hsa-miR-217-5p","ACUGCAU",7,"targetscan","","hsa-miR-217","MED17","9440","ENSG00000042429","-0.297","predicted"
1,"hsa-miR-217-5p","ACUGCAU",7,"targetscan","","hsa-miR-217","EIF1B","10289","ENSG00000114784","-0.297","predicted"
1,"hsa-miR-217-5p","ACUGCAU",7,"targetscan","","hsa-miR-217","GATSL2","","ENSG00000198750","-0.297","predicted"
1,"hsa-miR-217-5p","ACUGCAU",7,"targetscan","","hsa-miR-217","HIST1H3F","","ENSG00000256316","-0.297","predicted"
1,"hsa-miR-217-5p","ACUGCAU",7,"targetscan","","hsa-miR-217","RPS27A","6233","ENSG00000143947","-0.298","predicted"
1,"hsa-miR-217-5p","ACUGCAU",7,"targetscan","","hsa-miR-217","VPS29","51699","ENSG00000111237","-0.298","predicted"
1,"hsa-miR-217-5p","ACUGCAU",7,"targetscan","","hsa-miR-217","WAPL","23063","ENSG00000062650","-0.298","predicted"
1,"hsa-miR-217-5p","ACUGCAU",7,"targetscan","","hsa-miR-217","CHST11","50515","ENSG00000171310","-0.299","predicted"
1,"hsa-miR-217-5p","ACUGCAU",7,"targetscan","","hsa-miR-217","ZNF711","7552","ENSG00000147180","-0.299","predicted"
1,"hsa-miR-217-5p","ACUGCAU",7,"targetscan","","hsa-miR-217","OIP5","11339","ENSG00000104147","-0.299","predicted"
1,"hsa-miR-217-5p","ACUGCAU",7,"targetscan","","hsa-miR-217","TMEM167A","153339","ENSG00000174695","-0.299","predicted"
1,"hsa-miR-217-5p","ACUGCAU",7,"targetscan","","hsa-miR-217","ADAM9","8754","ENSG00000168615","-0.3","predicted"
1,"hsa-miR-217-5p","ACUGCAU",7,"targetscan","","hsa-miR-217","NT5DC1","221294","ENSG00000178425","-0.3","predicted"
1,"hsa-miR-217-5p","ACUGCAU",7,"targetscan","","hsa-miR-217","SAT1","6303","ENSG00000130066","-0.3","predicted"
1,"hsa-miR-217-5p","ACUGCAU",7,"targetscan","","hsa-miR-217","RTF1","23168","ENSG00000137815","-0.3","predicted"
1,"hsa-miR-217-5p","ACUGCAU",7,"targetscan","","hsa-miR-217","RBFOX1","54715","ENSG00000078328","-0.3","predicted"
1,"hsa-miR-217-5p","ACUGCAU",7,"targetscan","","hsa-miR-217","HFM1","164045","ENSG00000162669","-0.3","predicted"
1,"hsa-miR-217-5p","ACUGCAU",7,"targetscan","","hsa-miR-217","TDG","6996","ENSG00000139372","-0.301","predicted"
1,"hsa-miR-217-5p","ACUGCAU",7,"targetscan","","hsa-miR-217","ZNF675","171392","ENSG00000197372","-0.301","predicted"
1,"hsa-miR-217-5p","ACUGCAU",7,"targetscan","","hsa-miR-217","RMND5A","64795","ENSG00000153561","-0.302","predicted"
1,"hsa-miR-217-5p","ACUGCAU",7,"targetscan","","hsa-miR-217","PRR3","80742","ENSG00000204576","-0.302","predicted"
1,"hsa-miR-217-5p","ACUGCAU",7,"targetscan","","hsa-miR-217","TRIM64B","642446","ENSG00000189253","-0.302","predicted"
1,"hsa-miR-217-5p","ACUGCAU",7,"targetscan","","hsa-miR-217","PIGY","84992","ENSG00000255072","-0.302","predicted"
1,"hsa-miR-217-5p","ACUGCAU",7,"targetscan","","hsa-miR-217","PHF6","84295","ENSG00000156531","-0.303","predicted"
1,"hsa-miR-217-5p","ACUGCAU",7,"targetscan","","hsa-miR-217","DENR","8562","ENSG00000139726","-0.303","predicted"
1,"hsa-miR-217-5p","ACUGCAU",7,"targetscan","","hsa-miR-217","RAB4A","5867","ENSG00000168118","-0.303","predicted"
1,"hsa-miR-217-5p","ACUGCAU",7,"targetscan","","hsa-miR-217","ENAH","55740","ENSG00000154380","-0.304","predicted"
1,"hsa-miR-217-5p","ACUGCAU",7,"targetscan","","hsa-miR-217","EFHC2","80258","ENSG00000183690","-0.304","predicted"
1,"hsa-miR-217-5p","ACUGCAU",7,"targetscan","","hsa-miR-217","CYB5B","80777","ENSG00000103018","-0.305","predicted"
1,"hsa-miR-217-5p","ACUGCAU",7,"targetscan","","hsa-miR-217","ARMH4","145407","ENSG00000139971","-0.305","predicted"
1,"hsa-miR-217-5p","ACUGCAU",7,"targetscan","","hsa-miR-217","MPDZ","8777","ENSG00000107186","-0.306","predicted"
1,"hsa-miR-217-5p","ACUGCAU",7,"targetscan","","hsa-miR-217","HBS1L","10767","ENSG00000112339","-0.306","predicted"
1,"hsa-miR-217-5p","ACUGCAU",7,"targetscan","","hsa-miR-217","BTN3A1","11119","ENSG00000026950","-0.306","predicted"
1,"hsa-miR-217-5p","ACUGCAU",7,"targetscan","","hsa-miR-217","STEAP3","55240","ENSG00000115107","-0.306","predicted"
1,"hsa-miR-217-5p","ACUGCAU",7,"targetscan","","hsa-miR-217","ZNF682","91120","ENSG00000197124","-0.306","predicted"
1,"hsa-miR-217-5p","ACUGCAU",7,"targetscan","","hsa-miR-217","CLEC7A","64581","ENSG00000172243","-0.306","predicted"
1,"hsa-miR-217-5p","ACUGCAU",7,"targetscan","","hsa-miR-217","TEX9","374618","ENSG00000151575","-0.306","predicted"
1,"hsa-miR-217-5p","ACUGCAU",7,"targetscan","","hsa-miR-217","IKBIP","121457","ENSG00000166130","-0.307","predicted"
1,"hsa-miR-217-5p","ACUGCAU",7,"targetscan","","hsa-miR-217","MTURN","222166","ENSG00000180354","-0.307","predicted"
1,"hsa-miR-217-5p","ACUGCAU",7,"targetscan","","hsa-miR-217","TXNDC16","57544","ENSG00000087301","-0.308","predicted"
1,"hsa-miR-217-5p","ACUGCAU",7,"targetscan","","hsa-miR-217","CADPS2","93664","ENSG00000081803","-0.308","predicted"
1,"hsa-miR-217-5p","ACUGCAU",7,"targetscan","","hsa-miR-217","GLUD2","2747","ENSG00000182890","-0.308","predicted"
1,"hsa-miR-217-5p","ACUGCAU",7,"targetscan","","hsa-miR-217","ZNF257","113835","ENSG00000197134","-0.309","predicted"
1,"hsa-miR-217-5p","ACUGCAU",7,"targetscan","","hsa-miR-217","CTDSPL2","51496","ENSG00000137770","-0.31","predicted"
1,"hsa-miR-217-5p","ACUGCAU",7,"targetscan","","hsa-miR-217","PTTG1IP","754","ENSG00000183255","-0.311","predicted"
1,"hsa-miR-217-5p","ACUGCAU",7,"targetscan","","hsa-miR-217","YAF2","10138","ENSG00000015153","-0.311","predicted"
1,"hsa-miR-217-5p","ACUGCAU",7,"targetscan","","hsa-miR-217","SMIM15","643155","ENSG00000188725","-0.311","predicted"
1,"hsa-miR-217-5p","ACUGCAU",7,"targetscan","","hsa-miR-217","PLA2G2C","391013","ENSG00000187980","-0.311","predicted"
1,"hsa-miR-217-5p","ACUGCAU",7,"targetscan","","hsa-miR-217","MRPS28","28957","ENSG00000147586","-0.312","predicted"
1,"hsa-miR-217-5p","ACUGCAU",7,"targetscan","","hsa-miR-217","DHX40","79665","ENSG00000108406","-0.312","predicted"
1,"hsa-miR-217-5p","ACUGCAU",7,"targetscan","","hsa-miR-217","MRPL42","28977","ENSG00000198015","-0.313","predicted"
1,"hsa-miR-217-5p","ACUGCAU",7,"targetscan","","hsa-miR-217","SLC39A12","221074","ENSG00000148482","-0.313","predicted"
1,"hsa-miR-217-5p","ACUGCAU",7,"targetscan","","hsa-miR-217","PBX2","5089","ENSG00000204304","-0.313","predicted"
1,"hsa-miR-217-5p","ACUGCAU",7,"targetscan","","hsa-miR-217","PELO","53918","ENSG00000152684","-0.314","predicted"
1,"hsa-miR-217-5p","ACUGCAU",7,"targetscan","","hsa-miR-217","FBXO48","554251","ENSG00000204923","-0.315","predicted"
1,"hsa-miR-217-5p","ACUGCAU",7,"targetscan","","hsa-miR-217","TM9SF3","56889","ENSG00000077147","-0.317","predicted"
1,"hsa-miR-217-5p","ACUGCAU",7,"targetscan","","hsa-miR-217","PROSER1","80209","ENSG00000120685","-0.317","predicted"
1,"hsa-miR-217-5p","ACUGCAU",7,"targetscan","","hsa-miR-217","ATP11C","286410","ENSG00000101974","-0.317","predicted"
1,"hsa-miR-217-5p","ACUGCAU",7,"targetscan","","hsa-miR-217","ATP1B1","481","ENSG00000143153","-0.319","predicted"
1,"hsa-miR-217-5p","ACUGCAU",7,"targetscan","","hsa-miR-217","SLC15A2","6565","ENSG00000163406","-0.319","predicted"
1,"hsa-miR-217-5p","ACUGCAU",7,"targetscan","","hsa-miR-217","ITM2B","9445","ENSG00000136156","-0.32","predicted"
1,"hsa-miR-217-5p","ACUGCAU",7,"targetscan","","hsa-miR-217","GOPC","57120","ENSG00000047932","-0.32","predicted"
1,"hsa-miR-217-5p","ACUGCAU",7,"targetscan","","hsa-miR-217","SNRNP27","11017","ENSG00000124380","-0.32","predicted"
1,"hsa-miR-217-5p","ACUGCAU",7,"targetscan","","hsa-miR-217","SEC11A","23478","ENSG00000140612","-0.321","predicted"
1,"hsa-miR-217-5p","ACUGCAU",7,"targetscan","","hsa-miR-217","C1orf52","148423","ENSG00000162642","-0.322","predicted"
1,"hsa-miR-217-5p","ACUGCAU",7,"targetscan","","hsa-miR-217","DNAJC5","80331","ENSG00000101152","-0.324","predicted"
1,"hsa-miR-217-5p","ACUGCAU",7,"targetscan","","hsa-miR-217","TMED2","10959","ENSG00000086598","-0.325","predicted"
1,"hsa-miR-217-5p","ACUGCAU",7,"targetscan","","hsa-miR-217","BTC","685","ENSG00000174808","-0.327","predicted"
1,"hsa-miR-217-5p","ACUGCAU",7,"targetscan","","hsa-miR-217","MMGT1","93380","ENSG00000169446","-0.327","predicted"
1,"hsa-miR-217-5p","ACUGCAU",7,"targetscan","","hsa-miR-217","ZMPSTE24","10269","ENSG00000084073","-0.328","predicted"
1,"hsa-miR-217-5p","ACUGCAU",7,"targetscan","","hsa-miR-217","DEUP1","159989","ENSG00000165325","-0.328","predicted"
1,"hsa-miR-217-5p","ACUGCAU",7,"targetscan","","hsa-miR-217","TOMM20","9804","ENSG00000173726","-0.329","predicted"
1,"hsa-miR-217-5p","ACUGCAU",7,"targetscan","","hsa-miR-217","STAU2","27067","ENSG00000040341","-0.329","predicted"
1,"hsa-miR-217-5p","ACUGCAU",7,"targetscan","","hsa-miR-217","ZPBP2","124626","ENSG00000186075","-0.329","predicted"
1,"hsa-miR-217-5p","ACUGCAU",7,"targetscan","","hsa-miR-217","LIPF","8513","ENSG00000182333","-0.329","predicted"
1,"hsa-miR-217-5p","ACUGCAU",7,"targetscan","","hsa-miR-217","ENTR1","10807","ENSG00000165689","-0.329","predicted"
1,"hsa-miR-217-5p","ACUGCAU",7,"targetscan","","hsa-miR-217","CILK1","22858","ENSG00000112144","-0.329","predicted"
1,"hsa-miR-217-5p","ACUGCAU",7,"targetscan","","hsa-miR-217","PSMA8","143471","ENSG00000154611","-0.33","predicted"
1,"hsa-miR-217-5p","ACUGCAU",7,"targetscan","","hsa-miR-217","SENP6","26054","ENSG00000112701","-0.33","predicted"
1,"hsa-miR-217-5p","ACUGCAU",7,"targetscan","","hsa-miR-217","AP005482.1","","ENSG00000215527","-0.33","predicted"
1,"hsa-miR-217-5p","ACUGCAU",7,"targetscan","","hsa-miR-217","ZNF429","353088","ENSG00000197013","-0.331","predicted"
1,"hsa-miR-217-5p","ACUGCAU",7,"targetscan","","hsa-miR-217","TMSB4X","7114","ENSG00000205542","-0.332","predicted"
1,"hsa-miR-217-5p","ACUGCAU",7,"targetscan","","hsa-miR-217","LIN9","286826","ENSG00000183814","-0.332","predicted"
1,"hsa-miR-217-5p","ACUGCAU",7,"targetscan","","hsa-miR-217","AMHR2","269","ENSG00000135409","-0.333","predicted"
1,"hsa-miR-217-5p","ACUGCAU",7,"targetscan","","hsa-miR-217","SRP19","6728","ENSG00000153037","-0.333","predicted"
1,"hsa-miR-217-5p","ACUGCAU",7,"targetscan","","hsa-miR-217","C5orf24","134553","ENSG00000181904","-0.333","predicted"
1,"hsa-miR-217-5p","ACUGCAU",7,"targetscan","","hsa-miR-217","COX5A","9377","ENSG00000178741","-0.334","predicted"
1,"hsa-miR-217-5p","ACUGCAU",7,"targetscan","","hsa-miR-217","ACER3","55331","ENSG00000078124","-0.334","predicted"
1,"hsa-miR-217-5p","ACUGCAU",7,"targetscan","","hsa-miR-217","ISCA2","122961","ENSG00000165898","-0.334","predicted"
1,"hsa-miR-217-5p","ACUGCAU",7,"targetscan","","hsa-miR-217","GLRA1","2741","ENSG00000145888","-0.335","predicted"
1,"hsa-miR-217-5p","ACUGCAU",7,"targetscan","","hsa-miR-217","FHIT","2272","ENSG00000189283","-0.335","predicted"
1,"hsa-miR-217-5p","ACUGCAU",7,"targetscan","","hsa-miR-217","PKIB","5570","ENSG00000135549","-0.336","predicted"
1,"hsa-miR-217-5p","ACUGCAU",7,"targetscan","","hsa-miR-217","KTI12","112970","ENSG00000198841","-0.336","predicted"
1,"hsa-miR-217-5p","ACUGCAU",7,"targetscan","","hsa-miR-217","GMFB","2764","ENSG00000197045","-0.337","predicted"
1,"hsa-miR-217-5p","ACUGCAU",7,"targetscan","","hsa-miR-217","NF1","4763","ENSG00000196712","-0.337","predicted"
1,"hsa-miR-217-5p","ACUGCAU",7,"targetscan","","hsa-miR-217","YWHAB","7529","ENSG00000166913","-0.337","predicted"
1,"hsa-miR-217-5p","ACUGCAU",7,"targetscan","","hsa-miR-217","C8orf34","116328","ENSG00000165084","-0.338","predicted"
1,"hsa-miR-217-5p","ACUGCAU",7,"targetscan","","hsa-miR-217","FOXL2NB","401089","ENSG00000206262","-0.338","predicted"
1,"hsa-miR-217-5p","ACUGCAU",7,"targetscan","","hsa-miR-217","GKAP1","80318","ENSG00000165113","-0.339","predicted"
1,"hsa-miR-217-5p","ACUGCAU",7,"targetscan","","hsa-miR-217","CTXN3","613212","ENSG00000205279","-0.339","predicted"
1,"hsa-miR-217-5p","ACUGCAU",7,"targetscan","","hsa-miR-217","CRBN","51185","ENSG00000113851","-0.339","predicted"
1,"hsa-miR-217-5p","ACUGCAU",7,"targetscan","","hsa-miR-217","FBN2","2201","ENSG00000138829","-0.34","predicted"
1,"hsa-miR-217-5p","ACUGCAU",7,"targetscan","","hsa-miR-217","EFNA5","1946","ENSG00000184349","-0.34","predicted"
1,"hsa-miR-217-5p","ACUGCAU",7,"targetscan","","hsa-miR-217","SNRPC","6631","ENSG00000124562","-0.34","predicted"
1,"hsa-miR-217-5p","ACUGCAU",7,"targetscan","","hsa-miR-217","NANP","140838","ENSG00000170191","-0.34","predicted"
1,"hsa-miR-217-5p","ACUGCAU",7,"targetscan","","hsa-miR-217","CHRAC1","54108","ENSG00000104472","-0.341","predicted"
1,"hsa-miR-217-5p","ACUGCAU",7,"targetscan","","hsa-miR-217","FGF10","2255","ENSG00000070193","-0.342","predicted"
1,"hsa-miR-217-5p","ACUGCAU",7,"targetscan","","hsa-miR-217","GPR15","2838","ENSG00000154165","-0.342","predicted"
1,"hsa-miR-217-5p","ACUGCAU",7,"targetscan","","hsa-miR-217","MRPL27","51264","ENSG00000108826","-0.343","predicted"
1,"hsa-miR-217-5p","ACUGCAU",7,"targetscan","","hsa-miR-217","MEIG1","644890","ENSG00000197889","-0.343","predicted"
1,"hsa-miR-217-5p","ACUGCAU",7,"targetscan","","hsa-miR-217","HTR3A","3359","ENSG00000166736","-0.344","predicted"
1,"hsa-miR-217-5p","ACUGCAU",7,"targetscan","","hsa-miR-217","TIFA","92610","ENSG00000145365","-0.344","predicted"
1,"hsa-miR-217-5p","ACUGCAU",7,"targetscan","","hsa-miR-217","ZNF100","163227","ENSG00000197020","-0.344","predicted"
1,"hsa-miR-217-5p","ACUGCAU",7,"targetscan","","hsa-miR-217","GPM6A","2823","ENSG00000150625","-0.345","predicted"
1,"hsa-miR-217-5p","ACUGCAU",7,"targetscan","","hsa-miR-217","SKA3","221150","ENSG00000165480","-0.345","predicted"
1,"hsa-miR-217-5p","ACUGCAU",7,"targetscan","","hsa-miR-217","COX18","285521","ENSG00000163626","-0.346","predicted"
1,"hsa-miR-217-5p","ACUGCAU",7,"targetscan","","hsa-miR-217","RILPL1","353116","ENSG00000188026","-0.346","predicted"
1,"hsa-miR-217-5p","ACUGCAU",7,"targetscan","","hsa-miR-217","UCP1","7350","ENSG00000109424","-0.346","predicted"
1,"hsa-miR-217-5p","ACUGCAU",7,"targetscan","","hsa-miR-217","SFT2D3","84826","ENSG00000173349","-0.347","predicted"
1,"hsa-miR-217-5p","ACUGCAU",7,"targetscan","","hsa-miR-217","KRTAP4-5","85289","ENSG00000198271","-0.348","predicted"
1,"hsa-miR-217-5p","ACUGCAU",7,"targetscan","","hsa-miR-217","TMEM65","157378","ENSG00000164983","-0.349","predicted"
1,"hsa-miR-217-5p","ACUGCAU",7,"targetscan","","hsa-miR-217","CABCOCO1","219621","ENSG00000183346","-0.349","predicted"
1,"hsa-miR-217-5p","ACUGCAU",7,"targetscan","","hsa-miR-217","NAP1L2","4674","ENSG00000186462","-0.351","predicted"
1,"hsa-miR-217-5p","ACUGCAU",7,"targetscan","","hsa-miR-217","AGGF1","55109","ENSG00000164252","-0.351","predicted"
1,"hsa-miR-217-5p","ACUGCAU",7,"targetscan","","hsa-miR-217","SCO1","6341","ENSG00000133028","-0.351","predicted"
1,"hsa-miR-217-5p","ACUGCAU",7,"targetscan","","hsa-miR-217","CXCL2","2920","ENSG00000081041","-0.352","predicted"
1,"hsa-miR-217-5p","ACUGCAU",7,"targetscan","","hsa-miR-217","GPC5","2262","ENSG00000179399","-0.352","predicted"
1,"hsa-miR-217-5p","ACUGCAU",7,"targetscan","","hsa-miR-217","RBMX2","51634","ENSG00000134597","-0.353","predicted"
1,"hsa-miR-217-5p","ACUGCAU",7,"targetscan","","hsa-miR-217","RTN4IP1","84816","ENSG00000130347","-0.353","predicted"
1,"hsa-miR-217-5p","ACUGCAU",7,"targetscan","","hsa-miR-217","MPIG6B","80739","ENSG00000204420","-0.353","predicted"
1,"hsa-miR-217-5p","ACUGCAU",7,"targetscan","","hsa-miR-217","HNF1B","","ENSG00000108753","-0.353","predicted"
1,"hsa-miR-217-5p","ACUGCAU",7,"targetscan","","hsa-miR-217","AP3S1","1176","ENSG00000177879","-0.354","predicted"
1,"hsa-miR-217-5p","ACUGCAU",7,"targetscan","","hsa-miR-217","SLC25A52","147407","ENSG00000141437","-0.355","predicted"
1,"hsa-miR-217-5p","ACUGCAU",7,"targetscan","","hsa-miR-217","SEC23IP","11196","ENSG00000107651","-0.356","predicted"
1,"hsa-miR-217-5p","ACUGCAU",7,"targetscan","","hsa-miR-217","","","ENSG00000267168","-0.356","predicted"
1,"hsa-miR-217-5p","ACUGCAU",7,"targetscan","","hsa-miR-217","CHPF","79586","ENSG00000123989","-0.357","predicted"
1,"hsa-miR-217-5p","ACUGCAU",7,"targetscan","","hsa-miR-217","NICN1","84276","ENSG00000145029","-0.357","predicted"
1,"hsa-miR-217-5p","ACUGCAU",7,"targetscan","","hsa-miR-217","TEX9","374618","ENSG00000151575","-0.357","predicted"
1,"hsa-miR-217-5p","ACUGCAU",7,"targetscan","","hsa-miR-217","TRIQK","286144","ENSG00000205133","-0.358","predicted"
1,"hsa-miR-217-5p","ACUGCAU",7,"targetscan","","hsa-miR-217","PCGF5","84333","ENSG00000180628","-0.359","predicted"
1,"hsa-miR-217-5p","ACUGCAU",7,"targetscan","","hsa-miR-217","TMEM263","90488","ENSG00000151135","-0.359","predicted"
1,"hsa-miR-217-5p","ACUGCAU",7,"targetscan","","hsa-miR-217","RBM33","155435","ENSG00000184863","-0.36","predicted"
1,"hsa-miR-217-5p","ACUGCAU",7,"targetscan","","hsa-miR-217","OR11L1","391189","ENSG00000197591","-0.361","predicted"
1,"hsa-miR-217-5p","ACUGCAU",7,"targetscan","","hsa-miR-217","FN3KRP","79672","ENSG00000141560","-0.362","predicted"
1,"hsa-miR-217-5p","ACUGCAU",7,"targetscan","","hsa-miR-217","STT3A","3703","ENSG00000134910","-0.363","predicted"
1,"hsa-miR-217-5p","ACUGCAU",7,"targetscan","","hsa-miR-217","PCNA","5111","ENSG00000132646","-0.364","predicted"
1,"hsa-miR-217-5p","ACUGCAU",7,"targetscan","","hsa-miR-217","PFDN1","5201","ENSG00000113068","-0.364","predicted"
1,"hsa-miR-217-5p","ACUGCAU",7,"targetscan","","hsa-miR-217","CROT","54677","ENSG00000005469","-0.364","predicted"
1,"hsa-miR-217-5p","ACUGCAU",7,"targetscan","","hsa-miR-217","ARHGAP40","343578","ENSG00000124143","-0.364","predicted"
1,"hsa-miR-217-5p","ACUGCAU",7,"targetscan","","hsa-miR-217","RHOXF2B","727940","ENSG00000203989","-0.365","predicted"
1,"hsa-miR-217-5p","ACUGCAU",7,"targetscan","","hsa-miR-217","ZNF669","79862","ENSG00000188295","-0.365","predicted"
1,"hsa-miR-217-5p","ACUGCAU",7,"targetscan","","hsa-miR-217","SNRNP27","11017","ENSG00000124380","-0.365","predicted"
1,"hsa-miR-217-5p","ACUGCAU",7,"targetscan","","hsa-miR-217","WDR48","57599","ENSG00000114742","-0.365","predicted"
1,"hsa-miR-217-5p","ACUGCAU",7,"targetscan","","hsa-miR-217","PAGE3","139793","ENSG00000204279","-0.365","predicted"
1,"hsa-miR-217-5p","ACUGCAU",7,"targetscan","","hsa-miR-217","IVNS1ABP","10625","ENSG00000116679","-0.366","predicted"
1,"hsa-miR-217-5p","ACUGCAU",7,"targetscan","","hsa-miR-217","GTF2H2C","728340","ENSG00000183474","-0.366","predicted"
1,"hsa-miR-217-5p","ACUGCAU",7,"targetscan","","hsa-miR-217","ZNF721","170960","ENSG00000182903","-0.367","predicted"
1,"hsa-miR-217-5p","ACUGCAU",7,"targetscan","","hsa-miR-217","TBP","6908","ENSG00000112592","-0.371","predicted"
1,"hsa-miR-217-5p","ACUGCAU",7,"targetscan","","hsa-miR-217","KIAA0408","9729","ENSG00000189367","-0.371","predicted"
1,"hsa-miR-217-5p","ACUGCAU",7,"targetscan","","hsa-miR-217","AKAIN1","642597","ENSG00000231824","-0.371","predicted"
1,"hsa-miR-217-5p","ACUGCAU",7,"targetscan","","hsa-miR-217","ARL5A","26225","ENSG00000162980","-0.372","predicted"
1,"hsa-miR-217-5p","ACUGCAU",7,"targetscan","","hsa-miR-217","TMTC4","84899","ENSG00000125247","-0.372","predicted"
1,"hsa-miR-217-5p","ACUGCAU",7,"targetscan","","hsa-miR-217","TLK1","9874","ENSG00000198586","-0.374","predicted"
1,"hsa-miR-217-5p","ACUGCAU",7,"targetscan","","hsa-miR-217","CD59","966","ENSG00000085063","-0.376","predicted"
1,"hsa-miR-217-5p","ACUGCAU",7,"targetscan","","hsa-miR-217","ANG","283","ENSG00000214274","-0.376","predicted"
1,"hsa-miR-217-5p","ACUGCAU",7,"targetscan","","hsa-miR-217","CUL4B","8450","ENSG00000158290","-0.376","predicted"
1,"hsa-miR-217-5p","ACUGCAU",7,"targetscan","","hsa-miR-217","RAC1","5879","ENSG00000136238","-0.378","predicted"
1,"hsa-miR-217-5p","ACUGCAU",7,"targetscan","","hsa-miR-217","ZNF302","55900","ENSG00000089335","-0.378","predicted"
1,"hsa-miR-217-5p","ACUGCAU",7,"targetscan","","hsa-miR-217","SPOPL","339745","ENSG00000144228","-0.378","predicted"
1,"hsa-miR-217-5p","ACUGCAU",7,"targetscan","","hsa-miR-217","ACOT12","134526","ENSG00000172497","-0.379","predicted"
1,"hsa-miR-217-5p","ACUGCAU",7,"targetscan","","hsa-miR-217","CACHD1","57685","ENSG00000158966","-0.38","predicted"
1,"hsa-miR-217-5p","ACUGCAU",7,"targetscan","","hsa-miR-217","SLC38A2","54407","ENSG00000134294","-0.382","predicted"
1,"hsa-miR-217-5p","ACUGCAU",7,"targetscan","","hsa-miR-217","CXCL14","9547","ENSG00000145824","-0.383","predicted"
1,"hsa-miR-217-5p","ACUGCAU",7,"targetscan","","hsa-miR-217","ZNF667","63934","ENSG00000198046","-0.385","predicted"
1,"hsa-miR-217-5p","ACUGCAU",7,"targetscan","","hsa-miR-217","PPP4R2","151987","ENSG00000163605","-0.386","predicted"
1,"hsa-miR-217-5p","ACUGCAU",7,"targetscan","","hsa-miR-217","GUCY1A1","2982","ENSG00000164116","-0.386","predicted"
1,"hsa-miR-217-5p","ACUGCAU",7,"targetscan","","hsa-miR-217","ESCO1","114799","ENSG00000141446","-0.387","predicted"
1,"hsa-miR-217-5p","ACUGCAU",7,"targetscan","","hsa-miR-217","COX18","285521","ENSG00000163626","-0.387","predicted"
1,"hsa-miR-217-5p","ACUGCAU",7,"targetscan","","hsa-miR-217","GLRB","2743","ENSG00000109738","-0.388","predicted"
1,"hsa-miR-217-5p","ACUGCAU",7,"targetscan","","hsa-miR-217","TACC2","10579","ENSG00000138162","-0.39","predicted"
1,"hsa-miR-217-5p","ACUGCAU",7,"targetscan","","hsa-miR-217","SURF4","6836","ENSG00000148248","-0.39","predicted"
1,"hsa-miR-217-5p","ACUGCAU",7,"targetscan","","hsa-miR-217","HMGN3","9324","ENSG00000118418","-0.39","predicted"
1,"hsa-miR-217-5p","ACUGCAU",7,"targetscan","","hsa-miR-217","PNRC2","55629","ENSG00000189266","-0.393","predicted"
1,"hsa-miR-217-5p","ACUGCAU",7,"targetscan","","hsa-miR-217","CDKN2B","1030","ENSG00000147883","-0.396","predicted"
1,"hsa-miR-217-5p","ACUGCAU",7,"targetscan","","hsa-miR-217","CLCF1","23529","ENSG00000175505","-0.396","predicted"
1,"hsa-miR-217-5p","ACUGCAU",7,"targetscan","","hsa-miR-217","ZNF616","90317","ENSG00000204611","-0.396","predicted"
1,"hsa-miR-217-5p","ACUGCAU",7,"targetscan","","hsa-miR-217","YTHDC1","91746","ENSG00000083896","-0.398","predicted"
1,"hsa-miR-217-5p","ACUGCAU",7,"targetscan","","hsa-miR-217","LINC03042","","ENSG00000196166","-0.398","predicted"
1,"hsa-miR-217-5p","ACUGCAU",7,"targetscan","","hsa-miR-217","SDC2","6383","ENSG00000169439","-0.399","predicted"
1,"hsa-miR-217-5p","ACUGCAU",7,"targetscan","","hsa-miR-217","EPC1","80314","ENSG00000120616","-0.4","predicted"
1,"hsa-miR-217-5p","ACUGCAU",7,"targetscan","","hsa-miR-217","PINK1","65018","ENSG00000158828","-0.4","predicted"
1,"hsa-miR-217-5p","ACUGCAU",7,"targetscan","","hsa-miR-217","MRPL33","9553","ENSG00000243147","-0.402","predicted"
1,"hsa-miR-217-5p","ACUGCAU",7,"targetscan","","hsa-miR-217","NEXN","91624","ENSG00000162614","-0.405","predicted"
1,"hsa-miR-217-5p","ACUGCAU",7,"targetscan","","hsa-miR-217","TOPORS","10210","ENSG00000197579","-0.406","predicted"
1,"hsa-miR-217-5p","ACUGCAU",7,"targetscan","","hsa-miR-217","PPM1D","8493","ENSG00000170836","-0.407","predicted"
1,"hsa-miR-217-5p","ACUGCAU",7,"targetscan","","hsa-miR-217","URB2","9816","ENSG00000135763","-0.407","predicted"
1,"hsa-miR-217-5p","ACUGCAU",7,"targetscan","","hsa-miR-217","ATP1B1","481","ENSG00000143153","-0.408","predicted"
1,"hsa-miR-217-5p","ACUGCAU",7,"targetscan","","hsa-miR-217","SLC6A3","6531","ENSG00000142319","-0.408","predicted"
1,"hsa-miR-217-5p","ACUGCAU",7,"targetscan","","hsa-miR-217","SELENOP","6414","ENSG00000250722","-0.409","predicted"
1,"hsa-miR-217-5p","ACUGCAU",7,"targetscan","","hsa-miR-217","POU3F3","5455","ENSG00000198914","-0.411","predicted"
1,"hsa-miR-217-5p","ACUGCAU",7,"targetscan","","hsa-miR-217","ATG7","10533","ENSG00000197548","-0.414","predicted"
1,"hsa-miR-217-5p","ACUGCAU",7,"targetscan","","hsa-miR-217","TWSG1","57045","ENSG00000128791","-0.414","predicted"
1,"hsa-miR-217-5p","ACUGCAU",7,"targetscan","","hsa-miR-217","CCNYL1","151195","ENSG00000163249","-0.414","predicted"
1,"hsa-miR-217-5p","ACUGCAU",7,"targetscan","","hsa-miR-217","MCUB","55013","ENSG00000005059","-0.415","predicted"
1,"hsa-miR-217-5p","ACUGCAU",7,"targetscan","","hsa-miR-217","IPO11","51194","ENSG00000086200","-0.417","predicted"
1,"hsa-miR-217-5p","ACUGCAU",7,"targetscan","","hsa-miR-217","CARD16","114769","ENSG00000204397","-0.417","predicted"
1,"hsa-miR-217-5p","ACUGCAU",7,"targetscan","","hsa-miR-217","SUB1","10923","ENSG00000113387","-0.419","predicted"
1,"hsa-miR-217-5p","ACUGCAU",7,"targetscan","","hsa-miR-217","WDR77","79084","ENSG00000116455","-0.419","predicted"
1,"hsa-miR-217-5p","ACUGCAU",7,"targetscan","","hsa-miR-217","DPH6","89978","ENSG00000134146","-0.42","predicted"
1,"hsa-miR-217-5p","ACUGCAU",7,"targetscan","","hsa-miR-217","ZDHHC5","25921","ENSG00000156599","-0.421","predicted"
1,"hsa-miR-217-5p","ACUGCAU",7,"targetscan","","hsa-miR-217","ATP13A4","84239","ENSG00000127249","-0.421","predicted"
1,"hsa-miR-217-5p","ACUGCAU",7,"targetscan","","hsa-miR-217","DACT1","51339","ENSG00000165617","-0.423","predicted"
1,"hsa-miR-217-5p","ACUGCAU",7,"targetscan","","hsa-miR-217","SCAMP1","9522","ENSG00000085365","-0.426","predicted"
1,"hsa-miR-217-5p","ACUGCAU",7,"targetscan","","hsa-miR-217","KRT35","3886","ENSG00000197079","-0.426","predicted"
1,"hsa-miR-217-5p","ACUGCAU",7,"targetscan","","hsa-miR-217","GAR1","54433","ENSG00000109534","-0.427","predicted"
1,"hsa-miR-217-5p","ACUGCAU",7,"targetscan","","hsa-miR-217","ZNF92","168374","ENSG00000146757","-0.428","predicted"
1,"hsa-miR-217-5p","ACUGCAU",7,"targetscan","","hsa-miR-217","ANLN","54443","ENSG00000011426","-0.429","predicted"
1,"hsa-miR-217-5p","ACUGCAU",7,"targetscan","","hsa-miR-217","GTF2H2","2966","ENSG00000145736","-0.43","predicted"
1,"hsa-miR-217-5p","ACUGCAU",7,"targetscan","","hsa-miR-217","GTF2H2","728340","ENSG00000145736","-0.43","predicted"
1,"hsa-miR-217-5p","ACUGCAU",7,"targetscan","","hsa-miR-217","ANP32E","81611","ENSG00000143401","-0.431","predicted"
1,"hsa-miR-217-5p","ACUGCAU",7,"targetscan","","hsa-miR-217","ALDH16A1","126133","ENSG00000161618","-0.431","predicted"
1,"hsa-miR-217-5p","ACUGCAU",7,"targetscan","","hsa-miR-217","AC135178.1","","ENSG00000198150","-0.431","predicted"
1,"hsa-miR-217-5p","ACUGCAU",7,"targetscan","","hsa-miR-217","BAG3","9531","ENSG00000151929","-0.432","predicted"
1,"hsa-miR-217-5p","ACUGCAU",7,"targetscan","","hsa-miR-217","MRPL9","65005","ENSG00000143436","-0.433","predicted"
1,"hsa-miR-217-5p","ACUGCAU",7,"targetscan","","hsa-miR-217","ZNF354B","117608","ENSG00000178338","-0.436","predicted"
1,"hsa-miR-217-5p","ACUGCAU",7,"targetscan","","hsa-miR-217","IAPP","3375","ENSG00000121351","-0.439","predicted"
1,"hsa-miR-217-5p","ACUGCAU",7,"targetscan","","hsa-miR-217","CCT6B","10693","ENSG00000132141","-0.439","predicted"
1,"hsa-miR-217-5p","ACUGCAU",7,"targetscan","","hsa-miR-217","UBL3","5412","ENSG00000122042","-0.44","predicted"
1,"hsa-miR-217-5p","ACUGCAU",7,"targetscan","","hsa-miR-217","RABL3","285282","ENSG00000144840","-0.44","predicted"
1,"hsa-miR-217-5p","ACUGCAU",7,"targetscan","","hsa-miR-217","SEMA3A","10371","ENSG00000075213","-0.44","predicted"
1,"hsa-miR-217-5p","ACUGCAU",7,"targetscan","","hsa-miR-217","FIGLA","344018","ENSG00000183733","-0.44","predicted"
1,"hsa-miR-217-5p","ACUGCAU",7,"targetscan","","hsa-miR-217","BEND6","221336","ENSG00000151917","-0.449","predicted"
1,"hsa-miR-217-5p","ACUGCAU",7,"targetscan","","hsa-miR-217","LINC03010","","ENSG00000218672","-0.45","predicted"
1,"hsa-miR-217-5p","ACUGCAU",7,"targetscan","","hsa-miR-217","LINC02914","283598","ENSG00000176605","-0.451","predicted"
1,"hsa-miR-217-5p","ACUGCAU",7,"targetscan","","hsa-miR-217","ZNF443","10224","ENSG00000180855","-0.454","predicted"
1,"hsa-miR-217-5p","ACUGCAU",7,"targetscan","","hsa-miR-217","RTN1","6252","ENSG00000139970","-0.454","predicted"
1,"hsa-miR-217-5p","ACUGCAU",7,"targetscan","","hsa-miR-217","DACH2","117154","ENSG00000126733","-0.457","predicted"
1,"hsa-miR-217-5p","ACUGCAU",7,"targetscan","","hsa-miR-217","SLC66A3","130814","ENSG00000162976","-0.46","predicted"
1,"hsa-miR-217-5p","ACUGCAU",7,"targetscan","","hsa-miR-217","USP27X","","ENSG00000242013","-0.462","predicted"
1,"hsa-miR-217-5p","ACUGCAU",7,"targetscan","","hsa-miR-217","CD300LD","100131439","ENSG00000204345","-0.463","predicted"
1,"hsa-miR-217-5p","ACUGCAU",7,"targetscan","","hsa-miR-217","SCAMP1","9522","ENSG00000085365","-0.466","predicted"
1,"hsa-miR-217-5p","ACUGCAU",7,"targetscan","","hsa-miR-217","KLHL10","317719","ENSG00000161594","-0.474","predicted"
1,"hsa-miR-217-5p","ACUGCAU",7,"targetscan","","hsa-miR-217","CES4A","283848","ENSG00000172824","-0.476","predicted"
1,"hsa-miR-217-5p","ACUGCAU",7,"targetscan","","hsa-miR-217","GHITM","27069","ENSG00000165678","-0.478","predicted"
1,"hsa-miR-217-5p","ACUGCAU",7,"targetscan","","hsa-miR-217","TNFSF11","8600","ENSG00000120659","-0.481","predicted"
1,"hsa-miR-217-5p","ACUGCAU",7,"targetscan","","hsa-miR-217","TUBB6","84617","ENSG00000176014","-0.483","predicted"
1,"hsa-miR-217-5p","ACUGCAU",7,"targetscan","","hsa-miR-217","MORF4L2","9643","ENSG00000123562","-0.484","predicted"
1,"hsa-miR-217-5p","ACUGCAU",7,"targetscan","","hsa-miR-217","KCNMB3","27094","ENSG00000171121","-0.484","predicted"
1,"hsa-miR-217-5p","ACUGCAU",7,"targetscan","","hsa-miR-217","SPATA22","84690","ENSG00000141255","-0.485","predicted"
1,"hsa-miR-217-5p","ACUGCAU",7,"targetscan","","hsa-miR-217","ST8SIA6","338596","ENSG00000148488","-0.486","predicted"
1,"hsa-miR-217-5p","ACUGCAU",7,"targetscan","","hsa-miR-217","HMOX1","3162","ENSG00000100292","-0.489","predicted"
1,"hsa-miR-217-5p","ACUGCAU",7,"targetscan","","hsa-miR-217","DNA2","1763","ENSG00000138346","-0.489","predicted"
1,"hsa-miR-217-5p","ACUGCAU",7,"targetscan","","hsa-miR-217","RAB4A","5867","ENSG00000168118","-0.489","predicted"
1,"hsa-miR-217-5p","ACUGCAU",7,"targetscan","","hsa-miR-217","TMEM126B","55863","ENSG00000171204","-0.491","predicted"
1,"hsa-miR-217-5p","ACUGCAU",7,"targetscan","","hsa-miR-217","TMEM68","137695","ENSG00000167904","-0.495","predicted"
1,"hsa-miR-217-5p","ACUGCAU",7,"targetscan","","hsa-miR-217","LHPP","64077","ENSG00000107902","-0.496","predicted"
1,"hsa-miR-217-5p","ACUGCAU",7,"targetscan","","hsa-miR-217","TMEM178A","130733","ENSG00000152154","-0.501","predicted"
1,"hsa-miR-217-5p","ACUGCAU",7,"targetscan","","hsa-miR-217","VSNL1","7447","ENSG00000163032","-0.502","predicted"
1,"hsa-miR-217-5p","ACUGCAU",7,"targetscan","","hsa-miR-217","LAMA4","3910","ENSG00000112769","-0.509","predicted"
1,"hsa-miR-217-5p","ACUGCAU",7,"targetscan","","hsa-miR-217","EZH2","2146","ENSG00000106462","-0.51","predicted"
1,"hsa-miR-217-5p","ACUGCAU",7,"targetscan","","hsa-miR-217","TMA16","55319","ENSG00000198498","-0.51","predicted"
1,"hsa-miR-217-5p","ACUGCAU",7,"targetscan","","hsa-miR-217","GBE1","2632","ENSG00000114480","-0.521","predicted"
1,"hsa-miR-217-5p","ACUGCAU",7,"targetscan","","hsa-miR-217","LINC01558","26238","ENSG00000146521","-0.522","predicted"
1,"hsa-miR-217-5p","ACUGCAU",7,"targetscan","","hsa-miR-217","PTP4A1","7803","ENSG00000112245","-0.527","predicted"
1,"hsa-miR-217-5p","ACUGCAU",7,"targetscan","","hsa-miR-217","TEX101","83639","ENSG00000131126","-0.527","predicted"
1,"hsa-miR-217-5p","ACUGCAU",7,"targetscan","","hsa-miR-217","TMEM67","91147","ENSG00000164953","-0.527","predicted"
1,"hsa-miR-217-5p","ACUGCAU",7,"targetscan","","hsa-miR-217","AGO2","27161","ENSG00000123908","-0.546","predicted"
1,"hsa-miR-217-5p","ACUGCAU",7,"targetscan","","hsa-miR-217","LDHAL6B","92483","ENSG00000171989","-0.566","predicted"
1,"hsa-miR-217-5p","ACUGCAU",7,"targetscan","","hsa-miR-217","SURF1","6834","ENSG00000148290","-0.568","predicted"
1,"hsa-miR-217-5p","ACUGCAU",7,"targetscan","","hsa-miR-217","TDO2","6999","ENSG00000151790","-0.577","predicted"
1,"hsa-miR-217-5p","ACUGCAU",7,"targetscan","","hsa-miR-217","NSUN3","63899","ENSG00000178694","-0.577","predicted"
1,"hsa-miR-217-5p","ACUGCAU",7,"targetscan","","hsa-miR-217","DIO1","1733","ENSG00000211452","-0.583","predicted"
1,"hsa-miR-217-5p","ACUGCAU",7,"targetscan","","hsa-miR-217","MYL12A","10627","ENSG00000101608","-0.583","predicted"
1,"hsa-miR-217-5p","ACUGCAU",7,"targetscan","","hsa-miR-217","CAV3","859","ENSG00000182533","-0.585","predicted"
1,"hsa-miR-217-5p","ACUGCAU",7,"targetscan","","hsa-miR-217","POGLUT2","79070","ENSG00000134901","-0.59","predicted"
1,"hsa-miR-217-5p","ACUGCAU",7,"targetscan","","hsa-miR-217","KATNA1","11104","ENSG00000186625","-0.616","predicted"
1,"hsa-miR-217-5p","ACUGCAU",7,"targetscan","","hsa-miR-217","DDX53","168400","ENSG00000184735","-0.634","predicted"
1,"hsa-miR-217-5p","ACUGCAU",7,"targetscan","","hsa-miR-217","TMPRSS7","344805","ENSG00000176040","-0.635","predicted"
1,"hsa-miR-217-5p","ACUGCAU",7,"targetscan","","hsa-miR-217","MTERF3","51001","ENSG00000156469","-0.647","predicted"
1,"hsa-miR-217-5p","ACUGCAU",7,"targetscan","","hsa-miR-217","MYL12B","103910","ENSG00000118680","-0.653","predicted"
1,"hsa-miR-217-5p","ACUGCAU",7,"targetscan","","hsa-miR-217","ITPA","3704","ENSG00000125877","-0.674","predicted"
2,"hsa-miR-5197-5p","AAUGGCA",6,"targetscan","MIMAT0021130","hsa-miR-5197-5p","CHSY1","22856","ENSG00000131873","-0.178","predicted"
2,"hsa-miR-5197-5p","AAUGGCA",6,"targetscan","MIMAT0021130","hsa-miR-5197-5p","ADH6","130","ENSG00000172955","-0.178","predicted"
2,"hsa-miR-5197-5p","AAUGGCA",6,"targetscan","MIMAT0021130","hsa-miR-5197-5p","DNAJA1","3301","ENSG00000086061","-0.178","predicted"
2,"hsa-miR-5197-5p","AAUGGCA",6,"targetscan","MIMAT0021130","hsa-miR-5197-5p","FOXN2","3344","ENSG00000170802","-0.178","predicted"
2,"hsa-miR-5197-5p","AAUGGCA",6,"targetscan","MIMAT0021130","hsa-miR-5197-5p","LETM1","3954","ENSG00000168924","-0.178","predicted"
2,"hsa-miR-5197-5p","AAUGGCA",6,"targetscan","MIMAT0021130","hsa-miR-5197-5p","EXD2","55218","ENSG00000081177","-0.178","predicted"
2,"hsa-miR-5197-5p","AAUGGCA",6,"targetscan","MIMAT0021130","hsa-miR-5197-5p","YOD1","55432","ENSG00000180667","-0.178","predicted"
2,"hsa-miR-5197-5p","AAUGGCA",6,"targetscan","MIMAT0021130","hsa-miR-5197-5p","CREBZF","58487","ENSG00000137504","-0.178","predicted"
2,"hsa-miR-5197-5p","AAUGGCA",6,"targetscan","MIMAT0021130","hsa-miR-5197-5p","SMIM14","201895","ENSG00000163683","-0.178","predicted"
2,"hsa-miR-5197-5p","AAUGGCA",6,"targetscan","MIMAT0021130","hsa-miR-5197-5p","TIPRL","261726","ENSG00000143155","-0.178","predicted"
2,"hsa-miR-5197-5p","AAUGGCA",6,"targetscan","MIMAT0021130","hsa-miR-5197-5p","SLC30A9","10463","ENSG00000014824","-0.178","predicted"
2,"hsa-miR-5197-5p","AAUGGCA",6,"targetscan","MIMAT0021130","hsa-miR-5197-5p","MAB21L4","79919","ENSG00000172478","-0.178","predicted"
2,"hsa-miR-5197-5p","AAUGGCA",6,"targetscan","MIMAT0021130","hsa-miR-5197-5p","DELE1","9812","ENSG00000081791","-0.178","predicted"
2,"hsa-miR-5197-5p","AAUGGCA",6,"targetscan","MIMAT0021130","hsa-miR-5197-5p","BTG3","10950","ENSG00000154640","-0.179","predicted"
2,"hsa-miR-5197-5p","AAUGGCA",6,"targetscan","MIMAT0021130","hsa-miR-5197-5p","CDK4","1019","ENSG00000135446","-0.179","predicted"
2,"hsa-miR-5197-5p","AAUGGCA",6,"targetscan","MIMAT0021130","hsa-miR-5197-5p","DTL","51514","ENSG00000143476","-0.179","predicted"
2,"hsa-miR-5197-5p","AAUGGCA",6,"targetscan","MIMAT0021130","hsa-miR-5197-5p","IGSF3","3321","ENSG00000143061","-0.179","predicted"
2,"hsa-miR-5197-5p","AAUGGCA",6,"targetscan","MIMAT0021130","hsa-miR-5197-5p","PON3","5446","ENSG00000105852","-0.179","predicted"
2,"hsa-miR-5197-5p","AAUGGCA",6,"targetscan","MIMAT0021130","hsa-miR-5197-5p","IST1","9798","ENSG00000182149","-0.179","predicted"
2,"hsa-miR-5197-5p","AAUGGCA",6,"targetscan","MIMAT0021130","hsa-miR-5197-5p","SRSF10","10772","ENSG00000188529","-0.179","predicted"
2,"hsa-miR-5197-5p","AAUGGCA",6,"targetscan","MIMAT0021130","hsa-miR-5197-5p","ZC3H4","23211","ENSG00000130749","-0.179","predicted"
2,"hsa-miR-5197-5p","AAUGGCA",6,"targetscan","MIMAT0021130","hsa-miR-5197-5p","NAPEPLD","222236","ENSG00000161048","-0.179","predicted"
2,"hsa-miR-5197-5p","AAUGGCA",6,"targetscan","MIMAT0021130","hsa-miR-5197-5p","CX3CL1","6376","ENSG00000006210","-0.179","predicted"
2,"hsa-miR-5197-5p","AAUGGCA",6,"targetscan","MIMAT0021130","hsa-miR-5197-5p","CABLES2","81928","ENSG00000149679","-0.179","predicted"
2,"hsa-miR-5197-5p","AAUGGCA",6,"targetscan","MIMAT0021130","hsa-miR-5197-5p","PRCD","768206","ENSG00000214140","-0.179","predicted"
2,"hsa-miR-5197-5p","AAUGGCA",6,"targetscan","MIMAT0021130","hsa-miR-5197-5p","NFATC2IP","84901","ENSG00000176953","-0.18","predicted"
2,"hsa-miR-5197-5p","AAUGGCA",6,"targetscan","MIMAT0021130","hsa-miR-5197-5p","RPL15","6138","ENSG00000174748","-0.18","predicted"
2,"hsa-miR-5197-5p","AAUGGCA",6,"targetscan","MIMAT0021130","hsa-miR-5197-5p","SOCS2","8835","ENSG00000120833","-0.18","predicted"
2,"hsa-miR-5197-5p","AAUGGCA",6,"targetscan","MIMAT0021130","hsa-miR-5197-5p","MFSD1","64747","ENSG00000118855","-0.18","predicted"
2,"hsa-miR-5197-5p","AAUGGCA",6,"targetscan","MIMAT0021130","hsa-miR-5197-5p","GPATCH11","253635","ENSG00000152133","-0.18","predicted"
2,"hsa-miR-5197-5p","AAUGGCA",6,"targetscan","MIMAT0021130","hsa-miR-5197-5p","NQO2","4835","ENSG00000124588","-0.18","predicted"
2,"hsa-miR-5197-5p","AAUGGCA",6,"targetscan","MIMAT0021130","hsa-miR-5197-5p","FTO","79068","ENSG00000140718","-0.18","predicted"
2,"hsa-miR-5197-5p","AAUGGCA",6,"targetscan","MIMAT0021130","hsa-miR-5197-5p","OSGEP","55644","ENSG00000092094","-0.18","predicted"
2,"hsa-miR-5197-5p","AAUGGCA",6,"targetscan","MIMAT0021130","hsa-miR-5197-5p","ZNF620","253639","ENSG00000177842","-0.18","predicted"
2,"hsa-miR-5197-5p","AAUGGCA",6,"targetscan","MIMAT0021130","hsa-miR-5197-5p","RPF2","84154","ENSG00000197498","-0.18","predicted"
2,"hsa-miR-5197-5p","AAUGGCA",6,"targetscan","MIMAT0021130","hsa-miR-5197-5p","WT1","7490","ENSG00000184937","-0.181","predicted"
2,"hsa-miR-5197-5p","AAUGGCA",6,"targetscan","MIMAT0021130","hsa-miR-5197-5p","CDR1","1038","ENSG00000184258","-0.181","predicted"
2,"hsa-miR-5197-5p","AAUGGCA",6,"targetscan","MIMAT0021130","hsa-miR-5197-5p","CHRNA5","1138","ENSG00000169684","-0.181","predicted"
2,"hsa-miR-5197-5p","AAUGGCA",6,"targetscan","MIMAT0021130","hsa-miR-5197-5p","SRSF6","6431","ENSG00000124193","-0.181","predicted"
2,"hsa-miR-5197-5p","AAUGGCA",6,"targetscan","MIMAT0021130","hsa-miR-5197-5p","SUPT3H","8464","ENSG00000196284","-0.181","predicted"
2,"hsa-miR-5197-5p","AAUGGCA",6,"targetscan","MIMAT0021130","hsa-miR-5197-5p","BCL10","8915","ENSG00000142867","-0.181","predicted"
2,"hsa-miR-5197-5p","AAUGGCA",6,"targetscan","MIMAT0021130","hsa-miR-5197-5p","ZNF280C","55609","ENSG00000056277","-0.181","predicted"
2,"hsa-miR-5197-5p","AAUGGCA",6,"targetscan","MIMAT0021130","hsa-miR-5197-5p","NSUN7","79730","ENSG00000179299","-0.181","predicted"
2,"hsa-miR-5197-5p","AAUGGCA",6,"targetscan","MIMAT0021130","hsa-miR-5197-5p","ARL5B","221079","ENSG00000165997","-0.181","predicted"
2,"hsa-miR-5197-5p","AAUGGCA",6,"targetscan","MIMAT0021130","hsa-miR-5197-5p","RBM14","10432","ENSG00000239306","-0.181","predicted"
2,"hsa-miR-5197-5p","AAUGGCA",6,"targetscan","MIMAT0021130","hsa-miR-5197-5p","TIMP4","7079","ENSG00000157150","-0.181","predicted"
2,"hsa-miR-5197-5p","AAUGGCA",6,"targetscan","MIMAT0021130","hsa-miR-5197-5p","LBX1","10660","ENSG00000138136","-0.181","predicted"
2,"hsa-miR-5197-5p","AAUGGCA",6,"targetscan","MIMAT0021130","hsa-miR-5197-5p","ACP3","55","ENSG00000014257","-0.181","predicted"
2,"hsa-miR-5197-5p","AAUGGCA",6,"targetscan","MIMAT0021130","hsa-miR-5197-5p","H2AC11","8969","ENSG00000196787","-0.181","predicted"
2,"hsa-miR-5197-5p","AAUGGCA",6,"targetscan","MIMAT0021130","hsa-miR-5197-5p","RPIA","22934","ENSG00000153574","-0.182","predicted"
2,"hsa-miR-5197-5p","AAUGGCA",6,"targetscan","MIMAT0021130","hsa-miR-5197-5p","TRIM23","373","ENSG00000113595","-0.182","predicted"
2,"hsa-miR-5197-5p","AAUGGCA",6,"targetscan","MIMAT0021130","hsa-miR-5197-5p","NR5A2","2494","ENSG00000116833","-0.182","predicted"
2,"hsa-miR-5197-5p","AAUGGCA",6,"targetscan","MIMAT0021130","hsa-miR-5197-5p","IL11","3589","ENSG00000095752","-0.182","predicted"
2,"hsa-miR-5197-5p","AAUGGCA",6,"targetscan","MIMAT0021130","hsa-miR-5197-5p","OPRK1","4986","ENSG00000082556","-0.182","predicted"
2,"hsa-miR-5197-5p","AAUGGCA",6,"targetscan","MIMAT0021130","hsa-miR-5197-5p","PROX1","5629","ENSG00000117707","-0.182","predicted"
2,"hsa-miR-5197-5p","AAUGGCA",6,"targetscan","MIMAT0021130","hsa-miR-5197-5p","UBE2N","7334","ENSG00000177889","-0.182","predicted"
2,"hsa-miR-5197-5p","AAUGGCA",6,"targetscan","MIMAT0021130","hsa-miR-5197-5p","ABCA8","10351","ENSG00000141338","-0.182","predicted"
2,"hsa-miR-5197-5p","AAUGGCA",6,"targetscan","MIMAT0021130","hsa-miR-5197-5p","DCUN1D4","23142","ENSG00000109184","-0.182","predicted"
2,"hsa-miR-5197-5p","AAUGGCA",6,"targetscan","MIMAT0021130","hsa-miR-5197-5p","NDFIP2","54602","ENSG00000102471","-0.182","predicted"
2,"hsa-miR-5197-5p","AAUGGCA",6,"targetscan","MIMAT0021130","hsa-miR-5197-5p","NDC1","55706","ENSG00000058804","-0.182","predicted"
2,"hsa-miR-5197-5p","AAUGGCA",6,"targetscan","MIMAT0021130","hsa-miR-5197-5p","OXNAD1","92106","ENSG00000154814","-0.182","predicted"
2,"hsa-miR-5197-5p","AAUGGCA",6,"targetscan","MIMAT0021130","hsa-miR-5197-5p","ZDHHC13","54503","ENSG00000177054","-0.182","predicted"
2,"hsa-miR-5197-5p","AAUGGCA",6,"targetscan","MIMAT0021130","hsa-miR-5197-5p","GOSR2","9570","ENSG00000108433","-0.182","predicted"
2,"hsa-miR-5197-5p","AAUGGCA",6,"targetscan","MIMAT0021130","hsa-miR-5197-5p","DCAF11","80344","ENSG00000100897","-0.182","predicted"
2,"hsa-miR-5197-5p","AAUGGCA",6,"targetscan","MIMAT0021130","hsa-miR-5197-5p","THBS2","7058","ENSG00000186340","-0.182","predicted"
2,"hsa-miR-5197-5p","AAUGGCA",6,"targetscan","MIMAT0021130","hsa-miR-5197-5p","POLR3F","10621","ENSG00000132664","-0.182","predicted"
2,"hsa-miR-5197-5p","AAUGGCA",6,"targetscan","MIMAT0021130","hsa-miR-5197-5p","ZNF527","84503","ENSG00000189164","-0.182","predicted"
2,"hsa-miR-5197-5p","AAUGGCA",6,"targetscan","MIMAT0021130","hsa-miR-5197-5p","JCAD","57608","ENSG00000165757","-0.182","predicted"
2,"hsa-miR-5197-5p","AAUGGCA",6,"targetscan","MIMAT0021130","hsa-miR-5197-5p","MSC-AS1","100132891","ENSG00000235531","-0.182","predicted"
2,"hsa-miR-5197-5p","AAUGGCA",6,"targetscan","MIMAT0021130","hsa-miR-5197-5p","PNN","5411","ENSG00000100941","-0.183","predicted"
2,"hsa-miR-5197-5p","AAUGGCA",6,"targetscan","MIMAT0021130","hsa-miR-5197-5p","CALU","813","ENSG00000128595","-0.183","predicted"
2,"hsa-miR-5197-5p","AAUGGCA",6,"targetscan","MIMAT0021130","hsa-miR-5197-5p","GUCY1A2","2977","ENSG00000152402","-0.183","predicted"
2,"hsa-miR-5197-5p","AAUGGCA",6,"targetscan","MIMAT0021130","hsa-miR-5197-5p","LEPR","3953","ENSG00000116678","-0.183","predicted"
2,"hsa-miR-5197-5p","AAUGGCA",6,"targetscan","MIMAT0021130","hsa-miR-5197-5p","ZNF28","7576","ENSG00000198538","-0.183","predicted"
2,"hsa-miR-5197-5p","AAUGGCA",6,"targetscan","MIMAT0021130","hsa-miR-5197-5p","DZIP1","22873","ENSG00000134874","-0.183","predicted"
2,"hsa-miR-5197-5p","AAUGGCA",6,"targetscan","MIMAT0021130","hsa-miR-5197-5p","ERP44","23071","ENSG00000023318","-0.183","predicted"
2,"hsa-miR-5197-5p","AAUGGCA",6,"targetscan","MIMAT0021130","hsa-miR-5197-5p","RRM2B","50484","ENSG00000048392","-0.183","predicted"
2,"hsa-miR-5197-5p","AAUGGCA",6,"targetscan","MIMAT0021130","hsa-miR-5197-5p","PARP6","56965","ENSG00000137817","-0.183","predicted"
2,"hsa-miR-5197-5p","AAUGGCA",6,"targetscan","MIMAT0021130","hsa-miR-5197-5p","FBXL17","64839","ENSG00000145743","-0.183","predicted"
2,"hsa-miR-5197-5p","AAUGGCA",6,"targetscan","MIMAT0021130","hsa-miR-5197-5p","PAQR3","152559","ENSG00000163291","-0.183","predicted"
2,"hsa-miR-5197-5p","AAUGGCA",6,"targetscan","MIMAT0021130","hsa-miR-5197-5p","SLC13A5","284111","ENSG00000141485","-0.183","predicted"
2,"hsa-miR-5197-5p","AAUGGCA",6,"targetscan","MIMAT0021130","hsa-miR-5197-5p","KMO","8564","ENSG00000117009","-0.183","predicted"
2,"hsa-miR-5197-5p","AAUGGCA",6,"targetscan","MIMAT0021130","hsa-miR-5197-5p","FAT1","2195","ENSG00000083857","-0.183","predicted"
2,"hsa-miR-5197-5p","AAUGGCA",6,"targetscan","MIMAT0021130","hsa-miR-5197-5p","NUDT4","11163","ENSG00000173598","-0.183","predicted"
2,"hsa-miR-5197-5p","AAUGGCA",6,"targetscan","MIMAT0021130","hsa-miR-5197-5p","SLC7A6OS","84138","ENSG00000103061","-0.183","predicted"
2,"hsa-miR-5197-5p","AAUGGCA",6,"targetscan","MIMAT0021130","hsa-miR-5197-5p","RPS19","6223","ENSG00000105372","-0.183","predicted"
2,"hsa-miR-5197-5p","AAUGGCA",6,"targetscan","MIMAT0021130","hsa-miR-5197-5p","",NA,"ENSG00000111780","-0.183","predicted"
2,"hsa-miR-5197-5p","AAUGGCA",6,"targetscan","MIMAT0021130","hsa-miR-5197-5p","RTL8C","8933","ENSG00000134590","-0.183","predicted"
2,"hsa-miR-5197-5p","AAUGGCA",6,"targetscan","MIMAT0021130","hsa-miR-5197-5p","MIR4280HG","117751736","ENSG00000233828","-0.183","predicted"
2,"hsa-miR-5197-5p","AAUGGCA",6,"targetscan","MIMAT0021130","hsa-miR-5197-5p","PTMS","5763","ENSG00000159335","-0.184","predicted"
2,"hsa-miR-5197-5p","AAUGGCA",6,"targetscan","MIMAT0021130","hsa-miR-5197-5p","SUCO","51430","ENSG00000094975","-0.184","predicted"
2,"hsa-miR-5197-5p","AAUGGCA",6,"targetscan","MIMAT0021130","hsa-miR-5197-5p","EXOC2","55770","ENSG00000112685","-0.184","predicted"
2,"hsa-miR-5197-5p","AAUGGCA",6,"targetscan","MIMAT0021130","hsa-miR-5197-5p","SERAC1","84947","ENSG00000122335","-0.184","predicted"
2,"hsa-miR-5197-5p","AAUGGCA",6,"targetscan","MIMAT0021130","hsa-miR-5197-5p","TICRR","90381","ENSG00000140534","-0.184","predicted"
2,"hsa-miR-5197-5p","AAUGGCA",6,"targetscan","MIMAT0021130","hsa-miR-5197-5p","SOCS4","122809","ENSG00000180008","-0.184","predicted"
2,"hsa-miR-5197-5p","AAUGGCA",6,"targetscan","MIMAT0021130","hsa-miR-5197-5p","TMEM192","201931","ENSG00000170088","-0.184","predicted"
2,"hsa-miR-5197-5p","AAUGGCA",6,"targetscan","MIMAT0021130","hsa-miR-5197-5p","TPCN2","219931","ENSG00000162341","-0.184","predicted"
2,"hsa-miR-5197-5p","AAUGGCA",6,"targetscan","MIMAT0021130","hsa-miR-5197-5p","ALG6","29929","ENSG00000088035","-0.184","predicted"
2,"hsa-miR-5197-5p","AAUGGCA",6,"targetscan","MIMAT0021130","hsa-miR-5197-5p","ST6GALNAC6","30815","ENSG00000160408","-0.184","predicted"
2,"hsa-miR-5197-5p","AAUGGCA",6,"targetscan","MIMAT0021130","hsa-miR-5197-5p","ZKSCAN4","387032","ENSG00000187626","-0.184","predicted"
2,"hsa-miR-5197-5p","AAUGGCA",6,"targetscan","MIMAT0021130","hsa-miR-5197-5p","PDCD1LG2","80380","ENSG00000197646","-0.184","predicted"
2,"hsa-miR-5197-5p","AAUGGCA",6,"targetscan","MIMAT0021130","hsa-miR-5197-5p","NAA11","84779","ENSG00000156269","-0.184","predicted"
2,"hsa-miR-5197-5p","AAUGGCA",6,"targetscan","MIMAT0021130","hsa-miR-5197-5p","COMTD1","118881","ENSG00000165644","-0.184","predicted"
2,"hsa-miR-5197-5p","AAUGGCA",6,"targetscan","MIMAT0021130","hsa-miR-5197-5p","CCDC71L","168455","ENSG00000253276","-0.184","predicted"
2,"hsa-miR-5197-5p","AAUGGCA",6,"targetscan","MIMAT0021130","hsa-miR-5197-5p","HACD3","51495","ENSG00000074696","-0.184","predicted"
2,"hsa-miR-5197-5p","AAUGGCA",6,"targetscan","MIMAT0021130","hsa-miR-5197-5p","PLCG1","5335","ENSG00000124181","-0.185","predicted"
2,"hsa-miR-5197-5p","AAUGGCA",6,"targetscan","MIMAT0021130","hsa-miR-5197-5p","ARPP19","10776","ENSG00000128989","-0.185","predicted"
2,"hsa-miR-5197-5p","AAUGGCA",6,"targetscan","MIMAT0021130","hsa-miR-5197-5p","CBX1","10951","ENSG00000108468","-0.185","predicted"
2,"hsa-miR-5197-5p","AAUGGCA",6,"targetscan","MIMAT0021130","hsa-miR-5197-5p","LMO3","55885","ENSG00000048540","-0.185","predicted"
2,"hsa-miR-5197-5p","AAUGGCA",6,"targetscan","MIMAT0021130","hsa-miR-5197-5p","PRICKLE1","144165","ENSG00000139174","-0.185","predicted"
2,"hsa-miR-5197-5p","AAUGGCA",6,"targetscan","MIMAT0021130","hsa-miR-5197-5p","USP54","159195","ENSG00000166348","-0.185","predicted"
2,"hsa-miR-5197-5p","AAUGGCA",6,"targetscan","MIMAT0021130","hsa-miR-5197-5p","MSRB3","253827","ENSG00000174099","-0.185","predicted"
2,"hsa-miR-5197-5p","AAUGGCA",6,"targetscan","MIMAT0021130","hsa-miR-5197-5p","ELK4","2005","ENSG00000158711","-0.185","predicted"
2,"hsa-miR-5197-5p","AAUGGCA",6,"targetscan","MIMAT0021130","hsa-miR-5197-5p","TTLL7","79739","ENSG00000137941","-0.185","predicted"
2,"hsa-miR-5197-5p","AAUGGCA",6,"targetscan","MIMAT0021130","hsa-miR-5197-5p","CLNK","116449","ENSG00000109684","-0.185","predicted"
2,"hsa-miR-5197-5p","AAUGGCA",6,"targetscan","MIMAT0021130","hsa-miR-5197-5p","SPATC1","375686","ENSG00000186583","-0.185","predicted"
2,"hsa-miR-5197-5p","AAUGGCA",6,"targetscan","MIMAT0021130","hsa-miR-5197-5p","ZNF486","90649","ENSG00000256229","-0.185","predicted"
2,"hsa-miR-5197-5p","AAUGGCA",6,"targetscan","MIMAT0021130","hsa-miR-5197-5p","AP000695.1",NA,"ENSG00000267976","-0.185","predicted"
2,"hsa-miR-5197-5p","AAUGGCA",6,"targetscan","MIMAT0021130","hsa-miR-5197-5p","PDE8B","8622","ENSG00000113231","-0.186","predicted"
2,"hsa-miR-5197-5p","AAUGGCA",6,"targetscan","MIMAT0021130","hsa-miR-5197-5p","CDK5R1","8851","ENSG00000176749","-0.186","predicted"
2,"hsa-miR-5197-5p","AAUGGCA",6,"targetscan","MIMAT0021130","hsa-miR-5197-5p","SEC22A","26984","ENSG00000121542","-0.186","predicted"
2,"hsa-miR-5197-5p","AAUGGCA",6,"targetscan","MIMAT0021130","hsa-miR-5197-5p","MFSD6","54842","ENSG00000151690","-0.186","predicted"
2,"hsa-miR-5197-5p","AAUGGCA",6,"targetscan","MIMAT0021130","hsa-miR-5197-5p","MTMR9","66036","ENSG00000104643","-0.186","predicted"
2,"hsa-miR-5197-5p","AAUGGCA",6,"targetscan","MIMAT0021130","hsa-miR-5197-5p","CDCA3","83461","ENSG00000111665","-0.186","predicted"
2,"hsa-miR-5197-5p","AAUGGCA",6,"targetscan","MIMAT0021130","hsa-miR-5197-5p","MAP1LC3C","440738","ENSG00000197769","-0.186","predicted"
2,"hsa-miR-5197-5p","AAUGGCA",6,"targetscan","MIMAT0021130","hsa-miR-5197-5p","UBE2QL1","134111","ENSG00000215218","-0.186","predicted"
2,"hsa-miR-5197-5p","AAUGGCA",6,"targetscan","MIMAT0021130","hsa-miR-5197-5p","ZSCAN9","7746","ENSG00000137185","-0.186","predicted"
2,"hsa-miR-5197-5p","AAUGGCA",6,"targetscan","MIMAT0021130","hsa-miR-5197-5p","AIG1","51390","ENSG00000146416","-0.186","predicted"
2,"hsa-miR-5197-5p","AAUGGCA",6,"targetscan","MIMAT0021130","hsa-miR-5197-5p","KCNK10","54207","ENSG00000100433","-0.186","predicted"
2,"hsa-miR-5197-5p","AAUGGCA",6,"targetscan","MIMAT0021130","hsa-miR-5197-5p","TLR8","51311","ENSG00000101916","-0.186","predicted"
2,"hsa-miR-5197-5p","AAUGGCA",6,"targetscan","MIMAT0021130","hsa-miR-5197-5p","KLF4","9314","ENSG00000136826","-0.187","predicted"
2,"hsa-miR-5197-5p","AAUGGCA",6,"targetscan","MIMAT0021130","hsa-miR-5197-5p","HCCS","3052","ENSG00000004961","-0.187","predicted"
2,"hsa-miR-5197-5p","AAUGGCA",6,"targetscan","MIMAT0021130","hsa-miR-5197-5p","SYP","6855","ENSG00000102003","-0.187","predicted"
2,"hsa-miR-5197-5p","AAUGGCA",6,"targetscan","MIMAT0021130","hsa-miR-5197-5p","PDHX","8050","ENSG00000110435","-0.187","predicted"
2,"hsa-miR-5197-5p","AAUGGCA",6,"targetscan","MIMAT0021130","hsa-miR-5197-5p","NSMAF","8439","ENSG00000035681","-0.187","predicted"
2,"hsa-miR-5197-5p","AAUGGCA",6,"targetscan","MIMAT0021130","hsa-miR-5197-5p","TPGS2","25941","ENSG00000134779","-0.187","predicted"
2,"hsa-miR-5197-5p","AAUGGCA",6,"targetscan","MIMAT0021130","hsa-miR-5197-5p","ARMC1","55156","ENSG00000104442","-0.187","predicted"
2,"hsa-miR-5197-5p","AAUGGCA",6,"targetscan","MIMAT0021130","hsa-miR-5197-5p","ETNK1","55500","ENSG00000139163","-0.187","predicted"
2,"hsa-miR-5197-5p","AAUGGCA",6,"targetscan","MIMAT0021130","hsa-miR-5197-5p","THEM4","117145","ENSG00000159445","-0.187","predicted"
2,"hsa-miR-5197-5p","AAUGGCA",6,"targetscan","MIMAT0021130","hsa-miR-5197-5p","ADCYAP1R1","117","ENSG00000078549","-0.187","predicted"
2,"hsa-miR-5197-5p","AAUGGCA",6,"targetscan","MIMAT0021130","hsa-miR-5197-5p","LSM5","23658","ENSG00000106355","-0.187","predicted"
2,"hsa-miR-5197-5p","AAUGGCA",6,"targetscan","MIMAT0021130","hsa-miR-5197-5p","SYTL5","94122","ENSG00000147041","-0.187","predicted"
2,"hsa-miR-5197-5p","AAUGGCA",6,"targetscan","MIMAT0021130","hsa-miR-5197-5p","PLA2G12A","81579","ENSG00000123739","-0.187","predicted"
2,"hsa-miR-5197-5p","AAUGGCA",6,"targetscan","MIMAT0021130","hsa-miR-5197-5p","CHMP4C","92421","ENSG00000164695","-0.187","predicted"
2,"hsa-miR-5197-5p","AAUGGCA",6,"targetscan","MIMAT0021130","hsa-miR-5197-5p","TMIGD3","57413","ENSG00000121933","-0.187","predicted"
2,"hsa-miR-5197-5p","AAUGGCA",6,"targetscan","MIMAT0021130","hsa-miR-5197-5p","PATJ","10207","ENSG00000132849","-0.187","predicted"
2,"hsa-miR-5197-5p","AAUGGCA",6,"targetscan","MIMAT0021130","hsa-miR-5197-5p","LINC01164","399827","ENSG00000189275","-0.187","predicted"
2,"hsa-miR-5197-5p","AAUGGCA",6,"targetscan","MIMAT0021130","hsa-miR-5197-5p","CSNK1A1","1452","ENSG00000113712","-0.188","predicted"
2,"hsa-miR-5197-5p","AAUGGCA",6,"targetscan","MIMAT0021130","hsa-miR-5197-5p","PSMC2","5701","ENSG00000161057","-0.188","predicted"
2,"hsa-miR-5197-5p","AAUGGCA",6,"targetscan","MIMAT0021130","hsa-miR-5197-5p","SMARCD2","6603","ENSG00000108604","-0.188","predicted"
2,"hsa-miR-5197-5p","AAUGGCA",6,"targetscan","MIMAT0021130","hsa-miR-5197-5p","BCL10","8915","ENSG00000142867","-0.188","predicted"
2,"hsa-miR-5197-5p","AAUGGCA",6,"targetscan","MIMAT0021130","hsa-miR-5197-5p","CCNE2","9134","ENSG00000175305","-0.188","predicted"
2,"hsa-miR-5197-5p","AAUGGCA",6,"targetscan","MIMAT0021130","hsa-miR-5197-5p","SOCS6","9306","ENSG00000170677","-0.188","predicted"
2,"hsa-miR-5197-5p","AAUGGCA",6,"targetscan","MIMAT0021130","hsa-miR-5197-5p","CAPN11","11131","ENSG00000137225","-0.188","predicted"
2,"hsa-miR-5197-5p","AAUGGCA",6,"targetscan","MIMAT0021130","hsa-miR-5197-5p","NPHP3","27031","ENSG00000113971","-0.188","predicted"
2,"hsa-miR-5197-5p","AAUGGCA",6,"targetscan","MIMAT0021130","hsa-miR-5197-5p","C16orf87","388272","ENSG00000155330","-0.188","predicted"
2,"hsa-miR-5197-5p","AAUGGCA",6,"targetscan","MIMAT0021130","hsa-miR-5197-5p","SDC2","6383","ENSG00000169439","-0.188","predicted"
2,"hsa-miR-5197-5p","AAUGGCA",6,"targetscan","MIMAT0021130","hsa-miR-5197-5p","SKP1","6500","ENSG00000113558","-0.188","predicted"
2,"hsa-miR-5197-5p","AAUGGCA",6,"targetscan","MIMAT0021130","hsa-miR-5197-5p","DTWD2","285605","ENSG00000169570","-0.188","predicted"
2,"hsa-miR-5197-5p","AAUGGCA",6,"targetscan","MIMAT0021130","hsa-miR-5197-5p","ADGRB3","577","ENSG00000135298","-0.188","predicted"
2,"hsa-miR-5197-5p","AAUGGCA",6,"targetscan","MIMAT0021130","hsa-miR-5197-5p","ELOC","6921","ENSG00000154582","-0.188","predicted"
2,"hsa-miR-5197-5p","AAUGGCA",6,"targetscan","MIMAT0021130","hsa-miR-5197-5p","CLCN3","1182","ENSG00000109572","-0.189","predicted"
2,"hsa-miR-5197-5p","AAUGGCA",6,"targetscan","MIMAT0021130","hsa-miR-5197-5p","PPP6C","5537","ENSG00000119414","-0.189","predicted"
2,"hsa-miR-5197-5p","AAUGGCA",6,"targetscan","MIMAT0021130","hsa-miR-5197-5p","CELF2","10659","ENSG00000048740","-0.189","predicted"
2,"hsa-miR-5197-5p","AAUGGCA",6,"targetscan","MIMAT0021130","hsa-miR-5197-5p","PLEK2","26499","ENSG00000100558","-0.189","predicted"
2,"hsa-miR-5197-5p","AAUGGCA",6,"targetscan","MIMAT0021130","hsa-miR-5197-5p","CACNG4","27092","ENSG00000075461","-0.189","predicted"
2,"hsa-miR-5197-5p","AAUGGCA",6,"targetscan","MIMAT0021130","hsa-miR-5197-5p","DNAAF2","55172","ENSG00000165506","-0.189","predicted"
2,"hsa-miR-5197-5p","AAUGGCA",6,"targetscan","MIMAT0021130","hsa-miR-5197-5p","NABP1","64859","ENSG00000173559","-0.189","predicted"
2,"hsa-miR-5197-5p","AAUGGCA",6,"targetscan","MIMAT0021130","hsa-miR-5197-5p","SPATS2","65244","ENSG00000123352","-0.189","predicted"
2,"hsa-miR-5197-5p","AAUGGCA",6,"targetscan","MIMAT0021130","hsa-miR-5197-5p","YIPF4","84272","ENSG00000119820","-0.189","predicted"
2,"hsa-miR-5197-5p","AAUGGCA",6,"targetscan","MIMAT0021130","hsa-miR-5197-5p","SNX18","112574","ENSG00000178996","-0.189","predicted"
2,"hsa-miR-5197-5p","AAUGGCA",6,"targetscan","MIMAT0021130","hsa-miR-5197-5p","MBLAC2","153364","ENSG00000176055","-0.189","predicted"
2,"hsa-miR-5197-5p","AAUGGCA",6,"targetscan","MIMAT0021130","hsa-miR-5197-5p","ARID2","196528","ENSG00000189079","-0.189","predicted"
2,"hsa-miR-5197-5p","AAUGGCA",6,"targetscan","MIMAT0021130","hsa-miR-5197-5p","GABRA2","2555","ENSG00000151834","-0.189","predicted"
2,"hsa-miR-5197-5p","AAUGGCA",6,"targetscan","MIMAT0021130","hsa-miR-5197-5p","PRR13","54458","ENSG00000205352","-0.189","predicted"
2,"hsa-miR-5197-5p","AAUGGCA",6,"targetscan","MIMAT0021130","hsa-miR-5197-5p","GPR158","57512","ENSG00000151025","-0.189","predicted"
2,"hsa-miR-5197-5p","AAUGGCA",6,"targetscan","MIMAT0021130","hsa-miR-5197-5p","GPR174","84636","ENSG00000147138","-0.189","predicted"
2,"hsa-miR-5197-5p","AAUGGCA",6,"targetscan","MIMAT0021130","hsa-miR-5197-5p","GAPT","202309","ENSG00000175857","-0.189","predicted"
2,"hsa-miR-5197-5p","AAUGGCA",6,"targetscan","MIMAT0021130","hsa-miR-5197-5p","UQCC3","790955","ENSG00000204922","-0.189","predicted"
2,"hsa-miR-5197-5p","AAUGGCA",6,"targetscan","MIMAT0021130","hsa-miR-5197-5p","OOSP2","219990","ENSG00000149507","-0.189","predicted"
2,"hsa-miR-5197-5p","AAUGGCA",6,"targetscan","MIMAT0021130","hsa-miR-5197-5p","TPD52","7163","ENSG00000076554","-0.19","predicted"
2,"hsa-miR-5197-5p","AAUGGCA",6,"targetscan","MIMAT0021130","hsa-miR-5197-5p","CCNE2","9134","ENSG00000175305","-0.19","predicted"
2,"hsa-miR-5197-5p","AAUGGCA",6,"targetscan","MIMAT0021130","hsa-miR-5197-5p","AKAP7","9465","ENSG00000118507","-0.19","predicted"
2,"hsa-miR-5197-5p","AAUGGCA",6,"targetscan","MIMAT0021130","hsa-miR-5197-5p","WARS2","10352","ENSG00000116874","-0.19","predicted"
2,"hsa-miR-5197-5p","AAUGGCA",6,"targetscan","MIMAT0021130","hsa-miR-5197-5p","DUSP10","11221","ENSG00000143507","-0.19","predicted"
2,"hsa-miR-5197-5p","AAUGGCA",6,"targetscan","MIMAT0021130","hsa-miR-5197-5p","PLEKHA5","54477","ENSG00000052126","-0.19","predicted"
2,"hsa-miR-5197-5p","AAUGGCA",6,"targetscan","MIMAT0021130","hsa-miR-5197-5p","NMNAT1","64802","ENSG00000173614","-0.19","predicted"
2,"hsa-miR-5197-5p","AAUGGCA",6,"targetscan","MIMAT0021130","hsa-miR-5197-5p","SSX7","280658","ENSG00000187754","-0.19","predicted"
2,"hsa-miR-5197-5p","AAUGGCA",6,"targetscan","MIMAT0021130","hsa-miR-5197-5p","GLRB","2743","ENSG00000109738","-0.19","predicted"
2,"hsa-miR-5197-5p","AAUGGCA",6,"targetscan","MIMAT0021130","hsa-miR-5197-5p","PLCXD3","345557","ENSG00000182836","-0.19","predicted"
2,"hsa-miR-5197-5p","AAUGGCA",6,"targetscan","MIMAT0021130","hsa-miR-5197-5p","TMEM108","66000","ENSG00000144868","-0.19","predicted"
2,"hsa-miR-5197-5p","AAUGGCA",6,"targetscan","MIMAT0021130","hsa-miR-5197-5p","ZNF716","441234","ENSG00000182111","-0.19","predicted"
2,"hsa-miR-5197-5p","AAUGGCA",6,"targetscan","MIMAT0021130","hsa-miR-5197-5p","C3orf80","401097","ENSG00000180044","-0.19","predicted"
2,"hsa-miR-5197-5p","AAUGGCA",6,"targetscan","MIMAT0021130","hsa-miR-5197-5p","GSTO2","119391","ENSG00000065621","-0.19","predicted"
2,"hsa-miR-5197-5p","AAUGGCA",6,"targetscan","MIMAT0021130","hsa-miR-5197-5p","C7orf76","401388","ENSG00000197851","-0.19","predicted"
2,"hsa-miR-5197-5p","AAUGGCA",6,"targetscan","MIMAT0021130","hsa-miR-5197-5p","GOT2","2806","ENSG00000125166","-0.19","predicted"
2,"hsa-miR-5197-5p","AAUGGCA",6,"targetscan","MIMAT0021130","hsa-miR-5197-5p","ZNF91","7644","ENSG00000167232","-0.19","predicted"
2,"hsa-miR-5197-5p","AAUGGCA",6,"targetscan","MIMAT0021130","hsa-miR-5197-5p","PRTFDC1","56952","ENSG00000099256","-0.19","predicted"
2,"hsa-miR-5197-5p","AAUGGCA",6,"targetscan","MIMAT0021130","hsa-miR-5197-5p","RASGEF1B","153020","ENSG00000138670","-0.19","predicted"
2,"hsa-miR-5197-5p","AAUGGCA",6,"targetscan","MIMAT0021130","hsa-miR-5197-5p","RNF152","220441","ENSG00000176641","-0.19","predicted"
2,"hsa-miR-5197-5p","AAUGGCA",6,"targetscan","MIMAT0021130","hsa-miR-5197-5p","TPD52","124188259","ENSG00000076554","-0.19","predicted"
2,"hsa-miR-5197-5p","AAUGGCA",6,"targetscan","MIMAT0021130","hsa-miR-5197-5p","API5","8539","ENSG00000166181","-0.191","predicted"
2,"hsa-miR-5197-5p","AAUGGCA",6,"targetscan","MIMAT0021130","hsa-miR-5197-5p","JAK1","3716","ENSG00000162434","-0.191","predicted"
2,"hsa-miR-5197-5p","AAUGGCA",6,"targetscan","MIMAT0021130","hsa-miR-5197-5p","RDX","5962","ENSG00000137710","-0.191","predicted"
2,"hsa-miR-5197-5p","AAUGGCA",6,"targetscan","MIMAT0021130","hsa-miR-5197-5p","NRIP1","8204","ENSG00000180530","-0.191","predicted"
2,"hsa-miR-5197-5p","AAUGGCA",6,"targetscan","MIMAT0021130","hsa-miR-5197-5p","SYNCRIP","10492","ENSG00000135316","-0.191","predicted"
2,"hsa-miR-5197-5p","AAUGGCA",6,"targetscan","MIMAT0021130","hsa-miR-5197-5p","TRIM17","51127","ENSG00000162931","-0.191","predicted"
2,"hsa-miR-5197-5p","AAUGGCA",6,"targetscan","MIMAT0021130","hsa-miR-5197-5p","DNAJA4","55466","ENSG00000140403","-0.191","predicted"
2,"hsa-miR-5197-5p","AAUGGCA",6,"targetscan","MIMAT0021130","hsa-miR-5197-5p","PDGFC","56034","ENSG00000145431","-0.191","predicted"
2,"hsa-miR-5197-5p","AAUGGCA",6,"targetscan","MIMAT0021130","hsa-miR-5197-5p","SPCS3","60559","ENSG00000129128","-0.191","predicted"
2,"hsa-miR-5197-5p","AAUGGCA",6,"targetscan","MIMAT0021130","hsa-miR-5197-5p","ELOVL7","79993","ENSG00000164181","-0.191","predicted"
2,"hsa-miR-5197-5p","AAUGGCA",6,"targetscan","MIMAT0021130","hsa-miR-5197-5p","METRNL","284207","ENSG00000176845","-0.191","predicted"
2,"hsa-miR-5197-5p","AAUGGCA",6,"targetscan","MIMAT0021130","hsa-miR-5197-5p","FKBP4","2288","ENSG00000004478","-0.191","predicted"
2,"hsa-miR-5197-5p","AAUGGCA",6,"targetscan","MIMAT0021130","hsa-miR-5197-5p","SLN","6588","ENSG00000170290","-0.191","predicted"
2,"hsa-miR-5197-5p","AAUGGCA",6,"targetscan","MIMAT0021130","hsa-miR-5197-5p","RIMKLB","57494","ENSG00000166532","-0.191","predicted"
2,"hsa-miR-5197-5p","AAUGGCA",6,"targetscan","MIMAT0021130","hsa-miR-5197-5p","TIGD2","166815","ENSG00000180346","-0.191","predicted"
2,"hsa-miR-5197-5p","AAUGGCA",6,"targetscan","MIMAT0021130","hsa-miR-5197-5p","RTN4RL2","349667","ENSG00000186907","-0.191","predicted"
2,"hsa-miR-5197-5p","AAUGGCA",6,"targetscan","MIMAT0021130","hsa-miR-5197-5p","CDK4","1019","ENSG00000135446","-0.192","predicted"
2,"hsa-miR-5197-5p","AAUGGCA",6,"targetscan","MIMAT0021130","hsa-miR-5197-5p","INSIG2","51141","ENSG00000125629","-0.192","predicted"
2,"hsa-miR-5197-5p","AAUGGCA",6,"targetscan","MIMAT0021130","hsa-miR-5197-5p","ACVR1","90","ENSG00000115170","-0.192","predicted"
2,"hsa-miR-5197-5p","AAUGGCA",6,"targetscan","MIMAT0021130","hsa-miR-5197-5p","ZNF708","7562","ENSG00000182141","-0.192","predicted"
2,"hsa-miR-5197-5p","AAUGGCA",6,"targetscan","MIMAT0021130","hsa-miR-5197-5p","LSM3","27258","ENSG00000170860","-0.192","predicted"
2,"hsa-miR-5197-5p","AAUGGCA",6,"targetscan","MIMAT0021130","hsa-miR-5197-5p","CALN1","83698","ENSG00000183166","-0.192","predicted"
2,"hsa-miR-5197-5p","AAUGGCA",6,"targetscan","MIMAT0021130","hsa-miR-5197-5p","SCIN","85477","ENSG00000006747","-0.192","predicted"
2,"hsa-miR-5197-5p","AAUGGCA",6,"targetscan","MIMAT0021130","hsa-miR-5197-5p","GATC","283459","ENSG00000257218","-0.192","predicted"
2,"hsa-miR-5197-5p","AAUGGCA",6,"targetscan","MIMAT0021130","hsa-miR-5197-5p","YTHDC2","64848","ENSG00000047188","-0.192","predicted"
2,"hsa-miR-5197-5p","AAUGGCA",6,"targetscan","MIMAT0021130","hsa-miR-5197-5p","PSPC1","55269","ENSG00000121390","-0.192","predicted"
2,"hsa-miR-5197-5p","AAUGGCA",6,"targetscan","MIMAT0021130","hsa-miR-5197-5p","TTC19","54902","ENSG00000011295","-0.192","predicted"
2,"hsa-miR-5197-5p","AAUGGCA",6,"targetscan","MIMAT0021130","hsa-miR-5197-5p","FN3KRP","79672","ENSG00000141560","-0.192","predicted"
2,"hsa-miR-5197-5p","AAUGGCA",6,"targetscan","MIMAT0021130","hsa-miR-5197-5p","ZNF283","284349","ENSG00000167637","-0.192","predicted"
2,"hsa-miR-5197-5p","AAUGGCA",6,"targetscan","MIMAT0021130","hsa-miR-5197-5p","PCBD2","84105","ENSG00000132570","-0.192","predicted"
2,"hsa-miR-5197-5p","AAUGGCA",6,"targetscan","MIMAT0021130","hsa-miR-5197-5p","PRCD","768206","ENSG00000214140","-0.192","predicted"
2,"hsa-miR-5197-5p","AAUGGCA",6,"targetscan","MIMAT0021130","hsa-miR-5197-5p","HIKESHI","51501","ENSG00000149196","-0.192","predicted"
2,"hsa-miR-5197-5p","AAUGGCA",6,"targetscan","MIMAT0021130","hsa-miR-5197-5p","TENT2","167153","ENSG00000164329","-0.192","predicted"
2,"hsa-miR-5197-5p","AAUGGCA",6,"targetscan","MIMAT0021130","hsa-miR-5197-5p","SMIM43","132332","ENSG00000164112","-0.192","predicted"
2,"hsa-miR-5197-5p","AAUGGCA",6,"targetscan","MIMAT0021130","hsa-miR-5197-5p","LINC01619","256021","ENSG00000257242","-0.192","predicted"
2,"hsa-miR-5197-5p","AAUGGCA",6,"targetscan","MIMAT0021130","hsa-miR-5197-5p","ISY1","57461","ENSG00000240682","-0.193","predicted"
2,"hsa-miR-5197-5p","AAUGGCA",6,"targetscan","MIMAT0021130","hsa-miR-5197-5p","BMPR2","659","ENSG00000204217","-0.193","predicted"
2,"hsa-miR-5197-5p","AAUGGCA",6,"targetscan","MIMAT0021130","hsa-miR-5197-5p","SOX5","6660","ENSG00000134532","-0.193","predicted"
2,"hsa-miR-5197-5p","AAUGGCA",6,"targetscan","MIMAT0021130","hsa-miR-5197-5p","FECH","2235","ENSG00000066926","-0.193","predicted"
2,"hsa-miR-5197-5p","AAUGGCA",6,"targetscan","MIMAT0021130","hsa-miR-5197-5p","PPP2R5C","5527","ENSG00000078304","-0.193","predicted"
2,"hsa-miR-5197-5p","AAUGGCA",6,"targetscan","MIMAT0021130","hsa-miR-5197-5p","SCML1","6322","ENSG00000047634","-0.193","predicted"
2,"hsa-miR-5197-5p","AAUGGCA",6,"targetscan","MIMAT0021130","hsa-miR-5197-5p","SFMBT1","51460","ENSG00000163935","-0.193","predicted"
2,"hsa-miR-5197-5p","AAUGGCA",6,"targetscan","MIMAT0021130","hsa-miR-5197-5p","RAB23","51715","ENSG00000112210","-0.193","predicted"
2,"hsa-miR-5197-5p","AAUGGCA",6,"targetscan","MIMAT0021130","hsa-miR-5197-5p","SIRPA","140885","ENSG00000198053","-0.193","predicted"
2,"hsa-miR-5197-5p","AAUGGCA",6,"targetscan","MIMAT0021130","hsa-miR-5197-5p","SREK1IP1","285672","ENSG00000153006","-0.193","predicted"
2,"hsa-miR-5197-5p","AAUGGCA",6,"targetscan","MIMAT0021130","hsa-miR-5197-5p","BCL2L11","10018","ENSG00000153094","-0.194","predicted"
2,"hsa-miR-5197-5p","AAUGGCA",6,"targetscan","MIMAT0021130","hsa-miR-5197-5p","CNGB1","1258","ENSG00000070729","-0.194","predicted"
2,"hsa-miR-5197-5p","AAUGGCA",6,"targetscan","MIMAT0021130","hsa-miR-5197-5p","FRZB","2487","ENSG00000162998","-0.194","predicted"
2,"hsa-miR-5197-5p","AAUGGCA",6,"targetscan","MIMAT0021130","hsa-miR-5197-5p","KDM5B","10765","ENSG00000117139","-0.194","predicted"
2,"hsa-miR-5197-5p","AAUGGCA",6,"targetscan","MIMAT0021130","hsa-miR-5197-5p","MKRN2","23609","ENSG00000075975","-0.194","predicted"
2,"hsa-miR-5197-5p","AAUGGCA",6,"targetscan","MIMAT0021130","hsa-miR-5197-5p","RUNDC3B","154661","ENSG00000105784","-0.194","predicted"
2,"hsa-miR-5197-5p","AAUGGCA",6,"targetscan","MIMAT0021130","hsa-miR-5197-5p","AVPR1A","552","ENSG00000166148","-0.194","predicted"
2,"hsa-miR-5197-5p","AAUGGCA",6,"targetscan","MIMAT0021130","hsa-miR-5197-5p","TMPRSS11BNL","401136","ENSG00000226894","-0.194","predicted"
2,"hsa-miR-5197-5p","AAUGGCA",6,"targetscan","MIMAT0021130","hsa-miR-5197-5p","NUDT5","11164","ENSG00000165609","-0.194","predicted"
2,"hsa-miR-5197-5p","AAUGGCA",6,"targetscan","MIMAT0021130","hsa-miR-5197-5p","AC008443.1",NA,"ENSG00000268397","-0.194","predicted"
2,"hsa-miR-5197-5p","AAUGGCA",6,"targetscan","MIMAT0021130","hsa-miR-5197-5p","AL590235.1",NA,"ENSG00000268781","-0.194","predicted"
2,"hsa-miR-5197-5p","AAUGGCA",6,"targetscan","MIMAT0021130","hsa-miR-5197-5p","RECK","8434","ENSG00000122707","-0.195","predicted"
2,"hsa-miR-5197-5p","AAUGGCA",6,"targetscan","MIMAT0021130","hsa-miR-5197-5p","RDX","5962","ENSG00000137710","-0.195","predicted"
2,"hsa-miR-5197-5p","AAUGGCA",6,"targetscan","MIMAT0021130","hsa-miR-5197-5p","HBEGF","1839","ENSG00000113070","-0.195","predicted"
2,"hsa-miR-5197-5p","AAUGGCA",6,"targetscan","MIMAT0021130","hsa-miR-5197-5p","IAPP","3375","ENSG00000121351","-0.195","predicted"
2,"hsa-miR-5197-5p","AAUGGCA",6,"targetscan","MIMAT0021130","hsa-miR-5197-5p","NET1","10276","ENSG00000173848","-0.195","predicted"
2,"hsa-miR-5197-5p","AAUGGCA",6,"targetscan","MIMAT0021130","hsa-miR-5197-5p","C2orf49","79074","ENSG00000135974","-0.195","predicted"
2,"hsa-miR-5197-5p","AAUGGCA",6,"targetscan","MIMAT0021130","hsa-miR-5197-5p","DHX40","79665","ENSG00000108406","-0.195","predicted"
2,"hsa-miR-5197-5p","AAUGGCA",6,"targetscan","MIMAT0021130","hsa-miR-5197-5p","NHLRC3","387921","ENSG00000188811","-0.195","predicted"
2,"hsa-miR-5197-5p","AAUGGCA",6,"targetscan","MIMAT0021130","hsa-miR-5197-5p","LRRC55","219527","ENSG00000183908","-0.195","predicted"
2,"hsa-miR-5197-5p","AAUGGCA",6,"targetscan","MIMAT0021130","hsa-miR-5197-5p","NIPA2","81614","ENSG00000140157","-0.195","predicted"
2,"hsa-miR-5197-5p","AAUGGCA",6,"targetscan","MIMAT0021130","hsa-miR-5197-5p","CA7","766","ENSG00000168748","-0.195","predicted"
2,"hsa-miR-5197-5p","AAUGGCA",6,"targetscan","MIMAT0021130","hsa-miR-5197-5p","GPR12","2835","ENSG00000132975","-0.195","predicted"
2,"hsa-miR-5197-5p","AAUGGCA",6,"targetscan","MIMAT0021130","hsa-miR-5197-5p","ZNF211","10520","ENSG00000121417","-0.195","predicted"
2,"hsa-miR-5197-5p","AAUGGCA",6,"targetscan","MIMAT0021130","hsa-miR-5197-5p","PNISR","25957","ENSG00000132424","-0.195","predicted"
2,"hsa-miR-5197-5p","AAUGGCA",6,"targetscan","MIMAT0021130","hsa-miR-5197-5p","ISCA2","122961","ENSG00000165898","-0.195","predicted"
2,"hsa-miR-5197-5p","AAUGGCA",6,"targetscan","MIMAT0021130","hsa-miR-5197-5p","APOOL","139322","ENSG00000155008","-0.195","predicted"
2,"hsa-miR-5197-5p","AAUGGCA",6,"targetscan","MIMAT0021130","hsa-miR-5197-5p","RDX","5962","ENSG00000137710","-0.196","predicted"
2,"hsa-miR-5197-5p","AAUGGCA",6,"targetscan","MIMAT0021130","hsa-miR-5197-5p","CRK","1398","ENSG00000167193","-0.196","predicted"
2,"hsa-miR-5197-5p","AAUGGCA",6,"targetscan","MIMAT0021130","hsa-miR-5197-5p","DHODH","1723","ENSG00000102967","-0.196","predicted"
2,"hsa-miR-5197-5p","AAUGGCA",6,"targetscan","MIMAT0021130","hsa-miR-5197-5p","ING2","3622","ENSG00000168556","-0.196","predicted"
2,"hsa-miR-5197-5p","AAUGGCA",6,"targetscan","MIMAT0021130","hsa-miR-5197-5p","IREB2","3658","ENSG00000136381","-0.196","predicted"
2,"hsa-miR-5197-5p","AAUGGCA",6,"targetscan","MIMAT0021130","hsa-miR-5197-5p","NEK1","4750","ENSG00000137601","-0.196","predicted"
2,"hsa-miR-5197-5p","AAUGGCA",6,"targetscan","MIMAT0021130","hsa-miR-5197-5p","PKP2","5318","ENSG00000057294","-0.196","predicted"
2,"hsa-miR-5197-5p","AAUGGCA",6,"targetscan","MIMAT0021130","hsa-miR-5197-5p","ATP8A1","10396","ENSG00000124406","-0.196","predicted"
2,"hsa-miR-5197-5p","AAUGGCA",6,"targetscan","MIMAT0021130","hsa-miR-5197-5p","ZNF248","57209","ENSG00000198105","-0.196","predicted"
2,"hsa-miR-5197-5p","AAUGGCA",6,"targetscan","MIMAT0021130","hsa-miR-5197-5p","NDFIP1","80762","ENSG00000131507","-0.196","predicted"
2,"hsa-miR-5197-5p","AAUGGCA",6,"targetscan","MIMAT0021130","hsa-miR-5197-5p","ATG5","9474","ENSG00000057663","-0.196","predicted"
2,"hsa-miR-5197-5p","AAUGGCA",6,"targetscan","MIMAT0021130","hsa-miR-5197-5p","LOXL3","84695","ENSG00000115318","-0.196","predicted"
2,"hsa-miR-5197-5p","AAUGGCA",6,"targetscan","MIMAT0021130","hsa-miR-5197-5p","PLPP7","84814","ENSG00000160539","-0.196","predicted"
2,"hsa-miR-5197-5p","AAUGGCA",6,"targetscan","MIMAT0021130","hsa-miR-5197-5p","TLCD3A","79850","ENSG00000167695","-0.196","predicted"
2,"hsa-miR-5197-5p","AAUGGCA",6,"targetscan","MIMAT0021130","hsa-miR-5197-5p","RBM47","54502","ENSG00000163694","-0.197","predicted"
2,"hsa-miR-5197-5p","AAUGGCA",6,"targetscan","MIMAT0021130","hsa-miR-5197-5p","MED28","80306","ENSG00000118579","-0.197","predicted"
2,"hsa-miR-5197-5p","AAUGGCA",6,"targetscan","MIMAT0021130","hsa-miR-5197-5p","LIMS1","3987","ENSG00000169756","-0.197","predicted"
2,"hsa-miR-5197-5p","AAUGGCA",6,"targetscan","MIMAT0021130","hsa-miR-5197-5p","AP3M1","26985","ENSG00000185009","-0.197","predicted"
2,"hsa-miR-5197-5p","AAUGGCA",6,"targetscan","MIMAT0021130","hsa-miR-5197-5p","MOAP1","64112","ENSG00000165943","-0.197","predicted"
2,"hsa-miR-5197-5p","AAUGGCA",6,"targetscan","MIMAT0021130","hsa-miR-5197-5p","TMEM156","80008","ENSG00000121895","-0.197","predicted"
2,"hsa-miR-5197-5p","AAUGGCA",6,"targetscan","MIMAT0021130","hsa-miR-5197-5p","TIMM23","653252","ENSG00000138297","-0.197","predicted"
2,"hsa-miR-5197-5p","AAUGGCA",6,"targetscan","MIMAT0021130","hsa-miR-5197-5p","ZIK1","284307","ENSG00000171649","-0.197","predicted"
2,"hsa-miR-5197-5p","AAUGGCA",6,"targetscan","MIMAT0021130","hsa-miR-5197-5p","LRCH1","23143","ENSG00000136141","-0.197","predicted"
2,"hsa-miR-5197-5p","AAUGGCA",6,"targetscan","MIMAT0021130","hsa-miR-5197-5p","TMEM184C","55751","ENSG00000164168","-0.197","predicted"
2,"hsa-miR-5197-5p","AAUGGCA",6,"targetscan","MIMAT0021130","hsa-miR-5197-5p","LYRM2","57226","ENSG00000083099","-0.197","predicted"
2,"hsa-miR-5197-5p","AAUGGCA",6,"targetscan","MIMAT0021130","hsa-miR-5197-5p","SIGLECL1","284369","ENSG00000179213","-0.197","predicted"
2,"hsa-miR-5197-5p","AAUGGCA",6,"targetscan","MIMAT0021130","hsa-miR-5197-5p","DTWD2","285605","ENSG00000169570","-0.197","predicted"
2,"hsa-miR-5197-5p","AAUGGCA",6,"targetscan","MIMAT0021130","hsa-miR-5197-5p","DNAH1","25981","ENSG00000114841","-0.197","predicted"
2,"hsa-miR-5197-5p","AAUGGCA",6,"targetscan","MIMAT0021130","hsa-miR-5197-5p","MTURN","222166","ENSG00000180354","-0.197","predicted"
2,"hsa-miR-5197-5p","AAUGGCA",6,"targetscan","MIMAT0021130","hsa-miR-5197-5p","CPA3","1359","ENSG00000163751","-0.198","predicted"
2,"hsa-miR-5197-5p","AAUGGCA",6,"targetscan","MIMAT0021130","hsa-miR-5197-5p","CRH","1392","ENSG00000147571","-0.198","predicted"
2,"hsa-miR-5197-5p","AAUGGCA",6,"targetscan","MIMAT0021130","hsa-miR-5197-5p","FECH","2235","ENSG00000066926","-0.198","predicted"
2,"hsa-miR-5197-5p","AAUGGCA",6,"targetscan","MIMAT0021130","hsa-miR-5197-5p","NDUFA9","4704","ENSG00000139180","-0.198","predicted"
2,"hsa-miR-5197-5p","AAUGGCA",6,"targetscan","MIMAT0021130","hsa-miR-5197-5p","RANGAP1","5905","ENSG00000100401","-0.198","predicted"
2,"hsa-miR-5197-5p","AAUGGCA",6,"targetscan","MIMAT0021130","hsa-miR-5197-5p","SLCO3A1","28232","ENSG00000176463","-0.198","predicted"
2,"hsa-miR-5197-5p","AAUGGCA",6,"targetscan","MIMAT0021130","hsa-miR-5197-5p","MTMR9","66036","ENSG00000104643","-0.198","predicted"
2,"hsa-miR-5197-5p","AAUGGCA",6,"targetscan","MIMAT0021130","hsa-miR-5197-5p","PTCHD3","374308","ENSG00000182077","-0.198","predicted"
2,"hsa-miR-5197-5p","AAUGGCA",6,"targetscan","MIMAT0021130","hsa-miR-5197-5p","ZNF704","619279","ENSG00000164684","-0.198","predicted"
2,"hsa-miR-5197-5p","AAUGGCA",6,"targetscan","MIMAT0021130","hsa-miR-5197-5p","SHOX","6473","ENSG00000185960","-0.198","predicted"
2,"hsa-miR-5197-5p","AAUGGCA",6,"targetscan","MIMAT0021130","hsa-miR-5197-5p","SSX5","6758","ENSG00000165583","-0.198","predicted"
2,"hsa-miR-5197-5p","AAUGGCA",6,"targetscan","MIMAT0021130","hsa-miR-5197-5p","",NA,"ENSG00000197665","-0.198","predicted"
2,"hsa-miR-5197-5p","AAUGGCA",6,"targetscan","MIMAT0021130","hsa-miR-5197-5p","",NA,"ENSG00000228157","-0.198","predicted"
2,"hsa-miR-5197-5p","AAUGGCA",6,"targetscan","MIMAT0021130","hsa-miR-5197-5p","POLR1F","221830","ENSG00000105849","-0.198","predicted"
2,"hsa-miR-5197-5p","AAUGGCA",6,"targetscan","MIMAT0021130","hsa-miR-5197-5p","RAB21","23011","ENSG00000080371","-0.199","predicted"
2,"hsa-miR-5197-5p","AAUGGCA",6,"targetscan","MIMAT0021130","hsa-miR-5197-5p","FOXG1","2290","ENSG00000176165","-0.199","predicted"
2,"hsa-miR-5197-5p","AAUGGCA",6,"targetscan","MIMAT0021130","hsa-miR-5197-5p","PTPRG","5793","ENSG00000144724","-0.199","predicted"
2,"hsa-miR-5197-5p","AAUGGCA",6,"targetscan","MIMAT0021130","hsa-miR-5197-5p","SRSF2","6427","ENSG00000161547","-0.199","predicted"
2,"hsa-miR-5197-5p","AAUGGCA",6,"targetscan","MIMAT0021130","hsa-miR-5197-5p","ZNF90","7643","ENSG00000213988","-0.199","predicted"
2,"hsa-miR-5197-5p","AAUGGCA",6,"targetscan","MIMAT0021130","hsa-miR-5197-5p","PLA2R1","22925","ENSG00000153246","-0.199","predicted"
2,"hsa-miR-5197-5p","AAUGGCA",6,"targetscan","MIMAT0021130","hsa-miR-5197-5p","ZNF331","55422","ENSG00000130844","-0.199","predicted"
2,"hsa-miR-5197-5p","AAUGGCA",6,"targetscan","MIMAT0021130","hsa-miR-5197-5p","ZNF277","11179","ENSG00000198839","-0.199","predicted"
2,"hsa-miR-5197-5p","AAUGGCA",6,"targetscan","MIMAT0021130","hsa-miR-5197-5p","PPP1R15A","23645","ENSG00000087074","-0.199","predicted"
2,"hsa-miR-5197-5p","AAUGGCA",6,"targetscan","MIMAT0021130","hsa-miR-5197-5p","CCN4","8840","ENSG00000104415","-0.199","predicted"
2,"hsa-miR-5197-5p","AAUGGCA",6,"targetscan","MIMAT0021130","hsa-miR-5197-5p","NRAS","4893","ENSG00000213281","-0.2","predicted"
2,"hsa-miR-5197-5p","AAUGGCA",6,"targetscan","MIMAT0021130","hsa-miR-5197-5p","NETO2","81831","ENSG00000171208","-0.2","predicted"
2,"hsa-miR-5197-5p","AAUGGCA",6,"targetscan","MIMAT0021130","hsa-miR-5197-5p","PRKCI","5584","ENSG00000163558","-0.2","predicted"
2,"hsa-miR-5197-5p","AAUGGCA",6,"targetscan","MIMAT0021130","hsa-miR-5197-5p","RAD51","5888","ENSG00000051180","-0.2","predicted"
2,"hsa-miR-5197-5p","AAUGGCA",6,"targetscan","MIMAT0021130","hsa-miR-5197-5p","PRPF4B","8899","ENSG00000112739","-0.2","predicted"
2,"hsa-miR-5197-5p","AAUGGCA",6,"targetscan","MIMAT0021130","hsa-miR-5197-5p","CDK19","23097","ENSG00000155111","-0.2","predicted"
2,"hsa-miR-5197-5p","AAUGGCA",6,"targetscan","MIMAT0021130","hsa-miR-5197-5p","CEP68","23177","ENSG00000011523","-0.2","predicted"
2,"hsa-miR-5197-5p","AAUGGCA",6,"targetscan","MIMAT0021130","hsa-miR-5197-5p","ENOSF1","55556","ENSG00000132199","-0.2","predicted"
2,"hsa-miR-5197-5p","AAUGGCA",6,"targetscan","MIMAT0021130","hsa-miR-5197-5p","TM9SF3","56889","ENSG00000077147","-0.2","predicted"
2,"hsa-miR-5197-5p","AAUGGCA",6,"targetscan","MIMAT0021130","hsa-miR-5197-5p","TMEM135","65084","ENSG00000166575","-0.2","predicted"
2,"hsa-miR-5197-5p","AAUGGCA",6,"targetscan","MIMAT0021130","hsa-miR-5197-5p","KCNG3","170850","ENSG00000171126","-0.2","predicted"
2,"hsa-miR-5197-5p","AAUGGCA",6,"targetscan","MIMAT0021130","hsa-miR-5197-5p","CCDC148","130940","ENSG00000153237","-0.2","predicted"
2,"hsa-miR-5197-5p","AAUGGCA",6,"targetscan","MIMAT0021130","hsa-miR-5197-5p","GLYATL1","92292","ENSG00000166840","-0.2","predicted"
2,"hsa-miR-5197-5p","AAUGGCA",6,"targetscan","MIMAT0021130","hsa-miR-5197-5p","NDNF","79625","ENSG00000173376","-0.2","predicted"
2,"hsa-miR-5197-5p","AAUGGCA",6,"targetscan","MIMAT0021130","hsa-miR-5197-5p","PINX1","54984","ENSG00000258724","-0.2","predicted"
2,"hsa-miR-5197-5p","AAUGGCA",6,"targetscan","MIMAT0021130","hsa-miR-5197-5p","RBM8A","101060541","ENSG00000131795","-0.201","predicted"
2,"hsa-miR-5197-5p","AAUGGCA",6,"targetscan","MIMAT0021130","hsa-miR-5197-5p","FASTKD2","22868","ENSG00000118246","-0.201","predicted"
2,"hsa-miR-5197-5p","AAUGGCA",6,"targetscan","MIMAT0021130","hsa-miR-5197-5p","FCRLA","84824","ENSG00000132185","-0.201","predicted"
2,"hsa-miR-5197-5p","AAUGGCA",6,"targetscan","MIMAT0021130","hsa-miR-5197-5p","PDE7A","5150","ENSG00000205268","-0.201","predicted"
2,"hsa-miR-5197-5p","AAUGGCA",6,"targetscan","MIMAT0021130","hsa-miR-5197-5p","ZNF681","148213","ENSG00000196172","-0.201","predicted"
2,"hsa-miR-5197-5p","AAUGGCA",6,"targetscan","MIMAT0021130","hsa-miR-5197-5p","SKIDA1","387640","ENSG00000180592","-0.201","predicted"
2,"hsa-miR-5197-5p","AAUGGCA",6,"targetscan","MIMAT0021130","hsa-miR-5197-5p","VCX2","51480","ENSG00000177504","-0.201","predicted"
2,"hsa-miR-5197-5p","AAUGGCA",6,"targetscan","MIMAT0021130","hsa-miR-5197-5p","GGN","199720","ENSG00000179168","-0.201","predicted"
2,"hsa-miR-5197-5p","AAUGGCA",6,"targetscan","MIMAT0021130","hsa-miR-5197-5p","UMAD1","729852","ENSG00000219545","-0.201","predicted"
2,"hsa-miR-5197-5p","AAUGGCA",6,"targetscan","MIMAT0021130","hsa-miR-5197-5p","ALDH3A2","224","ENSG00000072210","-0.202","predicted"
2,"hsa-miR-5197-5p","AAUGGCA",6,"targetscan","MIMAT0021130","hsa-miR-5197-5p","LIMS1","3987","ENSG00000169756","-0.202","predicted"
2,"hsa-miR-5197-5p","AAUGGCA",6,"targetscan","MIMAT0021130","hsa-miR-5197-5p","RBBP8","5932","ENSG00000101773","-0.202","predicted"
2,"hsa-miR-5197-5p","AAUGGCA",6,"targetscan","MIMAT0021130","hsa-miR-5197-5p","NINL","22981","ENSG00000101004","-0.202","predicted"
2,"hsa-miR-5197-5p","AAUGGCA",6,"targetscan","MIMAT0021130","hsa-miR-5197-5p","MED4","29079","ENSG00000136146","-0.202","predicted"
2,"hsa-miR-5197-5p","AAUGGCA",6,"targetscan","MIMAT0021130","hsa-miR-5197-5p","SLC50A1","55974","ENSG00000169241","-0.202","predicted"
2,"hsa-miR-5197-5p","AAUGGCA",6,"targetscan","MIMAT0021130","hsa-miR-5197-5p","ZNF555","148254","ENSG00000186300","-0.202","predicted"
2,"hsa-miR-5197-5p","AAUGGCA",6,"targetscan","MIMAT0021130","hsa-miR-5197-5p","GLYATL3","389396","ENSG00000203972","-0.202","predicted"
2,"hsa-miR-5197-5p","AAUGGCA",6,"targetscan","MIMAT0021130","hsa-miR-5197-5p","SLC12A8","84561","ENSG00000221955","-0.202","predicted"
2,"hsa-miR-5197-5p","AAUGGCA",6,"targetscan","MIMAT0021130","hsa-miR-5197-5p","CAMLG","819","ENSG00000164615","-0.202","predicted"
2,"hsa-miR-5197-5p","AAUGGCA",6,"targetscan","MIMAT0021130","hsa-miR-5197-5p","ZNF256","10172","ENSG00000152454","-0.202","predicted"
2,"hsa-miR-5197-5p","AAUGGCA",6,"targetscan","MIMAT0021130","hsa-miR-5197-5p","ZNF100","163227","ENSG00000197020","-0.202","predicted"
2,"hsa-miR-5197-5p","AAUGGCA",6,"targetscan","MIMAT0021130","hsa-miR-5197-5p","CPLANE1","65250","ENSG00000197603","-0.202","predicted"
2,"hsa-miR-5197-5p","AAUGGCA",6,"targetscan","MIMAT0021130","hsa-miR-5197-5p","MDM4","4194","ENSG00000198625","-0.203","predicted"
2,"hsa-miR-5197-5p","AAUGGCA",6,"targetscan","MIMAT0021130","hsa-miR-5197-5p","SCRG1","11341","ENSG00000164106","-0.203","predicted"
2,"hsa-miR-5197-5p","AAUGGCA",6,"targetscan","MIMAT0021130","hsa-miR-5197-5p","CAV3","859","ENSG00000182533","-0.203","predicted"
2,"hsa-miR-5197-5p","AAUGGCA",6,"targetscan","MIMAT0021130","hsa-miR-5197-5p","ZNF675","171392","ENSG00000197372","-0.203","predicted"
2,"hsa-miR-5197-5p","AAUGGCA",6,"targetscan","MIMAT0021130","hsa-miR-5197-5p","ANKRD45","339416","ENSG00000183831","-0.203","predicted"
2,"hsa-miR-5197-5p","AAUGGCA",6,"targetscan","MIMAT0021130","hsa-miR-5197-5p","LSM8","51691","ENSG00000128534","-0.203","predicted"
2,"hsa-miR-5197-5p","AAUGGCA",6,"targetscan","MIMAT0021130","hsa-miR-5197-5p","TAFA2","338811","ENSG00000198673","-0.203","predicted"
2,"hsa-miR-5197-5p","AAUGGCA",6,"targetscan","MIMAT0021130","hsa-miR-5197-5p","HIST1H2AM",NA,"ENSG00000233224","-0.203","predicted"
2,"hsa-miR-5197-5p","AAUGGCA",6,"targetscan","MIMAT0021130","hsa-miR-5197-5p","CREB1","1385","ENSG00000118260","-0.204","predicted"
2,"hsa-miR-5197-5p","AAUGGCA",6,"targetscan","MIMAT0021130","hsa-miR-5197-5p","HES6","55502","ENSG00000144485","-0.204","predicted"
2,"hsa-miR-5197-5p","AAUGGCA",6,"targetscan","MIMAT0021130","hsa-miR-5197-5p","WDFY1","57590","ENSG00000085449","-0.204","predicted"
2,"hsa-miR-5197-5p","AAUGGCA",6,"targetscan","MIMAT0021130","hsa-miR-5197-5p","GSG1L","146395","ENSG00000169181","-0.204","predicted"
2,"hsa-miR-5197-5p","AAUGGCA",6,"targetscan","MIMAT0021130","hsa-miR-5197-5p","RBM12B","389677","ENSG00000183808","-0.204","predicted"
2,"hsa-miR-5197-5p","AAUGGCA",6,"targetscan","MIMAT0021130","hsa-miR-5197-5p","WASL","8976","ENSG00000106299","-0.204","predicted"
2,"hsa-miR-5197-5p","AAUGGCA",6,"targetscan","MIMAT0021130","hsa-miR-5197-5p","ARL6","84100","ENSG00000113966","-0.204","predicted"
2,"hsa-miR-5197-5p","AAUGGCA",6,"targetscan","MIMAT0021130","hsa-miR-5197-5p","DRICH1","51233","ENSG00000189269","-0.204","predicted"
2,"hsa-miR-5197-5p","AAUGGCA",6,"targetscan","MIMAT0021130","hsa-miR-5197-5p","",NA,"ENSG00000269883","-0.204","predicted"
2,"hsa-miR-5197-5p","AAUGGCA",6,"targetscan","MIMAT0021130","hsa-miR-5197-5p","PGF","5228","ENSG00000119630","-0.205","predicted"
2,"hsa-miR-5197-5p","AAUGGCA",6,"targetscan","MIMAT0021130","hsa-miR-5197-5p","TRAM1","23471","ENSG00000067167","-0.205","predicted"
2,"hsa-miR-5197-5p","AAUGGCA",6,"targetscan","MIMAT0021130","hsa-miR-5197-5p","PDSS1","23590","ENSG00000148459","-0.205","predicted"
2,"hsa-miR-5197-5p","AAUGGCA",6,"targetscan","MIMAT0021130","hsa-miR-5197-5p","MYPN","84665","ENSG00000138347","-0.205","predicted"
2,"hsa-miR-5197-5p","AAUGGCA",6,"targetscan","MIMAT0021130","hsa-miR-5197-5p","SLC30A9","10463","ENSG00000014824","-0.205","predicted"
2,"hsa-miR-5197-5p","AAUGGCA",6,"targetscan","MIMAT0021130","hsa-miR-5197-5p","CCDC127","133957","ENSG00000164366","-0.205","predicted"
2,"hsa-miR-5197-5p","AAUGGCA",6,"targetscan","MIMAT0021130","hsa-miR-5197-5p","KCNJ5-AS1","219833","ENSG00000174370","-0.205","predicted"
2,"hsa-miR-5197-5p","AAUGGCA",6,"targetscan","MIMAT0021130","hsa-miR-5197-5p","LRRFIP1","9208","ENSG00000124831","-0.206","predicted"
2,"hsa-miR-5197-5p","AAUGGCA",6,"targetscan","MIMAT0021130","hsa-miR-5197-5p","EXO1","9156","ENSG00000174371","-0.206","predicted"
2,"hsa-miR-5197-5p","AAUGGCA",6,"targetscan","MIMAT0021130","hsa-miR-5197-5p","MTHFD1L","25902","ENSG00000120254","-0.206","predicted"
2,"hsa-miR-5197-5p","AAUGGCA",6,"targetscan","MIMAT0021130","hsa-miR-5197-5p","FAM98A","25940","ENSG00000119812","-0.206","predicted"
2,"hsa-miR-5197-5p","AAUGGCA",6,"targetscan","MIMAT0021130","hsa-miR-5197-5p","TMCO1","54499","ENSG00000143183","-0.206","predicted"
2,"hsa-miR-5197-5p","AAUGGCA",6,"targetscan","MIMAT0021130","hsa-miR-5197-5p","NAPEPLD","222236","ENSG00000161048","-0.206","predicted"
2,"hsa-miR-5197-5p","AAUGGCA",6,"targetscan","MIMAT0021130","hsa-miR-5197-5p","PPP2R5E","5529","ENSG00000154001","-0.206","predicted"
2,"hsa-miR-5197-5p","AAUGGCA",6,"targetscan","MIMAT0021130","hsa-miR-5197-5p","GSAP","54103","ENSG00000186088","-0.206","predicted"
2,"hsa-miR-5197-5p","AAUGGCA",6,"targetscan","MIMAT0021130","hsa-miR-5197-5p","MARCO","8685","ENSG00000019169","-0.206","predicted"
2,"hsa-miR-5197-5p","AAUGGCA",6,"targetscan","MIMAT0021130","hsa-miR-5197-5p","ZNF143","7702","ENSG00000166478","-0.207","predicted"
2,"hsa-miR-5197-5p","AAUGGCA",6,"targetscan","MIMAT0021130","hsa-miR-5197-5p","ZKSCAN8","7745","ENSG00000198315","-0.207","predicted"
2,"hsa-miR-5197-5p","AAUGGCA",6,"targetscan","MIMAT0021130","hsa-miR-5197-5p","PLEK2","26499","ENSG00000100558","-0.207","predicted"
2,"hsa-miR-5197-5p","AAUGGCA",6,"targetscan","MIMAT0021130","hsa-miR-5197-5p","ENOSF1","55556","ENSG00000132199","-0.207","predicted"
2,"hsa-miR-5197-5p","AAUGGCA",6,"targetscan","MIMAT0021130","hsa-miR-5197-5p","DYRK4","8798","ENSG00000010219","-0.207","predicted"
2,"hsa-miR-5197-5p","AAUGGCA",6,"targetscan","MIMAT0021130","hsa-miR-5197-5p","TXNL1","9352","ENSG00000091164","-0.207","predicted"
2,"hsa-miR-5197-5p","AAUGGCA",6,"targetscan","MIMAT0021130","hsa-miR-5197-5p","PTPN20","26095","ENSG00000204179","-0.207","predicted"
2,"hsa-miR-5197-5p","AAUGGCA",6,"targetscan","MIMAT0021130","hsa-miR-5197-5p","DRC7","84229","ENSG00000159625","-0.207","predicted"
2,"hsa-miR-5197-5p","AAUGGCA",6,"targetscan","MIMAT0021130","hsa-miR-5197-5p","RTL8B","441518","ENSG00000212747","-0.207","predicted"
2,"hsa-miR-5197-5p","AAUGGCA",6,"targetscan","MIMAT0021130","hsa-miR-5197-5p","AFG1L","246269","ENSG00000135537","-0.207","predicted"
2,"hsa-miR-5197-5p","AAUGGCA",6,"targetscan","MIMAT0021130","hsa-miR-5197-5p","UTP25","27042","ENSG00000117597","-0.207","predicted"
2,"hsa-miR-5197-5p","AAUGGCA",6,"targetscan","MIMAT0021130","hsa-miR-5197-5p","PTPN20B",NA,"ENSG00000183675","-0.207","predicted"
2,"hsa-miR-5197-5p","AAUGGCA",6,"targetscan","MIMAT0021130","hsa-miR-5197-5p","CD40LG","959","ENSG00000102245","-0.208","predicted"
2,"hsa-miR-5197-5p","AAUGGCA",6,"targetscan","MIMAT0021130","hsa-miR-5197-5p","FOXG1","2290","ENSG00000176165","-0.208","predicted"
2,"hsa-miR-5197-5p","AAUGGCA",6,"targetscan","MIMAT0021130","hsa-miR-5197-5p","MMP19","4327","ENSG00000123342","-0.208","predicted"
2,"hsa-miR-5197-5p","AAUGGCA",6,"targetscan","MIMAT0021130","hsa-miR-5197-5p","BFAR","51283","ENSG00000103429","-0.208","predicted"
2,"hsa-miR-5197-5p","AAUGGCA",6,"targetscan","MIMAT0021130","hsa-miR-5197-5p","MEX3C","51320","ENSG00000176624","-0.208","predicted"
2,"hsa-miR-5197-5p","AAUGGCA",6,"targetscan","MIMAT0021130","hsa-miR-5197-5p","TMEM106C","79022","ENSG00000134291","-0.208","predicted"
2,"hsa-miR-5197-5p","AAUGGCA",6,"targetscan","MIMAT0021130","hsa-miR-5197-5p","FBXO11","80204","ENSG00000138081","-0.208","predicted"
2,"hsa-miR-5197-5p","AAUGGCA",6,"targetscan","MIMAT0021130","hsa-miR-5197-5p","CCER1","196477","ENSG00000197651","-0.208","predicted"
2,"hsa-miR-5197-5p","AAUGGCA",6,"targetscan","MIMAT0021130","hsa-miR-5197-5p","ANO6","196527","ENSG00000177119","-0.208","predicted"
2,"hsa-miR-5197-5p","AAUGGCA",6,"targetscan","MIMAT0021130","hsa-miR-5197-5p","CD3G","917","ENSG00000160654","-0.208","predicted"
2,"hsa-miR-5197-5p","AAUGGCA",6,"targetscan","MIMAT0021130","hsa-miR-5197-5p","FABP2","2169","ENSG00000145384","-0.208","predicted"
2,"hsa-miR-5197-5p","AAUGGCA",6,"targetscan","MIMAT0021130","hsa-miR-5197-5p","C10orf90","118611","ENSG00000154493","-0.208","predicted"
2,"hsa-miR-5197-5p","AAUGGCA",6,"targetscan","MIMAT0021130","hsa-miR-5197-5p","HCFC2","29915","ENSG00000111727","-0.208","predicted"
2,"hsa-miR-5197-5p","AAUGGCA",6,"targetscan","MIMAT0021130","hsa-miR-5197-5p","SMU1","55234","ENSG00000122692","-0.208","predicted"
2,"hsa-miR-5197-5p","AAUGGCA",6,"targetscan","MIMAT0021130","hsa-miR-5197-5p","GARRE1","9710","ENSG00000166398","-0.208","predicted"
2,"hsa-miR-5197-5p","AAUGGCA",6,"targetscan","MIMAT0021130","hsa-miR-5197-5p","UBE2K","3093","ENSG00000078140","-0.209","predicted"
2,"hsa-miR-5197-5p","AAUGGCA",6,"targetscan","MIMAT0021130","hsa-miR-5197-5p","P2RY6","5031","ENSG00000171631","-0.209","predicted"
2,"hsa-miR-5197-5p","AAUGGCA",6,"targetscan","MIMAT0021130","hsa-miR-5197-5p","CCDC144A","9720","ENSG00000170160","-0.209","predicted"
2,"hsa-miR-5197-5p","AAUGGCA",6,"targetscan","MIMAT0021130","hsa-miR-5197-5p","CHMP2B","25978","ENSG00000083937","-0.209","predicted"
2,"hsa-miR-5197-5p","AAUGGCA",6,"targetscan","MIMAT0021130","hsa-miR-5197-5p","IMPACT","55364","ENSG00000154059","-0.209","predicted"
2,"hsa-miR-5197-5p","AAUGGCA",6,"targetscan","MIMAT0021130","hsa-miR-5197-5p","CAAP1","79886","ENSG00000120159","-0.209","predicted"
2,"hsa-miR-5197-5p","AAUGGCA",6,"targetscan","MIMAT0021130","hsa-miR-5197-5p","ANKRD22","118932","ENSG00000152766","-0.209","predicted"
2,"hsa-miR-5197-5p","AAUGGCA",6,"targetscan","MIMAT0021130","hsa-miR-5197-5p","THEMIS","387357","ENSG00000172673","-0.209","predicted"
2,"hsa-miR-5197-5p","AAUGGCA",6,"targetscan","MIMAT0021130","hsa-miR-5197-5p","POSTN","10631","ENSG00000133110","-0.209","predicted"
2,"hsa-miR-5197-5p","AAUGGCA",6,"targetscan","MIMAT0021130","hsa-miR-5197-5p","UBE2QL1","134111","ENSG00000215218","-0.209","predicted"
2,"hsa-miR-5197-5p","AAUGGCA",6,"targetscan","MIMAT0021130","hsa-miR-5197-5p","ANKRD36","375248","ENSG00000135976","-0.209","predicted"
2,"hsa-miR-5197-5p","AAUGGCA",6,"targetscan","MIMAT0021130","hsa-miR-5197-5p","AQR","9716","ENSG00000021776","-0.209","predicted"
2,"hsa-miR-5197-5p","AAUGGCA",6,"targetscan","MIMAT0021130","hsa-miR-5197-5p","ZNF639","51193","ENSG00000121864","-0.209","predicted"
2,"hsa-miR-5197-5p","AAUGGCA",6,"targetscan","MIMAT0021130","hsa-miR-5197-5p","CFHR5","81494","ENSG00000134389","-0.209","predicted"
2,"hsa-miR-5197-5p","AAUGGCA",6,"targetscan","MIMAT0021130","hsa-miR-5197-5p","KCNE4","23704","ENSG00000152049","-0.209","predicted"
2,"hsa-miR-5197-5p","AAUGGCA",6,"targetscan","MIMAT0021130","hsa-miR-5197-5p","PYHIN1","149628","ENSG00000163564","-0.209","predicted"
2,"hsa-miR-5197-5p","AAUGGCA",6,"targetscan","MIMAT0021130","hsa-miR-5197-5p","MMUT","4594","ENSG00000146085","-0.209","predicted"
2,"hsa-miR-5197-5p","AAUGGCA",6,"targetscan","MIMAT0021130","hsa-miR-5197-5p","VCF1","84923","ENSG00000133193","-0.209","predicted"
2,"hsa-miR-5197-5p","AAUGGCA",6,"targetscan","MIMAT0021130","hsa-miR-5197-5p","CD28","940","ENSG00000178562","-0.21","predicted"
2,"hsa-miR-5197-5p","AAUGGCA",6,"targetscan","MIMAT0021130","hsa-miR-5197-5p","LSM6","11157","ENSG00000164167","-0.21","predicted"
2,"hsa-miR-5197-5p","AAUGGCA",6,"targetscan","MIMAT0021130","hsa-miR-5197-5p","COMMD10","51397","ENSG00000145781","-0.21","predicted"
2,"hsa-miR-5197-5p","AAUGGCA",6,"targetscan","MIMAT0021130","hsa-miR-5197-5p","SLC25A36","55186","ENSG00000114120","-0.21","predicted"
2,"hsa-miR-5197-5p","AAUGGCA",6,"targetscan","MIMAT0021130","hsa-miR-5197-5p","SLC25A40","55972","ENSG00000075303","-0.21","predicted"
2,"hsa-miR-5197-5p","AAUGGCA",6,"targetscan","MIMAT0021130","hsa-miR-5197-5p","KLHL42","57542","ENSG00000087448","-0.21","predicted"
2,"hsa-miR-5197-5p","AAUGGCA",6,"targetscan","MIMAT0021130","hsa-miR-5197-5p","SLITRK4","139065","ENSG00000179542","-0.21","predicted"
2,"hsa-miR-5197-5p","AAUGGCA",6,"targetscan","MIMAT0021130","hsa-miR-5197-5p","RASSF6","166824","ENSG00000169435","-0.21","predicted"
2,"hsa-miR-5197-5p","AAUGGCA",6,"targetscan","MIMAT0021130","hsa-miR-5197-5p","FRMD3","257019","ENSG00000172159","-0.21","predicted"
2,"hsa-miR-5197-5p","AAUGGCA",6,"targetscan","MIMAT0021130","hsa-miR-5197-5p","NETO1","81832","ENSG00000166342","-0.21","predicted"
2,"hsa-miR-5197-5p","AAUGGCA",6,"targetscan","MIMAT0021130","hsa-miR-5197-5p","CLEC9A","283420","ENSG00000197992","-0.21","predicted"
2,"hsa-miR-5197-5p","AAUGGCA",6,"targetscan","MIMAT0021130","hsa-miR-5197-5p","GET3","439","ENSG00000198356","-0.21","predicted"
2,"hsa-miR-5197-5p","AAUGGCA",6,"targetscan","MIMAT0021130","hsa-miR-5197-5p","EFNB1","1947","ENSG00000090776","-0.211","predicted"
2,"hsa-miR-5197-5p","AAUGGCA",6,"targetscan","MIMAT0021130","hsa-miR-5197-5p","PBLD","64081","ENSG00000108187","-0.211","predicted"
2,"hsa-miR-5197-5p","AAUGGCA",6,"targetscan","MIMAT0021130","hsa-miR-5197-5p","ARL14EP","120534","ENSG00000152219","-0.211","predicted"
2,"hsa-miR-5197-5p","AAUGGCA",6,"targetscan","MIMAT0021130","hsa-miR-5197-5p","RNF32","140545","ENSG00000105982","-0.211","predicted"
2,"hsa-miR-5197-5p","AAUGGCA",6,"targetscan","MIMAT0021130","hsa-miR-5197-5p","EMP2","2013","ENSG00000213853","-0.211","predicted"
2,"hsa-miR-5197-5p","AAUGGCA",6,"targetscan","MIMAT0021130","hsa-miR-5197-5p","CNTD1","124817","ENSG00000176563","-0.211","predicted"
2,"hsa-miR-5197-5p","AAUGGCA",6,"targetscan","MIMAT0021130","hsa-miR-5197-5p","YWHAZ","7534","ENSG00000164924","-0.212","predicted"
2,"hsa-miR-5197-5p","AAUGGCA",6,"targetscan","MIMAT0021130","hsa-miR-5197-5p","HOXA9","3205","ENSG00000078399","-0.212","predicted"
2,"hsa-miR-5197-5p","AAUGGCA",6,"targetscan","MIMAT0021130","hsa-miR-5197-5p","EBAG9","9166","ENSG00000147654","-0.212","predicted"
2,"hsa-miR-5197-5p","AAUGGCA",6,"targetscan","MIMAT0021130","hsa-miR-5197-5p","JAKMIP2","9832","ENSG00000176049","-0.212","predicted"
2,"hsa-miR-5197-5p","AAUGGCA",6,"targetscan","MIMAT0021130","hsa-miR-5197-5p","SDAD1","55153","ENSG00000198301","-0.212","predicted"
2,"hsa-miR-5197-5p","AAUGGCA",6,"targetscan","MIMAT0021130","hsa-miR-5197-5p","DCUN1D3","123879","ENSG00000188215","-0.212","predicted"
2,"hsa-miR-5197-5p","AAUGGCA",6,"targetscan","MIMAT0021130","hsa-miR-5197-5p","CNGA1","1259","ENSG00000198515","-0.212","predicted"
2,"hsa-miR-5197-5p","AAUGGCA",6,"targetscan","MIMAT0021130","hsa-miR-5197-5p","ZNF780B","163131","ENSG00000128000","-0.212","predicted"
2,"hsa-miR-5197-5p","AAUGGCA",6,"targetscan","MIMAT0021130","hsa-miR-5197-5p","ATM","472","ENSG00000149311","-0.213","predicted"
2,"hsa-miR-5197-5p","AAUGGCA",6,"targetscan","MIMAT0021130","hsa-miR-5197-5p","BMPR1A","657","ENSG00000107779","-0.213","predicted"
2,"hsa-miR-5197-5p","AAUGGCA",6,"targetscan","MIMAT0021130","hsa-miR-5197-5p","GMFB","2764","ENSG00000197045","-0.213","predicted"
2,"hsa-miR-5197-5p","AAUGGCA",6,"targetscan","MIMAT0021130","hsa-miR-5197-5p","ARPP19","10776","ENSG00000128989","-0.213","predicted"
2,"hsa-miR-5197-5p","AAUGGCA",6,"targetscan","MIMAT0021130","hsa-miR-5197-5p","BTBD3","22903","ENSG00000132640","-0.213","predicted"
2,"hsa-miR-5197-5p","AAUGGCA",6,"targetscan","MIMAT0021130","hsa-miR-5197-5p","C1QC","714","ENSG00000159189","-0.213","predicted"
2,"hsa-miR-5197-5p","AAUGGCA",6,"targetscan","MIMAT0021130","hsa-miR-5197-5p","THBS2","7058","ENSG00000186340","-0.213","predicted"
2,"hsa-miR-5197-5p","AAUGGCA",6,"targetscan","MIMAT0021130","hsa-miR-5197-5p","TMBIM4","51643","ENSG00000155957","-0.213","predicted"
2,"hsa-miR-5197-5p","AAUGGCA",6,"targetscan","MIMAT0021130","hsa-miR-5197-5p","DAB1","1600","ENSG00000173406","-0.213","predicted"
2,"hsa-miR-5197-5p","AAUGGCA",6,"targetscan","MIMAT0021130","hsa-miR-5197-5p","TEX12","56158","ENSG00000150783","-0.213","predicted"
2,"hsa-miR-5197-5p","AAUGGCA",6,"targetscan","MIMAT0021130","hsa-miR-5197-5p","ZNF681","148213","ENSG00000196172","-0.213","predicted"
2,"hsa-miR-5197-5p","AAUGGCA",6,"targetscan","MIMAT0021130","hsa-miR-5197-5p","CCDC50","152137","ENSG00000152492","-0.213","predicted"
2,"hsa-miR-5197-5p","AAUGGCA",6,"targetscan","MIMAT0021130","hsa-miR-5197-5p","FOXC2","2303","ENSG00000176692","-0.213","predicted"
2,"hsa-miR-5197-5p","AAUGGCA",6,"targetscan","MIMAT0021130","hsa-miR-5197-5p","OSBPL8","114882","ENSG00000091039","-0.214","predicted"
2,"hsa-miR-5197-5p","AAUGGCA",6,"targetscan","MIMAT0021130","hsa-miR-5197-5p","KHK","3795","ENSG00000138030","-0.214","predicted"
2,"hsa-miR-5197-5p","AAUGGCA",6,"targetscan","MIMAT0021130","hsa-miR-5197-5p","HTRA1","5654","ENSG00000166033","-0.214","predicted"
2,"hsa-miR-5197-5p","AAUGGCA",6,"targetscan","MIMAT0021130","hsa-miR-5197-5p","RALA","5898","ENSG00000006451","-0.214","predicted"
2,"hsa-miR-5197-5p","AAUGGCA",6,"targetscan","MIMAT0021130","hsa-miR-5197-5p","SRSF4","6429","ENSG00000116350","-0.214","predicted"
2,"hsa-miR-5197-5p","AAUGGCA",6,"targetscan","MIMAT0021130","hsa-miR-5197-5p","AP1M1","8907","ENSG00000072958","-0.214","predicted"
2,"hsa-miR-5197-5p","AAUGGCA",6,"targetscan","MIMAT0021130","hsa-miR-5197-5p","PAX8","7849","ENSG00000125618","-0.214","predicted"
2,"hsa-miR-5197-5p","AAUGGCA",6,"targetscan","MIMAT0021130","hsa-miR-5197-5p","ATP11AUN","400165","ENSG00000197595","-0.214","predicted"
2,"hsa-miR-5197-5p","AAUGGCA",6,"targetscan","MIMAT0021130","hsa-miR-5197-5p","BVES","11149","ENSG00000112276","-0.215","predicted"
2,"hsa-miR-5197-5p","AAUGGCA",6,"targetscan","MIMAT0021130","hsa-miR-5197-5p","LHX9","56956","ENSG00000143355","-0.215","predicted"
2,"hsa-miR-5197-5p","AAUGGCA",6,"targetscan","MIMAT0021130","hsa-miR-5197-5p","SLA2","84174","ENSG00000101082","-0.215","predicted"
2,"hsa-miR-5197-5p","AAUGGCA",6,"targetscan","MIMAT0021130","hsa-miR-5197-5p","SLITRK4","139065","ENSG00000179542","-0.215","predicted"
2,"hsa-miR-5197-5p","AAUGGCA",6,"targetscan","MIMAT0021130","hsa-miR-5197-5p","ATP6V1C2","245973","ENSG00000143882","-0.215","predicted"
2,"hsa-miR-5197-5p","AAUGGCA",6,"targetscan","MIMAT0021130","hsa-miR-5197-5p","ZBTB34","403341","ENSG00000177125","-0.215","predicted"
2,"hsa-miR-5197-5p","AAUGGCA",6,"targetscan","MIMAT0021130","hsa-miR-5197-5p","CRBN","51185","ENSG00000113851","-0.215","predicted"
2,"hsa-miR-5197-5p","AAUGGCA",6,"targetscan","MIMAT0021130","hsa-miR-5197-5p","DMRTB1","63948","ENSG00000143006","-0.215","predicted"
2,"hsa-miR-5197-5p","AAUGGCA",6,"targetscan","MIMAT0021130","hsa-miR-5197-5p","MAN1A1","4121","ENSG00000111885","-0.216","predicted"
2,"hsa-miR-5197-5p","AAUGGCA",6,"targetscan","MIMAT0021130","hsa-miR-5197-5p","ANKRD28","23243","ENSG00000206560","-0.216","predicted"
2,"hsa-miR-5197-5p","AAUGGCA",6,"targetscan","MIMAT0021130","hsa-miR-5197-5p","GALNT12","79695","ENSG00000119514","-0.216","predicted"
2,"hsa-miR-5197-5p","AAUGGCA",6,"targetscan","MIMAT0021130","hsa-miR-5197-5p","RAPGEF5","9771","ENSG00000136237","-0.216","predicted"
2,"hsa-miR-5197-5p","AAUGGCA",6,"targetscan","MIMAT0021130","hsa-miR-5197-5p","SERINC1","57515","ENSG00000111897","-0.216","predicted"
2,"hsa-miR-5197-5p","AAUGGCA",6,"targetscan","MIMAT0021130","hsa-miR-5197-5p","PPCDC","60490","ENSG00000138621","-0.216","predicted"
2,"hsa-miR-5197-5p","AAUGGCA",6,"targetscan","MIMAT0021130","hsa-miR-5197-5p","PRXL2B","127281","ENSG00000157870","-0.216","predicted"
2,"hsa-miR-5197-5p","AAUGGCA",6,"targetscan","MIMAT0021130","hsa-miR-5197-5p","SLC66A3","130814","ENSG00000162976","-0.216","predicted"
2,"hsa-miR-5197-5p","AAUGGCA",6,"targetscan","MIMAT0021130","hsa-miR-5197-5p","LINC02873","283171","ENSG00000175728","-0.216","predicted"
2,"hsa-miR-5197-5p","AAUGGCA",6,"targetscan","MIMAT0021130","hsa-miR-5197-5p","NOTCH1","4851","ENSG00000148400","-0.217","predicted"
2,"hsa-miR-5197-5p","AAUGGCA",6,"targetscan","MIMAT0021130","hsa-miR-5197-5p","KCNJ2","3759","ENSG00000123700","-0.217","predicted"
2,"hsa-miR-5197-5p","AAUGGCA",6,"targetscan","MIMAT0021130","hsa-miR-5197-5p","HSDL2","84263","ENSG00000119471","-0.217","predicted"
2,"hsa-miR-5197-5p","AAUGGCA",6,"targetscan","MIMAT0021130","hsa-miR-5197-5p","DUSP6","1848","ENSG00000139318","-0.217","predicted"
2,"hsa-miR-5197-5p","AAUGGCA",6,"targetscan","MIMAT0021130","hsa-miR-5197-5p","MAP3K4","4216","ENSG00000085511","-0.217","predicted"
2,"hsa-miR-5197-5p","AAUGGCA",6,"targetscan","MIMAT0021130","hsa-miR-5197-5p","LYVE1","10894","ENSG00000133800","-0.217","predicted"
2,"hsa-miR-5197-5p","AAUGGCA",6,"targetscan","MIMAT0021130","hsa-miR-5197-5p","LEF1","51176","ENSG00000138795","-0.217","predicted"
2,"hsa-miR-5197-5p","AAUGGCA",6,"targetscan","MIMAT0021130","hsa-miR-5197-5p","LRRC36","55282","ENSG00000159708","-0.217","predicted"
2,"hsa-miR-5197-5p","AAUGGCA",6,"targetscan","MIMAT0021130","hsa-miR-5197-5p","KIF27","55582","ENSG00000165115","-0.217","predicted"
2,"hsa-miR-5197-5p","AAUGGCA",6,"targetscan","MIMAT0021130","hsa-miR-5197-5p","SGPP1","81537","ENSG00000126821","-0.217","predicted"
2,"hsa-miR-5197-5p","AAUGGCA",6,"targetscan","MIMAT0021130","hsa-miR-5197-5p","TRIM59","286827","ENSG00000213186","-0.217","predicted"
2,"hsa-miR-5197-5p","AAUGGCA",6,"targetscan","MIMAT0021130","hsa-miR-5197-5p","ARL16","339231","ENSG00000214087","-0.217","predicted"
2,"hsa-miR-5197-5p","AAUGGCA",6,"targetscan","MIMAT0021130","hsa-miR-5197-5p","TCP11L1","55346","ENSG00000176148","-0.217","predicted"
2,"hsa-miR-5197-5p","AAUGGCA",6,"targetscan","MIMAT0021130","hsa-miR-5197-5p","ZNF43","7594","ENSG00000198521","-0.217","predicted"
2,"hsa-miR-5197-5p","AAUGGCA",6,"targetscan","MIMAT0021130","hsa-miR-5197-5p","VCX","26609","ENSG00000182583","-0.217","predicted"
2,"hsa-miR-5197-5p","AAUGGCA",6,"targetscan","MIMAT0021130","hsa-miR-5197-5p","LCMT2","9836","ENSG00000168806","-0.217","predicted"
2,"hsa-miR-5197-5p","AAUGGCA",6,"targetscan","MIMAT0021130","hsa-miR-5197-5p","TADA1","117143","ENSG00000152382","-0.217","predicted"
2,"hsa-miR-5197-5p","AAUGGCA",6,"targetscan","MIMAT0021130","hsa-miR-5197-5p","CNOT6L","246175","ENSG00000138767","-0.217","predicted"
2,"hsa-miR-5197-5p","AAUGGCA",6,"targetscan","MIMAT0021130","hsa-miR-5197-5p","HSPE1-MOB4","100529241","ENSG00000270757","-0.217","predicted"
2,"hsa-miR-5197-5p","AAUGGCA",6,"targetscan","MIMAT0021130","hsa-miR-5197-5p","HIST1H2AH",NA,"ENSG00000184825","-0.217","predicted"
2,"hsa-miR-5197-5p","AAUGGCA",6,"targetscan","MIMAT0021130","hsa-miR-5197-5p","ATP6V0E1","8992","ENSG00000113732","-0.218","predicted"
2,"hsa-miR-5197-5p","AAUGGCA",6,"targetscan","MIMAT0021130","hsa-miR-5197-5p","SLC35A1","10559","ENSG00000164414","-0.218","predicted"
2,"hsa-miR-5197-5p","AAUGGCA",6,"targetscan","MIMAT0021130","hsa-miR-5197-5p","CSNK1A1","1452","ENSG00000113712","-0.218","predicted"
2,"hsa-miR-5197-5p","AAUGGCA",6,"targetscan","MIMAT0021130","hsa-miR-5197-5p","FGF2","2247","ENSG00000138685","-0.218","predicted"
2,"hsa-miR-5197-5p","AAUGGCA",6,"targetscan","MIMAT0021130","hsa-miR-5197-5p","SAA1","6288","ENSG00000173432","-0.218","predicted"
2,"hsa-miR-5197-5p","AAUGGCA",6,"targetscan","MIMAT0021130","hsa-miR-5197-5p","SLC25A12","8604","ENSG00000115840","-0.218","predicted"
2,"hsa-miR-5197-5p","AAUGGCA",6,"targetscan","MIMAT0021130","hsa-miR-5197-5p","ZNF793","390927","ENSG00000188227","-0.218","predicted"
2,"hsa-miR-5197-5p","AAUGGCA",6,"targetscan","MIMAT0021130","hsa-miR-5197-5p","ZNF577","84765","ENSG00000161551","-0.218","predicted"
2,"hsa-miR-5197-5p","AAUGGCA",6,"targetscan","MIMAT0021130","hsa-miR-5197-5p","GYPC","2995","ENSG00000136732","-0.218","predicted"
2,"hsa-miR-5197-5p","AAUGGCA",6,"targetscan","MIMAT0021130","hsa-miR-5197-5p","GIMAP1","170575","ENSG00000213203","-0.218","predicted"
2,"hsa-miR-5197-5p","AAUGGCA",6,"targetscan","MIMAT0021130","hsa-miR-5197-5p","CDC42","998","ENSG00000070831","-0.219","predicted"
2,"hsa-miR-5197-5p","AAUGGCA",6,"targetscan","MIMAT0021130","hsa-miR-5197-5p","TIMM8A","1678","ENSG00000126953","-0.219","predicted"
2,"hsa-miR-5197-5p","AAUGGCA",6,"targetscan","MIMAT0021130","hsa-miR-5197-5p","DLD","1738","ENSG00000091140","-0.219","predicted"
2,"hsa-miR-5197-5p","AAUGGCA",6,"targetscan","MIMAT0021130","hsa-miR-5197-5p","SDHC","6391","ENSG00000143252","-0.219","predicted"
2,"hsa-miR-5197-5p","AAUGGCA",6,"targetscan","MIMAT0021130","hsa-miR-5197-5p","RHOXF2B","727940","ENSG00000203989","-0.219","predicted"
2,"hsa-miR-5197-5p","AAUGGCA",6,"targetscan","MIMAT0021130","hsa-miR-5197-5p","TSEN15","116461","ENSG00000198860","-0.219","predicted"
2,"hsa-miR-5197-5p","AAUGGCA",6,"targetscan","MIMAT0021130","hsa-miR-5197-5p","DUX4L5",NA,"ENSG00000259063","-0.219","predicted"
2,"hsa-miR-5197-5p","AAUGGCA",6,"targetscan","MIMAT0021130","hsa-miR-5197-5p","ALDOA","226","ENSG00000149925","-0.22","predicted"
2,"hsa-miR-5197-5p","AAUGGCA",6,"targetscan","MIMAT0021130","hsa-miR-5197-5p","PHKB","5257","ENSG00000102893","-0.22","predicted"
2,"hsa-miR-5197-5p","AAUGGCA",6,"targetscan","MIMAT0021130","hsa-miR-5197-5p","ZFAND5","7763","ENSG00000107372","-0.22","predicted"
2,"hsa-miR-5197-5p","AAUGGCA",6,"targetscan","MIMAT0021130","hsa-miR-5197-5p","PPM1D","8493","ENSG00000170836","-0.22","predicted"
2,"hsa-miR-5197-5p","AAUGGCA",6,"targetscan","MIMAT0021130","hsa-miR-5197-5p","TEX2","55852","ENSG00000136478","-0.22","predicted"
2,"hsa-miR-5197-5p","AAUGGCA",6,"targetscan","MIMAT0021130","hsa-miR-5197-5p","PLEKHA1","59338","ENSG00000107679","-0.22","predicted"
2,"hsa-miR-5197-5p","AAUGGCA",6,"targetscan","MIMAT0021130","hsa-miR-5197-5p","EPB41L4A","64097","ENSG00000129595","-0.22","predicted"
2,"hsa-miR-5197-5p","AAUGGCA",6,"targetscan","MIMAT0021130","hsa-miR-5197-5p","ARPC4","10093","ENSG00000241553","-0.22","predicted"
2,"hsa-miR-5197-5p","AAUGGCA",6,"targetscan","MIMAT0021130","hsa-miR-5197-5p","PATE3","100169851","ENSG00000236027","-0.22","predicted"
2,"hsa-miR-5197-5p","AAUGGCA",6,"targetscan","MIMAT0021130","hsa-miR-5197-5p","MS4A7","58475","ENSG00000166927","-0.22","predicted"
2,"hsa-miR-5197-5p","AAUGGCA",6,"targetscan","MIMAT0021130","hsa-miR-5197-5p","GANC","2595","ENSG00000214013","-0.22","predicted"
2,"hsa-miR-5197-5p","AAUGGCA",6,"targetscan","MIMAT0021130","hsa-miR-5197-5p","SURF2","6835","ENSG00000148291","-0.22","predicted"
2,"hsa-miR-5197-5p","AAUGGCA",6,"targetscan","MIMAT0021130","hsa-miR-5197-5p","PPP5D1P",NA,"ENSG00000230510","-0.22","predicted"
2,"hsa-miR-5197-5p","AAUGGCA",6,"targetscan","MIMAT0021130","hsa-miR-5197-5p","GGA2","23062","ENSG00000103365","-0.221","predicted"
2,"hsa-miR-5197-5p","AAUGGCA",6,"targetscan","MIMAT0021130","hsa-miR-5197-5p","SLC25A31","83447","ENSG00000151475","-0.221","predicted"
2,"hsa-miR-5197-5p","AAUGGCA",6,"targetscan","MIMAT0021130","hsa-miR-5197-5p","VCX3B","425054","ENSG00000205642","-0.221","predicted"
2,"hsa-miR-5197-5p","AAUGGCA",6,"targetscan","MIMAT0021130","hsa-miR-5197-5p","XG","7499","ENSG00000124343","-0.221","predicted"
2,"hsa-miR-5197-5p","AAUGGCA",6,"targetscan","MIMAT0021130","hsa-miR-5197-5p","VCX3A","51481","ENSG00000169059","-0.221","predicted"
2,"hsa-miR-5197-5p","AAUGGCA",6,"targetscan","MIMAT0021130","hsa-miR-5197-5p","COX16","51241","ENSG00000133983","-0.221","predicted"
2,"hsa-miR-5197-5p","AAUGGCA",6,"targetscan","MIMAT0021130","hsa-miR-5197-5p","RPS3","6188","ENSG00000149273","-0.221","predicted"
2,"hsa-miR-5197-5p","AAUGGCA",6,"targetscan","MIMAT0021130","hsa-miR-5197-5p","DAOA","267012","ENSG00000182346","-0.221","predicted"
2,"hsa-miR-5197-5p","AAUGGCA",6,"targetscan","MIMAT0021130","hsa-miR-5197-5p","DIPK1C","125704","ENSG00000187773","-0.221","predicted"
2,"hsa-miR-5197-5p","AAUGGCA",6,"targetscan","MIMAT0021130","hsa-miR-5197-5p","GALNT1","2589","ENSG00000141429","-0.222","predicted"
2,"hsa-miR-5197-5p","AAUGGCA",6,"targetscan","MIMAT0021130","hsa-miR-5197-5p","BPY2","9083","ENSG00000183753","-0.222","predicted"
2,"hsa-miR-5197-5p","AAUGGCA",6,"targetscan","MIMAT0021130","hsa-miR-5197-5p","TMED7","51014","ENSG00000134970","-0.222","predicted"
2,"hsa-miR-5197-5p","AAUGGCA",6,"targetscan","MIMAT0021130","hsa-miR-5197-5p","CNEP1R1","255919","ENSG00000205423","-0.222","predicted"
2,"hsa-miR-5197-5p","AAUGGCA",6,"targetscan","MIMAT0021130","hsa-miR-5197-5p","C6orf226","441150","ENSG00000221821","-0.222","predicted"
2,"hsa-miR-5197-5p","AAUGGCA",6,"targetscan","MIMAT0021130","hsa-miR-5197-5p","RTTN","25914","ENSG00000176225","-0.222","predicted"
2,"hsa-miR-5197-5p","AAUGGCA",6,"targetscan","MIMAT0021130","hsa-miR-5197-5p","LDAH","60526","ENSG00000118961","-0.222","predicted"
2,"hsa-miR-5197-5p","AAUGGCA",6,"targetscan","MIMAT0021130","hsa-miR-5197-5p","PPDPFL","492307","ENSG00000168333","-0.222","predicted"
2,"hsa-miR-5197-5p","AAUGGCA",6,"targetscan","MIMAT0021130","hsa-miR-5197-5p","CLXN","79645","ENSG00000034239","-0.222","predicted"
2,"hsa-miR-5197-5p","AAUGGCA",6,"targetscan","MIMAT0021130","hsa-miR-5197-5p","CRHR2","1395","ENSG00000106113","-0.223","predicted"
2,"hsa-miR-5197-5p","AAUGGCA",6,"targetscan","MIMAT0021130","hsa-miR-5197-5p","IMPA1","3612","ENSG00000133731","-0.223","predicted"
2,"hsa-miR-5197-5p","AAUGGCA",6,"targetscan","MIMAT0021130","hsa-miR-5197-5p","STRN","6801","ENSG00000115808","-0.223","predicted"
2,"hsa-miR-5197-5p","AAUGGCA",6,"targetscan","MIMAT0021130","hsa-miR-5197-5p","ZNF140","7699","ENSG00000196387","-0.223","predicted"
2,"hsa-miR-5197-5p","AAUGGCA",6,"targetscan","MIMAT0021130","hsa-miR-5197-5p","SUPT3H","8464","ENSG00000196284","-0.223","predicted"
2,"hsa-miR-5197-5p","AAUGGCA",6,"targetscan","MIMAT0021130","hsa-miR-5197-5p","RASSF8","11228","ENSG00000123094","-0.223","predicted"
2,"hsa-miR-5197-5p","AAUGGCA",6,"targetscan","MIMAT0021130","hsa-miR-5197-5p","ALAS1","211","ENSG00000023330","-0.223","predicted"
2,"hsa-miR-5197-5p","AAUGGCA",6,"targetscan","MIMAT0021130","hsa-miR-5197-5p","CNR1","1268","ENSG00000118432","-0.223","predicted"
2,"hsa-miR-5197-5p","AAUGGCA",6,"targetscan","MIMAT0021130","hsa-miR-5197-5p","GPR6","2830","ENSG00000146360","-0.223","predicted"
2,"hsa-miR-5197-5p","AAUGGCA",6,"targetscan","MIMAT0021130","hsa-miR-5197-5p","ELAC1","55520","ENSG00000141642","-0.223","predicted"
2,"hsa-miR-5197-5p","AAUGGCA",6,"targetscan","MIMAT0021130","hsa-miR-5197-5p","LOC283731","283731","ENSG00000248540","-0.223","predicted"
2,"hsa-miR-5197-5p","AAUGGCA",6,"targetscan","MIMAT0021130","hsa-miR-5197-5p","TWIST2","117581","ENSG00000233608","-0.224","predicted"
2,"hsa-miR-5197-5p","AAUGGCA",6,"targetscan","MIMAT0021130","hsa-miR-5197-5p","SEC62","7095","ENSG00000008952","-0.224","predicted"
2,"hsa-miR-5197-5p","AAUGGCA",6,"targetscan","MIMAT0021130","hsa-miR-5197-5p","GOLGA7","51125","ENSG00000147533","-0.224","predicted"
2,"hsa-miR-5197-5p","AAUGGCA",6,"targetscan","MIMAT0021130","hsa-miR-5197-5p","ZNF430","80264","ENSG00000118620","-0.224","predicted"
2,"hsa-miR-5197-5p","AAUGGCA",6,"targetscan","MIMAT0021130","hsa-miR-5197-5p","COX7C","1350","ENSG00000127184","-0.224","predicted"
2,"hsa-miR-5197-5p","AAUGGCA",6,"targetscan","MIMAT0021130","hsa-miR-5197-5p","ASAH2B","653308","ENSG00000204147","-0.224","predicted"
2,"hsa-miR-5197-5p","AAUGGCA",6,"targetscan","MIMAT0021130","hsa-miR-5197-5p","GPALPP1","55425","ENSG00000133114","-0.224","predicted"
2,"hsa-miR-5197-5p","AAUGGCA",6,"targetscan","MIMAT0021130","hsa-miR-5197-5p","SLC31A2","1318","ENSG00000136867","-0.225","predicted"
2,"hsa-miR-5197-5p","AAUGGCA",6,"targetscan","MIMAT0021130","hsa-miR-5197-5p","PLAGL2","5326","ENSG00000126003","-0.225","predicted"
2,"hsa-miR-5197-5p","AAUGGCA",6,"targetscan","MIMAT0021130","hsa-miR-5197-5p","PRSS16","10279","ENSG00000112812","-0.225","predicted"
2,"hsa-miR-5197-5p","AAUGGCA",6,"targetscan","MIMAT0021130","hsa-miR-5197-5p","PCOLCE2","26577","ENSG00000163710","-0.225","predicted"
2,"hsa-miR-5197-5p","AAUGGCA",6,"targetscan","MIMAT0021130","hsa-miR-5197-5p","TCF7L2","6934","ENSG00000148737","-0.225","predicted"
2,"hsa-miR-5197-5p","AAUGGCA",6,"targetscan","MIMAT0021130","hsa-miR-5197-5p","RNF146","81847","ENSG00000118518","-0.225","predicted"
2,"hsa-miR-5197-5p","AAUGGCA",6,"targetscan","MIMAT0021130","hsa-miR-5197-5p","NAV3","89795","ENSG00000067798","-0.225","predicted"
2,"hsa-miR-5197-5p","AAUGGCA",6,"targetscan","MIMAT0021130","hsa-miR-5197-5p","ATP5MC1","516","ENSG00000159199","-0.225","predicted"
2,"hsa-miR-5197-5p","AAUGGCA",6,"targetscan","MIMAT0021130","hsa-miR-5197-5p","LINC02453","643770","ENSG00000245017","-0.225","predicted"
2,"hsa-miR-5197-5p","AAUGGCA",6,"targetscan","MIMAT0021130","hsa-miR-5197-5p","LL22NC03-63E9.3","648691","ENSG00000220891","-0.225","predicted"
2,"hsa-miR-5197-5p","AAUGGCA",6,"targetscan","MIMAT0021130","hsa-miR-5197-5p","SMARCE1","6605","ENSG00000073584","-0.226","predicted"
2,"hsa-miR-5197-5p","AAUGGCA",6,"targetscan","MIMAT0021130","hsa-miR-5197-5p","ARL6IP6","151188","ENSG00000177917","-0.226","predicted"
2,"hsa-miR-5197-5p","AAUGGCA",6,"targetscan","MIMAT0021130","hsa-miR-5197-5p","NHLRC3","387921","ENSG00000188811","-0.226","predicted"
2,"hsa-miR-5197-5p","AAUGGCA",6,"targetscan","MIMAT0021130","hsa-miR-5197-5p","C11orf68","83638","ENSG00000175573","-0.226","predicted"
2,"hsa-miR-5197-5p","AAUGGCA",6,"targetscan","MIMAT0021130","hsa-miR-5197-5p","NKAIN3","286183","ENSG00000185942","-0.226","predicted"
2,"hsa-miR-5197-5p","AAUGGCA",6,"targetscan","MIMAT0021130","hsa-miR-5197-5p","ZNF724","440519","ENSG00000196081","-0.226","predicted"
2,"hsa-miR-5197-5p","AAUGGCA",6,"targetscan","MIMAT0021130","hsa-miR-5197-5p","ANKRD27","84079","ENSG00000105186","-0.227","predicted"
2,"hsa-miR-5197-5p","AAUGGCA",6,"targetscan","MIMAT0021130","hsa-miR-5197-5p","ABCF1","23","ENSG00000204574","-0.227","predicted"
2,"hsa-miR-5197-5p","AAUGGCA",6,"targetscan","MIMAT0021130","hsa-miR-5197-5p","HMGN2","3151","ENSG00000198830","-0.227","predicted"
2,"hsa-miR-5197-5p","AAUGGCA",6,"targetscan","MIMAT0021130","hsa-miR-5197-5p","YWHAE","7531","ENSG00000108953","-0.227","predicted"
2,"hsa-miR-5197-5p","AAUGGCA",6,"targetscan","MIMAT0021130","hsa-miR-5197-5p","PRR3","80742","ENSG00000204576","-0.227","predicted"
2,"hsa-miR-5197-5p","AAUGGCA",6,"targetscan","MIMAT0021130","hsa-miR-5197-5p","MCOLN3","55283","ENSG00000055732","-0.227","predicted"
2,"hsa-miR-5197-5p","AAUGGCA",6,"targetscan","MIMAT0021130","hsa-miR-5197-5p","UQCC1","55245","ENSG00000101019","-0.227","predicted"
2,"hsa-miR-5197-5p","AAUGGCA",6,"targetscan","MIMAT0021130","hsa-miR-5197-5p","GPRASP3","80823","ENSG00000198908","-0.227","predicted"
2,"hsa-miR-5197-5p","AAUGGCA",6,"targetscan","MIMAT0021130","hsa-miR-5197-5p","AC012360.2",NA,"ENSG00000268809","-0.227","predicted"
2,"hsa-miR-5197-5p","AAUGGCA",6,"targetscan","MIMAT0021130","hsa-miR-5197-5p","RBMS1","5937","ENSG00000153250","-0.228","predicted"
2,"hsa-miR-5197-5p","AAUGGCA",6,"targetscan","MIMAT0021130","hsa-miR-5197-5p","SRI","6717","ENSG00000075142","-0.228","predicted"
2,"hsa-miR-5197-5p","AAUGGCA",6,"targetscan","MIMAT0021130","hsa-miR-5197-5p","ARL6IP5","10550","ENSG00000144746","-0.228","predicted"
2,"hsa-miR-5197-5p","AAUGGCA",6,"targetscan","MIMAT0021130","hsa-miR-5197-5p","RACK1","10399","ENSG00000204628","-0.228","predicted"
2,"hsa-miR-5197-5p","AAUGGCA",6,"targetscan","MIMAT0021130","hsa-miR-5197-5p","SPARC","6678","ENSG00000113140","-0.229","predicted"
2,"hsa-miR-5197-5p","AAUGGCA",6,"targetscan","MIMAT0021130","hsa-miR-5197-5p","FECH","2235","ENSG00000066926","-0.229","predicted"
2,"hsa-miR-5197-5p","AAUGGCA",6,"targetscan","MIMAT0021130","hsa-miR-5197-5p","ZNF644","84146","ENSG00000122482","-0.229","predicted"
2,"hsa-miR-5197-5p","AAUGGCA",6,"targetscan","MIMAT0021130","hsa-miR-5197-5p","BPY2B","442867","ENSG00000183795","-0.229","predicted"
2,"hsa-miR-5197-5p","AAUGGCA",6,"targetscan","MIMAT0021130","hsa-miR-5197-5p","BPY2C","442868","ENSG00000185894","-0.229","predicted"
2,"hsa-miR-5197-5p","AAUGGCA",6,"targetscan","MIMAT0021130","hsa-miR-5197-5p","GBE1","2632","ENSG00000114480","-0.229","predicted"
2,"hsa-miR-5197-5p","AAUGGCA",6,"targetscan","MIMAT0021130","hsa-miR-5197-5p","FAM72A","729533","ENSG00000196550","-0.229","predicted"
2,"hsa-miR-5197-5p","AAUGGCA",6,"targetscan","MIMAT0021130","hsa-miR-5197-5p","SLC8A3","6547","ENSG00000100678","-0.229","predicted"
2,"hsa-miR-5197-5p","AAUGGCA",6,"targetscan","MIMAT0021130","hsa-miR-5197-5p","SIL1","64374","ENSG00000120725","-0.229","predicted"
2,"hsa-miR-5197-5p","AAUGGCA",6,"targetscan","MIMAT0021130","hsa-miR-5197-5p","BRINP1","1620","ENSG00000078725","-0.229","predicted"
2,"hsa-miR-5197-5p","AAUGGCA",6,"targetscan","MIMAT0021130","hsa-miR-5197-5p","PXYLP1","92370","ENSG00000155893","-0.229","predicted"
2,"hsa-miR-5197-5p","AAUGGCA",6,"targetscan","MIMAT0021130","hsa-miR-5197-5p","HNRNPD","3184","ENSG00000138668","-0.23","predicted"
2,"hsa-miR-5197-5p","AAUGGCA",6,"targetscan","MIMAT0021130","hsa-miR-5197-5p","MMP2","4313","ENSG00000087245","-0.23","predicted"
2,"hsa-miR-5197-5p","AAUGGCA",6,"targetscan","MIMAT0021130","hsa-miR-5197-5p","MOB4","25843","ENSG00000115540","-0.23","predicted"
2,"hsa-miR-5197-5p","AAUGGCA",6,"targetscan","MIMAT0021130","hsa-miR-5197-5p","CHMP3","51652","ENSG00000115561","-0.23","predicted"
2,"hsa-miR-5197-5p","AAUGGCA",6,"targetscan","MIMAT0021130","hsa-miR-5197-5p","DEPDC1B","55789","ENSG00000035499","-0.23","predicted"
2,"hsa-miR-5197-5p","AAUGGCA",6,"targetscan","MIMAT0021130","hsa-miR-5197-5p","GREM2","64388","ENSG00000180875","-0.23","predicted"
2,"hsa-miR-5197-5p","AAUGGCA",6,"targetscan","MIMAT0021130","hsa-miR-5197-5p","SSH2","85464","ENSG00000141298","-0.23","predicted"
2,"hsa-miR-5197-5p","AAUGGCA",6,"targetscan","MIMAT0021130","hsa-miR-5197-5p","FAM72B","653820","ENSG00000188610","-0.23","predicted"
2,"hsa-miR-5197-5p","AAUGGCA",6,"targetscan","MIMAT0021130","hsa-miR-5197-5p","EMP2","2013","ENSG00000213853","-0.23","predicted"
2,"hsa-miR-5197-5p","AAUGGCA",6,"targetscan","MIMAT0021130","hsa-miR-5197-5p","RBMX2","51634","ENSG00000134597","-0.23","predicted"
2,"hsa-miR-5197-5p","AAUGGCA",6,"targetscan","MIMAT0021130","hsa-miR-5197-5p","ANKEF1","63926","ENSG00000132623","-0.23","predicted"
2,"hsa-miR-5197-5p","AAUGGCA",6,"targetscan","MIMAT0021130","hsa-miR-5197-5p","NKX2-4","644524","ENSG00000125816","-0.23","predicted"
2,"hsa-miR-5197-5p","AAUGGCA",6,"targetscan","MIMAT0021130","hsa-miR-5197-5p","C1orf74","148304","ENSG00000162757","-0.23","predicted"
2,"hsa-miR-5197-5p","AAUGGCA",6,"targetscan","MIMAT0021130","hsa-miR-5197-5p","FAM72D","728833","ENSG00000215784","-0.23","predicted"
2,"hsa-miR-5197-5p","AAUGGCA",6,"targetscan","MIMAT0021130","hsa-miR-5197-5p","RNF103-CHMP3","100526767","ENSG00000249884","-0.23","predicted"
2,"hsa-miR-5197-5p","AAUGGCA",6,"targetscan","MIMAT0021130","hsa-miR-5197-5p","DUX4L4","441056","ENSG00000258834","-0.23","predicted"
2,"hsa-miR-5197-5p","AAUGGCA",6,"targetscan","MIMAT0021130","hsa-miR-5197-5p","DUX4",NA,"ENSG00000258389","-0.23","predicted"
2,"hsa-miR-5197-5p","AAUGGCA",6,"targetscan","MIMAT0021130","hsa-miR-5197-5p","DUX4L6",NA,"ENSG00000258697","-0.23","predicted"
2,"hsa-miR-5197-5p","AAUGGCA",6,"targetscan","MIMAT0021130","hsa-miR-5197-5p","DUX4L7",NA,"ENSG00000258755","-0.23","predicted"
2,"hsa-miR-5197-5p","AAUGGCA",6,"targetscan","MIMAT0021130","hsa-miR-5197-5p","DUX4L3",NA,"ENSG00000259034","-0.23","predicted"
2,"hsa-miR-5197-5p","AAUGGCA",6,"targetscan","MIMAT0021130","hsa-miR-5197-5p","MYD88","4615","ENSG00000172936","-0.231","predicted"
2,"hsa-miR-5197-5p","AAUGGCA",6,"targetscan","MIMAT0021130","hsa-miR-5197-5p","TKTL2","84076","ENSG00000151005","-0.231","predicted"
2,"hsa-miR-5197-5p","AAUGGCA",6,"targetscan","MIMAT0021130","hsa-miR-5197-5p","GFRA2","2675","ENSG00000168546","-0.231","predicted"
2,"hsa-miR-5197-5p","AAUGGCA",6,"targetscan","MIMAT0021130","hsa-miR-5197-5p","MICOS10","440574","ENSG00000173436","-0.231","predicted"
2,"hsa-miR-5197-5p","AAUGGCA",6,"targetscan","MIMAT0021130","hsa-miR-5197-5p","LOH12CR2","503693","ENSG00000205791","-0.231","predicted"
2,"hsa-miR-5197-5p","AAUGGCA",6,"targetscan","MIMAT0021130","hsa-miR-5197-5p","HDHD2","84064","ENSG00000167220","-0.232","predicted"
2,"hsa-miR-5197-5p","AAUGGCA",6,"targetscan","MIMAT0021130","hsa-miR-5197-5p","GAGE1","2543","ENSG00000205777","-0.232","predicted"
2,"hsa-miR-5197-5p","AAUGGCA",6,"targetscan","MIMAT0021130","hsa-miR-5197-5p","TCEAL1","9338","ENSG00000172465","-0.232","predicted"
2,"hsa-miR-5197-5p","AAUGGCA",6,"targetscan","MIMAT0021130","hsa-miR-5197-5p","FLVCR1","28982","ENSG00000162769","-0.232","predicted"
2,"hsa-miR-5197-5p","AAUGGCA",6,"targetscan","MIMAT0021130","hsa-miR-5197-5p","PSPC1","55269","ENSG00000121390","-0.232","predicted"
2,"hsa-miR-5197-5p","AAUGGCA",6,"targetscan","MIMAT0021130","hsa-miR-5197-5p","CCDC89","220388","ENSG00000179071","-0.232","predicted"
2,"hsa-miR-5197-5p","AAUGGCA",6,"targetscan","MIMAT0021130","hsa-miR-5197-5p","GPX7","2882","ENSG00000116157","-0.233","predicted"
2,"hsa-miR-5197-5p","AAUGGCA",6,"targetscan","MIMAT0021130","hsa-miR-5197-5p","STAM2","10254","ENSG00000115145","-0.233","predicted"
2,"hsa-miR-5197-5p","AAUGGCA",6,"targetscan","MIMAT0021130","hsa-miR-5197-5p","ANKRD10","55608","ENSG00000088448","-0.233","predicted"
2,"hsa-miR-5197-5p","AAUGGCA",6,"targetscan","MIMAT0021130","hsa-miR-5197-5p","FYTTD1","84248","ENSG00000122068","-0.233","predicted"
2,"hsa-miR-5197-5p","AAUGGCA",6,"targetscan","MIMAT0021130","hsa-miR-5197-5p","KCTD20","222658","ENSG00000112078","-0.233","predicted"
2,"hsa-miR-5197-5p","AAUGGCA",6,"targetscan","MIMAT0021130","hsa-miR-5197-5p","CCDC178","374864","ENSG00000166960","-0.233","predicted"
2,"hsa-miR-5197-5p","AAUGGCA",6,"targetscan","MIMAT0021130","hsa-miR-5197-5p","KDM8","79831","ENSG00000155666","-0.233","predicted"
2,"hsa-miR-5197-5p","AAUGGCA",6,"targetscan","MIMAT0021130","hsa-miR-5197-5p","DCN","1634","ENSG00000011465","-0.233","predicted"
2,"hsa-miR-5197-5p","AAUGGCA",6,"targetscan","MIMAT0021130","hsa-miR-5197-5p","ARHGAP18","93663","ENSG00000146376","-0.233","predicted"
2,"hsa-miR-5197-5p","AAUGGCA",6,"targetscan","MIMAT0021130","hsa-miR-5197-5p","ZNF714","148206","ENSG00000160352","-0.233","predicted"
2,"hsa-miR-5197-5p","AAUGGCA",6,"targetscan","MIMAT0021130","hsa-miR-5197-5p","VSX2","338917","ENSG00000119614","-0.233","predicted"
2,"hsa-miR-5197-5p","AAUGGCA",6,"targetscan","MIMAT0021130","hsa-miR-5197-5p","OR1L8","138881","ENSG00000171496","-0.233","predicted"
2,"hsa-miR-5197-5p","AAUGGCA",6,"targetscan","MIMAT0021130","hsa-miR-5197-5p","CD99","4267","ENSG00000002586","-0.234","predicted"
2,"hsa-miR-5197-5p","AAUGGCA",6,"targetscan","MIMAT0021130","hsa-miR-5197-5p","RNF152","220441","ENSG00000176641","-0.234","predicted"
2,"hsa-miR-5197-5p","AAUGGCA",6,"targetscan","MIMAT0021130","hsa-miR-5197-5p","ALDH3A2","224","ENSG00000072210","-0.235","predicted"
2,"hsa-miR-5197-5p","AAUGGCA",6,"targetscan","MIMAT0021130","hsa-miR-5197-5p","FABP7","2173","ENSG00000164434","-0.235","predicted"
2,"hsa-miR-5197-5p","AAUGGCA",6,"targetscan","MIMAT0021130","hsa-miR-5197-5p","MAGEA11","4110","ENSG00000185247","-0.235","predicted"
2,"hsa-miR-5197-5p","AAUGGCA",6,"targetscan","MIMAT0021130","hsa-miR-5197-5p","NDUFB11","54539","ENSG00000147123","-0.235","predicted"
2,"hsa-miR-5197-5p","AAUGGCA",6,"targetscan","MIMAT0021130","hsa-miR-5197-5p","NIPAL1","152519","ENSG00000163293","-0.235","predicted"
2,"hsa-miR-5197-5p","AAUGGCA",6,"targetscan","MIMAT0021130","hsa-miR-5197-5p","MOCS2","4338","ENSG00000164172","-0.235","predicted"
2,"hsa-miR-5197-5p","AAUGGCA",6,"targetscan","MIMAT0021130","hsa-miR-5197-5p","CDK4","1019","ENSG00000135446","-0.236","predicted"
2,"hsa-miR-5197-5p","AAUGGCA",6,"targetscan","MIMAT0021130","hsa-miR-5197-5p","EBP","10682","ENSG00000147155","-0.236","predicted"
2,"hsa-miR-5197-5p","AAUGGCA",6,"targetscan","MIMAT0021130","hsa-miR-5197-5p","GEN1","348654","ENSG00000178295","-0.236","predicted"
2,"hsa-miR-5197-5p","AAUGGCA",6,"targetscan","MIMAT0021130","hsa-miR-5197-5p","CTNNA2","1496","ENSG00000066032","-0.236","predicted"
2,"hsa-miR-5197-5p","AAUGGCA",6,"targetscan","MIMAT0021130","hsa-miR-5197-5p","CD164","8763","ENSG00000135535","-0.237","predicted"
2,"hsa-miR-5197-5p","AAUGGCA",6,"targetscan","MIMAT0021130","hsa-miR-5197-5p","C21orf62","56245","ENSG00000205929","-0.237","predicted"
2,"hsa-miR-5197-5p","AAUGGCA",6,"targetscan","MIMAT0021130","hsa-miR-5197-5p","SSBP4","170463","ENSG00000130511","-0.237","predicted"
2,"hsa-miR-5197-5p","AAUGGCA",6,"targetscan","MIMAT0021130","hsa-miR-5197-5p","AKTIP","64400","ENSG00000166971","-0.237","predicted"
2,"hsa-miR-5197-5p","AAUGGCA",6,"targetscan","MIMAT0021130","hsa-miR-5197-5p","PPP1R13B","23368","ENSG00000088808","-0.237","predicted"
2,"hsa-miR-5197-5p","AAUGGCA",6,"targetscan","MIMAT0021130","hsa-miR-5197-5p","SFXN3","81855","ENSG00000107819","-0.237","predicted"
2,"hsa-miR-5197-5p","AAUGGCA",6,"targetscan","MIMAT0021130","hsa-miR-5197-5p","ZNF684","127396","ENSG00000117010","-0.237","predicted"
2,"hsa-miR-5197-5p","AAUGGCA",6,"targetscan","MIMAT0021130","hsa-miR-5197-5p","SINHCAF","58516","ENSG00000139146","-0.237","predicted"
2,"hsa-miR-5197-5p","AAUGGCA",6,"targetscan","MIMAT0021130","hsa-miR-5197-5p","ATF6","22926","ENSG00000118217","-0.238","predicted"
2,"hsa-miR-5197-5p","AAUGGCA",6,"targetscan","MIMAT0021130","hsa-miR-5197-5p","GAL3ST4","79690","ENSG00000197093","-0.238","predicted"
2,"hsa-miR-5197-5p","AAUGGCA",6,"targetscan","MIMAT0021130","hsa-miR-5197-5p","GALNTL6","442117","ENSG00000174473","-0.238","predicted"
2,"hsa-miR-5197-5p","AAUGGCA",6,"targetscan","MIMAT0021130","hsa-miR-5197-5p","RGS1","5996","ENSG00000090104","-0.238","predicted"
2,"hsa-miR-5197-5p","AAUGGCA",6,"targetscan","MIMAT0021130","hsa-miR-5197-5p","PPEF1","5475","ENSG00000086717","-0.238","predicted"
2,"hsa-miR-5197-5p","AAUGGCA",6,"targetscan","MIMAT0021130","hsa-miR-5197-5p","MRPL15","29088","ENSG00000137547","-0.238","predicted"
2,"hsa-miR-5197-5p","AAUGGCA",6,"targetscan","MIMAT0021130","hsa-miR-5197-5p","DMRTA1","63951","ENSG00000176399","-0.238","predicted"
2,"hsa-miR-5197-5p","AAUGGCA",6,"targetscan","MIMAT0021130","hsa-miR-5197-5p","EIF3A","8661","ENSG00000107581","-0.239","predicted"
2,"hsa-miR-5197-5p","AAUGGCA",6,"targetscan","MIMAT0021130","hsa-miR-5197-5p","SEH1L","81929","ENSG00000085415","-0.239","predicted"
2,"hsa-miR-5197-5p","AAUGGCA",6,"targetscan","MIMAT0021130","hsa-miR-5197-5p","CPNE2","221184","ENSG00000140848","-0.239","predicted"
2,"hsa-miR-5197-5p","AAUGGCA",6,"targetscan","MIMAT0021130","hsa-miR-5197-5p","ZNF565","147929","ENSG00000196357","-0.239","predicted"
2,"hsa-miR-5197-5p","AAUGGCA",6,"targetscan","MIMAT0021130","hsa-miR-5197-5p","CNRIP1","25927","ENSG00000119865","-0.239","predicted"
2,"hsa-miR-5197-5p","AAUGGCA",6,"targetscan","MIMAT0021130","hsa-miR-5197-5p","ZNF225","7768","ENSG00000256294","-0.239","predicted"
2,"hsa-miR-5197-5p","AAUGGCA",6,"targetscan","MIMAT0021130","hsa-miR-5197-5p","ELOA2","51224","ENSG00000206181","-0.239","predicted"
2,"hsa-miR-5197-5p","AAUGGCA",6,"targetscan","MIMAT0021130","hsa-miR-5197-5p","AK4","205","ENSG00000162433","-0.24","predicted"
2,"hsa-miR-5197-5p","AAUGGCA",6,"targetscan","MIMAT0021130","hsa-miR-5197-5p","CDKN2C","1031","ENSG00000123080","-0.24","predicted"
2,"hsa-miR-5197-5p","AAUGGCA",6,"targetscan","MIMAT0021130","hsa-miR-5197-5p","ERG","2078","ENSG00000157554","-0.24","predicted"
2,"hsa-miR-5197-5p","AAUGGCA",6,"targetscan","MIMAT0021130","hsa-miR-5197-5p","GNGT1","2792","ENSG00000127928","-0.24","predicted"
2,"hsa-miR-5197-5p","AAUGGCA",6,"targetscan","MIMAT0021130","hsa-miR-5197-5p","HOMER1","9456","ENSG00000152413","-0.24","predicted"
2,"hsa-miR-5197-5p","AAUGGCA",6,"targetscan","MIMAT0021130","hsa-miR-5197-5p","RAPGEF4","11069","ENSG00000091428","-0.24","predicted"
2,"hsa-miR-5197-5p","AAUGGCA",6,"targetscan","MIMAT0021130","hsa-miR-5197-5p","STK38L","23012","ENSG00000211455","-0.24","predicted"
2,"hsa-miR-5197-5p","AAUGGCA",6,"targetscan","MIMAT0021130","hsa-miR-5197-5p","SLC25A36","55186","ENSG00000114120","-0.24","predicted"
2,"hsa-miR-5197-5p","AAUGGCA",6,"targetscan","MIMAT0021130","hsa-miR-5197-5p","KLHL4","56062","ENSG00000102271","-0.24","predicted"
2,"hsa-miR-5197-5p","AAUGGCA",6,"targetscan","MIMAT0021130","hsa-miR-5197-5p","CP","1356","ENSG00000047457","-0.24","predicted"
2,"hsa-miR-5197-5p","AAUGGCA",6,"targetscan","MIMAT0021130","hsa-miR-5197-5p","DUSP19","142679","ENSG00000162999","-0.24","predicted"
2,"hsa-miR-5197-5p","AAUGGCA",6,"targetscan","MIMAT0021130","hsa-miR-5197-5p","FOXL2NB","401089","ENSG00000206262","-0.24","predicted"
2,"hsa-miR-5197-5p","AAUGGCA",6,"targetscan","MIMAT0021130","hsa-miR-5197-5p","RETREG1","54463","ENSG00000154153","-0.24","predicted"
2,"hsa-miR-5197-5p","AAUGGCA",6,"targetscan","MIMAT0021130","hsa-miR-5197-5p","MAPK1IP1L","93487","ENSG00000168175","-0.241","predicted"
2,"hsa-miR-5197-5p","AAUGGCA",6,"targetscan","MIMAT0021130","hsa-miR-5197-5p","KBTBD3","143879","ENSG00000182359","-0.241","predicted"
2,"hsa-miR-5197-5p","AAUGGCA",6,"targetscan","MIMAT0021130","hsa-miR-5197-5p","DHX29","54505","ENSG00000067248","-0.241","predicted"
2,"hsa-miR-5197-5p","AAUGGCA",6,"targetscan","MIMAT0021130","hsa-miR-5197-5p","TARS3","123283","ENSG00000185418","-0.241","predicted"
2,"hsa-miR-5197-5p","AAUGGCA",6,"targetscan","MIMAT0021130","hsa-miR-5197-5p","HMGA2","8091","ENSG00000149948","-0.242","predicted"
2,"hsa-miR-5197-5p","AAUGGCA",6,"targetscan","MIMAT0021130","hsa-miR-5197-5p","ASTN1","460","ENSG00000152092","-0.242","predicted"
2,"hsa-miR-5197-5p","AAUGGCA",6,"targetscan","MIMAT0021130","hsa-miR-5197-5p","SNRPF","6636","ENSG00000139343","-0.242","predicted"
2,"hsa-miR-5197-5p","AAUGGCA",6,"targetscan","MIMAT0021130","hsa-miR-5197-5p","CKAP2","26586","ENSG00000136108","-0.242","predicted"
2,"hsa-miR-5197-5p","AAUGGCA",6,"targetscan","MIMAT0021130","hsa-miR-5197-5p","NDUFAF4","29078","ENSG00000123545","-0.242","predicted"
2,"hsa-miR-5197-5p","AAUGGCA",6,"targetscan","MIMAT0021130","hsa-miR-5197-5p","SLC25A51","92014","ENSG00000122696","-0.242","predicted"
2,"hsa-miR-5197-5p","AAUGGCA",6,"targetscan","MIMAT0021130","hsa-miR-5197-5p","PGBD2","267002","ENSG00000185220","-0.242","predicted"
2,"hsa-miR-5197-5p","AAUGGCA",6,"targetscan","MIMAT0021130","hsa-miR-5197-5p","CLEC7A","64581","ENSG00000172243","-0.242","predicted"
2,"hsa-miR-5197-5p","AAUGGCA",6,"targetscan","MIMAT0021130","hsa-miR-5197-5p","MINDY3","80013","ENSG00000148481","-0.242","predicted"
2,"hsa-miR-5197-5p","AAUGGCA",6,"targetscan","MIMAT0021130","hsa-miR-5197-5p","MTA1","9112","ENSG00000182979","-0.243","predicted"
2,"hsa-miR-5197-5p","AAUGGCA",6,"targetscan","MIMAT0021130","hsa-miR-5197-5p","MPPED2","744","ENSG00000066382","-0.243","predicted"
2,"hsa-miR-5197-5p","AAUGGCA",6,"targetscan","MIMAT0021130","hsa-miR-5197-5p","ASAP1","50807","ENSG00000153317","-0.243","predicted"
2,"hsa-miR-5197-5p","AAUGGCA",6,"targetscan","MIMAT0021130","hsa-miR-5197-5p","CPZ","8532","ENSG00000109625","-0.243","predicted"
2,"hsa-miR-5197-5p","AAUGGCA",6,"targetscan","MIMAT0021130","hsa-miR-5197-5p","CELSR1","9620","ENSG00000075275","-0.243","predicted"
2,"hsa-miR-5197-5p","AAUGGCA",6,"targetscan","MIMAT0021130","hsa-miR-5197-5p","MYOZ2","51778","ENSG00000172399","-0.243","predicted"
2,"hsa-miR-5197-5p","AAUGGCA",6,"targetscan","MIMAT0021130","hsa-miR-5197-5p","TEX9","374618","ENSG00000151575","-0.243","predicted"
2,"hsa-miR-5197-5p","AAUGGCA",6,"targetscan","MIMAT0021130","hsa-miR-5197-5p","PPT1","5538","ENSG00000131238","-0.244","predicted"
2,"hsa-miR-5197-5p","AAUGGCA",6,"targetscan","MIMAT0021130","hsa-miR-5197-5p","KDM5B","10765","ENSG00000117139","-0.244","predicted"
2,"hsa-miR-5197-5p","AAUGGCA",6,"targetscan","MIMAT0021130","hsa-miR-5197-5p","SHC4","399694","ENSG00000185634","-0.244","predicted"
2,"hsa-miR-5197-5p","AAUGGCA",6,"targetscan","MIMAT0021130","hsa-miR-5197-5p","ZNF554","115196","ENSG00000172006","-0.244","predicted"
2,"hsa-miR-5197-5p","AAUGGCA",6,"targetscan","MIMAT0021130","hsa-miR-5197-5p","BBIP1","92482","ENSG00000214413","-0.244","predicted"
2,"hsa-miR-5197-5p","AAUGGCA",6,"targetscan","MIMAT0021130","hsa-miR-5197-5p","KRTAP19-7","337974","ENSG00000244362","-0.244","predicted"
2,"hsa-miR-5197-5p","AAUGGCA",6,"targetscan","MIMAT0021130","hsa-miR-5197-5p","RTF1","23168","ENSG00000137815","-0.245","predicted"
2,"hsa-miR-5197-5p","AAUGGCA",6,"targetscan","MIMAT0021130","hsa-miR-5197-5p","SUSD5","26032","ENSG00000173705","-0.245","predicted"
2,"hsa-miR-5197-5p","AAUGGCA",6,"targetscan","MIMAT0021130","hsa-miR-5197-5p","POPDC3","64208","ENSG00000132429","-0.245","predicted"
2,"hsa-miR-5197-5p","AAUGGCA",6,"targetscan","MIMAT0021130","hsa-miR-5197-5p","CCDC126","90693","ENSG00000169193","-0.245","predicted"
2,"hsa-miR-5197-5p","AAUGGCA",6,"targetscan","MIMAT0021130","hsa-miR-5197-5p","DEFB105A","245908","ENSG00000186562","-0.245","predicted"
2,"hsa-miR-5197-5p","AAUGGCA",6,"targetscan","MIMAT0021130","hsa-miR-5197-5p","DEFB105A","504180","ENSG00000186562","-0.245","predicted"
2,"hsa-miR-5197-5p","AAUGGCA",6,"targetscan","MIMAT0021130","hsa-miR-5197-5p","AFDN","4301","ENSG00000130396","-0.245","predicted"
2,"hsa-miR-5197-5p","AAUGGCA",6,"targetscan","MIMAT0021130","hsa-miR-5197-5p","HOXA13","3209","ENSG00000106031","-0.246","predicted"
2,"hsa-miR-5197-5p","AAUGGCA",6,"targetscan","MIMAT0021130","hsa-miR-5197-5p","FAM120A","23196","ENSG00000048828","-0.246","predicted"
2,"hsa-miR-5197-5p","AAUGGCA",6,"targetscan","MIMAT0021130","hsa-miR-5197-5p","MFF","56947","ENSG00000168958","-0.246","predicted"
2,"hsa-miR-5197-5p","AAUGGCA",6,"targetscan","MIMAT0021130","hsa-miR-5197-5p","BCL2L12","83596","ENSG00000126453","-0.246","predicted"
2,"hsa-miR-5197-5p","AAUGGCA",6,"targetscan","MIMAT0021130","hsa-miR-5197-5p","PACRGL","133015","ENSG00000163138","-0.246","predicted"
2,"hsa-miR-5197-5p","AAUGGCA",6,"targetscan","MIMAT0021130","hsa-miR-5197-5p","MB","4151","ENSG00000198125","-0.247","predicted"
2,"hsa-miR-5197-5p","AAUGGCA",6,"targetscan","MIMAT0021130","hsa-miR-5197-5p","MYOG","4656","ENSG00000122180","-0.247","predicted"
2,"hsa-miR-5197-5p","AAUGGCA",6,"targetscan","MIMAT0021130","hsa-miR-5197-5p","BAG3","9531","ENSG00000151929","-0.247","predicted"
2,"hsa-miR-5197-5p","AAUGGCA",6,"targetscan","MIMAT0021130","hsa-miR-5197-5p","ZNF436","80818","ENSG00000125945","-0.247","predicted"
2,"hsa-miR-5197-5p","AAUGGCA",6,"targetscan","MIMAT0021130","hsa-miR-5197-5p","IL15RA","3601","ENSG00000134470","-0.247","predicted"
2,"hsa-miR-5197-5p","AAUGGCA",6,"targetscan","MIMAT0021130","hsa-miR-5197-5p","MAGI2","9863","ENSG00000187391","-0.247","predicted"
2,"hsa-miR-5197-5p","AAUGGCA",6,"targetscan","MIMAT0021130","hsa-miR-5197-5p","TIMM8A","1678","ENSG00000126953","-0.248","predicted"
2,"hsa-miR-5197-5p","AAUGGCA",6,"targetscan","MIMAT0021130","hsa-miR-5197-5p","TMEM168","64418","ENSG00000146802","-0.248","predicted"
2,"hsa-miR-5197-5p","AAUGGCA",6,"targetscan","MIMAT0021130","hsa-miR-5197-5p","TCHP","84260","ENSG00000139437","-0.248","predicted"
2,"hsa-miR-5197-5p","AAUGGCA",6,"targetscan","MIMAT0021130","hsa-miR-5197-5p","TIRAP","114609","ENSG00000150455","-0.248","predicted"
2,"hsa-miR-5197-5p","AAUGGCA",6,"targetscan","MIMAT0021130","hsa-miR-5197-5p","SLX4IP","128710","ENSG00000149346","-0.248","predicted"
2,"hsa-miR-5197-5p","AAUGGCA",6,"targetscan","MIMAT0021130","hsa-miR-5197-5p","C3orf80","401097","ENSG00000180044","-0.248","predicted"
2,"hsa-miR-5197-5p","AAUGGCA",6,"targetscan","MIMAT0021130","hsa-miR-5197-5p","CNGB3","54714","ENSG00000170289","-0.248","predicted"
2,"hsa-miR-5197-5p","AAUGGCA",6,"targetscan","MIMAT0021130","hsa-miR-5197-5p","RP11-10A14.4",NA,"ENSG00000253426","-0.248","predicted"
2,"hsa-miR-5197-5p","AAUGGCA",6,"targetscan","MIMAT0021130","hsa-miR-5197-5p","PIERCE1","138162","ENSG00000160345","-0.248","predicted"
2,"hsa-miR-5197-5p","AAUGGCA",6,"targetscan","MIMAT0021130","hsa-miR-5197-5p","HADHB","3032","ENSG00000138029","-0.249","predicted"
2,"hsa-miR-5197-5p","AAUGGCA",6,"targetscan","MIMAT0021130","hsa-miR-5197-5p","MATN3","4148","ENSG00000132031","-0.249","predicted"
2,"hsa-miR-5197-5p","AAUGGCA",6,"targetscan","MIMAT0021130","hsa-miR-5197-5p","FEM1C","56929","ENSG00000145780","-0.249","predicted"
2,"hsa-miR-5197-5p","AAUGGCA",6,"targetscan","MIMAT0021130","hsa-miR-5197-5p","ACVR1C","130399","ENSG00000123612","-0.249","predicted"
2,"hsa-miR-5197-5p","AAUGGCA",6,"targetscan","MIMAT0021130","hsa-miR-5197-5p","FBXO36","130888","ENSG00000153832","-0.249","predicted"
2,"hsa-miR-5197-5p","AAUGGCA",6,"targetscan","MIMAT0021130","hsa-miR-5197-5p","TMPRSS11BNL","401136","ENSG00000226894","-0.249","predicted"
2,"hsa-miR-5197-5p","AAUGGCA",6,"targetscan","MIMAT0021130","hsa-miR-5197-5p","LSM5","23658","ENSG00000106355","-0.249","predicted"
2,"hsa-miR-5197-5p","AAUGGCA",6,"targetscan","MIMAT0021130","hsa-miR-5197-5p","NOL9","79707","ENSG00000162408","-0.249","predicted"
2,"hsa-miR-5197-5p","AAUGGCA",6,"targetscan","MIMAT0021130","hsa-miR-5197-5p","GPR150","285601","ENSG00000178015","-0.249","predicted"
2,"hsa-miR-5197-5p","AAUGGCA",6,"targetscan","MIMAT0021130","hsa-miR-5197-5p","COL1A2","1278","ENSG00000164692","-0.25","predicted"
2,"hsa-miR-5197-5p","AAUGGCA",6,"targetscan","MIMAT0021130","hsa-miR-5197-5p","GCFC2","6936","ENSG00000005436","-0.25","predicted"
2,"hsa-miR-5197-5p","AAUGGCA",6,"targetscan","MIMAT0021130","hsa-miR-5197-5p","LHFPL2","10184","ENSG00000145685","-0.25","predicted"
2,"hsa-miR-5197-5p","AAUGGCA",6,"targetscan","MIMAT0021130","hsa-miR-5197-5p","CETN2","1069","ENSG00000147400","-0.25","predicted"
2,"hsa-miR-5197-5p","AAUGGCA",6,"targetscan","MIMAT0021130","hsa-miR-5197-5p","DR1","1810","ENSG00000117505","-0.251","predicted"
2,"hsa-miR-5197-5p","AAUGGCA",6,"targetscan","MIMAT0021130","hsa-miR-5197-5p","PDE8A","5151","ENSG00000073417","-0.251","predicted"
2,"hsa-miR-5197-5p","AAUGGCA",6,"targetscan","MIMAT0021130","hsa-miR-5197-5p","FBXO45","200933","ENSG00000174013","-0.252","predicted"
2,"hsa-miR-5197-5p","AAUGGCA",6,"targetscan","MIMAT0021130","hsa-miR-5197-5p","ARHGAP8","23779","ENSG00000241484","-0.252","predicted"
2,"hsa-miR-5197-5p","AAUGGCA",6,"targetscan","MIMAT0021130","hsa-miR-5197-5p","MAF","4094","ENSG00000178573","-0.252","predicted"
2,"hsa-miR-5197-5p","AAUGGCA",6,"targetscan","MIMAT0021130","hsa-miR-5197-5p","SEC31B","25956","ENSG00000075826","-0.252","predicted"
2,"hsa-miR-5197-5p","AAUGGCA",6,"targetscan","MIMAT0021130","hsa-miR-5197-5p","GLT6D1","360203","ENSG00000204007","-0.252","predicted"
2,"hsa-miR-5197-5p","AAUGGCA",6,"targetscan","MIMAT0021130","hsa-miR-5197-5p","SPX","80763","ENSG00000134548","-0.252","predicted"
2,"hsa-miR-5197-5p","AAUGGCA",6,"targetscan","MIMAT0021130","hsa-miR-5197-5p","PNPT1","87178","ENSG00000138035","-0.253","predicted"
2,"hsa-miR-5197-5p","AAUGGCA",6,"targetscan","MIMAT0021130","hsa-miR-5197-5p","VPS37A","137492","ENSG00000155975","-0.253","predicted"
2,"hsa-miR-5197-5p","AAUGGCA",6,"targetscan","MIMAT0021130","hsa-miR-5197-5p","HTN1","3346","ENSG00000126550","-0.253","predicted"
2,"hsa-miR-5197-5p","AAUGGCA",6,"targetscan","MIMAT0021130","hsa-miR-5197-5p","FAM72C",NA,"ENSG00000203817","-0.253","predicted"
2,"hsa-miR-5197-5p","AAUGGCA",6,"targetscan","MIMAT0021130","hsa-miR-5197-5p","BCL2L2","599","ENSG00000129473","-0.254","predicted"
2,"hsa-miR-5197-5p","AAUGGCA",6,"targetscan","MIMAT0021130","hsa-miR-5197-5p","TTF1","7270","ENSG00000125482","-0.254","predicted"
2,"hsa-miR-5197-5p","AAUGGCA",6,"targetscan","MIMAT0021130","hsa-miR-5197-5p","PDE5A","8654","ENSG00000138735","-0.254","predicted"
2,"hsa-miR-5197-5p","AAUGGCA",6,"targetscan","MIMAT0021130","hsa-miR-5197-5p","ARL8B","55207","ENSG00000134108","-0.254","predicted"
2,"hsa-miR-5197-5p","AAUGGCA",6,"targetscan","MIMAT0021130","hsa-miR-5197-5p","NHP2","55651","ENSG00000145912","-0.254","predicted"
2,"hsa-miR-5197-5p","AAUGGCA",6,"targetscan","MIMAT0021130","hsa-miR-5197-5p","RGS21","431704","ENSG00000253148","-0.254","predicted"
2,"hsa-miR-5197-5p","AAUGGCA",6,"targetscan","MIMAT0021130","hsa-miR-5197-5p","DEFB105B","245908","ENSG00000186599","-0.254","predicted"
2,"hsa-miR-5197-5p","AAUGGCA",6,"targetscan","MIMAT0021130","hsa-miR-5197-5p","DEFB105B","504180","ENSG00000186599","-0.254","predicted"
2,"hsa-miR-5197-5p","AAUGGCA",6,"targetscan","MIMAT0021130","hsa-miR-5197-5p","DEFB105B","124906747","ENSG00000186599","-0.254","predicted"
2,"hsa-miR-5197-5p","AAUGGCA",6,"targetscan","MIMAT0021130","hsa-miR-5197-5p","DEK","7913","ENSG00000124795","-0.255","predicted"
2,"hsa-miR-5197-5p","AAUGGCA",6,"targetscan","MIMAT0021130","hsa-miR-5197-5p","PDE8B","8622","ENSG00000113231","-0.255","predicted"
2,"hsa-miR-5197-5p","AAUGGCA",6,"targetscan","MIMAT0021130","hsa-miR-5197-5p","PHACTR2","9749","ENSG00000112419","-0.255","predicted"
2,"hsa-miR-5197-5p","AAUGGCA",6,"targetscan","MIMAT0021130","hsa-miR-5197-5p","DYNC1LI1","51143","ENSG00000144635","-0.255","predicted"
2,"hsa-miR-5197-5p","AAUGGCA",6,"targetscan","MIMAT0021130","hsa-miR-5197-5p","NRG4","145957","ENSG00000169752","-0.255","predicted"
2,"hsa-miR-5197-5p","AAUGGCA",6,"targetscan","MIMAT0021130","hsa-miR-5197-5p","ANKRD31","256006","ENSG00000145700","-0.255","predicted"
2,"hsa-miR-5197-5p","AAUGGCA",6,"targetscan","MIMAT0021130","hsa-miR-5197-5p","TTC14","151613","ENSG00000163728","-0.255","predicted"
2,"hsa-miR-5197-5p","AAUGGCA",6,"targetscan","MIMAT0021130","hsa-miR-5197-5p","BRF2","55290","ENSG00000104221","-0.255","predicted"
2,"hsa-miR-5197-5p","AAUGGCA",6,"targetscan","MIMAT0021130","hsa-miR-5197-5p","SEM1","7979","ENSG00000127922","-0.255","predicted"
2,"hsa-miR-5197-5p","AAUGGCA",6,"targetscan","MIMAT0021130","hsa-miR-5197-5p","DUT","1854","ENSG00000128951","-0.256","predicted"
2,"hsa-miR-5197-5p","AAUGGCA",6,"targetscan","MIMAT0021130","hsa-miR-5197-5p","SUPT16H","11198","ENSG00000092201","-0.256","predicted"
2,"hsa-miR-5197-5p","AAUGGCA",6,"targetscan","MIMAT0021130","hsa-miR-5197-5p","SNX18","112574","ENSG00000178996","-0.256","predicted"
2,"hsa-miR-5197-5p","AAUGGCA",6,"targetscan","MIMAT0021130","hsa-miR-5197-5p","DPP4","1803","ENSG00000197635","-0.256","predicted"
2,"hsa-miR-5197-5p","AAUGGCA",6,"targetscan","MIMAT0021130","hsa-miR-5197-5p","TMBIM4","51643","ENSG00000155957","-0.256","predicted"
2,"hsa-miR-5197-5p","AAUGGCA",6,"targetscan","MIMAT0021130","hsa-miR-5197-5p","PFN1","5216","ENSG00000108518","-0.258","predicted"
2,"hsa-miR-5197-5p","AAUGGCA",6,"targetscan","MIMAT0021130","hsa-miR-5197-5p","DCLRE1B","64858","ENSG00000118655","-0.258","predicted"
2,"hsa-miR-5197-5p","AAUGGCA",6,"targetscan","MIMAT0021130","hsa-miR-5197-5p","TCEANC2","127428","ENSG00000116205","-0.258","predicted"
2,"hsa-miR-5197-5p","AAUGGCA",6,"targetscan","MIMAT0021130","hsa-miR-5197-5p","TAFA1","407738","ENSG00000183662","-0.258","predicted"
2,"hsa-miR-5197-5p","AAUGGCA",6,"targetscan","MIMAT0021130","hsa-miR-5197-5p","C1orf186",NA,"ENSG00000196533","-0.258","predicted"
2,"hsa-miR-5197-5p","AAUGGCA",6,"targetscan","MIMAT0021130","hsa-miR-5197-5p","TMED8","283578","ENSG00000100580","-0.259","predicted"
2,"hsa-miR-5197-5p","AAUGGCA",6,"targetscan","MIMAT0021130","hsa-miR-5197-5p","CRIPT","9419","ENSG00000119878","-0.259","predicted"
2,"hsa-miR-5197-5p","AAUGGCA",6,"targetscan","MIMAT0021130","hsa-miR-5197-5p","GIMAP8","155038","ENSG00000171115","-0.259","predicted"
2,"hsa-miR-5197-5p","AAUGGCA",6,"targetscan","MIMAT0021130","hsa-miR-5197-5p","NUDT11","55190","ENSG00000196368","-0.26","predicted"
2,"hsa-miR-5197-5p","AAUGGCA",6,"targetscan","MIMAT0021130","hsa-miR-5197-5p","CT55","54967","ENSG00000169551","-0.26","predicted"
2,"hsa-miR-5197-5p","AAUGGCA",6,"targetscan","MIMAT0021130","hsa-miR-5197-5p","IAPP","3375","ENSG00000121351","-0.261","predicted"
2,"hsa-miR-5197-5p","AAUGGCA",6,"targetscan","MIMAT0021130","hsa-miR-5197-5p","SRSF1","6426","ENSG00000136450","-0.261","predicted"
2,"hsa-miR-5197-5p","AAUGGCA",6,"targetscan","MIMAT0021130","hsa-miR-5197-5p","MRPL42","28977","ENSG00000198015","-0.261","predicted"
2,"hsa-miR-5197-5p","AAUGGCA",6,"targetscan","MIMAT0021130","hsa-miR-5197-5p","NUP43","348995","ENSG00000120253","-0.261","predicted"
2,"hsa-miR-5197-5p","AAUGGCA",6,"targetscan","MIMAT0021130","hsa-miR-5197-5p","CENPW","387103","ENSG00000203760","-0.261","predicted"
2,"hsa-miR-5197-5p","AAUGGCA",6,"targetscan","MIMAT0021130","hsa-miR-5197-5p","ZNF559","84527","ENSG00000188321","-0.262","predicted"
2,"hsa-miR-5197-5p","AAUGGCA",6,"targetscan","MIMAT0021130","hsa-miR-5197-5p","FDX1","2230","ENSG00000137714","-0.262","predicted"
2,"hsa-miR-5197-5p","AAUGGCA",6,"targetscan","MIMAT0021130","hsa-miR-5197-5p","MXD1","4084","ENSG00000059728","-0.262","predicted"
2,"hsa-miR-5197-5p","AAUGGCA",6,"targetscan","MIMAT0021130","hsa-miR-5197-5p","SNX7","51375","ENSG00000162627","-0.262","predicted"
2,"hsa-miR-5197-5p","AAUGGCA",6,"targetscan","MIMAT0021130","hsa-miR-5197-5p","NABP1","64859","ENSG00000173559","-0.262","predicted"
2,"hsa-miR-5197-5p","AAUGGCA",6,"targetscan","MIMAT0021130","hsa-miR-5197-5p","ARGFX","503582","ENSG00000186103","-0.262","predicted"
2,"hsa-miR-5197-5p","AAUGGCA",6,"targetscan","MIMAT0021130","hsa-miR-5197-5p","LTV1","84946","ENSG00000135521","-0.262","predicted"
2,"hsa-miR-5197-5p","AAUGGCA",6,"targetscan","MIMAT0021130","hsa-miR-5197-5p","MC2R","4158","ENSG00000185231","-0.263","predicted"
2,"hsa-miR-5197-5p","AAUGGCA",6,"targetscan","MIMAT0021130","hsa-miR-5197-5p","SMIM13","221710","ENSG00000224531","-0.263","predicted"
2,"hsa-miR-5197-5p","AAUGGCA",6,"targetscan","MIMAT0021130","hsa-miR-5197-5p","TMEM116","89894","ENSG00000198270","-0.263","predicted"
2,"hsa-miR-5197-5p","AAUGGCA",6,"targetscan","MIMAT0021130","hsa-miR-5197-5p","ARL14EPL","644100","ENSG00000268223","-0.263","predicted"
2,"hsa-miR-5197-5p","AAUGGCA",6,"targetscan","MIMAT0021130","hsa-miR-5197-5p","ONECUT1","3175","ENSG00000169856","-0.264","predicted"
2,"hsa-miR-5197-5p","AAUGGCA",6,"targetscan","MIMAT0021130","hsa-miR-5197-5p","UPK1A","11045","ENSG00000105668","-0.264","predicted"
2,"hsa-miR-5197-5p","AAUGGCA",6,"targetscan","MIMAT0021130","hsa-miR-5197-5p","IKBIP","121457","ENSG00000166130","-0.265","predicted"
2,"hsa-miR-5197-5p","AAUGGCA",6,"targetscan","MIMAT0021130","hsa-miR-5197-5p","VAMP4","8674","ENSG00000117533","-0.266","predicted"
2,"hsa-miR-5197-5p","AAUGGCA",6,"targetscan","MIMAT0021130","hsa-miR-5197-5p","PSMA2","5683","ENSG00000106588","-0.266","predicted"
2,"hsa-miR-5197-5p","AAUGGCA",6,"targetscan","MIMAT0021130","hsa-miR-5197-5p","ZNHIT6","54680","ENSG00000117174","-0.266","predicted"
2,"hsa-miR-5197-5p","AAUGGCA",6,"targetscan","MIMAT0021130","hsa-miR-5197-5p","PIGX","54965","ENSG00000163964","-0.266","predicted"
2,"hsa-miR-5197-5p","AAUGGCA",6,"targetscan","MIMAT0021130","hsa-miR-5197-5p","DIAPH3","81624","ENSG00000139734","-0.266","predicted"
2,"hsa-miR-5197-5p","AAUGGCA",6,"targetscan","MIMAT0021130","hsa-miR-5197-5p","HORMAD1","84072","ENSG00000143452","-0.266","predicted"
2,"hsa-miR-5197-5p","AAUGGCA",6,"targetscan","MIMAT0021130","hsa-miR-5197-5p","CNPPD1","27013","ENSG00000115649","-0.266","predicted"
2,"hsa-miR-5197-5p","AAUGGCA",6,"targetscan","MIMAT0021130","hsa-miR-5197-5p","TMEM182","130827","ENSG00000170417","-0.266","predicted"
2,"hsa-miR-5197-5p","AAUGGCA",6,"targetscan","MIMAT0021130","hsa-miR-5197-5p","MAP3K15","389840","ENSG00000180815","-0.267","predicted"
2,"hsa-miR-5197-5p","AAUGGCA",6,"targetscan","MIMAT0021130","hsa-miR-5197-5p","UQCRB","7381","ENSG00000156467","-0.267","predicted"
2,"hsa-miR-5197-5p","AAUGGCA",6,"targetscan","MIMAT0021130","hsa-miR-5197-5p","GPR88","54112","ENSG00000181656","-0.267","predicted"
2,"hsa-miR-5197-5p","AAUGGCA",6,"targetscan","MIMAT0021130","hsa-miR-5197-5p","ATF2","1386","ENSG00000115966","-0.268","predicted"
2,"hsa-miR-5197-5p","AAUGGCA",6,"targetscan","MIMAT0021130","hsa-miR-5197-5p","ROR2","4920","ENSG00000169071","-0.268","predicted"
2,"hsa-miR-5197-5p","AAUGGCA",6,"targetscan","MIMAT0021130","hsa-miR-5197-5p","NABP1","64859","ENSG00000173559","-0.268","predicted"
2,"hsa-miR-5197-5p","AAUGGCA",6,"targetscan","MIMAT0021130","hsa-miR-5197-5p","GCC1","79571","ENSG00000179562","-0.268","predicted"
2,"hsa-miR-5197-5p","AAUGGCA",6,"targetscan","MIMAT0021130","hsa-miR-5197-5p","ZNF468","90333","ENSG00000204604","-0.268","predicted"
2,"hsa-miR-5197-5p","AAUGGCA",6,"targetscan","MIMAT0021130","hsa-miR-5197-5p","ANTXR2","118429","ENSG00000163297","-0.268","predicted"
2,"hsa-miR-5197-5p","AAUGGCA",6,"targetscan","MIMAT0021130","hsa-miR-5197-5p","ST13","6767","ENSG00000100380","-0.268","predicted"
2,"hsa-miR-5197-5p","AAUGGCA",6,"targetscan","MIMAT0021130","hsa-miR-5197-5p","DCAF6","55827","ENSG00000143164","-0.269","predicted"
2,"hsa-miR-5197-5p","AAUGGCA",6,"targetscan","MIMAT0021130","hsa-miR-5197-5p","PPIL1","51645","ENSG00000137168","-0.269","predicted"
2,"hsa-miR-5197-5p","AAUGGCA",6,"targetscan","MIMAT0021130","hsa-miR-5197-5p","ZCCHC4","29063","ENSG00000168228","-0.269","predicted"
2,"hsa-miR-5197-5p","AAUGGCA",6,"targetscan","MIMAT0021130","hsa-miR-5197-5p","AC069547.2",NA,"ENSG00000269700","-0.269","predicted"
2,"hsa-miR-5197-5p","AAUGGCA",6,"targetscan","MIMAT0021130","hsa-miR-5197-5p","RPL31","6160","ENSG00000071082","-0.27","predicted"
2,"hsa-miR-5197-5p","AAUGGCA",6,"targetscan","MIMAT0021130","hsa-miR-5197-5p","NPHP3","27031","ENSG00000113971","-0.27","predicted"
2,"hsa-miR-5197-5p","AAUGGCA",6,"targetscan","MIMAT0021130","hsa-miR-5197-5p","NT5C3A","51251","ENSG00000122643","-0.27","predicted"
2,"hsa-miR-5197-5p","AAUGGCA",6,"targetscan","MIMAT0021130","hsa-miR-5197-5p","CDC42SE1","56882","ENSG00000197622","-0.27","predicted"
2,"hsa-miR-5197-5p","AAUGGCA",6,"targetscan","MIMAT0021130","hsa-miR-5197-5p","SMIM8","57150","ENSG00000111850","-0.27","predicted"
2,"hsa-miR-5197-5p","AAUGGCA",6,"targetscan","MIMAT0021130","hsa-miR-5197-5p","LTB4R2","56413","ENSG00000272658","-0.27","predicted"
2,"hsa-miR-5197-5p","AAUGGCA",6,"targetscan","MIMAT0021130","hsa-miR-5197-5p","SMIM8","63914","ENSG00000111850","-0.27","predicted"
2,"hsa-miR-5197-5p","AAUGGCA",6,"targetscan","MIMAT0021130","hsa-miR-5197-5p","RANBP9","10048","ENSG00000010017","-0.271","predicted"
2,"hsa-miR-5197-5p","AAUGGCA",6,"targetscan","MIMAT0021130","hsa-miR-5197-5p","SLC25A26","115286","ENSG00000144741","-0.271","predicted"
2,"hsa-miR-5197-5p","AAUGGCA",6,"targetscan","MIMAT0021130","hsa-miR-5197-5p","SNRPD2","6633","ENSG00000125743","-0.271","predicted"
2,"hsa-miR-5197-5p","AAUGGCA",6,"targetscan","MIMAT0021130","hsa-miR-5197-5p","BLOC1S4","55330","ENSG00000186222","-0.271","predicted"
2,"hsa-miR-5197-5p","AAUGGCA",6,"targetscan","MIMAT0021130","hsa-miR-5197-5p","SH3BGRL2","83699","ENSG00000198478","-0.271","predicted"
2,"hsa-miR-5197-5p","AAUGGCA",6,"targetscan","MIMAT0021130","hsa-miR-5197-5p","KCNRG","283518","ENSG00000198553","-0.271","predicted"
2,"hsa-miR-5197-5p","AAUGGCA",6,"targetscan","MIMAT0021130","hsa-miR-5197-5p","CD55","1604","ENSG00000196352","-0.272","predicted"
2,"hsa-miR-5197-5p","AAUGGCA",6,"targetscan","MIMAT0021130","hsa-miR-5197-5p","TIPRL","261726","ENSG00000143155","-0.272","predicted"
2,"hsa-miR-5197-5p","AAUGGCA",6,"targetscan","MIMAT0021130","hsa-miR-5197-5p","CALHM4","221301","ENSG00000164451","-0.272","predicted"
2,"hsa-miR-5197-5p","AAUGGCA",6,"targetscan","MIMAT0021130","hsa-miR-5197-5p","MTARC1","64757","ENSG00000186205","-0.272","predicted"
2,"hsa-miR-5197-5p","AAUGGCA",6,"targetscan","MIMAT0021130","hsa-miR-5197-5p","TCF19","6941","ENSG00000137310","-0.273","predicted"
2,"hsa-miR-5197-5p","AAUGGCA",6,"targetscan","MIMAT0021130","hsa-miR-5197-5p","SNX14","57231","ENSG00000135317","-0.273","predicted"
2,"hsa-miR-5197-5p","AAUGGCA",6,"targetscan","MIMAT0021130","hsa-miR-5197-5p","CRISP1","167","ENSG00000124812","-0.274","predicted"
2,"hsa-miR-5197-5p","AAUGGCA",6,"targetscan","MIMAT0021130","hsa-miR-5197-5p","EID1","23741","ENSG00000255302","-0.274","predicted"
2,"hsa-miR-5197-5p","AAUGGCA",6,"targetscan","MIMAT0021130","hsa-miR-5197-5p","ABHD12B","145447","ENSG00000131969","-0.274","predicted"
2,"hsa-miR-5197-5p","AAUGGCA",6,"targetscan","MIMAT0021130","hsa-miR-5197-5p","CRISP2","7180","ENSG00000124490","-0.274","predicted"
2,"hsa-miR-5197-5p","AAUGGCA",6,"targetscan","MIMAT0021130","hsa-miR-5197-5p","METTL1","4234","ENSG00000037897","-0.274","predicted"
2,"hsa-miR-5197-5p","AAUGGCA",6,"targetscan","MIMAT0021130","hsa-miR-5197-5p","GLS","2744","ENSG00000115419","-0.275","predicted"
2,"hsa-miR-5197-5p","AAUGGCA",6,"targetscan","MIMAT0021130","hsa-miR-5197-5p","GMFB","2764","ENSG00000197045","-0.275","predicted"
2,"hsa-miR-5197-5p","AAUGGCA",6,"targetscan","MIMAT0021130","hsa-miR-5197-5p","DSG4","147409","ENSG00000175065","-0.275","predicted"
2,"hsa-miR-5197-5p","AAUGGCA",6,"targetscan","MIMAT0021130","hsa-miR-5197-5p","KIAA1191","57179","ENSG00000122203","-0.276","predicted"
2,"hsa-miR-5197-5p","AAUGGCA",6,"targetscan","MIMAT0021130","hsa-miR-5197-5p","KLHL23","151230","ENSG00000213160","-0.276","predicted"
2,"hsa-miR-5197-5p","AAUGGCA",6,"targetscan","MIMAT0021130","hsa-miR-5197-5p","KLHL23","100526832","ENSG00000213160","-0.276","predicted"
2,"hsa-miR-5197-5p","AAUGGCA",6,"targetscan","MIMAT0021130","hsa-miR-5197-5p","NAP1L1","4673","ENSG00000187109","-0.277","predicted"
2,"hsa-miR-5197-5p","AAUGGCA",6,"targetscan","MIMAT0021130","hsa-miR-5197-5p","BOC","91653","ENSG00000144857","-0.277","predicted"
2,"hsa-miR-5197-5p","AAUGGCA",6,"targetscan","MIMAT0021130","hsa-miR-5197-5p","CALB1","793","ENSG00000104327","-0.277","predicted"
2,"hsa-miR-5197-5p","AAUGGCA",6,"targetscan","MIMAT0021130","hsa-miR-5197-5p","C9orf38",NA,"ENSG00000215066","-0.277","predicted"
2,"hsa-miR-5197-5p","AAUGGCA",6,"targetscan","MIMAT0021130","hsa-miR-5197-5p","TAFA1","407738","ENSG00000183662","-0.277","predicted"
2,"hsa-miR-5197-5p","AAUGGCA",6,"targetscan","MIMAT0021130","hsa-miR-5197-5p","ATP5F1E","514","ENSG00000124172","-0.277","predicted"
2,"hsa-miR-5197-5p","AAUGGCA",6,"targetscan","MIMAT0021130","hsa-miR-5197-5p","RP11-1102P16.1",NA,"ENSG00000253379","-0.277","predicted"
2,"hsa-miR-5197-5p","AAUGGCA",6,"targetscan","MIMAT0021130","hsa-miR-5197-5p","IFNA2","3440","ENSG00000188379","-0.278","predicted"
2,"hsa-miR-5197-5p","AAUGGCA",6,"targetscan","MIMAT0021130","hsa-miR-5197-5p","PRCP","5547","ENSG00000137509","-0.278","predicted"
2,"hsa-miR-5197-5p","AAUGGCA",6,"targetscan","MIMAT0021130","hsa-miR-5197-5p","PPP1R3A","5506","ENSG00000154415","-0.279","predicted"
2,"hsa-miR-5197-5p","AAUGGCA",6,"targetscan","MIMAT0021130","hsa-miR-5197-5p","GIMAP6","474344","ENSG00000133561","-0.279","predicted"
2,"hsa-miR-5197-5p","AAUGGCA",6,"targetscan","MIMAT0021130","hsa-miR-5197-5p","MSANTD2","79684","ENSG00000120458","-0.279","predicted"
2,"hsa-miR-5197-5p","AAUGGCA",6,"targetscan","MIMAT0021130","hsa-miR-5197-5p","PCLAF","9768","ENSG00000166803","-0.279","predicted"
2,"hsa-miR-5197-5p","AAUGGCA",6,"targetscan","MIMAT0021130","hsa-miR-5197-5p","CFAP97D1","284067","ENSG00000231256","-0.279","predicted"
2,"hsa-miR-5197-5p","AAUGGCA",6,"targetscan","MIMAT0021130","hsa-miR-5197-5p","ABRAXAS2","23172","ENSG00000165660","-0.279","predicted"
2,"hsa-miR-5197-5p","AAUGGCA",6,"targetscan","MIMAT0021130","hsa-miR-5197-5p","HNRNPL","3191","ENSG00000104824","-0.28","predicted"
2,"hsa-miR-5197-5p","AAUGGCA",6,"targetscan","MIMAT0021130","hsa-miR-5197-5p","OTC","5009","ENSG00000036473","-0.281","predicted"
2,"hsa-miR-5197-5p","AAUGGCA",6,"targetscan","MIMAT0021130","hsa-miR-5197-5p","USP3","9960","ENSG00000140455","-0.281","predicted"
2,"hsa-miR-5197-5p","AAUGGCA",6,"targetscan","MIMAT0021130","hsa-miR-5197-5p","TMEM70","54968","ENSG00000175606","-0.281","predicted"
2,"hsa-miR-5197-5p","AAUGGCA",6,"targetscan","MIMAT0021130","hsa-miR-5197-5p","FEZ2","9637","ENSG00000171055","-0.281","predicted"
2,"hsa-miR-5197-5p","AAUGGCA",6,"targetscan","MIMAT0021130","hsa-miR-5197-5p","GMFB","2764","ENSG00000197045","-0.282","predicted"
2,"hsa-miR-5197-5p","AAUGGCA",6,"targetscan","MIMAT0021130","hsa-miR-5197-5p","KCNU1","157855","ENSG00000215262","-0.282","predicted"
2,"hsa-miR-5197-5p","AAUGGCA",6,"targetscan","MIMAT0021130","hsa-miR-5197-5p","FAM162B","221303","ENSG00000183807","-0.282","predicted"
2,"hsa-miR-5197-5p","AAUGGCA",6,"targetscan","MIMAT0021130","hsa-miR-5197-5p","MRPL48","51642","ENSG00000175581","-0.282","predicted"
2,"hsa-miR-5197-5p","AAUGGCA",6,"targetscan","MIMAT0021130","hsa-miR-5197-5p","ZG16","653808","ENSG00000174992","-0.282","predicted"
2,"hsa-miR-5197-5p","AAUGGCA",6,"targetscan","MIMAT0021130","hsa-miR-5197-5p","ADH6","130","ENSG00000172955","-0.283","predicted"
2,"hsa-miR-5197-5p","AAUGGCA",6,"targetscan","MIMAT0021130","hsa-miR-5197-5p","CA8","767","ENSG00000178538","-0.283","predicted"
2,"hsa-miR-5197-5p","AAUGGCA",6,"targetscan","MIMAT0021130","hsa-miR-5197-5p","PON1","5444","ENSG00000005421","-0.283","predicted"
2,"hsa-miR-5197-5p","AAUGGCA",6,"targetscan","MIMAT0021130","hsa-miR-5197-5p","TSEN54","283989","ENSG00000182173","-0.283","predicted"
2,"hsa-miR-5197-5p","AAUGGCA",6,"targetscan","MIMAT0021130","hsa-miR-5197-5p","PCDHB5","26167","ENSG00000113209","-0.283","predicted"
2,"hsa-miR-5197-5p","AAUGGCA",6,"targetscan","MIMAT0021130","hsa-miR-5197-5p","CENPA","1058","ENSG00000115163","-0.284","predicted"
2,"hsa-miR-5197-5p","AAUGGCA",6,"targetscan","MIMAT0021130","hsa-miR-5197-5p","BCL10","8915","ENSG00000142867","-0.284","predicted"
2,"hsa-miR-5197-5p","AAUGGCA",6,"targetscan","MIMAT0021130","hsa-miR-5197-5p","A1CF","29974","ENSG00000148584","-0.284","predicted"
2,"hsa-miR-5197-5p","AAUGGCA",6,"targetscan","MIMAT0021130","hsa-miR-5197-5p","ELF5","2001","ENSG00000135374","-0.284","predicted"
2,"hsa-miR-5197-5p","AAUGGCA",6,"targetscan","MIMAT0021130","hsa-miR-5197-5p","EED","8726","ENSG00000074266","-0.285","predicted"
2,"hsa-miR-5197-5p","AAUGGCA",6,"targetscan","MIMAT0021130","hsa-miR-5197-5p","ZCCHC8","55596","ENSG00000033030","-0.285","predicted"
2,"hsa-miR-5197-5p","AAUGGCA",6,"targetscan","MIMAT0021130","hsa-miR-5197-5p","LCP2","3937","ENSG00000043462","-0.285","predicted"
2,"hsa-miR-5197-5p","AAUGGCA",6,"targetscan","MIMAT0021130","hsa-miR-5197-5p","WDR72","256764","ENSG00000166415","-0.285","predicted"
2,"hsa-miR-5197-5p","AAUGGCA",6,"targetscan","MIMAT0021130","hsa-miR-5197-5p","ARL9","132946","ENSG00000196503","-0.285","predicted"
2,"hsa-miR-5197-5p","AAUGGCA",6,"targetscan","MIMAT0021130","hsa-miR-5197-5p","STMP1","647087","ENSG00000243317","-0.285","predicted"
2,"hsa-miR-5197-5p","AAUGGCA",6,"targetscan","MIMAT0021130","hsa-miR-5197-5p","ST7-OT4","338069","ENSG00000214188","-0.285","predicted"
2,"hsa-miR-5197-5p","AAUGGCA",6,"targetscan","MIMAT0021130","hsa-miR-5197-5p","CD3D","915","ENSG00000167286","-0.286","predicted"
2,"hsa-miR-5197-5p","AAUGGCA",6,"targetscan","MIMAT0021130","hsa-miR-5197-5p","HSDL2","84263","ENSG00000119471","-0.287","predicted"
2,"hsa-miR-5197-5p","AAUGGCA",6,"targetscan","MIMAT0021130","hsa-miR-5197-5p","PSTPIP2","9050","ENSG00000152229","-0.287","predicted"
2,"hsa-miR-5197-5p","AAUGGCA",6,"targetscan","MIMAT0021130","hsa-miR-5197-5p","CD226","10666","ENSG00000150637","-0.287","predicted"
2,"hsa-miR-5197-5p","AAUGGCA",6,"targetscan","MIMAT0021130","hsa-miR-5197-5p","RNF186","54546","ENSG00000178828","-0.287","predicted"
2,"hsa-miR-5197-5p","AAUGGCA",6,"targetscan","MIMAT0021130","hsa-miR-5197-5p","LYRM7","90624","ENSG00000186687","-0.287","predicted"
2,"hsa-miR-5197-5p","AAUGGCA",6,"targetscan","MIMAT0021130","hsa-miR-5197-5p","ANKS3","124401","ENSG00000168096","-0.287","predicted"
2,"hsa-miR-5197-5p","AAUGGCA",6,"targetscan","MIMAT0021130","hsa-miR-5197-5p","PTBP3","9991","ENSG00000119314","-0.289","predicted"
2,"hsa-miR-5197-5p","AAUGGCA",6,"targetscan","MIMAT0021130","hsa-miR-5197-5p","TSGA10","80705","ENSG00000135951","-0.289","predicted"
2,"hsa-miR-5197-5p","AAUGGCA",6,"targetscan","MIMAT0021130","hsa-miR-5197-5p","CCDC178","374864","ENSG00000166960","-0.289","predicted"
2,"hsa-miR-5197-5p","AAUGGCA",6,"targetscan","MIMAT0021130","hsa-miR-5197-5p","TM7SF3","51768","ENSG00000064115","-0.289","predicted"
2,"hsa-miR-5197-5p","AAUGGCA",6,"targetscan","MIMAT0021130","hsa-miR-5197-5p","GASK1B","51313","ENSG00000164125","-0.289","predicted"
2,"hsa-miR-5197-5p","AAUGGCA",6,"targetscan","MIMAT0021130","hsa-miR-5197-5p","CIBAR2","339145","ENSG00000153789","-0.289","predicted"
2,"hsa-miR-5197-5p","AAUGGCA",6,"targetscan","MIMAT0021130","hsa-miR-5197-5p","HS3ST5","222537","ENSG00000249853","-0.29","predicted"
2,"hsa-miR-5197-5p","AAUGGCA",6,"targetscan","MIMAT0021130","hsa-miR-5197-5p","VSTM4","196740","ENSG00000165633","-0.29","predicted"
2,"hsa-miR-5197-5p","AAUGGCA",6,"targetscan","MIMAT0021130","hsa-miR-5197-5p","DUX4L2",NA,"ENSG00000259128","-0.29","predicted"
2,"hsa-miR-5197-5p","AAUGGCA",6,"targetscan","MIMAT0021130","hsa-miR-5197-5p","MOB1B","92597","ENSG00000173542","-0.291","predicted"
2,"hsa-miR-5197-5p","AAUGGCA",6,"targetscan","MIMAT0021130","hsa-miR-5197-5p","GPX8","493869","ENSG00000164294","-0.291","predicted"
2,"hsa-miR-5197-5p","AAUGGCA",6,"targetscan","MIMAT0021130","hsa-miR-5197-5p","PRR5-ARHGAP8","553158","ENSG00000248405","-0.291","predicted"
2,"hsa-miR-5197-5p","AAUGGCA",6,"targetscan","MIMAT0021130","hsa-miR-5197-5p","VDAC2","7417","ENSG00000165637","-0.292","predicted"
2,"hsa-miR-5197-5p","AAUGGCA",6,"targetscan","MIMAT0021130","hsa-miR-5197-5p","OSTF1","26578","ENSG00000134996","-0.292","predicted"
2,"hsa-miR-5197-5p","AAUGGCA",6,"targetscan","MIMAT0021130","hsa-miR-5197-5p","HDDC2","51020","ENSG00000111906","-0.292","predicted"
2,"hsa-miR-5197-5p","AAUGGCA",6,"targetscan","MIMAT0021130","hsa-miR-5197-5p","RTCB","51493","ENSG00000100220","-0.293","predicted"
2,"hsa-miR-5197-5p","AAUGGCA",6,"targetscan","MIMAT0021130","hsa-miR-5197-5p","PPCS","79717","ENSG00000127125","-0.293","predicted"
2,"hsa-miR-5197-5p","AAUGGCA",6,"targetscan","MIMAT0021130","hsa-miR-5197-5p","MRPS10","55173","ENSG00000048544","-0.294","predicted"
2,"hsa-miR-5197-5p","AAUGGCA",6,"targetscan","MIMAT0021130","hsa-miR-5197-5p","RBP3",NA,"ENSG00000107618","-0.294","predicted"
2,"hsa-miR-5197-5p","AAUGGCA",6,"targetscan","MIMAT0021130","hsa-miR-5197-5p","PFDN1","5201","ENSG00000113068","-0.295","predicted"
2,"hsa-miR-5197-5p","AAUGGCA",6,"targetscan","MIMAT0021130","hsa-miR-5197-5p","TFDP2","7029","ENSG00000114126","-0.295","predicted"
2,"hsa-miR-5197-5p","AAUGGCA",6,"targetscan","MIMAT0021130","hsa-miR-5197-5p","SAYSD1","55776","ENSG00000112167","-0.295","predicted"
2,"hsa-miR-5197-5p","AAUGGCA",6,"targetscan","MIMAT0021130","hsa-miR-5197-5p","TMSB4Y","9087","ENSG00000154620","-0.295","predicted"
2,"hsa-miR-5197-5p","AAUGGCA",6,"targetscan","MIMAT0021130","hsa-miR-5197-5p","CALCB","797","ENSG00000175868","-0.296","predicted"
2,"hsa-miR-5197-5p","AAUGGCA",6,"targetscan","MIMAT0021130","hsa-miR-5197-5p","VMA21","203547","ENSG00000160131","-0.296","predicted"
2,"hsa-miR-5197-5p","AAUGGCA",6,"targetscan","MIMAT0021130","hsa-miR-5197-5p","LIN28B","389421","ENSG00000187772","-0.296","predicted"
2,"hsa-miR-5197-5p","AAUGGCA",6,"targetscan","MIMAT0021130","hsa-miR-5197-5p","CTSS","1520","ENSG00000163131","-0.296","predicted"
2,"hsa-miR-5197-5p","AAUGGCA",6,"targetscan","MIMAT0021130","hsa-miR-5197-5p","RPP14","11102","ENSG00000163684","-0.297","predicted"
2,"hsa-miR-5197-5p","AAUGGCA",6,"targetscan","MIMAT0021130","hsa-miR-5197-5p","ZBTB11","27107","ENSG00000066422","-0.297","predicted"
2,"hsa-miR-5197-5p","AAUGGCA",6,"targetscan","MIMAT0021130","hsa-miR-5197-5p","CYB5R4","51167","ENSG00000065615","-0.298","predicted"
2,"hsa-miR-5197-5p","AAUGGCA",6,"targetscan","MIMAT0021130","hsa-miR-5197-5p","IPO11","51194","ENSG00000086200","-0.298","predicted"
2,"hsa-miR-5197-5p","AAUGGCA",6,"targetscan","MIMAT0021130","hsa-miR-5197-5p","UTY","7404","ENSG00000183878","-0.298","predicted"
2,"hsa-miR-5197-5p","AAUGGCA",6,"targetscan","MIMAT0021130","hsa-miR-5197-5p","RPL19","6143","ENSG00000108298","-0.298","predicted"
2,"hsa-miR-5197-5p","AAUGGCA",6,"targetscan","MIMAT0021130","hsa-miR-5197-5p","CYB5R4","123956252","ENSG00000065615","-0.298","predicted"
2,"hsa-miR-5197-5p","AAUGGCA",6,"targetscan","MIMAT0021130","hsa-miR-5197-5p","SLC25A21-AS1","100129794","ENSG00000258708","-0.298","predicted"
2,"hsa-miR-5197-5p","AAUGGCA",6,"targetscan","MIMAT0021130","hsa-miR-5197-5p","RBMXL1","494115","ENSG00000213516","-0.299","predicted"
2,"hsa-miR-5197-5p","AAUGGCA",6,"targetscan","MIMAT0021130","hsa-miR-5197-5p","LGALSL","29094","ENSG00000119862","-0.3","predicted"
2,"hsa-miR-5197-5p","AAUGGCA",6,"targetscan","MIMAT0021130","hsa-miR-5197-5p","SPAM1","6677","ENSG00000106304","-0.3","predicted"
2,"hsa-miR-5197-5p","AAUGGCA",6,"targetscan","MIMAT0021130","hsa-miR-5197-5p","LBX1","10660","ENSG00000138136","-0.301","predicted"
2,"hsa-miR-5197-5p","AAUGGCA",6,"targetscan","MIMAT0021130","hsa-miR-5197-5p","STYX","6815","ENSG00000198252","-0.302","predicted"
2,"hsa-miR-5197-5p","AAUGGCA",6,"targetscan","MIMAT0021130","hsa-miR-5197-5p","SRD5A1","6715","ENSG00000145545","-0.303","predicted"
2,"hsa-miR-5197-5p","AAUGGCA",6,"targetscan","MIMAT0021130","hsa-miR-5197-5p","ARHGAP42","143872","ENSG00000165895","-0.303","predicted"
2,"hsa-miR-5197-5p","AAUGGCA",6,"targetscan","MIMAT0021130","hsa-miR-5197-5p","PARS2","25973","ENSG00000162396","-0.304","predicted"
2,"hsa-miR-5197-5p","AAUGGCA",6,"targetscan","MIMAT0021130","hsa-miR-5197-5p","KPNA3","3839","ENSG00000102753","-0.305","predicted"
2,"hsa-miR-5197-5p","AAUGGCA",6,"targetscan","MIMAT0021130","hsa-miR-5197-5p","MRC2","9902","ENSG00000011028","-0.305","predicted"
2,"hsa-miR-5197-5p","AAUGGCA",6,"targetscan","MIMAT0021130","hsa-miR-5197-5p","WWC3","55841","ENSG00000047644","-0.305","predicted"
2,"hsa-miR-5197-5p","AAUGGCA",6,"targetscan","MIMAT0021130","hsa-miR-5197-5p","SERAC1","84947","ENSG00000122335","-0.305","predicted"
2,"hsa-miR-5197-5p","AAUGGCA",6,"targetscan","MIMAT0021130","hsa-miR-5197-5p","MYL12B","103910","ENSG00000118680","-0.305","predicted"
2,"hsa-miR-5197-5p","AAUGGCA",6,"targetscan","MIMAT0021130","hsa-miR-5197-5p","VSX1","30813","ENSG00000100987","-0.305","predicted"
2,"hsa-miR-5197-5p","AAUGGCA",6,"targetscan","MIMAT0021130","hsa-miR-5197-5p","JCHAIN","3512","ENSG00000132465","-0.305","predicted"
2,"hsa-miR-5197-5p","AAUGGCA",6,"targetscan","MIMAT0021130","hsa-miR-5197-5p","CRH","1392","ENSG00000147571","-0.307","predicted"
2,"hsa-miR-5197-5p","AAUGGCA",6,"targetscan","MIMAT0021130","hsa-miR-5197-5p","UBE2L6","9246","ENSG00000156587","-0.307","predicted"
2,"hsa-miR-5197-5p","AAUGGCA",6,"targetscan","MIMAT0021130","hsa-miR-5197-5p","CFAP68","64776","ENSG00000137720","-0.307","predicted"
2,"hsa-miR-5197-5p","AAUGGCA",6,"targetscan","MIMAT0021130","hsa-miR-5197-5p","MOB1B","92597","ENSG00000173542","-0.308","predicted"
2,"hsa-miR-5197-5p","AAUGGCA",6,"targetscan","MIMAT0021130","hsa-miR-5197-5p","CCDC68","80323","ENSG00000166510","-0.309","predicted"
2,"hsa-miR-5197-5p","AAUGGCA",6,"targetscan","MIMAT0021130","hsa-miR-5197-5p","SRD5A1","6715","ENSG00000145545","-0.31","predicted"
2,"hsa-miR-5197-5p","AAUGGCA",6,"targetscan","MIMAT0021130","hsa-miR-5197-5p","CTDSPL2","51496","ENSG00000137770","-0.31","predicted"
2,"hsa-miR-5197-5p","AAUGGCA",6,"targetscan","MIMAT0021130","hsa-miR-5197-5p","DCN","1634","ENSG00000011465","-0.31","predicted"
2,"hsa-miR-5197-5p","AAUGGCA",6,"targetscan","MIMAT0021130","hsa-miR-5197-5p","BPNT2","54928","ENSG00000104331","-0.31","predicted"
2,"hsa-miR-5197-5p","AAUGGCA",6,"targetscan","MIMAT0021130","hsa-miR-5197-5p","CCL22","6367","ENSG00000102962","-0.311","predicted"
2,"hsa-miR-5197-5p","AAUGGCA",6,"targetscan","MIMAT0021130","hsa-miR-5197-5p","TMEM255A","55026","ENSG00000125355","-0.311","predicted"
2,"hsa-miR-5197-5p","AAUGGCA",6,"targetscan","MIMAT0021130","hsa-miR-5197-5p","NIT2","56954","ENSG00000114021","-0.311","predicted"
2,"hsa-miR-5197-5p","AAUGGCA",6,"targetscan","MIMAT0021130","hsa-miR-5197-5p","TMEM252","169693","ENSG00000181778","-0.311","predicted"
2,"hsa-miR-5197-5p","AAUGGCA",6,"targetscan","MIMAT0021130","hsa-miR-5197-5p","PAPSS2","9060","ENSG00000198682","-0.312","predicted"
2,"hsa-miR-5197-5p","AAUGGCA",6,"targetscan","MIMAT0021130","hsa-miR-5197-5p","PRDX2","7001","ENSG00000167815","-0.312","predicted"
2,"hsa-miR-5197-5p","AAUGGCA",6,"targetscan","MIMAT0021130","hsa-miR-5197-5p","ZMYM2","7750","ENSG00000121741","-0.312","predicted"
2,"hsa-miR-5197-5p","AAUGGCA",6,"targetscan","MIMAT0021130","hsa-miR-5197-5p","TTR","7276","ENSG00000118271","-0.312","predicted"
2,"hsa-miR-5197-5p","AAUGGCA",6,"targetscan","MIMAT0021130","hsa-miR-5197-5p","DPPA3","359787","ENSG00000187569","-0.312","predicted"
2,"hsa-miR-5197-5p","AAUGGCA",6,"targetscan","MIMAT0021130","hsa-miR-5197-5p","HERC4","26091","ENSG00000148634","-0.313","predicted"
2,"hsa-miR-5197-5p","AAUGGCA",6,"targetscan","MIMAT0021130","hsa-miR-5197-5p","TUBA4A","7277","ENSG00000127824","-0.313","predicted"
2,"hsa-miR-5197-5p","AAUGGCA",6,"targetscan","MIMAT0021130","hsa-miR-5197-5p","GPALPP1","55425","ENSG00000133114","-0.313","predicted"
2,"hsa-miR-5197-5p","AAUGGCA",6,"targetscan","MIMAT0021130","hsa-miR-5197-5p","DAP","1611","ENSG00000112977","-0.314","predicted"
2,"hsa-miR-5197-5p","AAUGGCA",6,"targetscan","MIMAT0021130","hsa-miR-5197-5p","ZNF138","7697","ENSG00000197008","-0.314","predicted"
2,"hsa-miR-5197-5p","AAUGGCA",6,"targetscan","MIMAT0021130","hsa-miR-5197-5p","DGUOK","1716","ENSG00000114956","-0.314","predicted"
2,"hsa-miR-5197-5p","AAUGGCA",6,"targetscan","MIMAT0021130","hsa-miR-5197-5p","OTC","5009","ENSG00000036473","-0.315","predicted"
2,"hsa-miR-5197-5p","AAUGGCA",6,"targetscan","MIMAT0021130","hsa-miR-5197-5p","IFNA6","3443","ENSG00000120235","-0.315","predicted"
2,"hsa-miR-5197-5p","AAUGGCA",6,"targetscan","MIMAT0021130","hsa-miR-5197-5p","IFNA21","3452","ENSG00000137080","-0.316","predicted"
2,"hsa-miR-5197-5p","AAUGGCA",6,"targetscan","MIMAT0021130","hsa-miR-5197-5p","ATG12","9140","ENSG00000145782","-0.316","predicted"
2,"hsa-miR-5197-5p","AAUGGCA",6,"targetscan","MIMAT0021130","hsa-miR-5197-5p","GCA","25801","ENSG00000115271","-0.317","predicted"
2,"hsa-miR-5197-5p","AAUGGCA",6,"targetscan","MIMAT0021130","hsa-miR-5197-5p","ZNF711","7552","ENSG00000147180","-0.317","predicted"
2,"hsa-miR-5197-5p","AAUGGCA",6,"targetscan","MIMAT0021130","hsa-miR-5197-5p","FBXO8","26269","ENSG00000164117","-0.317","predicted"
2,"hsa-miR-5197-5p","AAUGGCA",6,"targetscan","MIMAT0021130","hsa-miR-5197-5p","DGAT2","84649","ENSG00000062282","-0.317","predicted"
2,"hsa-miR-5197-5p","AAUGGCA",6,"targetscan","MIMAT0021130","hsa-miR-5197-5p","PKD1L1-AS1","80099","ENSG00000136275","-0.317","predicted"
2,"hsa-miR-5197-5p","AAUGGCA",6,"targetscan","MIMAT0021130","hsa-miR-5197-5p","PITPNC1","26207","ENSG00000154217","-0.318","predicted"
2,"hsa-miR-5197-5p","AAUGGCA",6,"targetscan","MIMAT0021130","hsa-miR-5197-5p","SHOC2","8036","ENSG00000108061","-0.319","predicted"
2,"hsa-miR-5197-5p","AAUGGCA",6,"targetscan","MIMAT0021130","hsa-miR-5197-5p","PHF10","55274","ENSG00000130024","-0.319","predicted"
2,"hsa-miR-5197-5p","AAUGGCA",6,"targetscan","MIMAT0021130","hsa-miR-5197-5p","DAZAP2","9802","ENSG00000183283","-0.321","predicted"
2,"hsa-miR-5197-5p","AAUGGCA",6,"targetscan","MIMAT0021130","hsa-miR-5197-5p","SEC31A","22872","ENSG00000138674","-0.321","predicted"
2,"hsa-miR-5197-5p","AAUGGCA",6,"targetscan","MIMAT0021130","hsa-miR-5197-5p","TMEM50A","23585","ENSG00000183726","-0.321","predicted"
2,"hsa-miR-5197-5p","AAUGGCA",6,"targetscan","MIMAT0021130","hsa-miR-5197-5p","CPNE6","9362","ENSG00000100884","-0.322","predicted"
2,"hsa-miR-5197-5p","AAUGGCA",6,"targetscan","MIMAT0021130","hsa-miR-5197-5p","STEAP2","261729","ENSG00000157214","-0.322","predicted"
2,"hsa-miR-5197-5p","AAUGGCA",6,"targetscan","MIMAT0021130","hsa-miR-5197-5p","ADK","132","ENSG00000156110","-0.322","predicted"
2,"hsa-miR-5197-5p","AAUGGCA",6,"targetscan","MIMAT0021130","hsa-miR-5197-5p","TMEM233","387890","ENSG00000224982","-0.322","predicted"
2,"hsa-miR-5197-5p","AAUGGCA",6,"targetscan","MIMAT0021130","hsa-miR-5197-5p","SLC25A16","8034","ENSG00000122912","-0.323","predicted"
2,"hsa-miR-5197-5p","AAUGGCA",6,"targetscan","MIMAT0021130","hsa-miR-5197-5p","ARL15","54622","ENSG00000185305","-0.323","predicted"
2,"hsa-miR-5197-5p","AAUGGCA",6,"targetscan","MIMAT0021130","hsa-miR-5197-5p","SMIM14","201895","ENSG00000163683","-0.325","predicted"
2,"hsa-miR-5197-5p","AAUGGCA",6,"targetscan","MIMAT0021130","hsa-miR-5197-5p","RHOXF2","84528","ENSG00000131721","-0.325","predicted"
2,"hsa-miR-5197-5p","AAUGGCA",6,"targetscan","MIMAT0021130","hsa-miR-5197-5p","ZNF599","148103","ENSG00000153896","-0.327","predicted"
2,"hsa-miR-5197-5p","AAUGGCA",6,"targetscan","MIMAT0021130","hsa-miR-5197-5p","ZNF91","7644","ENSG00000167232","-0.327","predicted"
2,"hsa-miR-5197-5p","AAUGGCA",6,"targetscan","MIMAT0021130","hsa-miR-5197-5p","PAX4","5078","ENSG00000106331","-0.327","predicted"
2,"hsa-miR-5197-5p","AAUGGCA",6,"targetscan","MIMAT0021130","hsa-miR-5197-5p","PCDHB3","56132","ENSG00000113205","-0.327","predicted"
2,"hsa-miR-5197-5p","AAUGGCA",6,"targetscan","MIMAT0021130","hsa-miR-5197-5p","ASAH2B","653308","ENSG00000204147","-0.327","predicted"
2,"hsa-miR-5197-5p","AAUGGCA",6,"targetscan","MIMAT0021130","hsa-miR-5197-5p","FGF13","2258","ENSG00000129682","-0.328","predicted"
2,"hsa-miR-5197-5p","AAUGGCA",6,"targetscan","MIMAT0021130","hsa-miR-5197-5p","TRIM52","84851","ENSG00000183718","-0.328","predicted"
2,"hsa-miR-5197-5p","AAUGGCA",6,"targetscan","MIMAT0021130","hsa-miR-5197-5p","ADAM17","6868","ENSG00000151694","-0.329","predicted"
2,"hsa-miR-5197-5p","AAUGGCA",6,"targetscan","MIMAT0021130","hsa-miR-5197-5p","ZNF675","171392","ENSG00000197372","-0.329","predicted"
2,"hsa-miR-5197-5p","AAUGGCA",6,"targetscan","MIMAT0021130","hsa-miR-5197-5p","GLUL","2752","ENSG00000135821","-0.331","predicted"
2,"hsa-miR-5197-5p","AAUGGCA",6,"targetscan","MIMAT0021130","hsa-miR-5197-5p","PFN2","5217","ENSG00000070087","-0.331","predicted"
2,"hsa-miR-5197-5p","AAUGGCA",6,"targetscan","MIMAT0021130","hsa-miR-5197-5p","SAFB2","9667","ENSG00000130254","-0.331","predicted"
2,"hsa-miR-5197-5p","AAUGGCA",6,"targetscan","MIMAT0021130","hsa-miR-5197-5p","SKAP2","8935","ENSG00000005020","-0.332","predicted"
2,"hsa-miR-5197-5p","AAUGGCA",6,"targetscan","MIMAT0021130","hsa-miR-5197-5p","SPRTN","83932","ENSG00000010072","-0.332","predicted"
2,"hsa-miR-5197-5p","AAUGGCA",6,"targetscan","MIMAT0021130","hsa-miR-5197-5p","DNAJC9","23234","ENSG00000213551","-0.333","predicted"
2,"hsa-miR-5197-5p","AAUGGCA",6,"targetscan","MIMAT0021130","hsa-miR-5197-5p","CYP20A1","57404","ENSG00000119004","-0.333","predicted"
2,"hsa-miR-5197-5p","AAUGGCA",6,"targetscan","MIMAT0021130","hsa-miR-5197-5p","DERL2","51009","ENSG00000072849","-0.333","predicted"
2,"hsa-miR-5197-5p","AAUGGCA",6,"targetscan","MIMAT0021130","hsa-miR-5197-5p","TRIM6","117854","ENSG00000121236","-0.334","predicted"
2,"hsa-miR-5197-5p","AAUGGCA",6,"targetscan","MIMAT0021130","hsa-miR-5197-5p","",NA,"ENSG00000224132","-0.334","predicted"
2,"hsa-miR-5197-5p","AAUGGCA",6,"targetscan","MIMAT0021130","hsa-miR-5197-5p","BCL2","596","ENSG00000171791","-0.335","predicted"
2,"hsa-miR-5197-5p","AAUGGCA",6,"targetscan","MIMAT0021130","hsa-miR-5197-5p","SOCS4","122809","ENSG00000180008","-0.336","predicted"
2,"hsa-miR-5197-5p","AAUGGCA",6,"targetscan","MIMAT0021130","hsa-miR-5197-5p","PBOV1","59351","ENSG00000254440","-0.336","predicted"
2,"hsa-miR-5197-5p","AAUGGCA",6,"targetscan","MIMAT0021130","hsa-miR-5197-5p","HS6ST2","90161","ENSG00000171004","-0.337","predicted"
2,"hsa-miR-5197-5p","AAUGGCA",6,"targetscan","MIMAT0021130","hsa-miR-5197-5p","CTAGE8","100142659","ENSG00000244693","-0.337","predicted"
2,"hsa-miR-5197-5p","AAUGGCA",6,"targetscan","MIMAT0021130","hsa-miR-5197-5p","CMPK1","51727","ENSG00000162368","-0.338","predicted"
2,"hsa-miR-5197-5p","AAUGGCA",6,"targetscan","MIMAT0021130","hsa-miR-5197-5p","DAOA","267012","ENSG00000182346","-0.339","predicted"
2,"hsa-miR-5197-5p","AAUGGCA",6,"targetscan","MIMAT0021130","hsa-miR-5197-5p","PAFAH1B2","5049","ENSG00000168092","-0.34","predicted"
2,"hsa-miR-5197-5p","AAUGGCA",6,"targetscan","MIMAT0021130","hsa-miR-5197-5p","MICOS13","125988","ENSG00000174917","-0.34","predicted"
2,"hsa-miR-5197-5p","AAUGGCA",6,"targetscan","MIMAT0021130","hsa-miR-5197-5p","ZNF24","7572","ENSG00000172466","-0.341","predicted"
2,"hsa-miR-5197-5p","AAUGGCA",6,"targetscan","MIMAT0021130","hsa-miR-5197-5p","CENPU","79682","ENSG00000151725","-0.341","predicted"
2,"hsa-miR-5197-5p","AAUGGCA",6,"targetscan","MIMAT0021130","hsa-miR-5197-5p","SLC25A52","147407","ENSG00000141437","-0.342","predicted"
2,"hsa-miR-5197-5p","AAUGGCA",6,"targetscan","MIMAT0021130","hsa-miR-5197-5p","ETFRF1","144363","ENSG00000205707","-0.342","predicted"
2,"hsa-miR-5197-5p","AAUGGCA",6,"targetscan","MIMAT0021130","hsa-miR-5197-5p","SELENOK","58515","ENSG00000113811","-0.342","predicted"
2,"hsa-miR-5197-5p","AAUGGCA",6,"targetscan","MIMAT0021130","hsa-miR-5197-5p","MBNL1","4154","ENSG00000152601","-0.343","predicted"
2,"hsa-miR-5197-5p","AAUGGCA",6,"targetscan","MIMAT0021130","hsa-miR-5197-5p","CTAGE9","643854","ENSG00000236761","-0.343","predicted"
2,"hsa-miR-5197-5p","AAUGGCA",6,"targetscan","MIMAT0021130","hsa-miR-5197-5p","SLC38A8","146167","ENSG00000166558","-0.344","predicted"
2,"hsa-miR-5197-5p","AAUGGCA",6,"targetscan","MIMAT0021130","hsa-miR-5197-5p","",NA,"ENSG00000176515","-0.344","predicted"
2,"hsa-miR-5197-5p","AAUGGCA",6,"targetscan","MIMAT0021130","hsa-miR-5197-5p","VAMP7","6845","ENSG00000124333","-0.345","predicted"
2,"hsa-miR-5197-5p","AAUGGCA",6,"targetscan","MIMAT0021130","hsa-miR-5197-5p","PIR","8544","ENSG00000087842","-0.345","predicted"
2,"hsa-miR-5197-5p","AAUGGCA",6,"targetscan","MIMAT0021130","hsa-miR-5197-5p","TPD52L3","89882","ENSG00000170777","-0.345","predicted"
2,"hsa-miR-5197-5p","AAUGGCA",6,"targetscan","MIMAT0021130","hsa-miR-5197-5p","CERS5","91012","ENSG00000139624","-0.345","predicted"
2,"hsa-miR-5197-5p","AAUGGCA",6,"targetscan","MIMAT0021130","hsa-miR-5197-5p","NCOA6","23054","ENSG00000198646","-0.346","predicted"
2,"hsa-miR-5197-5p","AAUGGCA",6,"targetscan","MIMAT0021130","hsa-miR-5197-5p","C8orf34-AS1",NA,"ENSG00000248801","-0.346","predicted"
2,"hsa-miR-5197-5p","AAUGGCA",6,"targetscan","MIMAT0021130","hsa-miR-5197-5p","CA1","759","ENSG00000133742","-0.348","predicted"
2,"hsa-miR-5197-5p","AAUGGCA",6,"targetscan","MIMAT0021130","hsa-miR-5197-5p","RHBDF1","64285","ENSG00000007384","-0.348","predicted"
2,"hsa-miR-5197-5p","AAUGGCA",6,"targetscan","MIMAT0021130","hsa-miR-5197-5p","KRTAP13-4","284827","ENSG00000186971","-0.348","predicted"
2,"hsa-miR-5197-5p","AAUGGCA",6,"targetscan","MIMAT0021130","hsa-miR-5197-5p","G6PD","2539","ENSG00000160211","-0.35","predicted"
2,"hsa-miR-5197-5p","AAUGGCA",6,"targetscan","MIMAT0021130","hsa-miR-5197-5p","TERF1","7013","ENSG00000147601","-0.35","predicted"
2,"hsa-miR-5197-5p","AAUGGCA",6,"targetscan","MIMAT0021130","hsa-miR-5197-5p","PARP2","10038","ENSG00000129484","-0.351","predicted"
2,"hsa-miR-5197-5p","AAUGGCA",6,"targetscan","MIMAT0021130","hsa-miR-5197-5p","MBOAT2","129642","ENSG00000143797","-0.351","predicted"
2,"hsa-miR-5197-5p","AAUGGCA",6,"targetscan","MIMAT0021130","hsa-miR-5197-5p","CPA2","1358","ENSG00000158516","-0.351","predicted"
2,"hsa-miR-5197-5p","AAUGGCA",6,"targetscan","MIMAT0021130","hsa-miR-5197-5p","CILK1","22858","ENSG00000112144","-0.351","predicted"
2,"hsa-miR-5197-5p","AAUGGCA",6,"targetscan","MIMAT0021130","hsa-miR-5197-5p","PABIR2","159090","ENSG00000156504","-0.352","predicted"
2,"hsa-miR-5197-5p","AAUGGCA",6,"targetscan","MIMAT0021130","hsa-miR-5197-5p","RPUSD4","84881","ENSG00000165526","-0.354","predicted"
2,"hsa-miR-5197-5p","AAUGGCA",6,"targetscan","MIMAT0021130","hsa-miR-5197-5p","IL7R","3575","ENSG00000168685","-0.355","predicted"
2,"hsa-miR-5197-5p","AAUGGCA",6,"targetscan","MIMAT0021130","hsa-miR-5197-5p","STC1","6781","ENSG00000159167","-0.355","predicted"
2,"hsa-miR-5197-5p","AAUGGCA",6,"targetscan","MIMAT0021130","hsa-miR-5197-5p","NAA11","84779","ENSG00000156269","-0.355","predicted"
2,"hsa-miR-5197-5p","AAUGGCA",6,"targetscan","MIMAT0021130","hsa-miR-5197-5p","NUBP2","10101","ENSG00000095906","-0.356","predicted"
2,"hsa-miR-5197-5p","AAUGGCA",6,"targetscan","MIMAT0021130","hsa-miR-5197-5p","MAPKAPK2","9261","ENSG00000162889","-0.357","predicted"
2,"hsa-miR-5197-5p","AAUGGCA",6,"targetscan","MIMAT0021130","hsa-miR-5197-5p","KLHL38","340359","ENSG00000175946","-0.357","predicted"
2,"hsa-miR-5197-5p","AAUGGCA",6,"targetscan","MIMAT0021130","hsa-miR-5197-5p","PRKD1","5587","ENSG00000184304","-0.358","predicted"
2,"hsa-miR-5197-5p","AAUGGCA",6,"targetscan","MIMAT0021130","hsa-miR-5197-5p","PRKAA1","5562","ENSG00000132356","-0.359","predicted"
2,"hsa-miR-5197-5p","AAUGGCA",6,"targetscan","MIMAT0021130","hsa-miR-5197-5p","GID4","79018","ENSG00000141034","-0.359","predicted"
2,"hsa-miR-5197-5p","AAUGGCA",6,"targetscan","MIMAT0021130","hsa-miR-5197-5p","PRRG4","79056","ENSG00000135378","-0.36","predicted"
2,"hsa-miR-5197-5p","AAUGGCA",6,"targetscan","MIMAT0021130","hsa-miR-5197-5p","DCTN3","11258","ENSG00000137100","-0.362","predicted"
2,"hsa-miR-5197-5p","AAUGGCA",6,"targetscan","MIMAT0021130","hsa-miR-5197-5p","CNOT10","25904","ENSG00000182973","-0.362","predicted"
2,"hsa-miR-5197-5p","AAUGGCA",6,"targetscan","MIMAT0021130","hsa-miR-5197-5p","ABRACL","58527","ENSG00000146386","-0.362","predicted"
2,"hsa-miR-5197-5p","AAUGGCA",6,"targetscan","MIMAT0021130","hsa-miR-5197-5p","ICA1","3382","ENSG00000003147","-0.362","predicted"
2,"hsa-miR-5197-5p","AAUGGCA",6,"targetscan","MIMAT0021130","hsa-miR-5197-5p","FAM180B","399888","ENSG00000196666","-0.362","predicted"
2,"hsa-miR-5197-5p","AAUGGCA",6,"targetscan","MIMAT0021130","hsa-miR-5197-5p","CLDND1","56650","ENSG00000080822","-0.363","predicted"
2,"hsa-miR-5197-5p","AAUGGCA",6,"targetscan","MIMAT0021130","hsa-miR-5197-5p","SLC35G2","80723","ENSG00000168917","-0.363","predicted"
2,"hsa-miR-5197-5p","AAUGGCA",6,"targetscan","MIMAT0021130","hsa-miR-5197-5p","VIPR1","7433","ENSG00000114812","-0.363","predicted"
2,"hsa-miR-5197-5p","AAUGGCA",6,"targetscan","MIMAT0021130","hsa-miR-5197-5p","CILP","8483","ENSG00000138615","-0.363","predicted"
2,"hsa-miR-5197-5p","AAUGGCA",6,"targetscan","MIMAT0021130","hsa-miR-5197-5p","ANXA8L1",NA,"ENSG00000150165","-0.363","predicted"
2,"hsa-miR-5197-5p","AAUGGCA",6,"targetscan","MIMAT0021130","hsa-miR-5197-5p","ANXA8",NA,"ENSG00000165390","-0.363","predicted"
2,"hsa-miR-5197-5p","AAUGGCA",6,"targetscan","MIMAT0021130","hsa-miR-5197-5p","ANXA8L2",NA,"ENSG00000186807","-0.363","predicted"
2,"hsa-miR-5197-5p","AAUGGCA",6,"targetscan","MIMAT0021130","hsa-miR-5197-5p","MTURN","222166","ENSG00000180354","-0.364","predicted"
2,"hsa-miR-5197-5p","AAUGGCA",6,"targetscan","MIMAT0021130","hsa-miR-5197-5p","ASB4","51666","ENSG00000005981","-0.365","predicted"
2,"hsa-miR-5197-5p","AAUGGCA",6,"targetscan","MIMAT0021130","hsa-miR-5197-5p","TMEM161B","153396","ENSG00000164180","-0.365","predicted"
2,"hsa-miR-5197-5p","AAUGGCA",6,"targetscan","MIMAT0021130","hsa-miR-5197-5p","ASIC5","51802","ENSG00000256394","-0.365","predicted"
2,"hsa-miR-5197-5p","AAUGGCA",6,"targetscan","MIMAT0021130","hsa-miR-5197-5p","SIX1","6495","ENSG00000126778","-0.367","predicted"
2,"hsa-miR-5197-5p","AAUGGCA",6,"targetscan","MIMAT0021130","hsa-miR-5197-5p","ZNF561-AS1",NA,"ENSG00000267106","-0.367","predicted"
2,"hsa-miR-5197-5p","AAUGGCA",6,"targetscan","MIMAT0021130","hsa-miR-5197-5p","ADCYAP1","116","ENSG00000141433","-0.369","predicted"
2,"hsa-miR-5197-5p","AAUGGCA",6,"targetscan","MIMAT0021130","hsa-miR-5197-5p","COMMD3-BMI1","100532731","ENSG00000269897","-0.369","predicted"
2,"hsa-miR-5197-5p","AAUGGCA",6,"targetscan","MIMAT0021130","hsa-miR-5197-5p","ABCG2","9429","ENSG00000118777","-0.37","predicted"
2,"hsa-miR-5197-5p","AAUGGCA",6,"targetscan","MIMAT0021130","hsa-miR-5197-5p","BLOC1S6","26258","ENSG00000104164","-0.37","predicted"
2,"hsa-miR-5197-5p","AAUGGCA",6,"targetscan","MIMAT0021130","hsa-miR-5197-5p","GPAT4","137964","ENSG00000158669","-0.37","predicted"
2,"hsa-miR-5197-5p","AAUGGCA",6,"targetscan","MIMAT0021130","hsa-miR-5197-5p","RBM22","55696","ENSG00000086589","-0.371","predicted"
2,"hsa-miR-5197-5p","AAUGGCA",6,"targetscan","MIMAT0021130","hsa-miR-5197-5p","BOLA2B","552900","ENSG00000169627","-0.371","predicted"
2,"hsa-miR-5197-5p","AAUGGCA",6,"targetscan","MIMAT0021130","hsa-miR-5197-5p","BOLA2","552900","ENSG00000183336","-0.371","predicted"
2,"hsa-miR-5197-5p","AAUGGCA",6,"targetscan","MIMAT0021130","hsa-miR-5197-5p","BOLA2B","654483","ENSG00000169627","-0.371","predicted"
2,"hsa-miR-5197-5p","AAUGGCA",6,"targetscan","MIMAT0021130","hsa-miR-5197-5p","SMIM19","114926","ENSG00000176209","-0.371","predicted"
2,"hsa-miR-5197-5p","AAUGGCA",6,"targetscan","MIMAT0021130","hsa-miR-5197-5p","ZFP69B","65243","ENSG00000187801","-0.371","predicted"
2,"hsa-miR-5197-5p","AAUGGCA",6,"targetscan","MIMAT0021130","hsa-miR-5197-5p","BOLA2","124907841","ENSG00000183336","-0.371","predicted"
2,"hsa-miR-5197-5p","AAUGGCA",6,"targetscan","MIMAT0021130","hsa-miR-5197-5p","TSC22D1","8848","ENSG00000102804","-0.372","predicted"
2,"hsa-miR-5197-5p","AAUGGCA",6,"targetscan","MIMAT0021130","hsa-miR-5197-5p","BNIP3L","665","ENSG00000104765","-0.373","predicted"
2,"hsa-miR-5197-5p","AAUGGCA",6,"targetscan","MIMAT0021130","hsa-miR-5197-5p","KNG1","3827","ENSG00000113889","-0.376","predicted"
2,"hsa-miR-5197-5p","AAUGGCA",6,"targetscan","MIMAT0021130","hsa-miR-5197-5p","FYTTD1","84248","ENSG00000122068","-0.376","predicted"
2,"hsa-miR-5197-5p","AAUGGCA",6,"targetscan","MIMAT0021130","hsa-miR-5197-5p","SLC25A48","153328","ENSG00000145832","-0.376","predicted"
2,"hsa-miR-5197-5p","AAUGGCA",6,"targetscan","MIMAT0021130","hsa-miR-5197-5p","RRBP1","6238","ENSG00000125844","-0.378","predicted"
2,"hsa-miR-5197-5p","AAUGGCA",6,"targetscan","MIMAT0021130","hsa-miR-5197-5p","CCDC15","80071","ENSG00000149548","-0.378","predicted"
2,"hsa-miR-5197-5p","AAUGGCA",6,"targetscan","MIMAT0021130","hsa-miR-5197-5p","GBP2","2634","ENSG00000162645","-0.379","predicted"
2,"hsa-miR-5197-5p","AAUGGCA",6,"targetscan","MIMAT0021130","hsa-miR-5197-5p","RNF4","6047","ENSG00000063978","-0.379","predicted"
2,"hsa-miR-5197-5p","AAUGGCA",6,"targetscan","MIMAT0021130","hsa-miR-5197-5p","AP1AR","55435","ENSG00000138660","-0.379","predicted"
2,"hsa-miR-5197-5p","AAUGGCA",6,"targetscan","MIMAT0021130","hsa-miR-5197-5p","ZNF135","7694","ENSG00000176293","-0.38","predicted"
2,"hsa-miR-5197-5p","AAUGGCA",6,"targetscan","MIMAT0021130","hsa-miR-5197-5p","TMEM50B","757","ENSG00000142188","-0.381","predicted"
2,"hsa-miR-5197-5p","AAUGGCA",6,"targetscan","MIMAT0021130","hsa-miR-5197-5p","TMSB4X","7114","ENSG00000205542","-0.381","predicted"
2,"hsa-miR-5197-5p","AAUGGCA",6,"targetscan","MIMAT0021130","hsa-miR-5197-5p","OARD1","221443","ENSG00000124596","-0.381","predicted"
2,"hsa-miR-5197-5p","AAUGGCA",6,"targetscan","MIMAT0021130","hsa-miR-5197-5p","CHIC1","53344","ENSG00000204116","-0.381","predicted"
2,"hsa-miR-5197-5p","AAUGGCA",6,"targetscan","MIMAT0021130","hsa-miR-5197-5p","CX3CR1","1524","ENSG00000168329","-0.381","predicted"
2,"hsa-miR-5197-5p","AAUGGCA",6,"targetscan","MIMAT0021130","hsa-miR-5197-5p","ZFP36L2","678","ENSG00000152518","-0.384","predicted"
2,"hsa-miR-5197-5p","AAUGGCA",6,"targetscan","MIMAT0021130","hsa-miR-5197-5p","HOXA11","3207","ENSG00000005073","-0.384","predicted"
2,"hsa-miR-5197-5p","AAUGGCA",6,"targetscan","MIMAT0021130","hsa-miR-5197-5p","APOBEC1","339","ENSG00000111701","-0.384","predicted"
2,"hsa-miR-5197-5p","AAUGGCA",6,"targetscan","MIMAT0021130","hsa-miR-5197-5p","CAMTA2","23125","ENSG00000108509","-0.385","predicted"
2,"hsa-miR-5197-5p","AAUGGCA",6,"targetscan","MIMAT0021130","hsa-miR-5197-5p","GLRX","2745","ENSG00000173221","-0.388","predicted"
2,"hsa-miR-5197-5p","AAUGGCA",6,"targetscan","MIMAT0021130","hsa-miR-5197-5p","LRRC31","79782","ENSG00000114248","-0.388","predicted"
2,"hsa-miR-5197-5p","AAUGGCA",6,"targetscan","MIMAT0021130","hsa-miR-5197-5p","PHKB","5257","ENSG00000102893","-0.392","predicted"
2,"hsa-miR-5197-5p","AAUGGCA",6,"targetscan","MIMAT0021130","hsa-miR-5197-5p","C19orf12","83636","ENSG00000131943","-0.393","predicted"
2,"hsa-miR-5197-5p","AAUGGCA",6,"targetscan","MIMAT0021130","hsa-miR-5197-5p","ATP6V0E1","8992","ENSG00000113732","-0.394","predicted"
2,"hsa-miR-5197-5p","AAUGGCA",6,"targetscan","MIMAT0021130","hsa-miR-5197-5p","CRYBG3","131544","ENSG00000080200","-0.394","predicted"
2,"hsa-miR-5197-5p","AAUGGCA",6,"targetscan","MIMAT0021130","hsa-miR-5197-5p","PET100","100131801","ENSG00000229833","-0.395","predicted"
2,"hsa-miR-5197-5p","AAUGGCA",6,"targetscan","MIMAT0021130","hsa-miR-5197-5p","ZFAND4","93550","ENSG00000172671","-0.397","predicted"
2,"hsa-miR-5197-5p","AAUGGCA",6,"targetscan","MIMAT0021130","hsa-miR-5197-5p","BMI1","648","ENSG00000168283","-0.4","predicted"
2,"hsa-miR-5197-5p","AAUGGCA",6,"targetscan","MIMAT0021130","hsa-miR-5197-5p","CSTF1","1477","ENSG00000101138","-0.401","predicted"
2,"hsa-miR-5197-5p","AAUGGCA",6,"targetscan","MIMAT0021130","hsa-miR-5197-5p","DEPDC4","120863","ENSG00000166153","-0.401","predicted"
2,"hsa-miR-5197-5p","AAUGGCA",6,"targetscan","MIMAT0021130","hsa-miR-5197-5p","NEMF","9147","ENSG00000165525","-0.403","predicted"
2,"hsa-miR-5197-5p","AAUGGCA",6,"targetscan","MIMAT0021130","hsa-miR-5197-5p","HMGB4","127540","ENSG00000176256","-0.405","predicted"
2,"hsa-miR-5197-5p","AAUGGCA",6,"targetscan","MIMAT0021130","hsa-miR-5197-5p","NREP","9315","ENSG00000134986","-0.408","predicted"
2,"hsa-miR-5197-5p","AAUGGCA",6,"targetscan","MIMAT0021130","hsa-miR-5197-5p","PCYOX1","51449","ENSG00000116005","-0.408","predicted"
2,"hsa-miR-5197-5p","AAUGGCA",6,"targetscan","MIMAT0021130","hsa-miR-5197-5p","FGF20","26281","ENSG00000078579","-0.41","predicted"
2,"hsa-miR-5197-5p","AAUGGCA",6,"targetscan","MIMAT0021130","hsa-miR-5197-5p","GBP1","2633","ENSG00000117228","-0.41","predicted"
2,"hsa-miR-5197-5p","AAUGGCA",6,"targetscan","MIMAT0021130","hsa-miR-5197-5p","TTC8","123016","ENSG00000165533","-0.411","predicted"
2,"hsa-miR-5197-5p","AAUGGCA",6,"targetscan","MIMAT0021130","hsa-miR-5197-5p","MPDZ","8777","ENSG00000107186","-0.411","predicted"
2,"hsa-miR-5197-5p","AAUGGCA",6,"targetscan","MIMAT0021130","hsa-miR-5197-5p","C15orf48","84419","ENSG00000166920","-0.414","predicted"
2,"hsa-miR-5197-5p","AAUGGCA",6,"targetscan","MIMAT0021130","hsa-miR-5197-5p","TBCB","1155","ENSG00000105254","-0.415","predicted"
2,"hsa-miR-5197-5p","AAUGGCA",6,"targetscan","MIMAT0021130","hsa-miR-5197-5p","ZNF501","115560","ENSG00000186446","-0.416","predicted"
2,"hsa-miR-5197-5p","AAUGGCA",6,"targetscan","MIMAT0021130","hsa-miR-5197-5p","SLC35A3","23443","ENSG00000117620","-0.417","predicted"
2,"hsa-miR-5197-5p","AAUGGCA",6,"targetscan","MIMAT0021130","hsa-miR-5197-5p","CENPA","1058","ENSG00000115163","-0.418","predicted"
2,"hsa-miR-5197-5p","AAUGGCA",6,"targetscan","MIMAT0021130","hsa-miR-5197-5p","CPB2","1361","ENSG00000080618","-0.418","predicted"
2,"hsa-miR-5197-5p","AAUGGCA",6,"targetscan","MIMAT0021130","hsa-miR-5197-5p","GJB2","2706","ENSG00000165474","-0.418","predicted"
2,"hsa-miR-5197-5p","AAUGGCA",6,"targetscan","MIMAT0021130","hsa-miR-5197-5p","ILF3","3609","ENSG00000129351","-0.419","predicted"
2,"hsa-miR-5197-5p","AAUGGCA",6,"targetscan","MIMAT0021130","hsa-miR-5197-5p","MAN2B1","4125","ENSG00000104774","-0.419","predicted"
2,"hsa-miR-5197-5p","AAUGGCA",6,"targetscan","MIMAT0021130","hsa-miR-5197-5p","ATL2","64225","ENSG00000119787","-0.421","predicted"
2,"hsa-miR-5197-5p","AAUGGCA",6,"targetscan","MIMAT0021130","hsa-miR-5197-5p","SRP68","6730","ENSG00000167881","-0.422","predicted"
2,"hsa-miR-5197-5p","AAUGGCA",6,"targetscan","MIMAT0021130","hsa-miR-5197-5p","ODF2L","57489","ENSG00000122417","-0.422","predicted"
2,"hsa-miR-5197-5p","AAUGGCA",6,"targetscan","MIMAT0021130","hsa-miR-5197-5p","RECQL","5965","ENSG00000004700","-0.426","predicted"
2,"hsa-miR-5197-5p","AAUGGCA",6,"targetscan","MIMAT0021130","hsa-miR-5197-5p","UBE2D1","7321","ENSG00000072401","-0.426","predicted"
2,"hsa-miR-5197-5p","AAUGGCA",6,"targetscan","MIMAT0021130","hsa-miR-5197-5p","RBM3","5935","ENSG00000102317","-0.427","predicted"
2,"hsa-miR-5197-5p","AAUGGCA",6,"targetscan","MIMAT0021130","hsa-miR-5197-5p","HIKESHI","51501","ENSG00000149196","-0.427","predicted"
2,"hsa-miR-5197-5p","AAUGGCA",6,"targetscan","MIMAT0021130","hsa-miR-5197-5p","TRAM1","23471","ENSG00000067167","-0.429","predicted"
2,"hsa-miR-5197-5p","AAUGGCA",6,"targetscan","MIMAT0021130","hsa-miR-5197-5p","RDH16","8608","ENSG00000139547","-0.43","predicted"
2,"hsa-miR-5197-5p","AAUGGCA",6,"targetscan","MIMAT0021130","hsa-miR-5197-5p","ACAP1","9744","ENSG00000072818","-0.43","predicted"
2,"hsa-miR-5197-5p","AAUGGCA",6,"targetscan","MIMAT0021130","hsa-miR-5197-5p","IL1A","3552","ENSG00000115008","-0.431","predicted"
2,"hsa-miR-5197-5p","AAUGGCA",6,"targetscan","MIMAT0021130","hsa-miR-5197-5p","RABGGTB","5876","ENSG00000137955","-0.434","predicted"
2,"hsa-miR-5197-5p","AAUGGCA",6,"targetscan","MIMAT0021130","hsa-miR-5197-5p","USP10","9100","ENSG00000103194","-0.435","predicted"
2,"hsa-miR-5197-5p","AAUGGCA",6,"targetscan","MIMAT0021130","hsa-miR-5197-5p","SIL1","64374","ENSG00000120725","-0.437","predicted"
2,"hsa-miR-5197-5p","AAUGGCA",6,"targetscan","MIMAT0021130","hsa-miR-5197-5p","WNT8B","7479","ENSG00000075290","-0.439","predicted"
2,"hsa-miR-5197-5p","AAUGGCA",6,"targetscan","MIMAT0021130","hsa-miR-5197-5p","ZNF345","25850","ENSG00000251247","-0.44","predicted"
2,"hsa-miR-5197-5p","AAUGGCA",6,"targetscan","MIMAT0021130","hsa-miR-5197-5p","STK33","65975","ENSG00000130413","-0.441","predicted"
2,"hsa-miR-5197-5p","AAUGGCA",6,"targetscan","MIMAT0021130","hsa-miR-5197-5p","RPAP3","79657","ENSG00000005175","-0.443","predicted"
2,"hsa-miR-5197-5p","AAUGGCA",6,"targetscan","MIMAT0021130","hsa-miR-5197-5p","MATN3","4148","ENSG00000132031","-0.444","predicted"
2,"hsa-miR-5197-5p","AAUGGCA",6,"targetscan","MIMAT0021130","hsa-miR-5197-5p","TANK","10010","ENSG00000136560","-0.446","predicted"
2,"hsa-miR-5197-5p","AAUGGCA",6,"targetscan","MIMAT0021130","hsa-miR-5197-5p","CBX3","11335","ENSG00000122565","-0.447","predicted"
2,"hsa-miR-5197-5p","AAUGGCA",6,"targetscan","MIMAT0021130","hsa-miR-5197-5p","DDX41","51428","ENSG00000183258","-0.447","predicted"
2,"hsa-miR-5197-5p","AAUGGCA",6,"targetscan","MIMAT0021130","hsa-miR-5197-5p","SH3BGRL","6451","ENSG00000131171","-0.448","predicted"
2,"hsa-miR-5197-5p","AAUGGCA",6,"targetscan","MIMAT0021130","hsa-miR-5197-5p","MTO1","25821","ENSG00000135297","-0.448","predicted"
2,"hsa-miR-5197-5p","AAUGGCA",6,"targetscan","MIMAT0021130","hsa-miR-5197-5p","SDHD","6392","ENSG00000204370","-0.448","predicted"
2,"hsa-miR-5197-5p","AAUGGCA",6,"targetscan","MIMAT0021130","hsa-miR-5197-5p","STEAP2","261729","ENSG00000157214","-0.449","predicted"
2,"hsa-miR-5197-5p","AAUGGCA",6,"targetscan","MIMAT0021130","hsa-miR-5197-5p","MGAT4EP",NA,"ENSG00000184774","-0.449","predicted"
2,"hsa-miR-5197-5p","AAUGGCA",6,"targetscan","MIMAT0021130","hsa-miR-5197-5p","PGM2","55276","ENSG00000169299","-0.45","predicted"
2,"hsa-miR-5197-5p","AAUGGCA",6,"targetscan","MIMAT0021130","hsa-miR-5197-5p","CRISPLD1","83690","ENSG00000121005","-0.451","predicted"
2,"hsa-miR-5197-5p","AAUGGCA",6,"targetscan","MIMAT0021130","hsa-miR-5197-5p","CRISP1","167","ENSG00000124812","-0.452","predicted"
2,"hsa-miR-5197-5p","AAUGGCA",6,"targetscan","MIMAT0021130","hsa-miR-5197-5p","KDELR2","11014","ENSG00000136240","-0.456","predicted"
2,"hsa-miR-5197-5p","AAUGGCA",6,"targetscan","MIMAT0021130","hsa-miR-5197-5p","CHMP2B","25978","ENSG00000083937","-0.458","predicted"
2,"hsa-miR-5197-5p","AAUGGCA",6,"targetscan","MIMAT0021130","hsa-miR-5197-5p","PSAT1","29968","ENSG00000135069","-0.459","predicted"
2,"hsa-miR-5197-5p","AAUGGCA",6,"targetscan","MIMAT0021130","hsa-miR-5197-5p","GLE1","2733","ENSG00000119392","-0.46","predicted"
2,"hsa-miR-5197-5p","AAUGGCA",6,"targetscan","MIMAT0021130","hsa-miR-5197-5p","GVQW1",NA,"ENSG00000241043","-0.46","predicted"
2,"hsa-miR-5197-5p","AAUGGCA",6,"targetscan","MIMAT0021130","hsa-miR-5197-5p","ACTRT1","139741","ENSG00000123165","-0.465","predicted"
2,"hsa-miR-5197-5p","AAUGGCA",6,"targetscan","MIMAT0021130","hsa-miR-5197-5p","UBAC2","337867","ENSG00000134882","-0.47","predicted"
2,"hsa-miR-5197-5p","AAUGGCA",6,"targetscan","MIMAT0021130","hsa-miR-5197-5p","TPO","7173","ENSG00000115705","-0.481","predicted"
2,"hsa-miR-5197-5p","AAUGGCA",6,"targetscan","MIMAT0021130","hsa-miR-5197-5p","VAMP3","9341","ENSG00000049245","-0.484","predicted"
2,"hsa-miR-5197-5p","AAUGGCA",6,"targetscan","MIMAT0021130","hsa-miR-5197-5p","HOXA5","3202","ENSG00000106004","-0.484","predicted"
2,"hsa-miR-5197-5p","AAUGGCA",6,"targetscan","MIMAT0021130","hsa-miR-5197-5p","NUDT5","11164","ENSG00000165609","-0.484","predicted"
2,"hsa-miR-5197-5p","AAUGGCA",6,"targetscan","MIMAT0021130","hsa-miR-5197-5p","MED21","9412","ENSG00000152944","-0.489","predicted"
2,"hsa-miR-5197-5p","AAUGGCA",6,"targetscan","MIMAT0021130","hsa-miR-5197-5p","RPS4X","6191","ENSG00000198034","-0.492","predicted"
2,"hsa-miR-5197-5p","AAUGGCA",6,"targetscan","MIMAT0021130","hsa-miR-5197-5p","TRMT6","51605","ENSG00000089195","-0.498","predicted"
2,"hsa-miR-5197-5p","AAUGGCA",6,"targetscan","MIMAT0021130","hsa-miR-5197-5p","BOC","91653","ENSG00000144857","-0.499","predicted"
2,"hsa-miR-5197-5p","AAUGGCA",6,"targetscan","MIMAT0021130","hsa-miR-5197-5p","C4orf19","55286","ENSG00000154274","-0.503","predicted"
2,"hsa-miR-5197-5p","AAUGGCA",6,"targetscan","MIMAT0021130","hsa-miR-5197-5p","MRPL22","29093","ENSG00000082515","-0.504","predicted"
2,"hsa-miR-5197-5p","AAUGGCA",6,"targetscan","MIMAT0021130","hsa-miR-5197-5p","KLRF1","51348","ENSG00000150045","-0.507","predicted"
2,"hsa-miR-5197-5p","AAUGGCA",6,"targetscan","MIMAT0021130","hsa-miR-5197-5p","NHLRC1","378884","ENSG00000187566","-0.516","predicted"
2,"hsa-miR-5197-5p","AAUGGCA",6,"targetscan","MIMAT0021130","hsa-miR-5197-5p","MPV17L2","84769","ENSG00000254858","-0.522","predicted"
2,"hsa-miR-5197-5p","AAUGGCA",6,"targetscan","MIMAT0021130","hsa-miR-5197-5p","AL627171.2",NA,"ENSG00000269832","-0.524","predicted"
2,"hsa-miR-5197-5p","AAUGGCA",6,"targetscan","MIMAT0021130","hsa-miR-5197-5p","XCL1","6375","ENSG00000143184","-0.525","predicted"
2,"hsa-miR-5197-5p","AAUGGCA",6,"targetscan","MIMAT0021130","hsa-miR-5197-5p","GBP3","2635","ENSG00000117226","-0.527","predicted"
2,"hsa-miR-5197-5p","AAUGGCA",6,"targetscan","MIMAT0021130","hsa-miR-5197-5p","RFESD","317671","ENSG00000175449","-0.534","predicted"
2,"hsa-miR-5197-5p","AAUGGCA",6,"targetscan","MIMAT0021130","hsa-miR-5197-5p","ANXA5","308","ENSG00000164111","-0.538","predicted"
2,"hsa-miR-5197-5p","AAUGGCA",6,"targetscan","MIMAT0021130","hsa-miR-5197-5p","NSA2","10412","ENSG00000164346","-0.538","predicted"
2,"hsa-miR-5197-5p","AAUGGCA",6,"targetscan","MIMAT0021130","hsa-miR-5197-5p","CHRAC1","54108","ENSG00000104472","-0.545","predicted"
2,"hsa-miR-5197-5p","AAUGGCA",6,"targetscan","MIMAT0021130","hsa-miR-5197-5p","CSAD","51380","ENSG00000139631","-0.548","predicted"
2,"hsa-miR-5197-5p","AAUGGCA",6,"targetscan","MIMAT0021130","hsa-miR-5197-5p","FCER1G","2207","ENSG00000158869","-0.549","predicted"
2,"hsa-miR-5197-5p","AAUGGCA",6,"targetscan","MIMAT0021130","hsa-miR-5197-5p","OSGIN2","734","ENSG00000164823","-0.554","predicted"
2,"hsa-miR-5197-5p","AAUGGCA",6,"targetscan","MIMAT0021130","hsa-miR-5197-5p","SNRNP27","11017","ENSG00000124380","-0.556","predicted"
2,"hsa-miR-5197-5p","AAUGGCA",6,"targetscan","MIMAT0021130","hsa-miR-5197-5p","AGO2","27161","ENSG00000123908","-0.561","predicted"
2,"hsa-miR-5197-5p","AAUGGCA",6,"targetscan","MIMAT0021130","hsa-miR-5197-5p","TEX26","122046","ENSG00000175664","-0.562","predicted"
2,"hsa-miR-5197-5p","AAUGGCA",6,"targetscan","MIMAT0021130","hsa-miR-5197-5p","CCDC190","339512","ENSG00000185860","-0.571","predicted"
2,"hsa-miR-5197-5p","AAUGGCA",6,"targetscan","MIMAT0021130","hsa-miR-5197-5p","AFMID","125061","ENSG00000183077","-0.572","predicted"
2,"hsa-miR-5197-5p","AAUGGCA",6,"targetscan","MIMAT0021130","hsa-miR-5197-5p","CFL2","1073","ENSG00000165410","-0.578","predicted"
2,"hsa-miR-5197-5p","AAUGGCA",6,"targetscan","MIMAT0021130","hsa-miR-5197-5p","MYC","4609","ENSG00000136997","-0.585","predicted"
2,"hsa-miR-5197-5p","AAUGGCA",6,"targetscan","MIMAT0021130","hsa-miR-5197-5p","FUCA2","2519","ENSG00000001036","-0.591","predicted"
2,"hsa-miR-5197-5p","AAUGGCA",6,"targetscan","MIMAT0021130","hsa-miR-5197-5p","SAP18","10284","ENSG00000150459","-0.608","predicted"
2,"hsa-miR-5197-5p","AAUGGCA",6,"targetscan","MIMAT0021130","hsa-miR-5197-5p","RNF208","727800","ENSG00000212864","-0.609","predicted"
2,"hsa-miR-5197-5p","AAUGGCA",6,"targetscan","MIMAT0021130","hsa-miR-5197-5p","TXNL1","9352","ENSG00000091164","-0.618","predicted"
2,"hsa-miR-5197-5p","AAUGGCA",6,"targetscan","MIMAT0021130","hsa-miR-5197-5p","COX7C","1350","ENSG00000127184","-0.62","predicted"
2,"hsa-miR-5197-5p","AAUGGCA",6,"targetscan","MIMAT0021130","hsa-miR-5197-5p","OR8J1","219477","ENSG00000172487","-0.63","predicted"
2,"hsa-miR-5197-5p","AAUGGCA",6,"targetscan","MIMAT0021130","hsa-miR-5197-5p","PTPRZ1","5803","ENSG00000106278","-0.662","predicted"
2,"hsa-miR-5197-5p","AAUGGCA",6,"targetscan","MIMAT0021130","hsa-miR-5197-5p","TIGD7","91151","ENSG00000140993","-0.674","predicted"
2,"hsa-miR-5197-5p","AAUGGCA",6,"targetscan","MIMAT0021130","hsa-miR-5197-5p","CENPX","201254","ENSG00000169689","-0.702","predicted"
2,"hsa-miR-5197-5p","AAUGGCA",6,"targetscan","MIMAT0021130","hsa-miR-5197-5p","UPP1","7378","ENSG00000183696","-0.704","predicted"
2,"hsa-miR-5197-5p","AAUGGCA",6,"targetscan","MIMAT0021130","hsa-miR-5197-5p","EMC7","56851","ENSG00000134153","-0.711","predicted"
2,"hsa-miR-5197-5p","AAUGGCA",6,"targetscan","MIMAT0021130","hsa-miR-5197-5p","PIGP","51227","ENSG00000185808","-0.856","predicted"
2,"hsa-miR-5197-5p","AAUGGCA",6,"targetscan","MIMAT0021130","hsa-miR-5197-5p","BTBD8","284697","ENSG00000189195","-0.893","predicted"
3,"hsa-miR-106a-3p","UGCAAUG",5,"targetscan","MIMAT0004517","hsa-miR-106a-3p","MTCH2","23788","ENSG00000109919","-0.178","predicted"
3,"hsa-miR-106a-3p","UGCAAUG",5,"targetscan","MIMAT0004517","hsa-miR-106a-3p","MBP","4155","ENSG00000197971","-0.178","predicted"
3,"hsa-miR-106a-3p","UGCAAUG",5,"targetscan","MIMAT0004517","hsa-miR-106a-3p","DUSP11","8446","ENSG00000144048","-0.178","predicted"
3,"hsa-miR-106a-3p","UGCAAUG",5,"targetscan","MIMAT0004517","hsa-miR-106a-3p","ZNF41","7592","ENSG00000147124","-0.178","predicted"
3,"hsa-miR-106a-3p","UGCAAUG",5,"targetscan","MIMAT0004517","hsa-miR-106a-3p","CMBL","134147","ENSG00000164237","-0.178","predicted"
3,"hsa-miR-106a-3p","UGCAAUG",5,"targetscan","MIMAT0004517","hsa-miR-106a-3p","SRFBP1","153443","ENSG00000151304","-0.178","predicted"
3,"hsa-miR-106a-3p","UGCAAUG",5,"targetscan","MIMAT0004517","hsa-miR-106a-3p","C8A","731","ENSG00000157131","-0.179","predicted"
3,"hsa-miR-106a-3p","UGCAAUG",5,"targetscan","MIMAT0004517","hsa-miR-106a-3p","PDSS1","23590","ENSG00000148459","-0.179","predicted"
3,"hsa-miR-106a-3p","UGCAAUG",5,"targetscan","MIMAT0004517","hsa-miR-106a-3p","ASF1A","25842","ENSG00000111875","-0.179","predicted"
3,"hsa-miR-106a-3p","UGCAAUG",5,"targetscan","MIMAT0004517","hsa-miR-106a-3p","DERL1","79139","ENSG00000136986","-0.179","predicted"
3,"hsa-miR-106a-3p","UGCAAUG",5,"targetscan","MIMAT0004517","hsa-miR-106a-3p","ELAVL2","1993","ENSG00000107105","-0.18","predicted"
3,"hsa-miR-106a-3p","UGCAAUG",5,"targetscan","MIMAT0004517","hsa-miR-106a-3p","IL15","3600","ENSG00000164136","-0.18","predicted"
3,"hsa-miR-106a-3p","UGCAAUG",5,"targetscan","MIMAT0004517","hsa-miR-106a-3p","OGDH","4967","ENSG00000105953","-0.18","predicted"
3,"hsa-miR-106a-3p","UGCAAUG",5,"targetscan","MIMAT0004517","hsa-miR-106a-3p","TNNI1","7135","ENSG00000159173","-0.18","predicted"
3,"hsa-miR-106a-3p","UGCAAUG",5,"targetscan","MIMAT0004517","hsa-miR-106a-3p","CARHSP1","23589","ENSG00000153048","-0.18","predicted"
3,"hsa-miR-106a-3p","UGCAAUG",5,"targetscan","MIMAT0004517","hsa-miR-106a-3p","NOL7","51406","ENSG00000225921","-0.18","predicted"
3,"hsa-miR-106a-3p","UGCAAUG",5,"targetscan","MIMAT0004517","hsa-miR-106a-3p","DCAF12L2","340578","ENSG00000198354","-0.18","predicted"
3,"hsa-miR-106a-3p","UGCAAUG",5,"targetscan","MIMAT0004517","hsa-miR-106a-3p","ZNF746","155061","ENSG00000181220","-0.18","predicted"
3,"hsa-miR-106a-3p","UGCAAUG",5,"targetscan","MIMAT0004517","hsa-miR-106a-3p","OGN","4969","ENSG00000106809","-0.18","predicted"
3,"hsa-miR-106a-3p","UGCAAUG",5,"targetscan","MIMAT0004517","hsa-miR-106a-3p","GORASP1","64689","ENSG00000114745","-0.18","predicted"
3,"hsa-miR-106a-3p","UGCAAUG",5,"targetscan","MIMAT0004517","hsa-miR-106a-3p","ZNF600","162966","ENSG00000189190","-0.18","predicted"
3,"hsa-miR-106a-3p","UGCAAUG",5,"targetscan","MIMAT0004517","hsa-miR-106a-3p","OLFML3","56944","ENSG00000116774","-0.181","predicted"
3,"hsa-miR-106a-3p","UGCAAUG",5,"targetscan","MIMAT0004517","hsa-miR-106a-3p","MAN1C1","57134","ENSG00000117643","-0.181","predicted"
3,"hsa-miR-106a-3p","UGCAAUG",5,"targetscan","MIMAT0004517","hsa-miR-106a-3p","TCP1","6950","ENSG00000120438","-0.181","predicted"
3,"hsa-miR-106a-3p","UGCAAUG",5,"targetscan","MIMAT0004517","hsa-miR-106a-3p","POC1A","25886","ENSG00000164087","-0.181","predicted"
3,"hsa-miR-106a-3p","UGCAAUG",5,"targetscan","MIMAT0004517","hsa-miR-106a-3p","ENPEP","2028","ENSG00000138792","-0.181","predicted"
3,"hsa-miR-106a-3p","UGCAAUG",5,"targetscan","MIMAT0004517","hsa-miR-106a-3p","GALNT15","117248","ENSG00000131386","-0.181","predicted"
3,"hsa-miR-106a-3p","UGCAAUG",5,"targetscan","MIMAT0004517","hsa-miR-106a-3p","ALKBH7","84266","ENSG00000125652","-0.181","predicted"
3,"hsa-miR-106a-3p","UGCAAUG",5,"targetscan","MIMAT0004517","hsa-miR-106a-3p","POLR2D","5433","ENSG00000144231","-0.182","predicted"
3,"hsa-miR-106a-3p","UGCAAUG",5,"targetscan","MIMAT0004517","hsa-miR-106a-3p","MFAP5","8076","ENSG00000197614","-0.182","predicted"
3,"hsa-miR-106a-3p","UGCAAUG",5,"targetscan","MIMAT0004517","hsa-miR-106a-3p","DNAJA3","9093","ENSG00000103423","-0.182","predicted"
3,"hsa-miR-106a-3p","UGCAAUG",5,"targetscan","MIMAT0004517","hsa-miR-106a-3p","NID2","22795","ENSG00000087303","-0.182","predicted"
3,"hsa-miR-106a-3p","UGCAAUG",5,"targetscan","MIMAT0004517","hsa-miR-106a-3p","SLC35A3","23443","ENSG00000117620","-0.182","predicted"
3,"hsa-miR-106a-3p","UGCAAUG",5,"targetscan","MIMAT0004517","hsa-miR-106a-3p","IL36RN","26525","ENSG00000136695","-0.182","predicted"
3,"hsa-miR-106a-3p","UGCAAUG",5,"targetscan","MIMAT0004517","hsa-miR-106a-3p","SPIC","121599","ENSG00000166211","-0.182","predicted"
3,"hsa-miR-106a-3p","UGCAAUG",5,"targetscan","MIMAT0004517","hsa-miR-106a-3p","ZCWPW2","152098","ENSG00000206559","-0.182","predicted"
3,"hsa-miR-106a-3p","UGCAAUG",5,"targetscan","MIMAT0004517","hsa-miR-106a-3p","CLEC3A","10143","ENSG00000166509","-0.182","predicted"
3,"hsa-miR-106a-3p","UGCAAUG",5,"targetscan","MIMAT0004517","hsa-miR-106a-3p","PSMB2","5690","ENSG00000126067","-0.182","predicted"
3,"hsa-miR-106a-3p","UGCAAUG",5,"targetscan","MIMAT0004517","hsa-miR-106a-3p","NHERF2","9351","ENSG00000065054","-0.182","predicted"
3,"hsa-miR-106a-3p","UGCAAUG",5,"targetscan","MIMAT0004517","hsa-miR-106a-3p","AC012215.1",NA,"ENSG00000233863","-0.182","predicted"
3,"hsa-miR-106a-3p","UGCAAUG",5,"targetscan","MIMAT0004517","hsa-miR-106a-3p","ACTC1","70","ENSG00000159251","-0.183","predicted"
3,"hsa-miR-106a-3p","UGCAAUG",5,"targetscan","MIMAT0004517","hsa-miR-106a-3p","TICAM2","353376","ENSG00000243414","-0.183","predicted"
3,"hsa-miR-106a-3p","UGCAAUG",5,"targetscan","MIMAT0004517","hsa-miR-106a-3p","RNF166","115992","ENSG00000158717","-0.183","predicted"
3,"hsa-miR-106a-3p","UGCAAUG",5,"targetscan","MIMAT0004517","hsa-miR-106a-3p","LUM","4060","ENSG00000139329","-0.183","predicted"
3,"hsa-miR-106a-3p","UGCAAUG",5,"targetscan","MIMAT0004517","hsa-miR-106a-3p","CISD1","55847","ENSG00000122873","-0.183","predicted"
3,"hsa-miR-106a-3p","UGCAAUG",5,"targetscan","MIMAT0004517","hsa-miR-106a-3p","APOBEC3A","200315","ENSG00000128383","-0.183","predicted"
3,"hsa-miR-106a-3p","UGCAAUG",5,"targetscan","MIMAT0004517","hsa-miR-106a-3p","APOBEC3A","100913187","ENSG00000128383","-0.183","predicted"
3,"hsa-miR-106a-3p","UGCAAUG",5,"targetscan","MIMAT0004517","hsa-miR-106a-3p","AASDH","132949","ENSG00000157426","-0.183","predicted"
3,"hsa-miR-106a-3p","UGCAAUG",5,"targetscan","MIMAT0004517","hsa-miR-106a-3p","BCL10","8915","ENSG00000142867","-0.184","predicted"
3,"hsa-miR-106a-3p","UGCAAUG",5,"targetscan","MIMAT0004517","hsa-miR-106a-3p","ZNF770","54989","ENSG00000198146","-0.184","predicted"
3,"hsa-miR-106a-3p","UGCAAUG",5,"targetscan","MIMAT0004517","hsa-miR-106a-3p","FKBP14","55033","ENSG00000106080","-0.184","predicted"
3,"hsa-miR-106a-3p","UGCAAUG",5,"targetscan","MIMAT0004517","hsa-miR-106a-3p","UBE2W","55284","ENSG00000104343","-0.184","predicted"
3,"hsa-miR-106a-3p","UGCAAUG",5,"targetscan","MIMAT0004517","hsa-miR-106a-3p","HSBP1","3281","ENSG00000230989","-0.184","predicted"
3,"hsa-miR-106a-3p","UGCAAUG",5,"targetscan","MIMAT0004517","hsa-miR-106a-3p","JDP2","122953","ENSG00000140044","-0.184","predicted"
3,"hsa-miR-106a-3p","UGCAAUG",5,"targetscan","MIMAT0004517","hsa-miR-106a-3p","VAPB","9217","ENSG00000124164","-0.184","predicted"
3,"hsa-miR-106a-3p","UGCAAUG",5,"targetscan","MIMAT0004517","hsa-miR-106a-3p","MOSPD1","56180","ENSG00000101928","-0.184","predicted"
3,"hsa-miR-106a-3p","UGCAAUG",5,"targetscan","MIMAT0004517","hsa-miR-106a-3p","LRTM1","57408","ENSG00000144771","-0.184","predicted"
3,"hsa-miR-106a-3p","UGCAAUG",5,"targetscan","MIMAT0004517","hsa-miR-106a-3p","SMIM2","79024","ENSG00000139656","-0.184","predicted"
3,"hsa-miR-106a-3p","UGCAAUG",5,"targetscan","MIMAT0004517","hsa-miR-106a-3p","GRAMD2B","65983","ENSG00000155324","-0.184","predicted"
3,"hsa-miR-106a-3p","UGCAAUG",5,"targetscan","MIMAT0004517","hsa-miR-106a-3p","CFAP300","85016","ENSG00000137691","-0.184","predicted"
3,"hsa-miR-106a-3p","UGCAAUG",5,"targetscan","MIMAT0004517","hsa-miR-106a-3p","CENPBD1P",NA,"ENSG00000177946","-0.184","predicted"
3,"hsa-miR-106a-3p","UGCAAUG",5,"targetscan","MIMAT0004517","hsa-miR-106a-3p","SERPINB2","5055","ENSG00000197632","-0.185","predicted"
3,"hsa-miR-106a-3p","UGCAAUG",5,"targetscan","MIMAT0004517","hsa-miR-106a-3p","PISD","23761","ENSG00000241878","-0.185","predicted"
3,"hsa-miR-106a-3p","UGCAAUG",5,"targetscan","MIMAT0004517","hsa-miR-106a-3p","ZNRF2","223082","ENSG00000180233","-0.185","predicted"
3,"hsa-miR-106a-3p","UGCAAUG",5,"targetscan","MIMAT0004517","hsa-miR-106a-3p","ZC2HC1C","79696","ENSG00000119703","-0.185","predicted"
3,"hsa-miR-106a-3p","UGCAAUG",5,"targetscan","MIMAT0004517","hsa-miR-106a-3p","ZSCAN31","64288","ENSG00000235109","-0.185","predicted"
3,"hsa-miR-106a-3p","UGCAAUG",5,"targetscan","MIMAT0004517","hsa-miR-106a-3p","PDE1C","5137","ENSG00000154678","-0.185","predicted"
3,"hsa-miR-106a-3p","UGCAAUG",5,"targetscan","MIMAT0004517","hsa-miR-106a-3p","PCK1","5105","ENSG00000124253","-0.185","predicted"
3,"hsa-miR-106a-3p","UGCAAUG",5,"targetscan","MIMAT0004517","hsa-miR-106a-3p","TAL2","6887","ENSG00000186051","-0.185","predicted"
3,"hsa-miR-106a-3p","UGCAAUG",5,"targetscan","MIMAT0004517","hsa-miR-106a-3p","CWF19L2","143884","ENSG00000152404","-0.185","predicted"
3,"hsa-miR-106a-3p","UGCAAUG",5,"targetscan","MIMAT0004517","hsa-miR-106a-3p","LMOD2","442721","ENSG00000170807","-0.185","predicted"
3,"hsa-miR-106a-3p","UGCAAUG",5,"targetscan","MIMAT0004517","hsa-miR-106a-3p","DYNLL2","140735","ENSG00000264364","-0.185","predicted"
3,"hsa-miR-106a-3p","UGCAAUG",5,"targetscan","MIMAT0004517","hsa-miR-106a-3p","SEPTIN2","4735","ENSG00000168385","-0.185","predicted"
3,"hsa-miR-106a-3p","UGCAAUG",5,"targetscan","MIMAT0004517","hsa-miR-106a-3p","BTG3","10950","ENSG00000154640","-0.186","predicted"
3,"hsa-miR-106a-3p","UGCAAUG",5,"targetscan","MIMAT0004517","hsa-miR-106a-3p","CALM2","805","ENSG00000143933","-0.186","predicted"
3,"hsa-miR-106a-3p","UGCAAUG",5,"targetscan","MIMAT0004517","hsa-miR-106a-3p","NDUFA5","4698","ENSG00000128609","-0.186","predicted"
3,"hsa-miR-106a-3p","UGCAAUG",5,"targetscan","MIMAT0004517","hsa-miR-106a-3p","TIMP2","7077","ENSG00000035862","-0.186","predicted"
3,"hsa-miR-106a-3p","UGCAAUG",5,"targetscan","MIMAT0004517","hsa-miR-106a-3p","SRSF9","8683","ENSG00000111786","-0.186","predicted"
3,"hsa-miR-106a-3p","UGCAAUG",5,"targetscan","MIMAT0004517","hsa-miR-106a-3p","PJA2","9867","ENSG00000198961","-0.186","predicted"
3,"hsa-miR-106a-3p","UGCAAUG",5,"targetscan","MIMAT0004517","hsa-miR-106a-3p","PNRC1","10957","ENSG00000146278","-0.186","predicted"
3,"hsa-miR-106a-3p","UGCAAUG",5,"targetscan","MIMAT0004517","hsa-miR-106a-3p","ZC3H15","55854","ENSG00000065548","-0.186","predicted"
3,"hsa-miR-106a-3p","UGCAAUG",5,"targetscan","MIMAT0004517","hsa-miR-106a-3p","CDC42SE1","56882","ENSG00000197622","-0.186","predicted"
3,"hsa-miR-106a-3p","UGCAAUG",5,"targetscan","MIMAT0004517","hsa-miR-106a-3p","EPC1","80314","ENSG00000120616","-0.186","predicted"
3,"hsa-miR-106a-3p","UGCAAUG",5,"targetscan","MIMAT0004517","hsa-miR-106a-3p","KHDC3L","154288","ENSG00000203908","-0.186","predicted"
3,"hsa-miR-106a-3p","UGCAAUG",5,"targetscan","MIMAT0004517","hsa-miR-106a-3p","MPLKIP","136647","ENSG00000168303","-0.186","predicted"
3,"hsa-miR-106a-3p","UGCAAUG",5,"targetscan","MIMAT0004517","hsa-miR-106a-3p","CTB-186H2.3",NA,"ENSG00000266956","-0.186","predicted"
3,"hsa-miR-106a-3p","UGCAAUG",5,"targetscan","MIMAT0004517","hsa-miR-106a-3p","LINC01558","26238","ENSG00000146521","-0.186","predicted"
3,"hsa-miR-106a-3p","UGCAAUG",5,"targetscan","MIMAT0004517","hsa-miR-106a-3p","CCNG2","901","ENSG00000138764","-0.187","predicted"
3,"hsa-miR-106a-3p","UGCAAUG",5,"targetscan","MIMAT0004517","hsa-miR-106a-3p","PYGO1","26108","ENSG00000171016","-0.187","predicted"
3,"hsa-miR-106a-3p","UGCAAUG",5,"targetscan","MIMAT0004517","hsa-miR-106a-3p","ARHGAP24","83478","ENSG00000138639","-0.187","predicted"
3,"hsa-miR-106a-3p","UGCAAUG",5,"targetscan","MIMAT0004517","hsa-miR-106a-3p","HIKESHI","51501","ENSG00000149196","-0.187","predicted"
3,"hsa-miR-106a-3p","UGCAAUG",5,"targetscan","MIMAT0004517","hsa-miR-106a-3p","KRAS","3845","ENSG00000133703","-0.188","predicted"
3,"hsa-miR-106a-3p","UGCAAUG",5,"targetscan","MIMAT0004517","hsa-miR-106a-3p","EN2","2020","ENSG00000164778","-0.188","predicted"
3,"hsa-miR-106a-3p","UGCAAUG",5,"targetscan","MIMAT0004517","hsa-miR-106a-3p","GNAI1","2770","ENSG00000127955","-0.188","predicted"
3,"hsa-miR-106a-3p","UGCAAUG",5,"targetscan","MIMAT0004517","hsa-miR-106a-3p","PEA15","8682","ENSG00000162734","-0.188","predicted"
3,"hsa-miR-106a-3p","UGCAAUG",5,"targetscan","MIMAT0004517","hsa-miR-106a-3p","HS2ST1","9653","ENSG00000153936","-0.188","predicted"
3,"hsa-miR-106a-3p","UGCAAUG",5,"targetscan","MIMAT0004517","hsa-miR-106a-3p","C1D","10438","ENSG00000197223","-0.188","predicted"
3,"hsa-miR-106a-3p","UGCAAUG",5,"targetscan","MIMAT0004517","hsa-miR-106a-3p","FAM76A","199870","ENSG00000009780","-0.188","predicted"
3,"hsa-miR-106a-3p","UGCAAUG",5,"targetscan","MIMAT0004517","hsa-miR-106a-3p","LONRF3","79836","ENSG00000175556","-0.188","predicted"
3,"hsa-miR-106a-3p","UGCAAUG",5,"targetscan","MIMAT0004517","hsa-miR-106a-3p","CTU1","90353","ENSG00000142544","-0.188","predicted"
3,"hsa-miR-106a-3p","UGCAAUG",5,"targetscan","MIMAT0004517","hsa-miR-106a-3p","TJP2","9414","ENSG00000119139","-0.189","predicted"
3,"hsa-miR-106a-3p","UGCAAUG",5,"targetscan","MIMAT0004517","hsa-miR-106a-3p","GTF2H1","2965","ENSG00000110768","-0.189","predicted"
3,"hsa-miR-106a-3p","UGCAAUG",5,"targetscan","MIMAT0004517","hsa-miR-106a-3p","CCDC25","55246","ENSG00000147419","-0.189","predicted"
3,"hsa-miR-106a-3p","UGCAAUG",5,"targetscan","MIMAT0004517","hsa-miR-106a-3p","MRPL44","65080","ENSG00000135900","-0.189","predicted"
3,"hsa-miR-106a-3p","UGCAAUG",5,"targetscan","MIMAT0004517","hsa-miR-106a-3p","SESTD1","91404","ENSG00000187231","-0.189","predicted"
3,"hsa-miR-106a-3p","UGCAAUG",5,"targetscan","MIMAT0004517","hsa-miR-106a-3p","PACRGL","133015","ENSG00000163138","-0.189","predicted"
3,"hsa-miR-106a-3p","UGCAAUG",5,"targetscan","MIMAT0004517","hsa-miR-106a-3p","BLOC1S2","282991","ENSG00000196072","-0.189","predicted"
3,"hsa-miR-106a-3p","UGCAAUG",5,"targetscan","MIMAT0004517","hsa-miR-106a-3p","C4orf46","201725","ENSG00000205208","-0.189","predicted"
3,"hsa-miR-106a-3p","UGCAAUG",5,"targetscan","MIMAT0004517","hsa-miR-106a-3p","CD2","914","ENSG00000116824","-0.189","predicted"
3,"hsa-miR-106a-3p","UGCAAUG",5,"targetscan","MIMAT0004517","hsa-miR-106a-3p","",NA,"ENSG00000175604","-0.189","predicted"
3,"hsa-miR-106a-3p","UGCAAUG",5,"targetscan","MIMAT0004517","hsa-miR-106a-3p","SLC16A10","117247","ENSG00000112394","-0.19","predicted"
3,"hsa-miR-106a-3p","UGCAAUG",5,"targetscan","MIMAT0004517","hsa-miR-106a-3p","SH3BGRL","6451","ENSG00000131171","-0.19","predicted"
3,"hsa-miR-106a-3p","UGCAAUG",5,"targetscan","MIMAT0004517","hsa-miR-106a-3p","MAP3K7","6885","ENSG00000135341","-0.19","predicted"
3,"hsa-miR-106a-3p","UGCAAUG",5,"targetscan","MIMAT0004517","hsa-miR-106a-3p","CPEB3","22849","ENSG00000107864","-0.19","predicted"
3,"hsa-miR-106a-3p","UGCAAUG",5,"targetscan","MIMAT0004517","hsa-miR-106a-3p","SLC35A3","23443","ENSG00000117620","-0.19","predicted"
3,"hsa-miR-106a-3p","UGCAAUG",5,"targetscan","MIMAT0004517","hsa-miR-106a-3p","B4GALT2","8704","ENSG00000117411","-0.19","predicted"
3,"hsa-miR-106a-3p","UGCAAUG",5,"targetscan","MIMAT0004517","hsa-miR-106a-3p","A4GNT","51146","ENSG00000118017","-0.19","predicted"
3,"hsa-miR-106a-3p","UGCAAUG",5,"targetscan","MIMAT0004517","hsa-miR-106a-3p","C11orf87","399947","ENSG00000185742","-0.19","predicted"
3,"hsa-miR-106a-3p","UGCAAUG",5,"targetscan","MIMAT0004517","hsa-miR-106a-3p","SLBP","7884","ENSG00000163950","-0.191","predicted"
3,"hsa-miR-106a-3p","UGCAAUG",5,"targetscan","MIMAT0004517","hsa-miR-106a-3p","RRAGC","64121","ENSG00000116954","-0.191","predicted"
3,"hsa-miR-106a-3p","UGCAAUG",5,"targetscan","MIMAT0004517","hsa-miR-106a-3p","RNLS","55328","ENSG00000184719","-0.191","predicted"
3,"hsa-miR-106a-3p","UGCAAUG",5,"targetscan","MIMAT0004517","hsa-miR-106a-3p","MS4A6A","64231","ENSG00000110077","-0.191","predicted"
3,"hsa-miR-106a-3p","UGCAAUG",5,"targetscan","MIMAT0004517","hsa-miR-106a-3p","UBE3D","90025","ENSG00000118420","-0.191","predicted"
3,"hsa-miR-106a-3p","UGCAAUG",5,"targetscan","MIMAT0004517","hsa-miR-106a-3p","RPS28","6234","ENSG00000233927","-0.191","predicted"
3,"hsa-miR-106a-3p","UGCAAUG",5,"targetscan","MIMAT0004517","hsa-miR-106a-3p","IMPG1","3617","ENSG00000112706","-0.192","predicted"
3,"hsa-miR-106a-3p","UGCAAUG",5,"targetscan","MIMAT0004517","hsa-miR-106a-3p","TSPYL2","64061","ENSG00000184205","-0.192","predicted"
3,"hsa-miR-106a-3p","UGCAAUG",5,"targetscan","MIMAT0004517","hsa-miR-106a-3p","ZNRF2","223082","ENSG00000180233","-0.192","predicted"
3,"hsa-miR-106a-3p","UGCAAUG",5,"targetscan","MIMAT0004517","hsa-miR-106a-3p","TMEM220","388335","ENSG00000187824","-0.192","predicted"
3,"hsa-miR-106a-3p","UGCAAUG",5,"targetscan","MIMAT0004517","hsa-miR-106a-3p","ZNF808","388558","ENSG00000198482","-0.192","predicted"
3,"hsa-miR-106a-3p","UGCAAUG",5,"targetscan","MIMAT0004517","hsa-miR-106a-3p","XG","7499","ENSG00000124343","-0.192","predicted"
3,"hsa-miR-106a-3p","UGCAAUG",5,"targetscan","MIMAT0004517","hsa-miR-106a-3p","RAI1","10743","ENSG00000108557","-0.192","predicted"
3,"hsa-miR-106a-3p","UGCAAUG",5,"targetscan","MIMAT0004517","hsa-miR-106a-3p","DCAF12L1","139170","ENSG00000198889","-0.192","predicted"
3,"hsa-miR-106a-3p","UGCAAUG",5,"targetscan","MIMAT0004517","hsa-miR-106a-3p","ABHD5","51099","ENSG00000011198","-0.193","predicted"
3,"hsa-miR-106a-3p","UGCAAUG",5,"targetscan","MIMAT0004517","hsa-miR-106a-3p","AGTR2","186","ENSG00000180772","-0.193","predicted"
3,"hsa-miR-106a-3p","UGCAAUG",5,"targetscan","MIMAT0004517","hsa-miR-106a-3p","BTBD2","55643","ENSG00000133243","-0.193","predicted"
3,"hsa-miR-106a-3p","UGCAAUG",5,"targetscan","MIMAT0004517","hsa-miR-106a-3p","DCAF17","80067","ENSG00000115827","-0.193","predicted"
3,"hsa-miR-106a-3p","UGCAAUG",5,"targetscan","MIMAT0004517","hsa-miR-106a-3p","TTC39B","158219","ENSG00000155158","-0.193","predicted"
3,"hsa-miR-106a-3p","UGCAAUG",5,"targetscan","MIMAT0004517","hsa-miR-106a-3p","SERPINA7","6906","ENSG00000123561","-0.193","predicted"
3,"hsa-miR-106a-3p","UGCAAUG",5,"targetscan","MIMAT0004517","hsa-miR-106a-3p","NUDCD2","134492","ENSG00000170584","-0.193","predicted"
3,"hsa-miR-106a-3p","UGCAAUG",5,"targetscan","MIMAT0004517","hsa-miR-106a-3p","",NA,"ENSG00000212952","-0.193","predicted"
3,"hsa-miR-106a-3p","UGCAAUG",5,"targetscan","MIMAT0004517","hsa-miR-106a-3p","GSTM2","2946","ENSG00000213366","-0.194","predicted"
3,"hsa-miR-106a-3p","UGCAAUG",5,"targetscan","MIMAT0004517","hsa-miR-106a-3p","LAMP2","3920","ENSG00000005893","-0.194","predicted"
3,"hsa-miR-106a-3p","UGCAAUG",5,"targetscan","MIMAT0004517","hsa-miR-106a-3p","CPSF6","11052","ENSG00000111605","-0.194","predicted"
3,"hsa-miR-106a-3p","UGCAAUG",5,"targetscan","MIMAT0004517","hsa-miR-106a-3p","SEPHS1","22929","ENSG00000086475","-0.194","predicted"
3,"hsa-miR-106a-3p","UGCAAUG",5,"targetscan","MIMAT0004517","hsa-miR-106a-3p","HINT3","135114","ENSG00000111911","-0.194","predicted"
3,"hsa-miR-106a-3p","UGCAAUG",5,"targetscan","MIMAT0004517","hsa-miR-106a-3p","TMEM64","169200","ENSG00000180694","-0.194","predicted"
3,"hsa-miR-106a-3p","UGCAAUG",5,"targetscan","MIMAT0004517","hsa-miR-106a-3p","SH3GL3","6457","ENSG00000140600","-0.194","predicted"
3,"hsa-miR-106a-3p","UGCAAUG",5,"targetscan","MIMAT0004517","hsa-miR-106a-3p","SKP1","6500","ENSG00000113558","-0.194","predicted"
3,"hsa-miR-106a-3p","UGCAAUG",5,"targetscan","MIMAT0004517","hsa-miR-106a-3p","PKIB","5570","ENSG00000135549","-0.194","predicted"
3,"hsa-miR-106a-3p","UGCAAUG",5,"targetscan","MIMAT0004517","hsa-miR-106a-3p","TFPI","7035","ENSG00000003436","-0.195","predicted"
3,"hsa-miR-106a-3p","UGCAAUG",5,"targetscan","MIMAT0004517","hsa-miR-106a-3p","RPL14","9045","ENSG00000188846","-0.195","predicted"
3,"hsa-miR-106a-3p","UGCAAUG",5,"targetscan","MIMAT0004517","hsa-miR-106a-3p","CENPK","64105","ENSG00000123219","-0.195","predicted"
3,"hsa-miR-106a-3p","UGCAAUG",5,"targetscan","MIMAT0004517","hsa-miR-106a-3p","C9orf72","203228","ENSG00000147894","-0.195","predicted"
3,"hsa-miR-106a-3p","UGCAAUG",5,"targetscan","MIMAT0004517","hsa-miR-106a-3p","IMMP2L","83943","ENSG00000184903","-0.195","predicted"
3,"hsa-miR-106a-3p","UGCAAUG",5,"targetscan","MIMAT0004517","hsa-miR-106a-3p","BBS2","583","ENSG00000125124","-0.195","predicted"
3,"hsa-miR-106a-3p","UGCAAUG",5,"targetscan","MIMAT0004517","hsa-miR-106a-3p","SLC38A9","153129","ENSG00000177058","-0.195","predicted"
3,"hsa-miR-106a-3p","UGCAAUG",5,"targetscan","MIMAT0004517","hsa-miR-106a-3p","RGS9BP","388531","ENSG00000186326","-0.195","predicted"
3,"hsa-miR-106a-3p","UGCAAUG",5,"targetscan","MIMAT0004517","hsa-miR-106a-3p","ARHGAP5","394","ENSG00000100852","-0.196","predicted"
3,"hsa-miR-106a-3p","UGCAAUG",5,"targetscan","MIMAT0004517","hsa-miR-106a-3p","HNRNPM","4670","ENSG00000099783","-0.196","predicted"
3,"hsa-miR-106a-3p","UGCAAUG",5,"targetscan","MIMAT0004517","hsa-miR-106a-3p","TNKS","8658","ENSG00000173273","-0.196","predicted"
3,"hsa-miR-106a-3p","UGCAAUG",5,"targetscan","MIMAT0004517","hsa-miR-106a-3p","AP4S1","11154","ENSG00000100478","-0.196","predicted"
3,"hsa-miR-106a-3p","UGCAAUG",5,"targetscan","MIMAT0004517","hsa-miR-106a-3p","WRNIP1","56897","ENSG00000124535","-0.196","predicted"
3,"hsa-miR-106a-3p","UGCAAUG",5,"targetscan","MIMAT0004517","hsa-miR-106a-3p","CTRC","11330","ENSG00000162438","-0.196","predicted"
3,"hsa-miR-106a-3p","UGCAAUG",5,"targetscan","MIMAT0004517","hsa-miR-106a-3p","XNDC1N","100133315","ENSG00000254469","-0.196","predicted"
3,"hsa-miR-106a-3p","UGCAAUG",5,"targetscan","MIMAT0004517","hsa-miR-106a-3p","TAF7","6879","ENSG00000178913","-0.197","predicted"
3,"hsa-miR-106a-3p","UGCAAUG",5,"targetscan","MIMAT0004517","hsa-miR-106a-3p","CPSF4","10898","ENSG00000160917","-0.197","predicted"
3,"hsa-miR-106a-3p","UGCAAUG",5,"targetscan","MIMAT0004517","hsa-miR-106a-3p","SOCS4","122809","ENSG00000180008","-0.197","predicted"
3,"hsa-miR-106a-3p","UGCAAUG",5,"targetscan","MIMAT0004517","hsa-miR-106a-3p","MSL3","10943","ENSG00000005302","-0.197","predicted"
3,"hsa-miR-106a-3p","UGCAAUG",5,"targetscan","MIMAT0004517","hsa-miR-106a-3p","SCYL2","55681","ENSG00000136021","-0.197","predicted"
3,"hsa-miR-106a-3p","UGCAAUG",5,"targetscan","MIMAT0004517","hsa-miR-106a-3p","AICDA","57379","ENSG00000111732","-0.197","predicted"
3,"hsa-miR-106a-3p","UGCAAUG",5,"targetscan","MIMAT0004517","hsa-miR-106a-3p","ABCD3","5825","ENSG00000117528","-0.198","predicted"
3,"hsa-miR-106a-3p","UGCAAUG",5,"targetscan","MIMAT0004517","hsa-miR-106a-3p","AADAT","51166","ENSG00000109576","-0.198","predicted"
3,"hsa-miR-106a-3p","UGCAAUG",5,"targetscan","MIMAT0004517","hsa-miR-106a-3p","RAB40A","142684","ENSG00000172476","-0.198","predicted"
3,"hsa-miR-106a-3p","UGCAAUG",5,"targetscan","MIMAT0004517","hsa-miR-106a-3p","ZNF415","55786","ENSG00000170954","-0.198","predicted"
3,"hsa-miR-106a-3p","UGCAAUG",5,"targetscan","MIMAT0004517","hsa-miR-106a-3p","TMED7-TICAM2","100302736","ENSG00000251201","-0.198","predicted"
3,"hsa-miR-106a-3p","UGCAAUG",5,"targetscan","MIMAT0004517","hsa-miR-106a-3p","ANXA7","310","ENSG00000138279","-0.199","predicted"
3,"hsa-miR-106a-3p","UGCAAUG",5,"targetscan","MIMAT0004517","hsa-miR-106a-3p","RPL15","6138","ENSG00000174748","-0.199","predicted"
3,"hsa-miR-106a-3p","UGCAAUG",5,"targetscan","MIMAT0004517","hsa-miR-106a-3p","REEP5","7905","ENSG00000129625","-0.199","predicted"
3,"hsa-miR-106a-3p","UGCAAUG",5,"targetscan","MIMAT0004517","hsa-miR-106a-3p","DCAF13","25879","ENSG00000164934","-0.199","predicted"
3,"hsa-miR-106a-3p","UGCAAUG",5,"targetscan","MIMAT0004517","hsa-miR-106a-3p","TSEN15","116461","ENSG00000198860","-0.199","predicted"
3,"hsa-miR-106a-3p","UGCAAUG",5,"targetscan","MIMAT0004517","hsa-miR-106a-3p","WBP4","11193","ENSG00000120688","-0.199","predicted"
3,"hsa-miR-106a-3p","UGCAAUG",5,"targetscan","MIMAT0004517","hsa-miR-106a-3p","CDH2","1000","ENSG00000170558","-0.2","predicted"
3,"hsa-miR-106a-3p","UGCAAUG",5,"targetscan","MIMAT0004517","hsa-miR-106a-3p","SC5D","6309","ENSG00000109929","-0.2","predicted"
3,"hsa-miR-106a-3p","UGCAAUG",5,"targetscan","MIMAT0004517","hsa-miR-106a-3p","TFCP2","7024","ENSG00000135457","-0.2","predicted"
3,"hsa-miR-106a-3p","UGCAAUG",5,"targetscan","MIMAT0004517","hsa-miR-106a-3p","STC2","8614","ENSG00000113739","-0.2","predicted"
3,"hsa-miR-106a-3p","UGCAAUG",5,"targetscan","MIMAT0004517","hsa-miR-106a-3p","PNRC1","10957","ENSG00000146278","-0.2","predicted"
3,"hsa-miR-106a-3p","UGCAAUG",5,"targetscan","MIMAT0004517","hsa-miR-106a-3p","SERTAD4","56256","ENSG00000082497","-0.2","predicted"
3,"hsa-miR-106a-3p","UGCAAUG",5,"targetscan","MIMAT0004517","hsa-miR-106a-3p","MDH1B","130752","ENSG00000138400","-0.2","predicted"
3,"hsa-miR-106a-3p","UGCAAUG",5,"targetscan","MIMAT0004517","hsa-miR-106a-3p","CISD1","55847","ENSG00000122873","-0.2","predicted"
3,"hsa-miR-106a-3p","UGCAAUG",5,"targetscan","MIMAT0004517","hsa-miR-106a-3p","SLC9B2","133308","ENSG00000164038","-0.2","predicted"
3,"hsa-miR-106a-3p","UGCAAUG",5,"targetscan","MIMAT0004517","hsa-miR-106a-3p","CFAP58","159686","ENSG00000120051","-0.2","predicted"
3,"hsa-miR-106a-3p","UGCAAUG",5,"targetscan","MIMAT0004517","hsa-miR-106a-3p","HSPA2","3306","ENSG00000126803","-0.201","predicted"
3,"hsa-miR-106a-3p","UGCAAUG",5,"targetscan","MIMAT0004517","hsa-miR-106a-3p","DUS4L","11062","ENSG00000105865","-0.201","predicted"
3,"hsa-miR-106a-3p","UGCAAUG",5,"targetscan","MIMAT0004517","hsa-miR-106a-3p","ZNF567","163081","ENSG00000189042","-0.201","predicted"
3,"hsa-miR-106a-3p","UGCAAUG",5,"targetscan","MIMAT0004517","hsa-miR-106a-3p","TECRL","253017","ENSG00000205678","-0.201","predicted"
3,"hsa-miR-106a-3p","UGCAAUG",5,"targetscan","MIMAT0004517","hsa-miR-106a-3p","SENP6","26054","ENSG00000112701","-0.201","predicted"
3,"hsa-miR-106a-3p","UGCAAUG",5,"targetscan","MIMAT0004517","hsa-miR-106a-3p","DHRS9","10170","ENSG00000073737","-0.201","predicted"
3,"hsa-miR-106a-3p","UGCAAUG",5,"targetscan","MIMAT0004517","hsa-miR-106a-3p","MRPS36","92259","ENSG00000134056","-0.201","predicted"
3,"hsa-miR-106a-3p","UGCAAUG",5,"targetscan","MIMAT0004517","hsa-miR-106a-3p","GDPD4","220032","ENSG00000178795","-0.201","predicted"
3,"hsa-miR-106a-3p","UGCAAUG",5,"targetscan","MIMAT0004517","hsa-miR-106a-3p","BRD4","23476","ENSG00000141867","-0.202","predicted"
3,"hsa-miR-106a-3p","UGCAAUG",5,"targetscan","MIMAT0004517","hsa-miR-106a-3p","LYSMD3","116068","ENSG00000176018","-0.202","predicted"
3,"hsa-miR-106a-3p","UGCAAUG",5,"targetscan","MIMAT0004517","hsa-miR-106a-3p","MMAB","326625","ENSG00000139428","-0.202","predicted"
3,"hsa-miR-106a-3p","UGCAAUG",5,"targetscan","MIMAT0004517","hsa-miR-106a-3p","ATP4B","496","ENSG00000186009","-0.202","predicted"
3,"hsa-miR-106a-3p","UGCAAUG",5,"targetscan","MIMAT0004517","hsa-miR-106a-3p","C7orf25","79020","ENSG00000136197","-0.202","predicted"
3,"hsa-miR-106a-3p","UGCAAUG",5,"targetscan","MIMAT0004517","hsa-miR-106a-3p","TUBA4A","7277","ENSG00000127824","-0.202","predicted"
3,"hsa-miR-106a-3p","UGCAAUG",5,"targetscan","MIMAT0004517","hsa-miR-106a-3p","SEPHS2","22928","ENSG00000179918","-0.202","predicted"
3,"hsa-miR-106a-3p","UGCAAUG",5,"targetscan","MIMAT0004517","hsa-miR-106a-3p","PURG","29942","ENSG00000172733","-0.203","predicted"
3,"hsa-miR-106a-3p","UGCAAUG",5,"targetscan","MIMAT0004517","hsa-miR-106a-3p","SNTG2","54221","ENSG00000172554","-0.203","predicted"
3,"hsa-miR-106a-3p","UGCAAUG",5,"targetscan","MIMAT0004517","hsa-miR-106a-3p","RSRP1","57035","ENSG00000117616","-0.203","predicted"
3,"hsa-miR-106a-3p","UGCAAUG",5,"targetscan","MIMAT0004517","hsa-miR-106a-3p","INTS13","55726","ENSG00000064102","-0.203","predicted"
3,"hsa-miR-106a-3p","UGCAAUG",5,"targetscan","MIMAT0004517","hsa-miR-106a-3p","HIGD1A","25994","ENSG00000181061","-0.204","predicted"
3,"hsa-miR-106a-3p","UGCAAUG",5,"targetscan","MIMAT0004517","hsa-miR-106a-3p","HECTD3","79654","ENSG00000126107","-0.204","predicted"
3,"hsa-miR-106a-3p","UGCAAUG",5,"targetscan","MIMAT0004517","hsa-miR-106a-3p","DNAJC19","131118","ENSG00000205981","-0.204","predicted"
3,"hsa-miR-106a-3p","UGCAAUG",5,"targetscan","MIMAT0004517","hsa-miR-106a-3p","GABRA2","2555","ENSG00000151834","-0.204","predicted"
3,"hsa-miR-106a-3p","UGCAAUG",5,"targetscan","MIMAT0004517","hsa-miR-106a-3p","NRG3","10718","ENSG00000185737","-0.204","predicted"
3,"hsa-miR-106a-3p","UGCAAUG",5,"targetscan","MIMAT0004517","hsa-miR-106a-3p","KLRD1","3824","ENSG00000134539","-0.204","predicted"
3,"hsa-miR-106a-3p","UGCAAUG",5,"targetscan","MIMAT0004517","hsa-miR-106a-3p","PNMA1","9240","ENSG00000176903","-0.204","predicted"
3,"hsa-miR-106a-3p","UGCAAUG",5,"targetscan","MIMAT0004517","hsa-miR-106a-3p","CTNS","1497","ENSG00000040531","-0.205","predicted"
3,"hsa-miR-106a-3p","UGCAAUG",5,"targetscan","MIMAT0004517","hsa-miR-106a-3p","WFDC6","140870","ENSG00000243543","-0.205","predicted"
3,"hsa-miR-106a-3p","UGCAAUG",5,"targetscan","MIMAT0004517","hsa-miR-106a-3p","RALYL","138046","ENSG00000184672","-0.205","predicted"
3,"hsa-miR-106a-3p","UGCAAUG",5,"targetscan","MIMAT0004517","hsa-miR-106a-3p","PRND","23627","ENSG00000171864","-0.205","predicted"
3,"hsa-miR-106a-3p","UGCAAUG",5,"targetscan","MIMAT0004517","hsa-miR-106a-3p","DHRS7","51635","ENSG00000100612","-0.205","predicted"
3,"hsa-miR-106a-3p","UGCAAUG",5,"targetscan","MIMAT0004517","hsa-miR-106a-3p","KRT20","54474","ENSG00000171431","-0.205","predicted"
3,"hsa-miR-106a-3p","UGCAAUG",5,"targetscan","MIMAT0004517","hsa-miR-106a-3p","PPIF","10105","ENSG00000108179","-0.206","predicted"
3,"hsa-miR-106a-3p","UGCAAUG",5,"targetscan","MIMAT0004517","hsa-miR-106a-3p","PITPNB","23760","ENSG00000180957","-0.206","predicted"
3,"hsa-miR-106a-3p","UGCAAUG",5,"targetscan","MIMAT0004517","hsa-miR-106a-3p","MCTS1","28985","ENSG00000232119","-0.206","predicted"
3,"hsa-miR-106a-3p","UGCAAUG",5,"targetscan","MIMAT0004517","hsa-miR-106a-3p","SLC12A1","6557","ENSG00000074803","-0.206","predicted"
3,"hsa-miR-106a-3p","UGCAAUG",5,"targetscan","MIMAT0004517","hsa-miR-106a-3p","TRMT1L","81627","ENSG00000121486","-0.206","predicted"
3,"hsa-miR-106a-3p","UGCAAUG",5,"targetscan","MIMAT0004517","hsa-miR-106a-3p","GPALPP1","55425","ENSG00000133114","-0.206","predicted"
3,"hsa-miR-106a-3p","UGCAAUG",5,"targetscan","MIMAT0004517","hsa-miR-106a-3p","AIRIM","54955","ENSG00000116922","-0.206","predicted"
3,"hsa-miR-106a-3p","UGCAAUG",5,"targetscan","MIMAT0004517","hsa-miR-106a-3p","APRG1","339883","ENSG00000198590","-0.206","predicted"
3,"hsa-miR-106a-3p","UGCAAUG",5,"targetscan","MIMAT0004517","hsa-miR-106a-3p","CLCN3","1182","ENSG00000109572","-0.207","predicted"
3,"hsa-miR-106a-3p","UGCAAUG",5,"targetscan","MIMAT0004517","hsa-miR-106a-3p","PON3","5446","ENSG00000105852","-0.207","predicted"
3,"hsa-miR-106a-3p","UGCAAUG",5,"targetscan","MIMAT0004517","hsa-miR-106a-3p","VNN2","8875","ENSG00000112303","-0.207","predicted"
3,"hsa-miR-106a-3p","UGCAAUG",5,"targetscan","MIMAT0004517","hsa-miR-106a-3p","DCUN1D4","23142","ENSG00000109184","-0.207","predicted"
3,"hsa-miR-106a-3p","UGCAAUG",5,"targetscan","MIMAT0004517","hsa-miR-106a-3p","AGTPBP1","23287","ENSG00000135049","-0.207","predicted"
3,"hsa-miR-106a-3p","UGCAAUG",5,"targetscan","MIMAT0004517","hsa-miR-106a-3p","NKRF","55922","ENSG00000186416","-0.207","predicted"
3,"hsa-miR-106a-3p","UGCAAUG",5,"targetscan","MIMAT0004517","hsa-miR-106a-3p","RSPRY1","89970","ENSG00000159579","-0.207","predicted"
3,"hsa-miR-106a-3p","UGCAAUG",5,"targetscan","MIMAT0004517","hsa-miR-106a-3p","PAM","5066","ENSG00000145730","-0.207","predicted"
3,"hsa-miR-106a-3p","UGCAAUG",5,"targetscan","MIMAT0004517","hsa-miR-106a-3p","COA5","493753","ENSG00000183513","-0.207","predicted"
3,"hsa-miR-106a-3p","UGCAAUG",5,"targetscan","MIMAT0004517","hsa-miR-106a-3p","C10orf68","79741","ENSG00000150076","-0.207","predicted"
3,"hsa-miR-106a-3p","UGCAAUG",5,"targetscan","MIMAT0004517","hsa-miR-106a-3p","UBE3D","90025","ENSG00000118420","-0.207","predicted"
3,"hsa-miR-106a-3p","UGCAAUG",5,"targetscan","MIMAT0004517","hsa-miR-106a-3p","INSYN2A","642938","ENSG00000188916","-0.207","predicted"
3,"hsa-miR-106a-3p","UGCAAUG",5,"targetscan","MIMAT0004517","hsa-miR-106a-3p","EPB41L3","23136","ENSG00000082397","-0.208","predicted"
3,"hsa-miR-106a-3p","UGCAAUG",5,"targetscan","MIMAT0004517","hsa-miR-106a-3p","CDON","50937","ENSG00000064309","-0.208","predicted"
3,"hsa-miR-106a-3p","UGCAAUG",5,"targetscan","MIMAT0004517","hsa-miR-106a-3p","SESN3","143686","ENSG00000149212","-0.208","predicted"
3,"hsa-miR-106a-3p","UGCAAUG",5,"targetscan","MIMAT0004517","hsa-miR-106a-3p","CLEC3A","10143","ENSG00000166509","-0.208","predicted"
3,"hsa-miR-106a-3p","UGCAAUG",5,"targetscan","MIMAT0004517","hsa-miR-106a-3p","MISP3","113230","ENSG00000141854","-0.208","predicted"
3,"hsa-miR-106a-3p","UGCAAUG",5,"targetscan","MIMAT0004517","hsa-miR-106a-3p","TRIAP1","51499","ENSG00000170855","-0.209","predicted"
3,"hsa-miR-106a-3p","UGCAAUG",5,"targetscan","MIMAT0004517","hsa-miR-106a-3p","RIC1","57589","ENSG00000107036","-0.209","predicted"
3,"hsa-miR-106a-3p","UGCAAUG",5,"targetscan","MIMAT0004517","hsa-miR-106a-3p","ZNF226","7769","ENSG00000167380","-0.21","predicted"
3,"hsa-miR-106a-3p","UGCAAUG",5,"targetscan","MIMAT0004517","hsa-miR-106a-3p","ATF3","467","ENSG00000162772","-0.21","predicted"
3,"hsa-miR-106a-3p","UGCAAUG",5,"targetscan","MIMAT0004517","hsa-miR-106a-3p","IL15","3600","ENSG00000164136","-0.21","predicted"
3,"hsa-miR-106a-3p","UGCAAUG",5,"targetscan","MIMAT0004517","hsa-miR-106a-3p","UCHL3","7347","ENSG00000118939","-0.21","predicted"
3,"hsa-miR-106a-3p","UGCAAUG",5,"targetscan","MIMAT0004517","hsa-miR-106a-3p","TCEAL7","56849","ENSG00000182916","-0.21","predicted"
3,"hsa-miR-106a-3p","UGCAAUG",5,"targetscan","MIMAT0004517","hsa-miR-106a-3p","GLYATL1","92292","ENSG00000166840","-0.21","predicted"
3,"hsa-miR-106a-3p","UGCAAUG",5,"targetscan","MIMAT0004517","hsa-miR-106a-3p","PCMTD2","55251","ENSG00000203880","-0.211","predicted"
3,"hsa-miR-106a-3p","UGCAAUG",5,"targetscan","MIMAT0004517","hsa-miR-106a-3p","SLC39A10","57181","ENSG00000196950","-0.211","predicted"
3,"hsa-miR-106a-3p","UGCAAUG",5,"targetscan","MIMAT0004517","hsa-miR-106a-3p","SAV1","60485","ENSG00000151748","-0.211","predicted"
3,"hsa-miR-106a-3p","UGCAAUG",5,"targetscan","MIMAT0004517","hsa-miR-106a-3p","NUGGC","389643","ENSG00000189233","-0.211","predicted"
3,"hsa-miR-106a-3p","UGCAAUG",5,"targetscan","MIMAT0004517","hsa-miR-106a-3p","KCNQ5","56479","ENSG00000185760","-0.211","predicted"
3,"hsa-miR-106a-3p","UGCAAUG",5,"targetscan","MIMAT0004517","hsa-miR-106a-3p","XPNPEP1","7511","ENSG00000108039","-0.211","predicted"
3,"hsa-miR-106a-3p","UGCAAUG",5,"targetscan","MIMAT0004517","hsa-miR-106a-3p","TXNDC2","84203","ENSG00000168454","-0.211","predicted"
3,"hsa-miR-106a-3p","UGCAAUG",5,"targetscan","MIMAT0004517","hsa-miR-106a-3p","SNAI2","6591","ENSG00000019549","-0.212","predicted"
3,"hsa-miR-106a-3p","UGCAAUG",5,"targetscan","MIMAT0004517","hsa-miR-106a-3p","GAR1","54433","ENSG00000109534","-0.212","predicted"
3,"hsa-miR-106a-3p","UGCAAUG",5,"targetscan","MIMAT0004517","hsa-miR-106a-3p","TBX15","6913","ENSG00000092607","-0.213","predicted"
3,"hsa-miR-106a-3p","UGCAAUG",5,"targetscan","MIMAT0004517","hsa-miR-106a-3p","ZNF136","7695","ENSG00000196646","-0.213","predicted"
3,"hsa-miR-106a-3p","UGCAAUG",5,"targetscan","MIMAT0004517","hsa-miR-106a-3p","AGPS","8540","ENSG00000018510","-0.213","predicted"
3,"hsa-miR-106a-3p","UGCAAUG",5,"targetscan","MIMAT0004517","hsa-miR-106a-3p","CERS4","79603","ENSG00000090661","-0.213","predicted"
3,"hsa-miR-106a-3p","UGCAAUG",5,"targetscan","MIMAT0004517","hsa-miR-106a-3p","GLRB","2743","ENSG00000109738","-0.213","predicted"
3,"hsa-miR-106a-3p","UGCAAUG",5,"targetscan","MIMAT0004517","hsa-miR-106a-3p","PRDM15","63977","ENSG00000141956","-0.213","predicted"
3,"hsa-miR-106a-3p","UGCAAUG",5,"targetscan","MIMAT0004517","hsa-miR-106a-3p","CFAP43","80217","ENSG00000197748","-0.213","predicted"
3,"hsa-miR-106a-3p","UGCAAUG",5,"targetscan","MIMAT0004517","hsa-miR-106a-3p","ATP5MC3","518","ENSG00000154518","-0.213","predicted"
3,"hsa-miR-106a-3p","UGCAAUG",5,"targetscan","MIMAT0004517","hsa-miR-106a-3p","MARCHF11","441061","ENSG00000183654","-0.213","predicted"
3,"hsa-miR-106a-3p","UGCAAUG",5,"targetscan","MIMAT0004517","hsa-miR-106a-3p","IPO8","10526","ENSG00000133704","-0.214","predicted"
3,"hsa-miR-106a-3p","UGCAAUG",5,"targetscan","MIMAT0004517","hsa-miR-106a-3p","C1QTNF7","114905","ENSG00000163145","-0.214","predicted"
3,"hsa-miR-106a-3p","UGCAAUG",5,"targetscan","MIMAT0004517","hsa-miR-106a-3p","DIRAS2","54769","ENSG00000165023","-0.214","predicted"
3,"hsa-miR-106a-3p","UGCAAUG",5,"targetscan","MIMAT0004517","hsa-miR-106a-3p","KCTD13","253980","ENSG00000174943","-0.214","predicted"
3,"hsa-miR-106a-3p","UGCAAUG",5,"targetscan","MIMAT0004517","hsa-miR-106a-3p","LINC01465",NA,"ENSG00000221949","-0.214","predicted"
3,"hsa-miR-106a-3p","UGCAAUG",5,"targetscan","MIMAT0004517","hsa-miR-106a-3p","TSPAN2","10100","ENSG00000134198","-0.215","predicted"
3,"hsa-miR-106a-3p","UGCAAUG",5,"targetscan","MIMAT0004517","hsa-miR-106a-3p","MANEA","79694","ENSG00000172469","-0.215","predicted"
3,"hsa-miR-106a-3p","UGCAAUG",5,"targetscan","MIMAT0004517","hsa-miR-106a-3p","RXYLT1","10329","ENSG00000118600","-0.215","predicted"
3,"hsa-miR-106a-3p","UGCAAUG",5,"targetscan","MIMAT0004517","hsa-miR-106a-3p","SF3B1","23451","ENSG00000115524","-0.216","predicted"
3,"hsa-miR-106a-3p","UGCAAUG",5,"targetscan","MIMAT0004517","hsa-miR-106a-3p","KLHL8","57563","ENSG00000145332","-0.217","predicted"
3,"hsa-miR-106a-3p","UGCAAUG",5,"targetscan","MIMAT0004517","hsa-miR-106a-3p","HINT3","135114","ENSG00000111911","-0.217","predicted"
3,"hsa-miR-106a-3p","UGCAAUG",5,"targetscan","MIMAT0004517","hsa-miR-106a-3p","RTKN2","219790","ENSG00000182010","-0.217","predicted"
3,"hsa-miR-106a-3p","UGCAAUG",5,"targetscan","MIMAT0004517","hsa-miR-106a-3p","TIAM2","26230","ENSG00000146426","-0.217","predicted"
3,"hsa-miR-106a-3p","UGCAAUG",5,"targetscan","MIMAT0004517","hsa-miR-106a-3p","LCE2C","353140","ENSG00000187180","-0.217","predicted"
3,"hsa-miR-106a-3p","UGCAAUG",5,"targetscan","MIMAT0004517","hsa-miR-106a-3p","AGTR1","185","ENSG00000144891","-0.218","predicted"
3,"hsa-miR-106a-3p","UGCAAUG",5,"targetscan","MIMAT0004517","hsa-miR-106a-3p","IL1RAP","3556","ENSG00000196083","-0.218","predicted"
3,"hsa-miR-106a-3p","UGCAAUG",5,"targetscan","MIMAT0004517","hsa-miR-106a-3p","PPP1R3D","5509","ENSG00000132825","-0.218","predicted"
3,"hsa-miR-106a-3p","UGCAAUG",5,"targetscan","MIMAT0004517","hsa-miR-106a-3p","RPL9","6133","ENSG00000163682","-0.218","predicted"
3,"hsa-miR-106a-3p","UGCAAUG",5,"targetscan","MIMAT0004517","hsa-miR-106a-3p","UBTD2","92181","ENSG00000168246","-0.218","predicted"
3,"hsa-miR-106a-3p","UGCAAUG",5,"targetscan","MIMAT0004517","hsa-miR-106a-3p","EIF4E3","317649","ENSG00000163412","-0.218","predicted"
3,"hsa-miR-106a-3p","UGCAAUG",5,"targetscan","MIMAT0004517","hsa-miR-106a-3p","RPS17","100505503","ENSG00000184779","-0.218","predicted"
3,"hsa-miR-106a-3p","UGCAAUG",5,"targetscan","MIMAT0004517","hsa-miR-106a-3p","RPS17","6218","ENSG00000182774","-0.218","predicted"
3,"hsa-miR-106a-3p","UGCAAUG",5,"targetscan","MIMAT0004517","hsa-miR-106a-3p","PTX3","5806","ENSG00000163661","-0.219","predicted"
3,"hsa-miR-106a-3p","UGCAAUG",5,"targetscan","MIMAT0004517","hsa-miR-106a-3p","SRSF3","6428","ENSG00000112081","-0.219","predicted"
3,"hsa-miR-106a-3p","UGCAAUG",5,"targetscan","MIMAT0004517","hsa-miR-106a-3p","",NA,"ENSG00000257327","-0.219","predicted"
3,"hsa-miR-106a-3p","UGCAAUG",5,"targetscan","MIMAT0004517","hsa-miR-106a-3p","WAPL","23063","ENSG00000062650","-0.219","predicted"
3,"hsa-miR-106a-3p","UGCAAUG",5,"targetscan","MIMAT0004517","hsa-miR-106a-3p","LINC00239","145200","ENSG00000258512","-0.219","predicted"
3,"hsa-miR-106a-3p","UGCAAUG",5,"targetscan","MIMAT0004517","hsa-miR-106a-3p","ATXN10","25814","ENSG00000130638","-0.22","predicted"
3,"hsa-miR-106a-3p","UGCAAUG",5,"targetscan","MIMAT0004517","hsa-miR-106a-3p","DCAF16","54876","ENSG00000163257","-0.22","predicted"
3,"hsa-miR-106a-3p","UGCAAUG",5,"targetscan","MIMAT0004517","hsa-miR-106a-3p","SLTM","79811","ENSG00000137776","-0.22","predicted"
3,"hsa-miR-106a-3p","UGCAAUG",5,"targetscan","MIMAT0004517","hsa-miR-106a-3p","ARPC4","10093","ENSG00000241553","-0.22","predicted"
3,"hsa-miR-106a-3p","UGCAAUG",5,"targetscan","MIMAT0004517","hsa-miR-106a-3p","SOD2",NA,"ENSG00000112096","-0.22","predicted"
3,"hsa-miR-106a-3p","UGCAAUG",5,"targetscan","MIMAT0004517","hsa-miR-106a-3p","NBN","4683","ENSG00000104320","-0.221","predicted"
3,"hsa-miR-106a-3p","UGCAAUG",5,"targetscan","MIMAT0004517","hsa-miR-106a-3p","PRSS23","11098","ENSG00000150687","-0.221","predicted"
3,"hsa-miR-106a-3p","UGCAAUG",5,"targetscan","MIMAT0004517","hsa-miR-106a-3p","OSBPL5","114879","ENSG00000021762","-0.221","predicted"
3,"hsa-miR-106a-3p","UGCAAUG",5,"targetscan","MIMAT0004517","hsa-miR-106a-3p","FAM219A","203259","ENSG00000164970","-0.221","predicted"
3,"hsa-miR-106a-3p","UGCAAUG",5,"targetscan","MIMAT0004517","hsa-miR-106a-3p","SUMO3","6612","ENSG00000184900","-0.222","predicted"
3,"hsa-miR-106a-3p","UGCAAUG",5,"targetscan","MIMAT0004517","hsa-miR-106a-3p","CDK19","23097","ENSG00000155111","-0.222","predicted"
3,"hsa-miR-106a-3p","UGCAAUG",5,"targetscan","MIMAT0004517","hsa-miR-106a-3p","RTN4","57142","ENSG00000115310","-0.222","predicted"
3,"hsa-miR-106a-3p","UGCAAUG",5,"targetscan","MIMAT0004517","hsa-miR-106a-3p","KCNJ13","3769","ENSG00000115474","-0.222","predicted"
3,"hsa-miR-106a-3p","UGCAAUG",5,"targetscan","MIMAT0004517","hsa-miR-106a-3p","GIMAP6","474344","ENSG00000133561","-0.222","predicted"
3,"hsa-miR-106a-3p","UGCAAUG",5,"targetscan","MIMAT0004517","hsa-miR-106a-3p","SCFD2","152579","ENSG00000184178","-0.222","predicted"
3,"hsa-miR-106a-3p","UGCAAUG",5,"targetscan","MIMAT0004517","hsa-miR-106a-3p","CCDC102B","79839","ENSG00000150636","-0.223","predicted"
3,"hsa-miR-106a-3p","UGCAAUG",5,"targetscan","MIMAT0004517","hsa-miR-106a-3p","ZAR1","326340","ENSG00000182223","-0.223","predicted"
3,"hsa-miR-106a-3p","UGCAAUG",5,"targetscan","MIMAT0004517","hsa-miR-106a-3p","MT-ND4L","4539","ENSG00000212907","-0.223","predicted"
3,"hsa-miR-106a-3p","UGCAAUG",5,"targetscan","MIMAT0004517","hsa-miR-106a-3p","ARNT2-DT","101929560","ENSG00000259495","-0.223","predicted"
3,"hsa-miR-106a-3p","UGCAAUG",5,"targetscan","MIMAT0004517","hsa-miR-106a-3p","GTF2B","2959","ENSG00000137947","-0.224","predicted"
3,"hsa-miR-106a-3p","UGCAAUG",5,"targetscan","MIMAT0004517","hsa-miR-106a-3p","NFE2L2","4780","ENSG00000116044","-0.224","predicted"
3,"hsa-miR-106a-3p","UGCAAUG",5,"targetscan","MIMAT0004517","hsa-miR-106a-3p","LACC1","144811","ENSG00000179630","-0.224","predicted"
3,"hsa-miR-106a-3p","UGCAAUG",5,"targetscan","MIMAT0004517","hsa-miR-106a-3p","C12orf75","387882","ENSG00000235162","-0.224","predicted"
3,"hsa-miR-106a-3p","UGCAAUG",5,"targetscan","MIMAT0004517","hsa-miR-106a-3p","NEUROG3","50674","ENSG00000122859","-0.224","predicted"
3,"hsa-miR-106a-3p","UGCAAUG",5,"targetscan","MIMAT0004517","hsa-miR-106a-3p","BMPER","168667","ENSG00000164619","-0.224","predicted"
3,"hsa-miR-106a-3p","UGCAAUG",5,"targetscan","MIMAT0004517","hsa-miR-106a-3p","ADGRG3","222487","ENSG00000182885","-0.224","predicted"
3,"hsa-miR-106a-3p","UGCAAUG",5,"targetscan","MIMAT0004517","hsa-miR-106a-3p","LINC03042",NA,"ENSG00000196166","-0.224","predicted"
3,"hsa-miR-106a-3p","UGCAAUG",5,"targetscan","MIMAT0004517","hsa-miR-106a-3p","IDI1","3422","ENSG00000067064","-0.225","predicted"
3,"hsa-miR-106a-3p","UGCAAUG",5,"targetscan","MIMAT0004517","hsa-miR-106a-3p","GGCX","2677","ENSG00000115486","-0.225","predicted"
3,"hsa-miR-106a-3p","UGCAAUG",5,"targetscan","MIMAT0004517","hsa-miR-106a-3p","NBAS","51594","ENSG00000151779","-0.225","predicted"
3,"hsa-miR-106a-3p","UGCAAUG",5,"targetscan","MIMAT0004517","hsa-miR-106a-3p","SLAIN1","122060","ENSG00000139737","-0.226","predicted"
3,"hsa-miR-106a-3p","UGCAAUG",5,"targetscan","MIMAT0004517","hsa-miR-106a-3p","TM9SF2","9375","ENSG00000125304","-0.226","predicted"
3,"hsa-miR-106a-3p","UGCAAUG",5,"targetscan","MIMAT0004517","hsa-miR-106a-3p","BMP7","655","ENSG00000101144","-0.227","predicted"
3,"hsa-miR-106a-3p","UGCAAUG",5,"targetscan","MIMAT0004517","hsa-miR-106a-3p","TGFBR1","7046","ENSG00000106799","-0.227","predicted"
3,"hsa-miR-106a-3p","UGCAAUG",5,"targetscan","MIMAT0004517","hsa-miR-106a-3p","GATA3","2625","ENSG00000107485","-0.227","predicted"
3,"hsa-miR-106a-3p","UGCAAUG",5,"targetscan","MIMAT0004517","hsa-miR-106a-3p","CYTIP","9595","ENSG00000115165","-0.227","predicted"
3,"hsa-miR-106a-3p","UGCAAUG",5,"targetscan","MIMAT0004517","hsa-miR-106a-3p","GADD45G","10912","ENSG00000130222","-0.227","predicted"
3,"hsa-miR-106a-3p","UGCAAUG",5,"targetscan","MIMAT0004517","hsa-miR-106a-3p","PUS1","80324","ENSG00000177192","-0.227","predicted"
3,"hsa-miR-106a-3p","UGCAAUG",5,"targetscan","MIMAT0004517","hsa-miR-106a-3p","KCNQ5","56479","ENSG00000185760","-0.227","predicted"
3,"hsa-miR-106a-3p","UGCAAUG",5,"targetscan","MIMAT0004517","hsa-miR-106a-3p","OTUD7A","161725","ENSG00000169918","-0.227","predicted"
3,"hsa-miR-106a-3p","UGCAAUG",5,"targetscan","MIMAT0004517","hsa-miR-106a-3p","CNGB3","54714","ENSG00000170289","-0.228","predicted"
3,"hsa-miR-106a-3p","UGCAAUG",5,"targetscan","MIMAT0004517","hsa-miR-106a-3p","LINC02453","643770","ENSG00000245017","-0.228","predicted"
3,"hsa-miR-106a-3p","UGCAAUG",5,"targetscan","MIMAT0004517","hsa-miR-106a-3p","WDR91","29062","ENSG00000105875","-0.229","predicted"
3,"hsa-miR-106a-3p","UGCAAUG",5,"targetscan","MIMAT0004517","hsa-miR-106a-3p","HES2","54626","ENSG00000069812","-0.229","predicted"
3,"hsa-miR-106a-3p","UGCAAUG",5,"targetscan","MIMAT0004517","hsa-miR-106a-3p","MACO1","55219","ENSG00000204178","-0.229","predicted"
3,"hsa-miR-106a-3p","UGCAAUG",5,"targetscan","MIMAT0004517","hsa-miR-106a-3p","PIP4P2","55529","ENSG00000155099","-0.229","predicted"
3,"hsa-miR-106a-3p","UGCAAUG",5,"targetscan","MIMAT0004517","hsa-miR-106a-3p","LINC02693","339263","ENSG00000212719","-0.229","predicted"
3,"hsa-miR-106a-3p","UGCAAUG",5,"targetscan","MIMAT0004517","hsa-miR-106a-3p","STX7","8417","ENSG00000079950","-0.23","predicted"
3,"hsa-miR-106a-3p","UGCAAUG",5,"targetscan","MIMAT0004517","hsa-miR-106a-3p","TPSG1","25823","ENSG00000116176","-0.23","predicted"
3,"hsa-miR-106a-3p","UGCAAUG",5,"targetscan","MIMAT0004517","hsa-miR-106a-3p","FCGR3B","2215","ENSG00000162747","-0.23","predicted"
3,"hsa-miR-106a-3p","UGCAAUG",5,"targetscan","MIMAT0004517","hsa-miR-106a-3p","ACYP1","97","ENSG00000119640","-0.23","predicted"
3,"hsa-miR-106a-3p","UGCAAUG",5,"targetscan","MIMAT0004517","hsa-miR-106a-3p","AKIRIN1","79647","ENSG00000174574","-0.23","predicted"
3,"hsa-miR-106a-3p","UGCAAUG",5,"targetscan","MIMAT0004517","hsa-miR-106a-3p","KRT20","54474","ENSG00000171431","-0.23","predicted"
3,"hsa-miR-106a-3p","UGCAAUG",5,"targetscan","MIMAT0004517","hsa-miR-106a-3p","FCGR3B","124905743","ENSG00000162747","-0.23","predicted"
3,"hsa-miR-106a-3p","UGCAAUG",5,"targetscan","MIMAT0004517","hsa-miR-106a-3p","RPS27A","6233","ENSG00000143947","-0.231","predicted"
3,"hsa-miR-106a-3p","UGCAAUG",5,"targetscan","MIMAT0004517","hsa-miR-106a-3p","SKP1","6500","ENSG00000113558","-0.231","predicted"
3,"hsa-miR-106a-3p","UGCAAUG",5,"targetscan","MIMAT0004517","hsa-miR-106a-3p","ROMO1","140823","ENSG00000125995","-0.231","predicted"
3,"hsa-miR-106a-3p","UGCAAUG",5,"targetscan","MIMAT0004517","hsa-miR-106a-3p","MRPL50","54534","ENSG00000136897","-0.232","predicted"
3,"hsa-miR-106a-3p","UGCAAUG",5,"targetscan","MIMAT0004517","hsa-miR-106a-3p","CDADC1","81602","ENSG00000102543","-0.232","predicted"
3,"hsa-miR-106a-3p","UGCAAUG",5,"targetscan","MIMAT0004517","hsa-miR-106a-3p","HTR2A","3356","ENSG00000102468","-0.232","predicted"
3,"hsa-miR-106a-3p","UGCAAUG",5,"targetscan","MIMAT0004517","hsa-miR-106a-3p","CFAP418","157657","ENSG00000156172","-0.232","predicted"
3,"hsa-miR-106a-3p","UGCAAUG",5,"targetscan","MIMAT0004517","hsa-miR-106a-3p","PTS","5805","ENSG00000150787","-0.233","predicted"
3,"hsa-miR-106a-3p","UGCAAUG",5,"targetscan","MIMAT0004517","hsa-miR-106a-3p","PABPC4","8761","ENSG00000090621","-0.233","predicted"
3,"hsa-miR-106a-3p","UGCAAUG",5,"targetscan","MIMAT0004517","hsa-miR-106a-3p","CMPK1","51727","ENSG00000162368","-0.233","predicted"
3,"hsa-miR-106a-3p","UGCAAUG",5,"targetscan","MIMAT0004517","hsa-miR-106a-3p","TRUB1","142940","ENSG00000165832","-0.233","predicted"
3,"hsa-miR-106a-3p","UGCAAUG",5,"targetscan","MIMAT0004517","hsa-miR-106a-3p","ROR1","4919","ENSG00000185483","-0.234","predicted"
3,"hsa-miR-106a-3p","UGCAAUG",5,"targetscan","MIMAT0004517","hsa-miR-106a-3p","TPRKB","51002","ENSG00000144034","-0.234","predicted"
3,"hsa-miR-106a-3p","UGCAAUG",5,"targetscan","MIMAT0004517","hsa-miR-106a-3p","NIP7","51388","ENSG00000132603","-0.234","predicted"
3,"hsa-miR-106a-3p","UGCAAUG",5,"targetscan","MIMAT0004517","hsa-miR-106a-3p","SUMO1","7341","ENSG00000116030","-0.234","predicted"
3,"hsa-miR-106a-3p","UGCAAUG",5,"targetscan","MIMAT0004517","hsa-miR-106a-3p","IQGAP1","8826","ENSG00000140575","-0.235","predicted"
3,"hsa-miR-106a-3p","UGCAAUG",5,"targetscan","MIMAT0004517","hsa-miR-106a-3p","MGST2","4258","ENSG00000085871","-0.235","predicted"
3,"hsa-miR-106a-3p","UGCAAUG",5,"targetscan","MIMAT0004517","hsa-miR-106a-3p","SOX11","6664","ENSG00000176887","-0.235","predicted"
3,"hsa-miR-106a-3p","UGCAAUG",5,"targetscan","MIMAT0004517","hsa-miR-106a-3p","MTHFD2","10797","ENSG00000065911","-0.235","predicted"
3,"hsa-miR-106a-3p","UGCAAUG",5,"targetscan","MIMAT0004517","hsa-miR-106a-3p","HSD17B7","51478","ENSG00000132196","-0.235","predicted"
3,"hsa-miR-106a-3p","UGCAAUG",5,"targetscan","MIMAT0004517","hsa-miR-106a-3p","PLSCR4","57088","ENSG00000114698","-0.235","predicted"
3,"hsa-miR-106a-3p","UGCAAUG",5,"targetscan","MIMAT0004517","hsa-miR-106a-3p","CLEC4D","338339","ENSG00000166527","-0.235","predicted"
3,"hsa-miR-106a-3p","UGCAAUG",5,"targetscan","MIMAT0004517","hsa-miR-106a-3p","SLC2A9","56606","ENSG00000109667","-0.235","predicted"
3,"hsa-miR-106a-3p","UGCAAUG",5,"targetscan","MIMAT0004517","hsa-miR-106a-3p","SRP54","6729","ENSG00000100883","-0.235","predicted"
3,"hsa-miR-106a-3p","UGCAAUG",5,"targetscan","MIMAT0004517","hsa-miR-106a-3p","MR1","3140","ENSG00000153029","-0.236","predicted"
3,"hsa-miR-106a-3p","UGCAAUG",5,"targetscan","MIMAT0004517","hsa-miR-106a-3p","SOX9","6662","ENSG00000125398","-0.236","predicted"
3,"hsa-miR-106a-3p","UGCAAUG",5,"targetscan","MIMAT0004517","hsa-miR-106a-3p","HEATR5A","25938","ENSG00000129493","-0.236","predicted"
3,"hsa-miR-106a-3p","UGCAAUG",5,"targetscan","MIMAT0004517","hsa-miR-106a-3p","ZNF808","388558","ENSG00000198482","-0.236","predicted"
3,"hsa-miR-106a-3p","UGCAAUG",5,"targetscan","MIMAT0004517","hsa-miR-106a-3p","CD1A","909","ENSG00000158477","-0.236","predicted"
3,"hsa-miR-106a-3p","UGCAAUG",5,"targetscan","MIMAT0004517","hsa-miR-106a-3p","LYRM2","57226","ENSG00000083099","-0.236","predicted"
3,"hsa-miR-106a-3p","UGCAAUG",5,"targetscan","MIMAT0004517","hsa-miR-106a-3p","DPPA4","55211","ENSG00000121570","-0.237","predicted"
3,"hsa-miR-106a-3p","UGCAAUG",5,"targetscan","MIMAT0004517","hsa-miR-106a-3p","TM2D3","80213","ENSG00000184277","-0.237","predicted"
3,"hsa-miR-106a-3p","UGCAAUG",5,"targetscan","MIMAT0004517","hsa-miR-106a-3p","KDSR","2531","ENSG00000119537","-0.238","predicted"
3,"hsa-miR-106a-3p","UGCAAUG",5,"targetscan","MIMAT0004517","hsa-miR-106a-3p","RB1CC1","9821","ENSG00000023287","-0.238","predicted"
3,"hsa-miR-106a-3p","UGCAAUG",5,"targetscan","MIMAT0004517","hsa-miR-106a-3p","P2RY13","53829","ENSG00000181631","-0.238","predicted"
3,"hsa-miR-106a-3p","UGCAAUG",5,"targetscan","MIMAT0004517","hsa-miR-106a-3p","TCEAL2","140597","ENSG00000184905","-0.238","predicted"
3,"hsa-miR-106a-3p","UGCAAUG",5,"targetscan","MIMAT0004517","hsa-miR-106a-3p","CBFB","865","ENSG00000067955","-0.239","predicted"
3,"hsa-miR-106a-3p","UGCAAUG",5,"targetscan","MIMAT0004517","hsa-miR-106a-3p","DCAF4L1","285429","ENSG00000182308","-0.239","predicted"
3,"hsa-miR-106a-3p","UGCAAUG",5,"targetscan","MIMAT0004517","hsa-miR-106a-3p","ZNF681","148213","ENSG00000196172","-0.239","predicted"
3,"hsa-miR-106a-3p","UGCAAUG",5,"targetscan","MIMAT0004517","hsa-miR-106a-3p","ZSCAN21","7589","ENSG00000166529","-0.239","predicted"
3,"hsa-miR-106a-3p","UGCAAUG",5,"targetscan","MIMAT0004517","hsa-miR-106a-3p","NAALAD2","10003","ENSG00000077616","-0.241","predicted"
3,"hsa-miR-106a-3p","UGCAAUG",5,"targetscan","MIMAT0004517","hsa-miR-106a-3p","COQ6","51004","ENSG00000119723","-0.241","predicted"
3,"hsa-miR-106a-3p","UGCAAUG",5,"targetscan","MIMAT0004517","hsa-miR-106a-3p","LYN","4067","ENSG00000254087","-0.241","predicted"
3,"hsa-miR-106a-3p","UGCAAUG",5,"targetscan","MIMAT0004517","hsa-miR-106a-3p","KCNQ5","56479","ENSG00000185760","-0.241","predicted"
3,"hsa-miR-106a-3p","UGCAAUG",5,"targetscan","MIMAT0004517","hsa-miR-106a-3p","AIG1","51390","ENSG00000146416","-0.241","predicted"
3,"hsa-miR-106a-3p","UGCAAUG",5,"targetscan","MIMAT0004517","hsa-miR-106a-3p","ZRANB3","84083","ENSG00000121988","-0.241","predicted"
3,"hsa-miR-106a-3p","UGCAAUG",5,"targetscan","MIMAT0004517","hsa-miR-106a-3p","CYP1B1","1545","ENSG00000138061","-0.243","predicted"
3,"hsa-miR-106a-3p","UGCAAUG",5,"targetscan","MIMAT0004517","hsa-miR-106a-3p","FETUB","26998","ENSG00000090512","-0.243","predicted"
3,"hsa-miR-106a-3p","UGCAAUG",5,"targetscan","MIMAT0004517","hsa-miR-106a-3p","UPF3B","65109","ENSG00000125351","-0.243","predicted"
3,"hsa-miR-106a-3p","UGCAAUG",5,"targetscan","MIMAT0004517","hsa-miR-106a-3p","C1orf21","81563","ENSG00000116667","-0.243","predicted"
3,"hsa-miR-106a-3p","UGCAAUG",5,"targetscan","MIMAT0004517","hsa-miR-106a-3p","FANCB","2187","ENSG00000181544","-0.243","predicted"
3,"hsa-miR-106a-3p","UGCAAUG",5,"targetscan","MIMAT0004517","hsa-miR-106a-3p","DPH3","285381","ENSG00000154813","-0.244","predicted"
3,"hsa-miR-106a-3p","UGCAAUG",5,"targetscan","MIMAT0004517","hsa-miR-106a-3p","ATG12","9140","ENSG00000145782","-0.245","predicted"
3,"hsa-miR-106a-3p","UGCAAUG",5,"targetscan","MIMAT0004517","hsa-miR-106a-3p","MRPS5","64969","ENSG00000144029","-0.245","predicted"
3,"hsa-miR-106a-3p","UGCAAUG",5,"targetscan","MIMAT0004517","hsa-miR-106a-3p","RCN2","5955","ENSG00000117906","-0.246","predicted"
3,"hsa-miR-106a-3p","UGCAAUG",5,"targetscan","MIMAT0004517","hsa-miR-106a-3p","CNTN3","5067","ENSG00000113805","-0.246","predicted"
3,"hsa-miR-106a-3p","UGCAAUG",5,"targetscan","MIMAT0004517","hsa-miR-106a-3p","RBM18","92400","ENSG00000119446","-0.246","predicted"
3,"hsa-miR-106a-3p","UGCAAUG",5,"targetscan","MIMAT0004517","hsa-miR-106a-3p","ZNF726","730087","ENSG00000213967","-0.246","predicted"
3,"hsa-miR-106a-3p","UGCAAUG",5,"targetscan","MIMAT0004517","hsa-miR-106a-3p","GJB6","10804","ENSG00000121742","-0.247","predicted"
3,"hsa-miR-106a-3p","UGCAAUG",5,"targetscan","MIMAT0004517","hsa-miR-106a-3p","NARS2","79731","ENSG00000137513","-0.247","predicted"
3,"hsa-miR-106a-3p","UGCAAUG",5,"targetscan","MIMAT0004517","hsa-miR-106a-3p","FCGR3A","2214","ENSG00000203747","-0.247","predicted"
3,"hsa-miR-106a-3p","UGCAAUG",5,"targetscan","MIMAT0004517","hsa-miR-106a-3p","BBIP1","92482","ENSG00000214413","-0.247","predicted"
3,"hsa-miR-106a-3p","UGCAAUG",5,"targetscan","MIMAT0004517","hsa-miR-106a-3p","TXNL1","9352","ENSG00000091164","-0.247","predicted"
3,"hsa-miR-106a-3p","UGCAAUG",5,"targetscan","MIMAT0004517","hsa-miR-106a-3p","TRAT1","50852","ENSG00000163519","-0.247","predicted"
3,"hsa-miR-106a-3p","UGCAAUG",5,"targetscan","MIMAT0004517","hsa-miR-106a-3p","ZNF813","126017","ENSG00000198346","-0.248","predicted"
3,"hsa-miR-106a-3p","UGCAAUG",5,"targetscan","MIMAT0004517","hsa-miR-106a-3p","SPPL2C","162540","ENSG00000185294","-0.248","predicted"
3,"hsa-miR-106a-3p","UGCAAUG",5,"targetscan","MIMAT0004517","hsa-miR-106a-3p","IFT43","112752","ENSG00000119650","-0.248","predicted"
3,"hsa-miR-106a-3p","UGCAAUG",5,"targetscan","MIMAT0004517","hsa-miR-106a-3p","EVI2B","2124","ENSG00000185862","-0.249","predicted"
3,"hsa-miR-106a-3p","UGCAAUG",5,"targetscan","MIMAT0004517","hsa-miR-106a-3p","MEF2C","4208","ENSG00000081189","-0.249","predicted"
3,"hsa-miR-106a-3p","UGCAAUG",5,"targetscan","MIMAT0004517","hsa-miR-106a-3p","SFXN1","94081","ENSG00000164466","-0.249","predicted"
3,"hsa-miR-106a-3p","UGCAAUG",5,"targetscan","MIMAT0004517","hsa-miR-106a-3p","C7orf76","401388","ENSG00000197851","-0.249","predicted"
3,"hsa-miR-106a-3p","UGCAAUG",5,"targetscan","MIMAT0004517","hsa-miR-106a-3p","UQCRFS1","7386","ENSG00000169021","-0.249","predicted"
3,"hsa-miR-106a-3p","UGCAAUG",5,"targetscan","MIMAT0004517","hsa-miR-106a-3p","LRRFIP1","9208","ENSG00000124831","-0.25","predicted"
3,"hsa-miR-106a-3p","UGCAAUG",5,"targetscan","MIMAT0004517","hsa-miR-106a-3p","ZNF425","155054","ENSG00000204947","-0.25","predicted"
3,"hsa-miR-106a-3p","UGCAAUG",5,"targetscan","MIMAT0004517","hsa-miR-106a-3p","PHF11","51131","ENSG00000136147","-0.25","predicted"
3,"hsa-miR-106a-3p","UGCAAUG",5,"targetscan","MIMAT0004517","hsa-miR-106a-3p","LETM2","137994","ENSG00000165046","-0.25","predicted"
3,"hsa-miR-106a-3p","UGCAAUG",5,"targetscan","MIMAT0004517","hsa-miR-106a-3p","LINC01560",NA,"ENSG00000196741","-0.25","predicted"
3,"hsa-miR-106a-3p","UGCAAUG",5,"targetscan","MIMAT0004517","hsa-miR-106a-3p","AP000889.3",NA,"ENSG00000268467","-0.25","predicted"
3,"hsa-miR-106a-3p","UGCAAUG",5,"targetscan","MIMAT0004517","hsa-miR-106a-3p","FAM111A","63901","ENSG00000166801","-0.251","predicted"
3,"hsa-miR-106a-3p","UGCAAUG",5,"targetscan","MIMAT0004517","hsa-miR-106a-3p","SPTSSA","171546","ENSG00000165389","-0.251","predicted"
3,"hsa-miR-106a-3p","UGCAAUG",5,"targetscan","MIMAT0004517","hsa-miR-106a-3p","ZNF583","147949","ENSG00000198440","-0.251","predicted"
3,"hsa-miR-106a-3p","UGCAAUG",5,"targetscan","MIMAT0004517","hsa-miR-106a-3p","PEX3","8504","ENSG00000034693","-0.251","predicted"
3,"hsa-miR-106a-3p","UGCAAUG",5,"targetscan","MIMAT0004517","hsa-miR-106a-3p","OTUD6B","51633","ENSG00000155100","-0.251","predicted"
3,"hsa-miR-106a-3p","UGCAAUG",5,"targetscan","MIMAT0004517","hsa-miR-106a-3p","ACTR10","55860","ENSG00000131966","-0.251","predicted"
3,"hsa-miR-106a-3p","UGCAAUG",5,"targetscan","MIMAT0004517","hsa-miR-106a-3p","NDUFV3","4731","ENSG00000160194","-0.252","predicted"
3,"hsa-miR-106a-3p","UGCAAUG",5,"targetscan","MIMAT0004517","hsa-miR-106a-3p","SRD5A1","6715","ENSG00000145545","-0.252","predicted"
3,"hsa-miR-106a-3p","UGCAAUG",5,"targetscan","MIMAT0004517","hsa-miR-106a-3p","AKAIN1","642597","ENSG00000231824","-0.252","predicted"
3,"hsa-miR-106a-3p","UGCAAUG",5,"targetscan","MIMAT0004517","hsa-miR-106a-3p","FKBP1A","2280","ENSG00000088832","-0.253","predicted"
3,"hsa-miR-106a-3p","UGCAAUG",5,"targetscan","MIMAT0004517","hsa-miR-106a-3p","IGF1","3479","ENSG00000017427","-0.253","predicted"
3,"hsa-miR-106a-3p","UGCAAUG",5,"targetscan","MIMAT0004517","hsa-miR-106a-3p","H2AC13","8329","ENSG00000196747","-0.253","predicted"
3,"hsa-miR-106a-3p","UGCAAUG",5,"targetscan","MIMAT0004517","hsa-miR-106a-3p","ANKRD39","51239","ENSG00000213337","-0.254","predicted"
3,"hsa-miR-106a-3p","UGCAAUG",5,"targetscan","MIMAT0004517","hsa-miR-106a-3p","NDUFA5","4698","ENSG00000128609","-0.255","predicted"
3,"hsa-miR-106a-3p","UGCAAUG",5,"targetscan","MIMAT0004517","hsa-miR-106a-3p","IFNE","338376","ENSG00000184995","-0.255","predicted"
3,"hsa-miR-106a-3p","UGCAAUG",5,"targetscan","MIMAT0004517","hsa-miR-106a-3p","LYSET","26175","ENSG00000153485","-0.255","predicted"
3,"hsa-miR-106a-3p","UGCAAUG",5,"targetscan","MIMAT0004517","hsa-miR-106a-3p","RAB23","51715","ENSG00000112210","-0.256","predicted"
3,"hsa-miR-106a-3p","UGCAAUG",5,"targetscan","MIMAT0004517","hsa-miR-106a-3p","PLSCR2","57047","ENSG00000163746","-0.256","predicted"
3,"hsa-miR-106a-3p","UGCAAUG",5,"targetscan","MIMAT0004517","hsa-miR-106a-3p","ZNF680","340252","ENSG00000173041","-0.257","predicted"
3,"hsa-miR-106a-3p","UGCAAUG",5,"targetscan","MIMAT0004517","hsa-miR-106a-3p","CAPN14","440854","ENSG00000214711","-0.257","predicted"
3,"hsa-miR-106a-3p","UGCAAUG",5,"targetscan","MIMAT0004517","hsa-miR-106a-3p","RPS21","6227","ENSG00000171858","-0.257","predicted"
3,"hsa-miR-106a-3p","UGCAAUG",5,"targetscan","MIMAT0004517","hsa-miR-106a-3p","FGGY","55277","ENSG00000172456","-0.258","predicted"
3,"hsa-miR-106a-3p","UGCAAUG",5,"targetscan","MIMAT0004517","hsa-miR-106a-3p","SENP6","26054","ENSG00000112701","-0.258","predicted"
3,"hsa-miR-106a-3p","UGCAAUG",5,"targetscan","MIMAT0004517","hsa-miR-106a-3p","EPC2","26122","ENSG00000135999","-0.258","predicted"
3,"hsa-miR-106a-3p","UGCAAUG",5,"targetscan","MIMAT0004517","hsa-miR-106a-3p","MAGED1","9500","ENSG00000179222","-0.259","predicted"
3,"hsa-miR-106a-3p","UGCAAUG",5,"targetscan","MIMAT0004517","hsa-miR-106a-3p","SELENOT","51714","ENSG00000198843","-0.259","predicted"
3,"hsa-miR-106a-3p","UGCAAUG",5,"targetscan","MIMAT0004517","hsa-miR-106a-3p","FKBP1C","642489","ENSG00000198225","-0.259","predicted"
3,"hsa-miR-106a-3p","UGCAAUG",5,"targetscan","MIMAT0004517","hsa-miR-106a-3p","ZNF85","7639","ENSG00000105750","-0.26","predicted"
3,"hsa-miR-106a-3p","UGCAAUG",5,"targetscan","MIMAT0004517","hsa-miR-106a-3p","ZNF28","7576","ENSG00000198538","-0.261","predicted"
3,"hsa-miR-106a-3p","UGCAAUG",5,"targetscan","MIMAT0004517","hsa-miR-106a-3p","GNB5","10681","ENSG00000069966","-0.261","predicted"
3,"hsa-miR-106a-3p","UGCAAUG",5,"targetscan","MIMAT0004517","hsa-miR-106a-3p","TRIM7","81786","ENSG00000146054","-0.261","predicted"
3,"hsa-miR-106a-3p","UGCAAUG",5,"targetscan","MIMAT0004517","hsa-miR-106a-3p","SLC39A12","221074","ENSG00000148482","-0.261","predicted"
3,"hsa-miR-106a-3p","UGCAAUG",5,"targetscan","MIMAT0004517","hsa-miR-106a-3p","SLC13A1","6561","ENSG00000081800","-0.261","predicted"
3,"hsa-miR-106a-3p","UGCAAUG",5,"targetscan","MIMAT0004517","hsa-miR-106a-3p","MMRN1","22915","ENSG00000138722","-0.262","predicted"
3,"hsa-miR-106a-3p","UGCAAUG",5,"targetscan","MIMAT0004517","hsa-miR-106a-3p","ADCYAP1","116","ENSG00000141433","-0.262","predicted"
3,"hsa-miR-106a-3p","UGCAAUG",5,"targetscan","MIMAT0004517","hsa-miR-106a-3p","SEC16A","9919","ENSG00000148396","-0.263","predicted"
3,"hsa-miR-106a-3p","UGCAAUG",5,"targetscan","MIMAT0004517","hsa-miR-106a-3p","BLOC1S4","55330","ENSG00000186222","-0.263","predicted"
3,"hsa-miR-106a-3p","UGCAAUG",5,"targetscan","MIMAT0004517","hsa-miR-106a-3p","HAPSTR1","29035","ENSG00000182831","-0.263","predicted"
3,"hsa-miR-106a-3p","UGCAAUG",5,"targetscan","MIMAT0004517","hsa-miR-106a-3p","HDHD2","84064","ENSG00000167220","-0.264","predicted"
3,"hsa-miR-106a-3p","UGCAAUG",5,"targetscan","MIMAT0004517","hsa-miR-106a-3p","TRMT1L","81627","ENSG00000121486","-0.264","predicted"
3,"hsa-miR-106a-3p","UGCAAUG",5,"targetscan","MIMAT0004517","hsa-miR-106a-3p","CCR8","1237","ENSG00000179934","-0.265","predicted"
3,"hsa-miR-106a-3p","UGCAAUG",5,"targetscan","MIMAT0004517","hsa-miR-106a-3p","HMGB1","3146","ENSG00000189403","-0.267","predicted"
3,"hsa-miR-106a-3p","UGCAAUG",5,"targetscan","MIMAT0004517","hsa-miR-106a-3p","NUMB","8650","ENSG00000133961","-0.267","predicted"
3,"hsa-miR-106a-3p","UGCAAUG",5,"targetscan","MIMAT0004517","hsa-miR-106a-3p","DUSP28","285193","ENSG00000188542","-0.267","predicted"
3,"hsa-miR-106a-3p","UGCAAUG",5,"targetscan","MIMAT0004517","hsa-miR-106a-3p","PRMT6","55170","ENSG00000198890","-0.267","predicted"
3,"hsa-miR-106a-3p","UGCAAUG",5,"targetscan","MIMAT0004517","hsa-miR-106a-3p","LALBA","3906","ENSG00000167531","-0.268","predicted"
3,"hsa-miR-106a-3p","UGCAAUG",5,"targetscan","MIMAT0004517","hsa-miR-106a-3p","CSN3","1448","ENSG00000171209","-0.271","predicted"
3,"hsa-miR-106a-3p","UGCAAUG",5,"targetscan","MIMAT0004517","hsa-miR-106a-3p","ZFYVE28","57732","ENSG00000159733","-0.271","predicted"
3,"hsa-miR-106a-3p","UGCAAUG",5,"targetscan","MIMAT0004517","hsa-miR-106a-3p","IMP4","92856","ENSG00000136718","-0.271","predicted"
3,"hsa-miR-106a-3p","UGCAAUG",5,"targetscan","MIMAT0004517","hsa-miR-106a-3p","CCDC90B","60492","ENSG00000137500","-0.271","predicted"
3,"hsa-miR-106a-3p","UGCAAUG",5,"targetscan","MIMAT0004517","hsa-miR-106a-3p","TUBB2B","347733","ENSG00000137285","-0.272","predicted"
3,"hsa-miR-106a-3p","UGCAAUG",5,"targetscan","MIMAT0004517","hsa-miR-106a-3p","SMIM9","100132963","ENSG00000203870","-0.272","predicted"
3,"hsa-miR-106a-3p","UGCAAUG",5,"targetscan","MIMAT0004517","hsa-miR-106a-3p","RNASE4","6038","ENSG00000258818","-0.273","predicted"
3,"hsa-miR-106a-3p","UGCAAUG",5,"targetscan","MIMAT0004517","hsa-miR-106a-3p","TOMM40L","84134","ENSG00000158882","-0.273","predicted"
3,"hsa-miR-106a-3p","UGCAAUG",5,"targetscan","MIMAT0004517","hsa-miR-106a-3p","CBFB","865","ENSG00000067955","-0.274","predicted"
3,"hsa-miR-106a-3p","UGCAAUG",5,"targetscan","MIMAT0004517","hsa-miR-106a-3p","XIAP","331","ENSG00000101966","-0.274","predicted"
3,"hsa-miR-106a-3p","UGCAAUG",5,"targetscan","MIMAT0004517","hsa-miR-106a-3p","INSL5","10022","ENSG00000172410","-0.274","predicted"
3,"hsa-miR-106a-3p","UGCAAUG",5,"targetscan","MIMAT0004517","hsa-miR-106a-3p","FYTTD1","84248","ENSG00000122068","-0.274","predicted"
3,"hsa-miR-106a-3p","UGCAAUG",5,"targetscan","MIMAT0004517","hsa-miR-106a-3p","SPHKAP","80309","ENSG00000153820","-0.274","predicted"
3,"hsa-miR-106a-3p","UGCAAUG",5,"targetscan","MIMAT0004517","hsa-miR-106a-3p","HS3ST1","9957","ENSG00000002587","-0.274","predicted"
3,"hsa-miR-106a-3p","UGCAAUG",5,"targetscan","MIMAT0004517","hsa-miR-106a-3p","COX5B","1329","ENSG00000135940","-0.274","predicted"
3,"hsa-miR-106a-3p","UGCAAUG",5,"targetscan","MIMAT0004517","hsa-miR-106a-3p","HERC5","51191","ENSG00000138646","-0.275","predicted"
3,"hsa-miR-106a-3p","UGCAAUG",5,"targetscan","MIMAT0004517","hsa-miR-106a-3p","LSM7","51690","ENSG00000130332","-0.275","predicted"
3,"hsa-miR-106a-3p","UGCAAUG",5,"targetscan","MIMAT0004517","hsa-miR-106a-3p","MCOLN3","55283","ENSG00000055732","-0.275","predicted"
3,"hsa-miR-106a-3p","UGCAAUG",5,"targetscan","MIMAT0004517","hsa-miR-106a-3p","ADGRF5","221395","ENSG00000069122","-0.275","predicted"
3,"hsa-miR-106a-3p","UGCAAUG",5,"targetscan","MIMAT0004517","hsa-miR-106a-3p","NDRG3","57446","ENSG00000101079","-0.276","predicted"
3,"hsa-miR-106a-3p","UGCAAUG",5,"targetscan","MIMAT0004517","hsa-miR-106a-3p","C18orf63","644041","ENSG00000206043","-0.276","predicted"
3,"hsa-miR-106a-3p","UGCAAUG",5,"targetscan","MIMAT0004517","hsa-miR-106a-3p","CLDN23","137075","ENSG00000253958","-0.276","predicted"
3,"hsa-miR-106a-3p","UGCAAUG",5,"targetscan","MIMAT0004517","hsa-miR-106a-3p","SAP30","8819","ENSG00000164105","-0.277","predicted"
3,"hsa-miR-106a-3p","UGCAAUG",5,"targetscan","MIMAT0004517","hsa-miR-106a-3p","MFSD6L","162387","ENSG00000185156","-0.277","predicted"
3,"hsa-miR-106a-3p","UGCAAUG",5,"targetscan","MIMAT0004517","hsa-miR-106a-3p","EPB41L4B","54566","ENSG00000095203","-0.278","predicted"
3,"hsa-miR-106a-3p","UGCAAUG",5,"targetscan","MIMAT0004517","hsa-miR-106a-3p","ARL6IP6","151188","ENSG00000177917","-0.279","predicted"
3,"hsa-miR-106a-3p","UGCAAUG",5,"targetscan","MIMAT0004517","hsa-miR-106a-3p","DNAH10OS","642797","ENSG00000250091","-0.279","predicted"
3,"hsa-miR-106a-3p","UGCAAUG",5,"targetscan","MIMAT0004517","hsa-miR-106a-3p","ZNF823","55552","ENSG00000197933","-0.281","predicted"
3,"hsa-miR-106a-3p","UGCAAUG",5,"targetscan","MIMAT0004517","hsa-miR-106a-3p","C6orf120","387263","ENSG00000185127","-0.281","predicted"
3,"hsa-miR-106a-3p","UGCAAUG",5,"targetscan","MIMAT0004517","hsa-miR-106a-3p","FBXL2","25827","ENSG00000153558","-0.282","predicted"
3,"hsa-miR-106a-3p","UGCAAUG",5,"targetscan","MIMAT0004517","hsa-miR-106a-3p","CDKL4","344387","ENSG00000205111","-0.282","predicted"
3,"hsa-miR-106a-3p","UGCAAUG",5,"targetscan","MIMAT0004517","hsa-miR-106a-3p","ACAT1","38","ENSG00000075239","-0.283","predicted"
3,"hsa-miR-106a-3p","UGCAAUG",5,"targetscan","MIMAT0004517","hsa-miR-106a-3p","PTBP3","9991","ENSG00000119314","-0.284","predicted"
3,"hsa-miR-106a-3p","UGCAAUG",5,"targetscan","MIMAT0004517","hsa-miR-106a-3p","RAB6C","84084","ENSG00000222014","-0.285","predicted"
3,"hsa-miR-106a-3p","UGCAAUG",5,"targetscan","MIMAT0004517","hsa-miR-106a-3p","STATH","6779","ENSG00000126549","-0.285","predicted"
3,"hsa-miR-106a-3p","UGCAAUG",5,"targetscan","MIMAT0004517","hsa-miR-106a-3p","PCDHB2","56133","ENSG00000112852","-0.286","predicted"
3,"hsa-miR-106a-3p","UGCAAUG",5,"targetscan","MIMAT0004517","hsa-miR-106a-3p","BTG1","694","ENSG00000133639","-0.287","predicted"
3,"hsa-miR-106a-3p","UGCAAUG",5,"targetscan","MIMAT0004517","hsa-miR-106a-3p","AKAP10","11216","ENSG00000108599","-0.287","predicted"
3,"hsa-miR-106a-3p","UGCAAUG",5,"targetscan","MIMAT0004517","hsa-miR-106a-3p","FMN2","56776","ENSG00000155816","-0.288","predicted"
3,"hsa-miR-106a-3p","UGCAAUG",5,"targetscan","MIMAT0004517","hsa-miR-106a-3p","",NA,"ENSG00000269514","-0.288","predicted"
3,"hsa-miR-106a-3p","UGCAAUG",5,"targetscan","MIMAT0004517","hsa-miR-106a-3p","IDH3A","3419","ENSG00000166411","-0.289","predicted"
3,"hsa-miR-106a-3p","UGCAAUG",5,"targetscan","MIMAT0004517","hsa-miR-106a-3p","CCDC43","124808","ENSG00000180329","-0.29","predicted"
3,"hsa-miR-106a-3p","UGCAAUG",5,"targetscan","MIMAT0004517","hsa-miR-106a-3p","RPS20","6224","ENSG00000008988","-0.29","predicted"
3,"hsa-miR-106a-3p","UGCAAUG",5,"targetscan","MIMAT0004517","hsa-miR-106a-3p","RPS23","6228","ENSG00000186468","-0.29","predicted"
3,"hsa-miR-106a-3p","UGCAAUG",5,"targetscan","MIMAT0004517","hsa-miR-106a-3p","AFM","173","ENSG00000079557","-0.29","predicted"
3,"hsa-miR-106a-3p","UGCAAUG",5,"targetscan","MIMAT0004517","hsa-miR-106a-3p","HDX","139324","ENSG00000165259","-0.29","predicted"
3,"hsa-miR-106a-3p","UGCAAUG",5,"targetscan","MIMAT0004517","hsa-miR-106a-3p","LECT2","3950","ENSG00000145826","-0.29","predicted"
3,"hsa-miR-106a-3p","UGCAAUG",5,"targetscan","MIMAT0004517","hsa-miR-106a-3p","SCARB1","949","ENSG00000073060","-0.291","predicted"
3,"hsa-miR-106a-3p","UGCAAUG",5,"targetscan","MIMAT0004517","hsa-miR-106a-3p","CNTD1","124817","ENSG00000176563","-0.291","predicted"
3,"hsa-miR-106a-3p","UGCAAUG",5,"targetscan","MIMAT0004517","hsa-miR-106a-3p","KCTD14","65987","ENSG00000151364","-0.292","predicted"
3,"hsa-miR-106a-3p","UGCAAUG",5,"targetscan","MIMAT0004517","hsa-miR-106a-3p","KRT26","353288","ENSG00000186393","-0.292","predicted"
3,"hsa-miR-106a-3p","UGCAAUG",5,"targetscan","MIMAT0004517","hsa-miR-106a-3p","ZNF599","148103","ENSG00000153896","-0.293","predicted"
3,"hsa-miR-106a-3p","UGCAAUG",5,"targetscan","MIMAT0004517","hsa-miR-106a-3p","SLFN12L","100506736","ENSG00000205045","-0.293","predicted"
3,"hsa-miR-106a-3p","UGCAAUG",5,"targetscan","MIMAT0004517","hsa-miR-106a-3p","ACSM6","142827","ENSG00000173124","-0.293","predicted"
3,"hsa-miR-106a-3p","UGCAAUG",5,"targetscan","MIMAT0004517","hsa-miR-106a-3p","NDEL1","81565","ENSG00000166579","-0.294","predicted"
3,"hsa-miR-106a-3p","UGCAAUG",5,"targetscan","MIMAT0004517","hsa-miR-106a-3p","C5orf47","133491","ENSG00000185056","-0.295","predicted"
3,"hsa-miR-106a-3p","UGCAAUG",5,"targetscan","MIMAT0004517","hsa-miR-106a-3p","TAS2R10","50839","ENSG00000121318","-0.296","predicted"
3,"hsa-miR-106a-3p","UGCAAUG",5,"targetscan","MIMAT0004517","hsa-miR-106a-3p","HECTD2","143279","ENSG00000165338","-0.296","predicted"
3,"hsa-miR-106a-3p","UGCAAUG",5,"targetscan","MIMAT0004517","hsa-miR-106a-3p","ZBTB44","29068","ENSG00000196323","-0.296","predicted"
3,"hsa-miR-106a-3p","UGCAAUG",5,"targetscan","MIMAT0004517","hsa-miR-106a-3p","PTER","9317","ENSG00000165983","-0.297","predicted"
3,"hsa-miR-106a-3p","UGCAAUG",5,"targetscan","MIMAT0004517","hsa-miR-106a-3p","POLR2K","5440","ENSG00000147669","-0.298","predicted"
3,"hsa-miR-106a-3p","UGCAAUG",5,"targetscan","MIMAT0004517","hsa-miR-106a-3p","TPM3","7170","ENSG00000143549","-0.298","predicted"
3,"hsa-miR-106a-3p","UGCAAUG",5,"targetscan","MIMAT0004517","hsa-miR-106a-3p","IPO5","3843","ENSG00000065150","-0.298","predicted"
3,"hsa-miR-106a-3p","UGCAAUG",5,"targetscan","MIMAT0004517","hsa-miR-106a-3p","UTP14A","10813","ENSG00000156697","-0.299","predicted"
3,"hsa-miR-106a-3p","UGCAAUG",5,"targetscan","MIMAT0004517","hsa-miR-106a-3p","EMCN","51705","ENSG00000164035","-0.299","predicted"
3,"hsa-miR-106a-3p","UGCAAUG",5,"targetscan","MIMAT0004517","hsa-miR-106a-3p","CLEC17A","388512","ENSG00000187912","-0.299","predicted"
3,"hsa-miR-106a-3p","UGCAAUG",5,"targetscan","MIMAT0004517","hsa-miR-106a-3p","RAB40A","142684","ENSG00000172476","-0.3","predicted"
3,"hsa-miR-106a-3p","UGCAAUG",5,"targetscan","MIMAT0004517","hsa-miR-106a-3p","MDFIC","29969","ENSG00000135272","-0.302","predicted"
3,"hsa-miR-106a-3p","UGCAAUG",5,"targetscan","MIMAT0004517","hsa-miR-106a-3p","SRPK2","6733","ENSG00000135250","-0.302","predicted"
3,"hsa-miR-106a-3p","UGCAAUG",5,"targetscan","MIMAT0004517","hsa-miR-106a-3p","MGARP","84709","ENSG00000137463","-0.302","predicted"
3,"hsa-miR-106a-3p","UGCAAUG",5,"targetscan","MIMAT0004517","hsa-miR-106a-3p","RPS12","6206","ENSG00000112306","-0.303","predicted"
3,"hsa-miR-106a-3p","UGCAAUG",5,"targetscan","MIMAT0004517","hsa-miR-106a-3p","C15orf40","123207","ENSG00000169609","-0.303","predicted"
3,"hsa-miR-106a-3p","UGCAAUG",5,"targetscan","MIMAT0004517","hsa-miR-106a-3p","MCM3","4172","ENSG00000112118","-0.304","predicted"
3,"hsa-miR-106a-3p","UGCAAUG",5,"targetscan","MIMAT0004517","hsa-miR-106a-3p","SPTSSB","165679","ENSG00000196542","-0.304","predicted"
3,"hsa-miR-106a-3p","UGCAAUG",5,"targetscan","MIMAT0004517","hsa-miR-106a-3p","MARCHF9","92979","ENSG00000139266","-0.304","predicted"
3,"hsa-miR-106a-3p","UGCAAUG",5,"targetscan","MIMAT0004517","hsa-miR-106a-3p","BAAT","570","ENSG00000136881","-0.305","predicted"
3,"hsa-miR-106a-3p","UGCAAUG",5,"targetscan","MIMAT0004517","hsa-miR-106a-3p","NDUFC2-KCTD14","100532726","ENSG00000259112","-0.306","predicted"
3,"hsa-miR-106a-3p","UGCAAUG",5,"targetscan","MIMAT0004517","hsa-miR-106a-3p","PEX2","5828","ENSG00000164751","-0.307","predicted"
3,"hsa-miR-106a-3p","UGCAAUG",5,"targetscan","MIMAT0004517","hsa-miR-106a-3p","GJA4","2701","ENSG00000187513","-0.307","predicted"
3,"hsa-miR-106a-3p","UGCAAUG",5,"targetscan","MIMAT0004517","hsa-miR-106a-3p","COX6C","1345","ENSG00000164919","-0.307","predicted"
3,"hsa-miR-106a-3p","UGCAAUG",5,"targetscan","MIMAT0004517","hsa-miR-106a-3p","HSPA8","3312","ENSG00000109971","-0.308","predicted"
3,"hsa-miR-106a-3p","UGCAAUG",5,"targetscan","MIMAT0004517","hsa-miR-106a-3p","TMEM50B","757","ENSG00000142188","-0.309","predicted"
3,"hsa-miR-106a-3p","UGCAAUG",5,"targetscan","MIMAT0004517","hsa-miR-106a-3p","ADAM7","8756","ENSG00000069206","-0.309","predicted"
3,"hsa-miR-106a-3p","UGCAAUG",5,"targetscan","MIMAT0004517","hsa-miR-106a-3p","THAP1","55145","ENSG00000131931","-0.311","predicted"
3,"hsa-miR-106a-3p","UGCAAUG",5,"targetscan","MIMAT0004517","hsa-miR-106a-3p","","6038","ENSG00000259171","-0.312","predicted"
3,"hsa-miR-106a-3p","UGCAAUG",5,"targetscan","MIMAT0004517","hsa-miR-106a-3p","B4GALT6","9331","ENSG00000118276","-0.313","predicted"
3,"hsa-miR-106a-3p","UGCAAUG",5,"targetscan","MIMAT0004517","hsa-miR-106a-3p","C5AR1","728","ENSG00000197405","-0.314","predicted"
3,"hsa-miR-106a-3p","UGCAAUG",5,"targetscan","MIMAT0004517","hsa-miR-106a-3p","SLCO1B1","10599","ENSG00000134538","-0.314","predicted"
3,"hsa-miR-106a-3p","UGCAAUG",5,"targetscan","MIMAT0004517","hsa-miR-106a-3p","TSLP","85480","ENSG00000145777","-0.314","predicted"
3,"hsa-miR-106a-3p","UGCAAUG",5,"targetscan","MIMAT0004517","hsa-miR-106a-3p","ACBD7","414149","ENSG00000176244","-0.315","predicted"
3,"hsa-miR-106a-3p","UGCAAUG",5,"targetscan","MIMAT0004517","hsa-miR-106a-3p","PCDHB5","26167","ENSG00000113209","-0.315","predicted"
3,"hsa-miR-106a-3p","UGCAAUG",5,"targetscan","MIMAT0004517","hsa-miR-106a-3p","GNPTG","84572","ENSG00000090581","-0.315","predicted"
3,"hsa-miR-106a-3p","UGCAAUG",5,"targetscan","MIMAT0004517","hsa-miR-106a-3p","KCTD10","83892","ENSG00000110906","-0.316","predicted"
3,"hsa-miR-106a-3p","UGCAAUG",5,"targetscan","MIMAT0004517","hsa-miR-106a-3p","SLAIN1","122060","ENSG00000139737","-0.316","predicted"
3,"hsa-miR-106a-3p","UGCAAUG",5,"targetscan","MIMAT0004517","hsa-miR-106a-3p","KARS1","3735","ENSG00000065427","-0.316","predicted"
3,"hsa-miR-106a-3p","UGCAAUG",5,"targetscan","MIMAT0004517","hsa-miR-106a-3p","TNFSF4","7292","ENSG00000117586","-0.317","predicted"
3,"hsa-miR-106a-3p","UGCAAUG",5,"targetscan","MIMAT0004517","hsa-miR-106a-3p","ZNF709","163051","ENSG00000242852","-0.317","predicted"
3,"hsa-miR-106a-3p","UGCAAUG",5,"targetscan","MIMAT0004517","hsa-miR-106a-3p","QPRT","23475","ENSG00000103485","-0.318","predicted"
3,"hsa-miR-106a-3p","UGCAAUG",5,"targetscan","MIMAT0004517","hsa-miR-106a-3p","SLC22A17","51310","ENSG00000092096","-0.32","predicted"
3,"hsa-miR-106a-3p","UGCAAUG",5,"targetscan","MIMAT0004517","hsa-miR-106a-3p","MRPL50","54534","ENSG00000136897","-0.321","predicted"
3,"hsa-miR-106a-3p","UGCAAUG",5,"targetscan","MIMAT0004517","hsa-miR-106a-3p","MSC","9242","ENSG00000178860","-0.321","predicted"
3,"hsa-miR-106a-3p","UGCAAUG",5,"targetscan","MIMAT0004517","hsa-miR-106a-3p","ZNF701","55762","ENSG00000167562","-0.322","predicted"
3,"hsa-miR-106a-3p","UGCAAUG",5,"targetscan","MIMAT0004517","hsa-miR-106a-3p","DSCR8","84677","ENSG00000198054","-0.322","predicted"
3,"hsa-miR-106a-3p","UGCAAUG",5,"targetscan","MIMAT0004517","hsa-miR-106a-3p","ZNF273","10793","ENSG00000198039","-0.323","predicted"
3,"hsa-miR-106a-3p","UGCAAUG",5,"targetscan","MIMAT0004517","hsa-miR-106a-3p","BCL2L13","23786","ENSG00000099968","-0.323","predicted"
3,"hsa-miR-106a-3p","UGCAAUG",5,"targetscan","MIMAT0004517","hsa-miR-106a-3p","ZDHHC2","51201","ENSG00000104219","-0.324","predicted"
3,"hsa-miR-106a-3p","UGCAAUG",5,"targetscan","MIMAT0004517","hsa-miR-106a-3p","CA13","377677","ENSG00000185015","-0.324","predicted"
3,"hsa-miR-106a-3p","UGCAAUG",5,"targetscan","MIMAT0004517","hsa-miR-106a-3p","GOT2","2806","ENSG00000125166","-0.324","predicted"
3,"hsa-miR-106a-3p","UGCAAUG",5,"targetscan","MIMAT0004517","hsa-miR-106a-3p","PIK3R3","8503","ENSG00000117461","-0.325","predicted"
3,"hsa-miR-106a-3p","UGCAAUG",5,"targetscan","MIMAT0004517","hsa-miR-106a-3p","CYB5R1","51706","ENSG00000159348","-0.325","predicted"
3,"hsa-miR-106a-3p","UGCAAUG",5,"targetscan","MIMAT0004517","hsa-miR-106a-3p","ZNF473","25888","ENSG00000142528","-0.326","predicted"
3,"hsa-miR-106a-3p","UGCAAUG",5,"targetscan","MIMAT0004517","hsa-miR-106a-3p","MGST1","4257","ENSG00000008394","-0.328","predicted"
3,"hsa-miR-106a-3p","UGCAAUG",5,"targetscan","MIMAT0004517","hsa-miR-106a-3p","DNAAF8","146562","ENSG00000166246","-0.329","predicted"
3,"hsa-miR-106a-3p","UGCAAUG",5,"targetscan","MIMAT0004517","hsa-miR-106a-3p","STX11","8676","ENSG00000135604","-0.33","predicted"
3,"hsa-miR-106a-3p","UGCAAUG",5,"targetscan","MIMAT0004517","hsa-miR-106a-3p","UBC","7316","ENSG00000150991","-0.33","predicted"
3,"hsa-miR-106a-3p","UGCAAUG",5,"targetscan","MIMAT0004517","hsa-miR-106a-3p","SRRM1","10250","ENSG00000133226","-0.33","predicted"
3,"hsa-miR-106a-3p","UGCAAUG",5,"targetscan","MIMAT0004517","hsa-miR-106a-3p","ZNF816","125893","ENSG00000180257","-0.333","predicted"
3,"hsa-miR-106a-3p","UGCAAUG",5,"targetscan","MIMAT0004517","hsa-miR-106a-3p","",NA,"ENSG00000255384","-0.335","predicted"
3,"hsa-miR-106a-3p","UGCAAUG",5,"targetscan","MIMAT0004517","hsa-miR-106a-3p","CRLF3","51379","ENSG00000176390","-0.336","predicted"
3,"hsa-miR-106a-3p","UGCAAUG",5,"targetscan","MIMAT0004517","hsa-miR-106a-3p","TMEM242","729515","ENSG00000215712","-0.336","predicted"
3,"hsa-miR-106a-3p","UGCAAUG",5,"targetscan","MIMAT0004517","hsa-miR-106a-3p","C12orf75","387882","ENSG00000235162","-0.338","predicted"
3,"hsa-miR-106a-3p","UGCAAUG",5,"targetscan","MIMAT0004517","hsa-miR-106a-3p","SLC9B2","133308","ENSG00000164038","-0.338","predicted"
3,"hsa-miR-106a-3p","UGCAAUG",5,"targetscan","MIMAT0004517","hsa-miR-106a-3p","ISL1","3670","ENSG00000016082","-0.339","predicted"
3,"hsa-miR-106a-3p","UGCAAUG",5,"targetscan","MIMAT0004517","hsa-miR-106a-3p","MFAP5","8076","ENSG00000197614","-0.34","predicted"
3,"hsa-miR-106a-3p","UGCAAUG",5,"targetscan","MIMAT0004517","hsa-miR-106a-3p","CCAR1","55749","ENSG00000060339","-0.341","predicted"
3,"hsa-miR-106a-3p","UGCAAUG",5,"targetscan","MIMAT0004517","hsa-miR-106a-3p","AMIGO2","347902","ENSG00000139211","-0.341","predicted"
3,"hsa-miR-106a-3p","UGCAAUG",5,"targetscan","MIMAT0004517","hsa-miR-106a-3p","GOLT1B","51026","ENSG00000111711","-0.343","predicted"
3,"hsa-miR-106a-3p","UGCAAUG",5,"targetscan","MIMAT0004517","hsa-miR-106a-3p","DDI1","414301","ENSG00000170967","-0.343","predicted"
3,"hsa-miR-106a-3p","UGCAAUG",5,"targetscan","MIMAT0004517","hsa-miR-106a-3p","AMT","275","ENSG00000145020","-0.344","predicted"
3,"hsa-miR-106a-3p","UGCAAUG",5,"targetscan","MIMAT0004517","hsa-miR-106a-3p","ADRB2","154","ENSG00000169252","-0.346","predicted"
3,"hsa-miR-106a-3p","UGCAAUG",5,"targetscan","MIMAT0004517","hsa-miR-106a-3p","CCN4","8840","ENSG00000104415","-0.346","predicted"
3,"hsa-miR-106a-3p","UGCAAUG",5,"targetscan","MIMAT0004517","hsa-miR-106a-3p","PABPC1L2A","340529","ENSG00000186288","-0.348","predicted"
3,"hsa-miR-106a-3p","UGCAAUG",5,"targetscan","MIMAT0004517","hsa-miR-106a-3p","PCLAF","9768","ENSG00000166803","-0.348","predicted"
3,"hsa-miR-106a-3p","UGCAAUG",5,"targetscan","MIMAT0004517","hsa-miR-106a-3p","HIST2H4B",NA,"ENSG00000182217","-0.348","predicted"
3,"hsa-miR-106a-3p","UGCAAUG",5,"targetscan","MIMAT0004517","hsa-miR-106a-3p","ADGRL4","64123","ENSG00000162618","-0.35","predicted"
3,"hsa-miR-106a-3p","UGCAAUG",5,"targetscan","MIMAT0004517","hsa-miR-106a-3p","WDR37","22884","ENSG00000047056","-0.352","predicted"
3,"hsa-miR-106a-3p","UGCAAUG",5,"targetscan","MIMAT0004517","hsa-miR-106a-3p","GLRX","2745","ENSG00000173221","-0.356","predicted"
3,"hsa-miR-106a-3p","UGCAAUG",5,"targetscan","MIMAT0004517","hsa-miR-106a-3p","CARHSP1","23589","ENSG00000153048","-0.356","predicted"
3,"hsa-miR-106a-3p","UGCAAUG",5,"targetscan","MIMAT0004517","hsa-miR-106a-3p","MLANA","2315","ENSG00000120215","-0.356","predicted"
3,"hsa-miR-106a-3p","UGCAAUG",5,"targetscan","MIMAT0004517","hsa-miR-106a-3p","PLD1","5337","ENSG00000075651","-0.357","predicted"
3,"hsa-miR-106a-3p","UGCAAUG",5,"targetscan","MIMAT0004517","hsa-miR-106a-3p","NFYA","4800","ENSG00000001167","-0.358","predicted"
3,"hsa-miR-106a-3p","UGCAAUG",5,"targetscan","MIMAT0004517","hsa-miR-106a-3p","VSTM4","196740","ENSG00000165633","-0.358","predicted"
3,"hsa-miR-106a-3p","UGCAAUG",5,"targetscan","MIMAT0004517","hsa-miR-106a-3p","PLAC8","51316","ENSG00000145287","-0.359","predicted"
3,"hsa-miR-106a-3p","UGCAAUG",5,"targetscan","MIMAT0004517","hsa-miR-106a-3p","KCTD1","284252","ENSG00000134504","-0.36","predicted"
3,"hsa-miR-106a-3p","UGCAAUG",5,"targetscan","MIMAT0004517","hsa-miR-106a-3p","DLX4","1748","ENSG00000108813","-0.361","predicted"
3,"hsa-miR-106a-3p","UGCAAUG",5,"targetscan","MIMAT0004517","hsa-miR-106a-3p","MTERF1","7978","ENSG00000127989","-0.362","predicted"
3,"hsa-miR-106a-3p","UGCAAUG",5,"targetscan","MIMAT0004517","hsa-miR-106a-3p","GINS3","64785","ENSG00000181938","-0.364","predicted"
3,"hsa-miR-106a-3p","UGCAAUG",5,"targetscan","MIMAT0004517","hsa-miR-106a-3p","TAF1","6872","ENSG00000147133","-0.366","predicted"
3,"hsa-miR-106a-3p","UGCAAUG",5,"targetscan","MIMAT0004517","hsa-miR-106a-3p","TMEM70","54968","ENSG00000175606","-0.367","predicted"
3,"hsa-miR-106a-3p","UGCAAUG",5,"targetscan","MIMAT0004517","hsa-miR-106a-3p","RIPPLY3","53820","ENSG00000183145","-0.367","predicted"
3,"hsa-miR-106a-3p","UGCAAUG",5,"targetscan","MIMAT0004517","hsa-miR-106a-3p","DHX33","56919","ENSG00000005100","-0.368","predicted"
3,"hsa-miR-106a-3p","UGCAAUG",5,"targetscan","MIMAT0004517","hsa-miR-106a-3p","DDIAS","220042","ENSG00000165490","-0.368","predicted"
3,"hsa-miR-106a-3p","UGCAAUG",5,"targetscan","MIMAT0004517","hsa-miR-106a-3p","TOP2A","7153","ENSG00000131747","-0.37","predicted"
3,"hsa-miR-106a-3p","UGCAAUG",5,"targetscan","MIMAT0004517","hsa-miR-106a-3p","CDCA5","113130","ENSG00000146670","-0.373","predicted"
3,"hsa-miR-106a-3p","UGCAAUG",5,"targetscan","MIMAT0004517","hsa-miR-106a-3p","PFN2","5217","ENSG00000070087","-0.373","predicted"
3,"hsa-miR-106a-3p","UGCAAUG",5,"targetscan","MIMAT0004517","hsa-miR-106a-3p","RBMX","27316","ENSG00000147274","-0.374","predicted"
3,"hsa-miR-106a-3p","UGCAAUG",5,"targetscan","MIMAT0004517","hsa-miR-106a-3p","NXT2","55916","ENSG00000101888","-0.375","predicted"
3,"hsa-miR-106a-3p","UGCAAUG",5,"targetscan","MIMAT0004517","hsa-miR-106a-3p","MARVELD3","91862","ENSG00000140832","-0.376","predicted"
3,"hsa-miR-106a-3p","UGCAAUG",5,"targetscan","MIMAT0004517","hsa-miR-106a-3p","ACSBG2","81616","ENSG00000130377","-0.376","predicted"
3,"hsa-miR-106a-3p","UGCAAUG",5,"targetscan","MIMAT0004517","hsa-miR-106a-3p","TMEM38B","55151","ENSG00000095209","-0.377","predicted"
3,"hsa-miR-106a-3p","UGCAAUG",5,"targetscan","MIMAT0004517","hsa-miR-106a-3p","CRISP1","167","ENSG00000124812","-0.379","predicted"
3,"hsa-miR-106a-3p","UGCAAUG",5,"targetscan","MIMAT0004517","hsa-miR-106a-3p","CYB5A","1528","ENSG00000166347","-0.39","predicted"
3,"hsa-miR-106a-3p","UGCAAUG",5,"targetscan","MIMAT0004517","hsa-miR-106a-3p","ELSPBP1","64100","ENSG00000169393","-0.392","predicted"
3,"hsa-miR-106a-3p","UGCAAUG",5,"targetscan","MIMAT0004517","hsa-miR-106a-3p","ISL1","3670","ENSG00000016082","-0.395","predicted"
3,"hsa-miR-106a-3p","UGCAAUG",5,"targetscan","MIMAT0004517","hsa-miR-106a-3p","OR5M8","219484","ENSG00000181371","-0.396","predicted"
3,"hsa-miR-106a-3p","UGCAAUG",5,"targetscan","MIMAT0004517","hsa-miR-106a-3p","THEM6","51337","ENSG00000130193","-0.401","predicted"
3,"hsa-miR-106a-3p","UGCAAUG",5,"targetscan","MIMAT0004517","hsa-miR-106a-3p","MRPL33","9553","ENSG00000243147","-0.401","predicted"
3,"hsa-miR-106a-3p","UGCAAUG",5,"targetscan","MIMAT0004517","hsa-miR-106a-3p","ABI3BP","25890","ENSG00000154175","-0.402","predicted"
3,"hsa-miR-106a-3p","UGCAAUG",5,"targetscan","MIMAT0004517","hsa-miR-106a-3p","LPAR1","1902","ENSG00000198121","-0.403","predicted"
3,"hsa-miR-106a-3p","UGCAAUG",5,"targetscan","MIMAT0004517","hsa-miR-106a-3p","BAALC","79870","ENSG00000164929","-0.403","predicted"
3,"hsa-miR-106a-3p","UGCAAUG",5,"targetscan","MIMAT0004517","hsa-miR-106a-3p","RLN2","6019","ENSG00000107014","-0.403","predicted"
3,"hsa-miR-106a-3p","UGCAAUG",5,"targetscan","MIMAT0004517","hsa-miR-106a-3p","LOH12CR2","503693","ENSG00000205791","-0.404","predicted"
3,"hsa-miR-106a-3p","UGCAAUG",5,"targetscan","MIMAT0004517","hsa-miR-106a-3p","PLPPR5","163404","ENSG00000117598","-0.407","predicted"
3,"hsa-miR-106a-3p","UGCAAUG",5,"targetscan","MIMAT0004517","hsa-miR-106a-3p","OMD","4958","ENSG00000127083","-0.413","predicted"
3,"hsa-miR-106a-3p","UGCAAUG",5,"targetscan","MIMAT0004517","hsa-miR-106a-3p","ZNF382","84911","ENSG00000161298","-0.413","predicted"
3,"hsa-miR-106a-3p","UGCAAUG",5,"targetscan","MIMAT0004517","hsa-miR-106a-3p","UQCC6","728568","ENSG00000204954","-0.415","predicted"
3,"hsa-miR-106a-3p","UGCAAUG",5,"targetscan","MIMAT0004517","hsa-miR-106a-3p","GOLPH3","64083","ENSG00000113384","-0.416","predicted"
3,"hsa-miR-106a-3p","UGCAAUG",5,"targetscan","MIMAT0004517","hsa-miR-106a-3p","ZNHIT3",NA,"ENSG00000108278","-0.418","predicted"
3,"hsa-miR-106a-3p","UGCAAUG",5,"targetscan","MIMAT0004517","hsa-miR-106a-3p","RAB28","9364","ENSG00000157869","-0.419","predicted"
3,"hsa-miR-106a-3p","UGCAAUG",5,"targetscan","MIMAT0004517","hsa-miR-106a-3p","SREK1","140890","ENSG00000153914","-0.419","predicted"
3,"hsa-miR-106a-3p","UGCAAUG",5,"targetscan","MIMAT0004517","hsa-miR-106a-3p","PATE4","399968","ENSG00000237353","-0.42","predicted"
3,"hsa-miR-106a-3p","UGCAAUG",5,"targetscan","MIMAT0004517","hsa-miR-106a-3p","NUGGC","389643","ENSG00000189233","-0.421","predicted"
3,"hsa-miR-106a-3p","UGCAAUG",5,"targetscan","MIMAT0004517","hsa-miR-106a-3p","EIF4G3","8672","ENSG00000075151","-0.423","predicted"
3,"hsa-miR-106a-3p","UGCAAUG",5,"targetscan","MIMAT0004517","hsa-miR-106a-3p","C12orf4","57102","ENSG00000047621","-0.423","predicted"
3,"hsa-miR-106a-3p","UGCAAUG",5,"targetscan","MIMAT0004517","hsa-miR-106a-3p","RWDD2A","112611","ENSG00000013392","-0.424","predicted"
3,"hsa-miR-106a-3p","UGCAAUG",5,"targetscan","MIMAT0004517","hsa-miR-106a-3p","IQCK","124152","ENSG00000174628","-0.428","predicted"
3,"hsa-miR-106a-3p","UGCAAUG",5,"targetscan","MIMAT0004517","hsa-miR-106a-3p","GPX8","493869","ENSG00000164294","-0.431","predicted"
3,"hsa-miR-106a-3p","UGCAAUG",5,"targetscan","MIMAT0004517","hsa-miR-106a-3p","TMEM167B","56900","ENSG00000215717","-0.434","predicted"
3,"hsa-miR-106a-3p","UGCAAUG",5,"targetscan","MIMAT0004517","hsa-miR-106a-3p","FBXL12","54850","ENSG00000127452","-0.435","predicted"
3,"hsa-miR-106a-3p","UGCAAUG",5,"targetscan","MIMAT0004517","hsa-miR-106a-3p","CMC2","56942","ENSG00000103121","-0.437","predicted"
3,"hsa-miR-106a-3p","UGCAAUG",5,"targetscan","MIMAT0004517","hsa-miR-106a-3p","FAM136A","84908","ENSG00000035141","-0.44","predicted"
3,"hsa-miR-106a-3p","UGCAAUG",5,"targetscan","MIMAT0004517","hsa-miR-106a-3p","GRK5","2869","ENSG00000198873","-0.44","predicted"
3,"hsa-miR-106a-3p","UGCAAUG",5,"targetscan","MIMAT0004517","hsa-miR-106a-3p","CCDC43","124808","ENSG00000180329","-0.444","predicted"
3,"hsa-miR-106a-3p","UGCAAUG",5,"targetscan","MIMAT0004517","hsa-miR-106a-3p","GRB14","2888","ENSG00000115290","-0.445","predicted"
3,"hsa-miR-106a-3p","UGCAAUG",5,"targetscan","MIMAT0004517","hsa-miR-106a-3p","ATP5F1E","514","ENSG00000124172","-0.446","predicted"
3,"hsa-miR-106a-3p","UGCAAUG",5,"targetscan","MIMAT0004517","hsa-miR-106a-3p","ZFAND6","54469","ENSG00000086666","-0.447","predicted"
3,"hsa-miR-106a-3p","UGCAAUG",5,"targetscan","MIMAT0004517","hsa-miR-106a-3p","TJP2","9414","ENSG00000119139","-0.448","predicted"
3,"hsa-miR-106a-3p","UGCAAUG",5,"targetscan","MIMAT0004517","hsa-miR-106a-3p","ZSCAN31","64288","ENSG00000235109","-0.448","predicted"
3,"hsa-miR-106a-3p","UGCAAUG",5,"targetscan","MIMAT0004517","hsa-miR-106a-3p","GJB6","10804","ENSG00000121742","-0.452","predicted"
3,"hsa-miR-106a-3p","UGCAAUG",5,"targetscan","MIMAT0004517","hsa-miR-106a-3p","CLDN11","5010","ENSG00000013297","-0.454","predicted"
3,"hsa-miR-106a-3p","UGCAAUG",5,"targetscan","MIMAT0004517","hsa-miR-106a-3p","SNCA","6622","ENSG00000145335","-0.456","predicted"
3,"hsa-miR-106a-3p","UGCAAUG",5,"targetscan","MIMAT0004517","hsa-miR-106a-3p","SVOP","55530","ENSG00000166111","-0.46","predicted"
3,"hsa-miR-106a-3p","UGCAAUG",5,"targetscan","MIMAT0004517","hsa-miR-106a-3p","NPVF","64111","ENSG00000105954","-0.472","predicted"
3,"hsa-miR-106a-3p","UGCAAUG",5,"targetscan","MIMAT0004517","hsa-miR-106a-3p","PABPC1","26986","ENSG00000070756","-0.479","predicted"
3,"hsa-miR-106a-3p","UGCAAUG",5,"targetscan","MIMAT0004517","hsa-miR-106a-3p","CMSS1","84319","ENSG00000184220","-0.487","predicted"
3,"hsa-miR-106a-3p","UGCAAUG",5,"targetscan","MIMAT0004517","hsa-miR-106a-3p","CAPZA2","830","ENSG00000198898","-0.49","predicted"
3,"hsa-miR-106a-3p","UGCAAUG",5,"targetscan","MIMAT0004517","hsa-miR-106a-3p","ZNF595",NA,"ENSG00000197701","-0.491","predicted"
3,"hsa-miR-106a-3p","UGCAAUG",5,"targetscan","MIMAT0004517","hsa-miR-106a-3p","ARPC5","10092","ENSG00000162704","-0.496","predicted"
3,"hsa-miR-106a-3p","UGCAAUG",5,"targetscan","MIMAT0004517","hsa-miR-106a-3p","ACRBP","84519","ENSG00000111644","-0.496","predicted"
3,"hsa-miR-106a-3p","UGCAAUG",5,"targetscan","MIMAT0004517","hsa-miR-106a-3p","KRTAP4-12","83755","ENSG00000213416","-0.508","predicted"
3,"hsa-miR-106a-3p","UGCAAUG",5,"targetscan","MIMAT0004517","hsa-miR-106a-3p","PLAC9","219348","ENSG00000189129","-0.515","predicted"
3,"hsa-miR-106a-3p","UGCAAUG",5,"targetscan","MIMAT0004517","hsa-miR-106a-3p","TMEM35B","100506144","ENSG00000243749","-0.516","predicted"
3,"hsa-miR-106a-3p","UGCAAUG",5,"targetscan","MIMAT0004517","hsa-miR-106a-3p","CLEC9A","283420","ENSG00000197992","-0.518","predicted"
3,"hsa-miR-106a-3p","UGCAAUG",5,"targetscan","MIMAT0004517","hsa-miR-106a-3p","ELOC","6921","ENSG00000154582","-0.525","predicted"
3,"hsa-miR-106a-3p","UGCAAUG",5,"targetscan","MIMAT0004517","hsa-miR-106a-3p","PRL","5617","ENSG00000172179","-0.53","predicted"
3,"hsa-miR-106a-3p","UGCAAUG",5,"targetscan","MIMAT0004517","hsa-miR-106a-3p","ODF4","146852","ENSG00000184650","-0.538","predicted"
3,"hsa-miR-106a-3p","UGCAAUG",5,"targetscan","MIMAT0004517","hsa-miR-106a-3p","LINC00239","145200","ENSG00000258512","-0.542","predicted"
3,"hsa-miR-106a-3p","UGCAAUG",5,"targetscan","MIMAT0004517","hsa-miR-106a-3p","ZNF600","162966","ENSG00000189190","-0.545","predicted"
3,"hsa-miR-106a-3p","UGCAAUG",5,"targetscan","MIMAT0004517","hsa-miR-106a-3p","GUF1","60558","ENSG00000151806","-0.554","predicted"
3,"hsa-miR-106a-3p","UGCAAUG",5,"targetscan","MIMAT0004517","hsa-miR-106a-3p","BAALC","79870","ENSG00000164929","-0.557","predicted"
3,"hsa-miR-106a-3p","UGCAAUG",5,"targetscan","MIMAT0004517","hsa-miR-106a-3p","KIAA0040","9674","ENSG00000235750","-0.565","predicted"
3,"hsa-miR-106a-3p","UGCAAUG",5,"targetscan","MIMAT0004517","hsa-miR-106a-3p","PHLDA2","7262","ENSG00000181649","-0.568","predicted"
3,"hsa-miR-106a-3p","UGCAAUG",5,"targetscan","MIMAT0004517","hsa-miR-106a-3p","MYF5","4617","ENSG00000111049","-0.577","predicted"
3,"hsa-miR-106a-3p","UGCAAUG",5,"targetscan","MIMAT0004517","hsa-miR-106a-3p","EXOSC3","51010","ENSG00000107371","-0.578","predicted"
3,"hsa-miR-106a-3p","UGCAAUG",5,"targetscan","MIMAT0004517","hsa-miR-106a-3p","KRTAP11-1","337880","ENSG00000182591","-0.58","predicted"
3,"hsa-miR-106a-3p","UGCAAUG",5,"targetscan","MIMAT0004517","hsa-miR-106a-3p","DKK4","27121","ENSG00000104371","-0.581","predicted"
3,"hsa-miR-106a-3p","UGCAAUG",5,"targetscan","MIMAT0004517","hsa-miR-106a-3p","SFXN2","118980","ENSG00000156398","-0.59","predicted"
3,"hsa-miR-106a-3p","UGCAAUG",5,"targetscan","MIMAT0004517","hsa-miR-106a-3p","IFI35","3430","ENSG00000068079","-0.59","predicted"
3,"hsa-miR-106a-3p","UGCAAUG",5,"targetscan","MIMAT0004517","hsa-miR-106a-3p","KRTAP6-3","337968","ENSG00000212938","-0.629","predicted"
3,"hsa-miR-106a-3p","UGCAAUG",5,"targetscan","MIMAT0004517","hsa-miR-106a-3p","DPY30","84661","ENSG00000162961","-0.637","predicted"
3,"hsa-miR-106a-3p","UGCAAUG",5,"targetscan","MIMAT0004517","hsa-miR-106a-3p","HBB","3043","ENSG00000244734","-0.96","predicted"
4,"hsa-miR-136-5p","CUCCAUU",5,"targetscan","MIMAT0000448","hsa-miR-136-5p","ACTC1","70","ENSG00000159251","-0.178","predicted"
4,"hsa-miR-136-5p","CUCCAUU",5,"targetscan","MIMAT0000448","hsa-miR-136-5p","ITGAV","3685","ENSG00000138448","-0.178","predicted"
4,"hsa-miR-136-5p","CUCCAUU",5,"targetscan","MIMAT0000448","hsa-miR-136-5p","KLRC2","3822","ENSG00000205809","-0.178","predicted"
4,"hsa-miR-136-5p","CUCCAUU",5,"targetscan","MIMAT0000448","hsa-miR-136-5p","TRMT11","60487","ENSG00000066651","-0.178","predicted"
4,"hsa-miR-136-5p","CUCCAUU",5,"targetscan","MIMAT0000448","hsa-miR-136-5p","SLC11A1","6556","ENSG00000018280","-0.178","predicted"
4,"hsa-miR-136-5p","CUCCAUU",5,"targetscan","MIMAT0000448","hsa-miR-136-5p","FCRL6","343413","ENSG00000181036","-0.178","predicted"
4,"hsa-miR-136-5p","CUCCAUU",5,"targetscan","MIMAT0000448","hsa-miR-136-5p","WIPI1","55062","ENSG00000070540","-0.178","predicted"
4,"hsa-miR-136-5p","CUCCAUU",5,"targetscan","MIMAT0000448","hsa-miR-136-5p","PRMT6","55170","ENSG00000198890","-0.178","predicted"
4,"hsa-miR-136-5p","CUCCAUU",5,"targetscan","MIMAT0000448","hsa-miR-136-5p","RNF122","79845","ENSG00000133874","-0.178","predicted"
4,"hsa-miR-136-5p","CUCCAUU",5,"targetscan","MIMAT0000448","hsa-miR-136-5p","PANK1","53354","ENSG00000152782","-0.178","predicted"
4,"hsa-miR-136-5p","CUCCAUU",5,"targetscan","MIMAT0000448","hsa-miR-136-5p","DENND10","404636","ENSG00000119979","-0.178","predicted"
4,"hsa-miR-136-5p","CUCCAUU",5,"targetscan","MIMAT0000448","hsa-miR-136-5p","BLMH","642","ENSG00000108578","-0.179","predicted"
4,"hsa-miR-136-5p","CUCCAUU",5,"targetscan","MIMAT0000448","hsa-miR-136-5p","ACADSB","36","ENSG00000196177","-0.179","predicted"
4,"hsa-miR-136-5p","CUCCAUU",5,"targetscan","MIMAT0000448","hsa-miR-136-5p","GINS1","9837","ENSG00000101003","-0.179","predicted"
4,"hsa-miR-136-5p","CUCCAUU",5,"targetscan","MIMAT0000448","hsa-miR-136-5p","TRAIP","10293","ENSG00000183763","-0.179","predicted"
4,"hsa-miR-136-5p","CUCCAUU",5,"targetscan","MIMAT0000448","hsa-miR-136-5p","OIP5","11339","ENSG00000104147","-0.179","predicted"
4,"hsa-miR-136-5p","CUCCAUU",5,"targetscan","MIMAT0000448","hsa-miR-136-5p","AZIN1","51582","ENSG00000155096","-0.179","predicted"
4,"hsa-miR-136-5p","CUCCAUU",5,"targetscan","MIMAT0000448","hsa-miR-136-5p","CCER1","196477","ENSG00000197651","-0.179","predicted"
4,"hsa-miR-136-5p","CUCCAUU",5,"targetscan","MIMAT0000448","hsa-miR-136-5p","NGRN","51335","ENSG00000182768","-0.179","predicted"
4,"hsa-miR-136-5p","CUCCAUU",5,"targetscan","MIMAT0000448","hsa-miR-136-5p","SFTA3","253970","ENSG00000229415","-0.179","predicted"
4,"hsa-miR-136-5p","CUCCAUU",5,"targetscan","MIMAT0000448","hsa-miR-136-5p","TRIM48","79097","ENSG00000150244","-0.179","predicted"
4,"hsa-miR-136-5p","CUCCAUU",5,"targetscan","MIMAT0000448","hsa-miR-136-5p","C1orf186",NA,"ENSG00000196533","-0.179","predicted"
4,"hsa-miR-136-5p","CUCCAUU",5,"targetscan","MIMAT0000448","hsa-miR-136-5p","KLRC1","3821","ENSG00000134545","-0.18","predicted"
4,"hsa-miR-136-5p","CUCCAUU",5,"targetscan","MIMAT0000448","hsa-miR-136-5p","GTF3C4","9329","ENSG00000125484","-0.18","predicted"
4,"hsa-miR-136-5p","CUCCAUU",5,"targetscan","MIMAT0000448","hsa-miR-136-5p","FNIP1","96459","ENSG00000217128","-0.18","predicted"
4,"hsa-miR-136-5p","CUCCAUU",5,"targetscan","MIMAT0000448","hsa-miR-136-5p","KRT222","125113","ENSG00000213424","-0.18","predicted"
4,"hsa-miR-136-5p","CUCCAUU",5,"targetscan","MIMAT0000448","hsa-miR-136-5p","CINP","51550","ENSG00000100865","-0.18","predicted"
4,"hsa-miR-136-5p","CUCCAUU",5,"targetscan","MIMAT0000448","hsa-miR-136-5p","RPL10A","4736","ENSG00000198755","-0.18","predicted"
4,"hsa-miR-136-5p","CUCCAUU",5,"targetscan","MIMAT0000448","hsa-miR-136-5p","",NA,"ENSG00000217825","-0.18","predicted"
4,"hsa-miR-136-5p","CUCCAUU",5,"targetscan","MIMAT0000448","hsa-miR-136-5p","ADRA2A","150","ENSG00000150594","-0.181","predicted"
4,"hsa-miR-136-5p","CUCCAUU",5,"targetscan","MIMAT0000448","hsa-miR-136-5p","GRSF1","2926","ENSG00000132463","-0.181","predicted"
4,"hsa-miR-136-5p","CUCCAUU",5,"targetscan","MIMAT0000448","hsa-miR-136-5p","AP4E1","23431","ENSG00000081014","-0.181","predicted"
4,"hsa-miR-136-5p","CUCCAUU",5,"targetscan","MIMAT0000448","hsa-miR-136-5p","AZIN1","51582","ENSG00000155096","-0.181","predicted"
4,"hsa-miR-136-5p","CUCCAUU",5,"targetscan","MIMAT0000448","hsa-miR-136-5p","PLEKHG7","440107","ENSG00000187510","-0.181","predicted"
4,"hsa-miR-136-5p","CUCCAUU",5,"targetscan","MIMAT0000448","hsa-miR-136-5p","AANAT","15","ENSG00000129673","-0.181","predicted"
4,"hsa-miR-136-5p","CUCCAUU",5,"targetscan","MIMAT0000448","hsa-miR-136-5p","TRIM49D1","399939","ENSG00000223417","-0.181","predicted"
4,"hsa-miR-136-5p","CUCCAUU",5,"targetscan","MIMAT0000448","hsa-miR-136-5p","NDUFA10","4705","ENSG00000130414","-0.181","predicted"
4,"hsa-miR-136-5p","CUCCAUU",5,"targetscan","MIMAT0000448","hsa-miR-136-5p","HCFC2","29915","ENSG00000111727","-0.181","predicted"
4,"hsa-miR-136-5p","CUCCAUU",5,"targetscan","MIMAT0000448","hsa-miR-136-5p","MCOLN3","55283","ENSG00000055732","-0.181","predicted"
4,"hsa-miR-136-5p","CUCCAUU",5,"targetscan","MIMAT0000448","hsa-miR-136-5p","H2AX","3014","ENSG00000188486","-0.181","predicted"
4,"hsa-miR-136-5p","CUCCAUU",5,"targetscan","MIMAT0000448","hsa-miR-136-5p","AC016559.1",NA,"ENSG00000268012","-0.181","predicted"
4,"hsa-miR-136-5p","CUCCAUU",5,"targetscan","MIMAT0000448","hsa-miR-136-5p","MIR4280HG","117751736","ENSG00000233828","-0.181","predicted"
4,"hsa-miR-136-5p","CUCCAUU",5,"targetscan","MIMAT0000448","hsa-miR-136-5p","DDR2","4921","ENSG00000162733","-0.182","predicted"
4,"hsa-miR-136-5p","CUCCAUU",5,"targetscan","MIMAT0000448","hsa-miR-136-5p","LIN7A","8825","ENSG00000111052","-0.182","predicted"
4,"hsa-miR-136-5p","CUCCAUU",5,"targetscan","MIMAT0000448","hsa-miR-136-5p","OSBPL6","114880","ENSG00000079156","-0.182","predicted"
4,"hsa-miR-136-5p","CUCCAUU",5,"targetscan","MIMAT0000448","hsa-miR-136-5p","FAM76A","199870","ENSG00000009780","-0.182","predicted"
4,"hsa-miR-136-5p","CUCCAUU",5,"targetscan","MIMAT0000448","hsa-miR-136-5p","ZNF75A","7627","ENSG00000162086","-0.182","predicted"
4,"hsa-miR-136-5p","CUCCAUU",5,"targetscan","MIMAT0000448","hsa-miR-136-5p","NEGR1","257194","ENSG00000172260","-0.182","predicted"
4,"hsa-miR-136-5p","CUCCAUU",5,"targetscan","MIMAT0000448","hsa-miR-136-5p","FOXC1","2296","ENSG00000054598","-0.183","predicted"
4,"hsa-miR-136-5p","CUCCAUU",5,"targetscan","MIMAT0000448","hsa-miR-136-5p","BECN1","8678","ENSG00000126581","-0.183","predicted"
4,"hsa-miR-136-5p","CUCCAUU",5,"targetscan","MIMAT0000448","hsa-miR-136-5p","WARS2","10352","ENSG00000116874","-0.183","predicted"
4,"hsa-miR-136-5p","CUCCAUU",5,"targetscan","MIMAT0000448","hsa-miR-136-5p","NUP50","10762","ENSG00000093000","-0.183","predicted"
4,"hsa-miR-136-5p","CUCCAUU",5,"targetscan","MIMAT0000448","hsa-miR-136-5p","APH1A","51107","ENSG00000117362","-0.183","predicted"
4,"hsa-miR-136-5p","CUCCAUU",5,"targetscan","MIMAT0000448","hsa-miR-136-5p","ZCCHC24","219654","ENSG00000165424","-0.183","predicted"
4,"hsa-miR-136-5p","CUCCAUU",5,"targetscan","MIMAT0000448","hsa-miR-136-5p","GALNTL6","442117","ENSG00000174473","-0.183","predicted"
4,"hsa-miR-136-5p","CUCCAUU",5,"targetscan","MIMAT0000448","hsa-miR-136-5p","ZNF557","79230","ENSG00000130544","-0.183","predicted"
4,"hsa-miR-136-5p","CUCCAUU",5,"targetscan","MIMAT0000448","hsa-miR-136-5p","ZNF621","285268","ENSG00000172888","-0.183","predicted"
4,"hsa-miR-136-5p","CUCCAUU",5,"targetscan","MIMAT0000448","hsa-miR-136-5p","MUC22","100507679","ENSG00000261272","-0.183","predicted"
4,"hsa-miR-136-5p","CUCCAUU",5,"targetscan","MIMAT0000448","hsa-miR-136-5p","ALG6","29929","ENSG00000088035","-0.183","predicted"
4,"hsa-miR-136-5p","CUCCAUU",5,"targetscan","MIMAT0000448","hsa-miR-136-5p","ZNF527","84503","ENSG00000189164","-0.183","predicted"
4,"hsa-miR-136-5p","CUCCAUU",5,"targetscan","MIMAT0000448","hsa-miR-136-5p","POTEG","404785","ENSG00000187537","-0.183","predicted"
4,"hsa-miR-136-5p","CUCCAUU",5,"targetscan","MIMAT0000448","hsa-miR-136-5p","POTEM","641455","ENSG00000222036","-0.183","predicted"
4,"hsa-miR-136-5p","CUCCAUU",5,"targetscan","MIMAT0000448","hsa-miR-136-5p","SELENOS","55829","ENSG00000131871","-0.183","predicted"
4,"hsa-miR-136-5p","CUCCAUU",5,"targetscan","MIMAT0000448","hsa-miR-136-5p","PTPN13","5783","ENSG00000163629","-0.184","predicted"
4,"hsa-miR-136-5p","CUCCAUU",5,"targetscan","MIMAT0000448","hsa-miR-136-5p","TPD52","7163","ENSG00000076554","-0.184","predicted"
4,"hsa-miR-136-5p","CUCCAUU",5,"targetscan","MIMAT0000448","hsa-miR-136-5p","PDS5B","23047","ENSG00000083642","-0.184","predicted"
4,"hsa-miR-136-5p","CUCCAUU",5,"targetscan","MIMAT0000448","hsa-miR-136-5p","FAM120B","84498","ENSG00000112584","-0.184","predicted"
4,"hsa-miR-136-5p","CUCCAUU",5,"targetscan","MIMAT0000448","hsa-miR-136-5p","TRAPPC3L","100128327","ENSG00000173626","-0.184","predicted"
4,"hsa-miR-136-5p","CUCCAUU",5,"targetscan","MIMAT0000448","hsa-miR-136-5p","POMGNT1","55624","ENSG00000085998","-0.184","predicted"
4,"hsa-miR-136-5p","CUCCAUU",5,"targetscan","MIMAT0000448","hsa-miR-136-5p","EPG5","57724","ENSG00000152223","-0.184","predicted"
4,"hsa-miR-136-5p","CUCCAUU",5,"targetscan","MIMAT0000448","hsa-miR-136-5p","GALNT14","79623","ENSG00000158089","-0.184","predicted"
4,"hsa-miR-136-5p","CUCCAUU",5,"targetscan","MIMAT0000448","hsa-miR-136-5p","DNAJC14","85406","ENSG00000135392","-0.184","predicted"
4,"hsa-miR-136-5p","CUCCAUU",5,"targetscan","MIMAT0000448","hsa-miR-136-5p","ZNF620","253639","ENSG00000177842","-0.184","predicted"
4,"hsa-miR-136-5p","CUCCAUU",5,"targetscan","MIMAT0000448","hsa-miR-136-5p","CCDC186","55088","ENSG00000165813","-0.184","predicted"
4,"hsa-miR-136-5p","CUCCAUU",5,"targetscan","MIMAT0000448","hsa-miR-136-5p","CCN1","3491","ENSG00000142871","-0.184","predicted"
4,"hsa-miR-136-5p","CUCCAUU",5,"targetscan","MIMAT0000448","hsa-miR-136-5p","TPD52","124188259","ENSG00000076554","-0.184","predicted"
4,"hsa-miR-136-5p","CUCCAUU",5,"targetscan","MIMAT0000448","hsa-miR-136-5p","HYCC1","84668","ENSG00000122591","-0.184","predicted"
4,"hsa-miR-136-5p","CUCCAUU",5,"targetscan","MIMAT0000448","hsa-miR-136-5p","GARIN1B","84691","ENSG00000135248","-0.184","predicted"
4,"hsa-miR-136-5p","CUCCAUU",5,"targetscan","MIMAT0000448","hsa-miR-136-5p","CFAP68","64776","ENSG00000137720","-0.184","predicted"
4,"hsa-miR-136-5p","CUCCAUU",5,"targetscan","MIMAT0000448","hsa-miR-136-5p","ACADSB","36","ENSG00000196177","-0.185","predicted"
4,"hsa-miR-136-5p","CUCCAUU",5,"targetscan","MIMAT0000448","hsa-miR-136-5p","PPBP","5473","ENSG00000163736","-0.185","predicted"
4,"hsa-miR-136-5p","CUCCAUU",5,"targetscan","MIMAT0000448","hsa-miR-136-5p","STXBP3","6814","ENSG00000116266","-0.185","predicted"
4,"hsa-miR-136-5p","CUCCAUU",5,"targetscan","MIMAT0000448","hsa-miR-136-5p","CUL4A","8451","ENSG00000139842","-0.185","predicted"
4,"hsa-miR-136-5p","CUCCAUU",5,"targetscan","MIMAT0000448","hsa-miR-136-5p","TRPV3","162514","ENSG00000167723","-0.185","predicted"
4,"hsa-miR-136-5p","CUCCAUU",5,"targetscan","MIMAT0000448","hsa-miR-136-5p","MMP21","118856","ENSG00000154485","-0.185","predicted"
4,"hsa-miR-136-5p","CUCCAUU",5,"targetscan","MIMAT0000448","hsa-miR-136-5p","F3","2152","ENSG00000117525","-0.186","predicted"
4,"hsa-miR-136-5p","CUCCAUU",5,"targetscan","MIMAT0000448","hsa-miR-136-5p","HSPA2","3306","ENSG00000126803","-0.186","predicted"
4,"hsa-miR-136-5p","CUCCAUU",5,"targetscan","MIMAT0000448","hsa-miR-136-5p","ENDOU","8909","ENSG00000111405","-0.186","predicted"
4,"hsa-miR-136-5p","CUCCAUU",5,"targetscan","MIMAT0000448","hsa-miR-136-5p","DPY19L1","23333","ENSG00000173852","-0.186","predicted"
4,"hsa-miR-136-5p","CUCCAUU",5,"targetscan","MIMAT0000448","hsa-miR-136-5p","KLHL8","57563","ENSG00000145332","-0.186","predicted"
4,"hsa-miR-136-5p","CUCCAUU",5,"targetscan","MIMAT0000448","hsa-miR-136-5p","ENPP5","59084","ENSG00000112796","-0.186","predicted"
4,"hsa-miR-136-5p","CUCCAUU",5,"targetscan","MIMAT0000448","hsa-miR-136-5p","GRK4","2868","ENSG00000125388","-0.186","predicted"
4,"hsa-miR-136-5p","CUCCAUU",5,"targetscan","MIMAT0000448","hsa-miR-136-5p","SDHAF4","135154","ENSG00000154079","-0.186","predicted"
4,"hsa-miR-136-5p","CUCCAUU",5,"targetscan","MIMAT0000448","hsa-miR-136-5p","PELO","53918","ENSG00000152684","-0.187","predicted"
4,"hsa-miR-136-5p","CUCCAUU",5,"targetscan","MIMAT0000448","hsa-miR-136-5p","SIGLEC14","100049587","ENSG00000254415","-0.187","predicted"
4,"hsa-miR-136-5p","CUCCAUU",5,"targetscan","MIMAT0000448","hsa-miR-136-5p","SLC8A3","6547","ENSG00000100678","-0.187","predicted"
4,"hsa-miR-136-5p","CUCCAUU",5,"targetscan","MIMAT0000448","hsa-miR-136-5p","SMIM6","100130933","ENSG00000259120","-0.187","predicted"
4,"hsa-miR-136-5p","CUCCAUU",5,"targetscan","MIMAT0000448","hsa-miR-136-5p","SGK2","10110","ENSG00000101049","-0.187","predicted"
4,"hsa-miR-136-5p","CUCCAUU",5,"targetscan","MIMAT0000448","hsa-miR-136-5p","L3MBTL4","91133","ENSG00000154655","-0.187","predicted"
4,"hsa-miR-136-5p","CUCCAUU",5,"targetscan","MIMAT0000448","hsa-miR-136-5p","FAM240C","285095","ENSG00000216921","-0.187","predicted"
4,"hsa-miR-136-5p","CUCCAUU",5,"targetscan","MIMAT0000448","hsa-miR-136-5p","IGFBP4","3487","ENSG00000141753","-0.188","predicted"
4,"hsa-miR-136-5p","CUCCAUU",5,"targetscan","MIMAT0000448","hsa-miR-136-5p","PSME3","10197","ENSG00000131467","-0.188","predicted"
4,"hsa-miR-136-5p","CUCCAUU",5,"targetscan","MIMAT0000448","hsa-miR-136-5p","WDR43","23160","ENSG00000163811","-0.188","predicted"
4,"hsa-miR-136-5p","CUCCAUU",5,"targetscan","MIMAT0000448","hsa-miR-136-5p","CKAP2","26586","ENSG00000136108","-0.188","predicted"
4,"hsa-miR-136-5p","CUCCAUU",5,"targetscan","MIMAT0000448","hsa-miR-136-5p","BRD7","29117","ENSG00000166164","-0.188","predicted"
4,"hsa-miR-136-5p","CUCCAUU",5,"targetscan","MIMAT0000448","hsa-miR-136-5p","RNF170","81790","ENSG00000120925","-0.188","predicted"
4,"hsa-miR-136-5p","CUCCAUU",5,"targetscan","MIMAT0000448","hsa-miR-136-5p","CDRT4","284040","ENSG00000239704","-0.188","predicted"
4,"hsa-miR-136-5p","CUCCAUU",5,"targetscan","MIMAT0000448","hsa-miR-136-5p","EOGT","285203","ENSG00000163378","-0.188","predicted"
4,"hsa-miR-136-5p","CUCCAUU",5,"targetscan","MIMAT0000448","hsa-miR-136-5p","WDR20","91833","ENSG00000140153","-0.188","predicted"
4,"hsa-miR-136-5p","CUCCAUU",5,"targetscan","MIMAT0000448","hsa-miR-136-5p","INO80","54617","ENSG00000128908","-0.188","predicted"
4,"hsa-miR-136-5p","CUCCAUU",5,"targetscan","MIMAT0000448","hsa-miR-136-5p","ADGRA3","166647","ENSG00000152990","-0.188","predicted"
4,"hsa-miR-136-5p","CUCCAUU",5,"targetscan","MIMAT0000448","hsa-miR-136-5p","JAG2","3714","ENSG00000184916","-0.189","predicted"
4,"hsa-miR-136-5p","CUCCAUU",5,"targetscan","MIMAT0000448","hsa-miR-136-5p","PBX3","5090","ENSG00000167081","-0.189","predicted"
4,"hsa-miR-136-5p","CUCCAUU",5,"targetscan","MIMAT0000448","hsa-miR-136-5p","HSPA13","6782","ENSG00000155304","-0.189","predicted"
4,"hsa-miR-136-5p","CUCCAUU",5,"targetscan","MIMAT0000448","hsa-miR-136-5p","FAM120C","54954","ENSG00000184083","-0.189","predicted"
4,"hsa-miR-136-5p","CUCCAUU",5,"targetscan","MIMAT0000448","hsa-miR-136-5p","SYAP1","94056","ENSG00000169895","-0.189","predicted"
4,"hsa-miR-136-5p","CUCCAUU",5,"targetscan","MIMAT0000448","hsa-miR-136-5p","THEM4","117145","ENSG00000159445","-0.189","predicted"
4,"hsa-miR-136-5p","CUCCAUU",5,"targetscan","MIMAT0000448","hsa-miR-136-5p","SSBP1","6742","ENSG00000106028","-0.189","predicted"
4,"hsa-miR-136-5p","CUCCAUU",5,"targetscan","MIMAT0000448","hsa-miR-136-5p","ZNF581","51545","ENSG00000171425","-0.189","predicted"
4,"hsa-miR-136-5p","CUCCAUU",5,"targetscan","MIMAT0000448","hsa-miR-136-5p","CHRM2","1129","ENSG00000181072","-0.19","predicted"
4,"hsa-miR-136-5p","CUCCAUU",5,"targetscan","MIMAT0000448","hsa-miR-136-5p","LMAN1","3998","ENSG00000074695","-0.19","predicted"
4,"hsa-miR-136-5p","CUCCAUU",5,"targetscan","MIMAT0000448","hsa-miR-136-5p","DEK","7913","ENSG00000124795","-0.19","predicted"
4,"hsa-miR-136-5p","CUCCAUU",5,"targetscan","MIMAT0000448","hsa-miR-136-5p","GTPBP4","23560","ENSG00000107937","-0.19","predicted"
4,"hsa-miR-136-5p","CUCCAUU",5,"targetscan","MIMAT0000448","hsa-miR-136-5p","CPPED1","55313","ENSG00000103381","-0.19","predicted"
4,"hsa-miR-136-5p","CUCCAUU",5,"targetscan","MIMAT0000448","hsa-miR-136-5p","YIPF4","84272","ENSG00000119820","-0.19","predicted"
4,"hsa-miR-136-5p","CUCCAUU",5,"targetscan","MIMAT0000448","hsa-miR-136-5p","CHKA","1119","ENSG00000110721","-0.19","predicted"
4,"hsa-miR-136-5p","CUCCAUU",5,"targetscan","MIMAT0000448","hsa-miR-136-5p","MUC19","283463","ENSG00000205592","-0.19","predicted"
4,"hsa-miR-136-5p","CUCCAUU",5,"targetscan","MIMAT0000448","hsa-miR-136-5p","TGFB1","7040","ENSG00000105329","-0.191","predicted"
4,"hsa-miR-136-5p","CUCCAUU",5,"targetscan","MIMAT0000448","hsa-miR-136-5p","SYT1","6857","ENSG00000067715","-0.191","predicted"
4,"hsa-miR-136-5p","CUCCAUU",5,"targetscan","MIMAT0000448","hsa-miR-136-5p","TCF7","6932","ENSG00000081059","-0.191","predicted"
4,"hsa-miR-136-5p","CUCCAUU",5,"targetscan","MIMAT0000448","hsa-miR-136-5p","HS2ST1","9653","ENSG00000153936","-0.191","predicted"
4,"hsa-miR-136-5p","CUCCAUU",5,"targetscan","MIMAT0000448","hsa-miR-136-5p","GLS2","27165","ENSG00000135423","-0.191","predicted"
4,"hsa-miR-136-5p","CUCCAUU",5,"targetscan","MIMAT0000448","hsa-miR-136-5p","ZSCAN16","80345","ENSG00000196812","-0.191","predicted"
4,"hsa-miR-136-5p","CUCCAUU",5,"targetscan","MIMAT0000448","hsa-miR-136-5p","PPTC7","160760","ENSG00000196850","-0.191","predicted"
4,"hsa-miR-136-5p","CUCCAUU",5,"targetscan","MIMAT0000448","hsa-miR-136-5p","ESRRG","2104","ENSG00000196482","-0.191","predicted"
4,"hsa-miR-136-5p","CUCCAUU",5,"targetscan","MIMAT0000448","hsa-miR-136-5p","TMEM51","55092","ENSG00000171729","-0.191","predicted"
4,"hsa-miR-136-5p","CUCCAUU",5,"targetscan","MIMAT0000448","hsa-miR-136-5p","TNFSF18","8995","ENSG00000120337","-0.191","predicted"
4,"hsa-miR-136-5p","CUCCAUU",5,"targetscan","MIMAT0000448","hsa-miR-136-5p","PTGES3","10728","ENSG00000110958","-0.191","predicted"
4,"hsa-miR-136-5p","CUCCAUU",5,"targetscan","MIMAT0000448","hsa-miR-136-5p","HHEX","3087","ENSG00000152804","-0.192","predicted"
4,"hsa-miR-136-5p","CUCCAUU",5,"targetscan","MIMAT0000448","hsa-miR-136-5p","AJUBA","84962","ENSG00000129474","-0.192","predicted"
4,"hsa-miR-136-5p","CUCCAUU",5,"targetscan","MIMAT0000448","hsa-miR-136-5p","SDHA","6389","ENSG00000073578","-0.192","predicted"
4,"hsa-miR-136-5p","CUCCAUU",5,"targetscan","MIMAT0000448","hsa-miR-136-5p","SPINK4","27290","ENSG00000122711","-0.192","predicted"
4,"hsa-miR-136-5p","CUCCAUU",5,"targetscan","MIMAT0000448","hsa-miR-136-5p","SYDE1","85360","ENSG00000105137","-0.192","predicted"
4,"hsa-miR-136-5p","CUCCAUU",5,"targetscan","MIMAT0000448","hsa-miR-136-5p","SLFN12L","100506736","ENSG00000205045","-0.192","predicted"
4,"hsa-miR-136-5p","CUCCAUU",5,"targetscan","MIMAT0000448","hsa-miR-136-5p","URGCP-MRPS24","100534592","ENSG00000270617","-0.192","predicted"
4,"hsa-miR-136-5p","CUCCAUU",5,"targetscan","MIMAT0000448","hsa-miR-136-5p","PRPSAP1","5635","ENSG00000161542","-0.193","predicted"
4,"hsa-miR-136-5p","CUCCAUU",5,"targetscan","MIMAT0000448","hsa-miR-136-5p","CD96","10225","ENSG00000153283","-0.193","predicted"
4,"hsa-miR-136-5p","CUCCAUU",5,"targetscan","MIMAT0000448","hsa-miR-136-5p","TBCCD1","55171","ENSG00000113838","-0.193","predicted"
4,"hsa-miR-136-5p","CUCCAUU",5,"targetscan","MIMAT0000448","hsa-miR-136-5p","FGFBP3","143282","ENSG00000174721","-0.193","predicted"
4,"hsa-miR-136-5p","CUCCAUU",5,"targetscan","MIMAT0000448","hsa-miR-136-5p","MTMR8","55613","ENSG00000102043","-0.193","predicted"
4,"hsa-miR-136-5p","CUCCAUU",5,"targetscan","MIMAT0000448","hsa-miR-136-5p","AGFG2","3268","ENSG00000106351","-0.194","predicted"
4,"hsa-miR-136-5p","CUCCAUU",5,"targetscan","MIMAT0000448","hsa-miR-136-5p","PGM3","5238","ENSG00000013375","-0.194","predicted"
4,"hsa-miR-136-5p","CUCCAUU",5,"targetscan","MIMAT0000448","hsa-miR-136-5p","CACYBP","27101","ENSG00000116161","-0.194","predicted"
4,"hsa-miR-136-5p","CUCCAUU",5,"targetscan","MIMAT0000448","hsa-miR-136-5p","WDR41","55255","ENSG00000164253","-0.194","predicted"
4,"hsa-miR-136-5p","CUCCAUU",5,"targetscan","MIMAT0000448","hsa-miR-136-5p","RABL2B","11158","ENSG00000079974","-0.195","predicted"
4,"hsa-miR-136-5p","CUCCAUU",5,"targetscan","MIMAT0000448","hsa-miR-136-5p","ABCG2","9429","ENSG00000118777","-0.195","predicted"
4,"hsa-miR-136-5p","CUCCAUU",5,"targetscan","MIMAT0000448","hsa-miR-136-5p","VAMP7","6845","ENSG00000124333","-0.195","predicted"
4,"hsa-miR-136-5p","CUCCAUU",5,"targetscan","MIMAT0000448","hsa-miR-136-5p","UGT3A1","133688","ENSG00000145626","-0.195","predicted"
4,"hsa-miR-136-5p","CUCCAUU",5,"targetscan","MIMAT0000448","hsa-miR-136-5p","PRDM7","11105","ENSG00000126856","-0.195","predicted"
4,"hsa-miR-136-5p","CUCCAUU",5,"targetscan","MIMAT0000448","hsa-miR-136-5p","ZNF669","79862","ENSG00000188295","-0.195","predicted"
4,"hsa-miR-136-5p","CUCCAUU",5,"targetscan","MIMAT0000448","hsa-miR-136-5p","GPR156","165829","ENSG00000175697","-0.195","predicted"
4,"hsa-miR-136-5p","CUCCAUU",5,"targetscan","MIMAT0000448","hsa-miR-136-5p","SLC6A5","9152","ENSG00000165970","-0.195","predicted"
4,"hsa-miR-136-5p","CUCCAUU",5,"targetscan","MIMAT0000448","hsa-miR-136-5p","PPP4R4","57718","ENSG00000119698","-0.195","predicted"
4,"hsa-miR-136-5p","CUCCAUU",5,"targetscan","MIMAT0000448","hsa-miR-136-5p","PAQR9","344838","ENSG00000188582","-0.195","predicted"
4,"hsa-miR-136-5p","CUCCAUU",5,"targetscan","MIMAT0000448","hsa-miR-136-5p","RABL2B","11159","ENSG00000079974","-0.195","predicted"
4,"hsa-miR-136-5p","CUCCAUU",5,"targetscan","MIMAT0000448","hsa-miR-136-5p","HIKESHI","51501","ENSG00000149196","-0.195","predicted"
4,"hsa-miR-136-5p","CUCCAUU",5,"targetscan","MIMAT0000448","hsa-miR-136-5p","MFSD4B","91749","ENSG00000173214","-0.195","predicted"
4,"hsa-miR-136-5p","CUCCAUU",5,"targetscan","MIMAT0000448","hsa-miR-136-5p","RABL2A","11159","ENSG00000144134","-0.196","predicted"
4,"hsa-miR-136-5p","CUCCAUU",5,"targetscan","MIMAT0000448","hsa-miR-136-5p","UGT2B15","7366","ENSG00000196620","-0.196","predicted"
4,"hsa-miR-136-5p","CUCCAUU",5,"targetscan","MIMAT0000448","hsa-miR-136-5p","SMARCC1","6599","ENSG00000173473","-0.196","predicted"
4,"hsa-miR-136-5p","CUCCAUU",5,"targetscan","MIMAT0000448","hsa-miR-136-5p","TLL1","7092","ENSG00000038295","-0.196","predicted"
4,"hsa-miR-136-5p","CUCCAUU",5,"targetscan","MIMAT0000448","hsa-miR-136-5p","ANP32B","10541","ENSG00000136938","-0.196","predicted"
4,"hsa-miR-136-5p","CUCCAUU",5,"targetscan","MIMAT0000448","hsa-miR-136-5p","OSBPL3","26031","ENSG00000070882","-0.196","predicted"
4,"hsa-miR-136-5p","CUCCAUU",5,"targetscan","MIMAT0000448","hsa-miR-136-5p","CHIC2","26511","ENSG00000109220","-0.196","predicted"
4,"hsa-miR-136-5p","CUCCAUU",5,"targetscan","MIMAT0000448","hsa-miR-136-5p","PILRA","29992","ENSG00000085514","-0.196","predicted"
4,"hsa-miR-136-5p","CUCCAUU",5,"targetscan","MIMAT0000448","hsa-miR-136-5p","TMEM144","55314","ENSG00000164124","-0.196","predicted"
4,"hsa-miR-136-5p","CUCCAUU",5,"targetscan","MIMAT0000448","hsa-miR-136-5p","TMEM252","169693","ENSG00000181778","-0.196","predicted"
4,"hsa-miR-136-5p","CUCCAUU",5,"targetscan","MIMAT0000448","hsa-miR-136-5p","ELOVL2","54898","ENSG00000197977","-0.197","predicted"
4,"hsa-miR-136-5p","CUCCAUU",5,"targetscan","MIMAT0000448","hsa-miR-136-5p","TMEM41A","90407","ENSG00000163900","-0.197","predicted"
4,"hsa-miR-136-5p","CUCCAUU",5,"targetscan","MIMAT0000448","hsa-miR-136-5p","ETFA","2108","ENSG00000140374","-0.197","predicted"
4,"hsa-miR-136-5p","CUCCAUU",5,"targetscan","MIMAT0000448","hsa-miR-136-5p","EID3","493861","ENSG00000255150","-0.197","predicted"
4,"hsa-miR-136-5p","CUCCAUU",5,"targetscan","MIMAT0000448","hsa-miR-136-5p","TMEM232","642987","ENSG00000186952","-0.197","predicted"
4,"hsa-miR-136-5p","CUCCAUU",5,"targetscan","MIMAT0000448","hsa-miR-136-5p","ASCC1","51008","ENSG00000138303","-0.197","predicted"
4,"hsa-miR-136-5p","CUCCAUU",5,"targetscan","MIMAT0000448","hsa-miR-136-5p","UBE2E3","10477","ENSG00000170035","-0.197","predicted"
4,"hsa-miR-136-5p","CUCCAUU",5,"targetscan","MIMAT0000448","hsa-miR-136-5p","PKIG","11142","ENSG00000168734","-0.197","predicted"
4,"hsa-miR-136-5p","CUCCAUU",5,"targetscan","MIMAT0000448","hsa-miR-136-5p","KLHL9","55958","ENSG00000198642","-0.197","predicted"
4,"hsa-miR-136-5p","CUCCAUU",5,"targetscan","MIMAT0000448","hsa-miR-136-5p","ABRA","137735","ENSG00000174429","-0.197","predicted"
4,"hsa-miR-136-5p","CUCCAUU",5,"targetscan","MIMAT0000448","hsa-miR-136-5p","KLF17","128209","ENSG00000171872","-0.197","predicted"
4,"hsa-miR-136-5p","CUCCAUU",5,"targetscan","MIMAT0000448","hsa-miR-136-5p","PAX6","5080","ENSG00000007372","-0.198","predicted"
4,"hsa-miR-136-5p","CUCCAUU",5,"targetscan","MIMAT0000448","hsa-miR-136-5p","RPL27A","6157","ENSG00000166441","-0.198","predicted"
4,"hsa-miR-136-5p","CUCCAUU",5,"targetscan","MIMAT0000448","hsa-miR-136-5p","TSPAN3","10099","ENSG00000140391","-0.198","predicted"
4,"hsa-miR-136-5p","CUCCAUU",5,"targetscan","MIMAT0000448","hsa-miR-136-5p","CMC2","56942","ENSG00000103121","-0.198","predicted"
4,"hsa-miR-136-5p","CUCCAUU",5,"targetscan","MIMAT0000448","hsa-miR-136-5p","GABRA4","2557","ENSG00000109158","-0.198","predicted"
4,"hsa-miR-136-5p","CUCCAUU",5,"targetscan","MIMAT0000448","hsa-miR-136-5p","TOMM6","100188893","ENSG00000214736","-0.198","predicted"
4,"hsa-miR-136-5p","CUCCAUU",5,"targetscan","MIMAT0000448","hsa-miR-136-5p","SCEL","8796","ENSG00000136155","-0.198","predicted"
4,"hsa-miR-136-5p","CUCCAUU",5,"targetscan","MIMAT0000448","hsa-miR-136-5p","MKS1","54903","ENSG00000011143","-0.198","predicted"
4,"hsa-miR-136-5p","CUCCAUU",5,"targetscan","MIMAT0000448","hsa-miR-136-5p","SSTR3",NA,"ENSG00000183473","-0.198","predicted"
4,"hsa-miR-136-5p","CUCCAUU",5,"targetscan","MIMAT0000448","hsa-miR-136-5p","IFT70A","92104","ENSG00000197557","-0.198","predicted"
4,"hsa-miR-136-5p","CUCCAUU",5,"targetscan","MIMAT0000448","hsa-miR-136-5p","CHRM2","1129","ENSG00000181072","-0.199","predicted"
4,"hsa-miR-136-5p","CUCCAUU",5,"targetscan","MIMAT0000448","hsa-miR-136-5p","GLRX2","51022","ENSG00000023572","-0.199","predicted"
4,"hsa-miR-136-5p","CUCCAUU",5,"targetscan","MIMAT0000448","hsa-miR-136-5p","RARS2","57038","ENSG00000146282","-0.199","predicted"
4,"hsa-miR-136-5p","CUCCAUU",5,"targetscan","MIMAT0000448","hsa-miR-136-5p","LRRC19","64922","ENSG00000184434","-0.199","predicted"
4,"hsa-miR-136-5p","CUCCAUU",5,"targetscan","MIMAT0000448","hsa-miR-136-5p","DYNC2H1","79659","ENSG00000187240","-0.199","predicted"
4,"hsa-miR-136-5p","CUCCAUU",5,"targetscan","MIMAT0000448","hsa-miR-136-5p","FAM76A","199870","ENSG00000009780","-0.199","predicted"
4,"hsa-miR-136-5p","CUCCAUU",5,"targetscan","MIMAT0000448","hsa-miR-136-5p","C1QTNF7","114905","ENSG00000163145","-0.199","predicted"
4,"hsa-miR-136-5p","CUCCAUU",5,"targetscan","MIMAT0000448","hsa-miR-136-5p","PATZ1","23598","ENSG00000100105","-0.199","predicted"
4,"hsa-miR-136-5p","CUCCAUU",5,"targetscan","MIMAT0000448","hsa-miR-136-5p","CDKN2B","1030","ENSG00000147883","-0.2","predicted"
4,"hsa-miR-136-5p","CUCCAUU",5,"targetscan","MIMAT0000448","hsa-miR-136-5p","CYP2C8","1558","ENSG00000138115","-0.2","predicted"
4,"hsa-miR-136-5p","CUCCAUU",5,"targetscan","MIMAT0000448","hsa-miR-136-5p","FDX1","2230","ENSG00000137714","-0.2","predicted"
4,"hsa-miR-136-5p","CUCCAUU",5,"targetscan","MIMAT0000448","hsa-miR-136-5p","PANX1","24145","ENSG00000110218","-0.2","predicted"
4,"hsa-miR-136-5p","CUCCAUU",5,"targetscan","MIMAT0000448","hsa-miR-136-5p","GPAT3","84803","ENSG00000138678","-0.2","predicted"
4,"hsa-miR-136-5p","CUCCAUU",5,"targetscan","MIMAT0000448","hsa-miR-136-5p","HIST1H2BO",NA,"ENSG00000196331","-0.2","predicted"
4,"hsa-miR-136-5p","CUCCAUU",5,"targetscan","MIMAT0000448","hsa-miR-136-5p","CYRIA","81553","ENSG00000197872","-0.2","predicted"
4,"hsa-miR-136-5p","CUCCAUU",5,"targetscan","MIMAT0000448","hsa-miR-136-5p","TERB1","283847","ENSG00000249961","-0.2","predicted"
4,"hsa-miR-136-5p","CUCCAUU",5,"targetscan","MIMAT0000448","hsa-miR-136-5p","ACADM","34","ENSG00000117054","-0.201","predicted"
4,"hsa-miR-136-5p","CUCCAUU",5,"targetscan","MIMAT0000448","hsa-miR-136-5p","WNT5A","7474","ENSG00000114251","-0.201","predicted"
4,"hsa-miR-136-5p","CUCCAUU",5,"targetscan","MIMAT0000448","hsa-miR-136-5p","PLA2G7","7941","ENSG00000146070","-0.201","predicted"
4,"hsa-miR-136-5p","CUCCAUU",5,"targetscan","MIMAT0000448","hsa-miR-136-5p","RNF11","26994","ENSG00000123091","-0.201","predicted"
4,"hsa-miR-136-5p","CUCCAUU",5,"targetscan","MIMAT0000448","hsa-miR-136-5p","ARFGEF2","10564","ENSG00000124198","-0.201","predicted"
4,"hsa-miR-136-5p","CUCCAUU",5,"targetscan","MIMAT0000448","hsa-miR-136-5p","MRPS30","10884","ENSG00000112996","-0.201","predicted"
4,"hsa-miR-136-5p","CUCCAUU",5,"targetscan","MIMAT0000448","hsa-miR-136-5p","C22orf46P",NA,"ENSG00000184208","-0.201","predicted"
4,"hsa-miR-136-5p","CUCCAUU",5,"targetscan","MIMAT0000448","hsa-miR-136-5p","LINC02869","440714","ENSG00000228208","-0.201","predicted"
4,"hsa-miR-136-5p","CUCCAUU",5,"targetscan","MIMAT0000448","hsa-miR-136-5p","SH2D4A","63898","ENSG00000104611","-0.202","predicted"
4,"hsa-miR-136-5p","CUCCAUU",5,"targetscan","MIMAT0000448","hsa-miR-136-5p","KLF5","688","ENSG00000102554","-0.202","predicted"
4,"hsa-miR-136-5p","CUCCAUU",5,"targetscan","MIMAT0000448","hsa-miR-136-5p","SAA1","6288","ENSG00000173432","-0.202","predicted"
4,"hsa-miR-136-5p","CUCCAUU",5,"targetscan","MIMAT0000448","hsa-miR-136-5p","TUBGCP3","10426","ENSG00000126216","-0.202","predicted"
4,"hsa-miR-136-5p","CUCCAUU",5,"targetscan","MIMAT0000448","hsa-miR-136-5p","ZNF776","284309","ENSG00000152443","-0.202","predicted"
4,"hsa-miR-136-5p","CUCCAUU",5,"targetscan","MIMAT0000448","hsa-miR-136-5p","SORBS1","10580","ENSG00000095637","-0.202","predicted"
4,"hsa-miR-136-5p","CUCCAUU",5,"targetscan","MIMAT0000448","hsa-miR-136-5p","MS4A12","54860","ENSG00000071203","-0.202","predicted"
4,"hsa-miR-136-5p","CUCCAUU",5,"targetscan","MIMAT0000448","hsa-miR-136-5p","METTL14","57721","ENSG00000145388","-0.202","predicted"
4,"hsa-miR-136-5p","CUCCAUU",5,"targetscan","MIMAT0000448","hsa-miR-136-5p","",NA,"ENSG00000205740","-0.202","predicted"
4,"hsa-miR-136-5p","CUCCAUU",5,"targetscan","MIMAT0000448","hsa-miR-136-5p","TAS2R14","50840","ENSG00000212127","-0.202","predicted"
4,"hsa-miR-136-5p","CUCCAUU",5,"targetscan","MIMAT0000448","hsa-miR-136-5p","TAS2R14","106707243","ENSG00000212127","-0.202","predicted"
4,"hsa-miR-136-5p","CUCCAUU",5,"targetscan","MIMAT0000448","hsa-miR-136-5p","RP11-268J15.5",NA,"ENSG00000116883","-0.202","predicted"
4,"hsa-miR-136-5p","CUCCAUU",5,"targetscan","MIMAT0000448","hsa-miR-136-5p","EFNB1","1947","ENSG00000090776","-0.203","predicted"
4,"hsa-miR-136-5p","CUCCAUU",5,"targetscan","MIMAT0000448","hsa-miR-136-5p","AGFG2","3268","ENSG00000106351","-0.203","predicted"
4,"hsa-miR-136-5p","CUCCAUU",5,"targetscan","MIMAT0000448","hsa-miR-136-5p","DCP2","167227","ENSG00000172795","-0.203","predicted"
4,"hsa-miR-136-5p","CUCCAUU",5,"targetscan","MIMAT0000448","hsa-miR-136-5p","SPINK2","6691","ENSG00000128040","-0.203","predicted"
4,"hsa-miR-136-5p","CUCCAUU",5,"targetscan","MIMAT0000448","hsa-miR-136-5p","FOXB1","27023","ENSG00000171956","-0.203","predicted"
4,"hsa-miR-136-5p","CUCCAUU",5,"targetscan","MIMAT0000448","hsa-miR-136-5p","LHFPL6","10186","ENSG00000183722","-0.203","predicted"
4,"hsa-miR-136-5p","CUCCAUU",5,"targetscan","MIMAT0000448","hsa-miR-136-5p","EIF4B","1975","ENSG00000063046","-0.204","predicted"
4,"hsa-miR-136-5p","CUCCAUU",5,"targetscan","MIMAT0000448","hsa-miR-136-5p","ZBTB5","9925","ENSG00000168795","-0.204","predicted"
4,"hsa-miR-136-5p","CUCCAUU",5,"targetscan","MIMAT0000448","hsa-miR-136-5p","COG5","10466","ENSG00000164597","-0.204","predicted"
4,"hsa-miR-136-5p","CUCCAUU",5,"targetscan","MIMAT0000448","hsa-miR-136-5p","STXBP4","252983","ENSG00000166263","-0.204","predicted"
4,"hsa-miR-136-5p","CUCCAUU",5,"targetscan","MIMAT0000448","hsa-miR-136-5p","SLC3A1","6519","ENSG00000138079","-0.204","predicted"
4,"hsa-miR-136-5p","CUCCAUU",5,"targetscan","MIMAT0000448","hsa-miR-136-5p","ACER3","55331","ENSG00000078124","-0.204","predicted"
4,"hsa-miR-136-5p","CUCCAUU",5,"targetscan","MIMAT0000448","hsa-miR-136-5p","ORC2","4999","ENSG00000115942","-0.205","predicted"
4,"hsa-miR-136-5p","CUCCAUU",5,"targetscan","MIMAT0000448","hsa-miR-136-5p","KLF10","7071","ENSG00000155090","-0.205","predicted"
4,"hsa-miR-136-5p","CUCCAUU",5,"targetscan","MIMAT0000448","hsa-miR-136-5p","PTPN22","26191","ENSG00000134242","-0.205","predicted"
4,"hsa-miR-136-5p","CUCCAUU",5,"targetscan","MIMAT0000448","hsa-miR-136-5p","PABPC1","26986","ENSG00000070756","-0.205","predicted"
4,"hsa-miR-136-5p","CUCCAUU",5,"targetscan","MIMAT0000448","hsa-miR-136-5p","POLH","5429","ENSG00000170734","-0.205","predicted"
4,"hsa-miR-136-5p","CUCCAUU",5,"targetscan","MIMAT0000448","hsa-miR-136-5p","ESYT3","83850","ENSG00000158220","-0.205","predicted"
4,"hsa-miR-136-5p","CUCCAUU",5,"targetscan","MIMAT0000448","hsa-miR-136-5p","MAP3K10","4294","ENSG00000130758","-0.206","predicted"
4,"hsa-miR-136-5p","CUCCAUU",5,"targetscan","MIMAT0000448","hsa-miR-136-5p","SLBP","7884","ENSG00000163950","-0.206","predicted"
4,"hsa-miR-136-5p","CUCCAUU",5,"targetscan","MIMAT0000448","hsa-miR-136-5p","MTMR4","9110","ENSG00000108389","-0.206","predicted"
4,"hsa-miR-136-5p","CUCCAUU",5,"targetscan","MIMAT0000448","hsa-miR-136-5p","RBM41","55285","ENSG00000089682","-0.206","predicted"
4,"hsa-miR-136-5p","CUCCAUU",5,"targetscan","MIMAT0000448","hsa-miR-136-5p","STYXL2","92235","ENSG00000198842","-0.206","predicted"
4,"hsa-miR-136-5p","CUCCAUU",5,"targetscan","MIMAT0000448","hsa-miR-136-5p","IL18R1","8809","ENSG00000115604","-0.207","predicted"
4,"hsa-miR-136-5p","CUCCAUU",5,"targetscan","MIMAT0000448","hsa-miR-136-5p","RMDN1","51115","ENSG00000176623","-0.207","predicted"
4,"hsa-miR-136-5p","CUCCAUU",5,"targetscan","MIMAT0000448","hsa-miR-136-5p","ABHD10","55347","ENSG00000144827","-0.207","predicted"
4,"hsa-miR-136-5p","CUCCAUU",5,"targetscan","MIMAT0000448","hsa-miR-136-5p","NAA15","80155","ENSG00000164134","-0.207","predicted"
4,"hsa-miR-136-5p","CUCCAUU",5,"targetscan","MIMAT0000448","hsa-miR-136-5p","LETMD1","25875","ENSG00000050426","-0.207","predicted"
4,"hsa-miR-136-5p","CUCCAUU",5,"targetscan","MIMAT0000448","hsa-miR-136-5p","NT5C2","22978","ENSG00000076685","-0.208","predicted"
4,"hsa-miR-136-5p","CUCCAUU",5,"targetscan","MIMAT0000448","hsa-miR-136-5p","CSTF2T","23283","ENSG00000177613","-0.208","predicted"
4,"hsa-miR-136-5p","CUCCAUU",5,"targetscan","MIMAT0000448","hsa-miR-136-5p","IER5","51278","ENSG00000162783","-0.208","predicted"
4,"hsa-miR-136-5p","CUCCAUU",5,"targetscan","MIMAT0000448","hsa-miR-136-5p","PRPF4","9128","ENSG00000136875","-0.208","predicted"
4,"hsa-miR-136-5p","CUCCAUU",5,"targetscan","MIMAT0000448","hsa-miR-136-5p","ITLN1","55600","ENSG00000179914","-0.208","predicted"
4,"hsa-miR-136-5p","CUCCAUU",5,"targetscan","MIMAT0000448","hsa-miR-136-5p","DEFB107A","245910","ENSG00000186572","-0.208","predicted"
4,"hsa-miR-136-5p","CUCCAUU",5,"targetscan","MIMAT0000448","hsa-miR-136-5p","DEFB107A","503614","ENSG00000186572","-0.208","predicted"
4,"hsa-miR-136-5p","CUCCAUU",5,"targetscan","MIMAT0000448","hsa-miR-136-5p","DEFB107B","245910","ENSG00000198129","-0.208","predicted"
4,"hsa-miR-136-5p","CUCCAUU",5,"targetscan","MIMAT0000448","hsa-miR-136-5p","DEFB107B","503614","ENSG00000198129","-0.208","predicted"
4,"hsa-miR-136-5p","CUCCAUU",5,"targetscan","MIMAT0000448","hsa-miR-136-5p","DEFB107A","124906743","ENSG00000186572","-0.208","predicted"
4,"hsa-miR-136-5p","CUCCAUU",5,"targetscan","MIMAT0000448","hsa-miR-136-5p","DEFB107B","124906743","ENSG00000198129","-0.208","predicted"
4,"hsa-miR-136-5p","CUCCAUU",5,"targetscan","MIMAT0000448","hsa-miR-136-5p","PTH2R","5746","ENSG00000144407","-0.209","predicted"
4,"hsa-miR-136-5p","CUCCAUU",5,"targetscan","MIMAT0000448","hsa-miR-136-5p","DSTYK","25778","ENSG00000133059","-0.209","predicted"
4,"hsa-miR-136-5p","CUCCAUU",5,"targetscan","MIMAT0000448","hsa-miR-136-5p","EIF4EBP3","8637","ENSG00000243056","-0.209","predicted"
4,"hsa-miR-136-5p","CUCCAUU",5,"targetscan","MIMAT0000448","hsa-miR-136-5p","GPR45","11250","ENSG00000135973","-0.209","predicted"
4,"hsa-miR-136-5p","CUCCAUU",5,"targetscan","MIMAT0000448","hsa-miR-136-5p","AL354993.1",NA,"ENSG00000227164","-0.209","predicted"
4,"hsa-miR-136-5p","CUCCAUU",5,"targetscan","MIMAT0000448","hsa-miR-136-5p","PWWP2A","114825","ENSG00000170234","-0.21","predicted"
4,"hsa-miR-136-5p","CUCCAUU",5,"targetscan","MIMAT0000448","hsa-miR-136-5p","CCNDBP1","23582","ENSG00000166946","-0.21","predicted"
4,"hsa-miR-136-5p","CUCCAUU",5,"targetscan","MIMAT0000448","hsa-miR-136-5p","FNDC7","163479","ENSG00000143107","-0.21","predicted"
4,"hsa-miR-136-5p","CUCCAUU",5,"targetscan","MIMAT0000448","hsa-miR-136-5p","GK5","256356","ENSG00000175066","-0.21","predicted"
4,"hsa-miR-136-5p","CUCCAUU",5,"targetscan","MIMAT0000448","hsa-miR-136-5p","TIMM23","653252","ENSG00000138297","-0.21","predicted"
4,"hsa-miR-136-5p","CUCCAUU",5,"targetscan","MIMAT0000448","hsa-miR-136-5p","TMEM199","147007","ENSG00000244045","-0.21","predicted"
4,"hsa-miR-136-5p","CUCCAUU",5,"targetscan","MIMAT0000448","hsa-miR-136-5p","DLGAP1","9229","ENSG00000170579","-0.211","predicted"
4,"hsa-miR-136-5p","CUCCAUU",5,"targetscan","MIMAT0000448","hsa-miR-136-5p","DGKG","1608","ENSG00000058866","-0.211","predicted"
4,"hsa-miR-136-5p","CUCCAUU",5,"targetscan","MIMAT0000448","hsa-miR-136-5p","BET1L","51272","ENSG00000177951","-0.211","predicted"
4,"hsa-miR-136-5p","CUCCAUU",5,"targetscan","MIMAT0000448","hsa-miR-136-5p","NMT1","4836","ENSG00000136448","-0.211","predicted"
4,"hsa-miR-136-5p","CUCCAUU",5,"targetscan","MIMAT0000448","hsa-miR-136-5p","SGIP1","84251","ENSG00000118473","-0.211","predicted"
4,"hsa-miR-136-5p","CUCCAUU",5,"targetscan","MIMAT0000448","hsa-miR-136-5p","MKRN2OS","100129480","ENSG00000225526","-0.211","predicted"
4,"hsa-miR-136-5p","CUCCAUU",5,"targetscan","MIMAT0000448","hsa-miR-136-5p","FBN2","2201","ENSG00000138829","-0.212","predicted"
4,"hsa-miR-136-5p","CUCCAUU",5,"targetscan","MIMAT0000448","hsa-miR-136-5p","GATM","2628","ENSG00000171766","-0.212","predicted"
4,"hsa-miR-136-5p","CUCCAUU",5,"targetscan","MIMAT0000448","hsa-miR-136-5p","PDK1","5163","ENSG00000152256","-0.212","predicted"
4,"hsa-miR-136-5p","CUCCAUU",5,"targetscan","MIMAT0000448","hsa-miR-136-5p","OCIAD1","54940","ENSG00000109180","-0.212","predicted"
4,"hsa-miR-136-5p","CUCCAUU",5,"targetscan","MIMAT0000448","hsa-miR-136-5p","RGS4","5999","ENSG00000117152","-0.212","predicted"
4,"hsa-miR-136-5p","CUCCAUU",5,"targetscan","MIMAT0000448","hsa-miR-136-5p","ORMDL1","94101","ENSG00000128699","-0.212","predicted"
4,"hsa-miR-136-5p","CUCCAUU",5,"targetscan","MIMAT0000448","hsa-miR-136-5p","CCDC140","151278","ENSG00000163081","-0.212","predicted"
4,"hsa-miR-136-5p","CUCCAUU",5,"targetscan","MIMAT0000448","hsa-miR-136-5p","CYP4F31P",NA,"ENSG00000178206","-0.212","predicted"
4,"hsa-miR-136-5p","CUCCAUU",5,"targetscan","MIMAT0000448","hsa-miR-136-5p","FXN","2395","ENSG00000165060","-0.213","predicted"
4,"hsa-miR-136-5p","CUCCAUU",5,"targetscan","MIMAT0000448","hsa-miR-136-5p","UBE2K","3093","ENSG00000078140","-0.213","predicted"
4,"hsa-miR-136-5p","CUCCAUU",5,"targetscan","MIMAT0000448","hsa-miR-136-5p","ZIC3","7547","ENSG00000156925","-0.213","predicted"
4,"hsa-miR-136-5p","CUCCAUU",5,"targetscan","MIMAT0000448","hsa-miR-136-5p","FHDC1","85462","ENSG00000137460","-0.213","predicted"
4,"hsa-miR-136-5p","CUCCAUU",5,"targetscan","MIMAT0000448","hsa-miR-136-5p","ZNF24","7572","ENSG00000172466","-0.213","predicted"
4,"hsa-miR-136-5p","CUCCAUU",5,"targetscan","MIMAT0000448","hsa-miR-136-5p","GPR176","11245","ENSG00000166073","-0.213","predicted"
4,"hsa-miR-136-5p","CUCCAUU",5,"targetscan","MIMAT0000448","hsa-miR-136-5p","UQCC1","55245","ENSG00000101019","-0.213","predicted"
4,"hsa-miR-136-5p","CUCCAUU",5,"targetscan","MIMAT0000448","hsa-miR-136-5p","HLA-DRB1","3123","ENSG00000196126","-0.214","predicted"
4,"hsa-miR-136-5p","CUCCAUU",5,"targetscan","MIMAT0000448","hsa-miR-136-5p","MOCS2","4338","ENSG00000164172","-0.214","predicted"
4,"hsa-miR-136-5p","CUCCAUU",5,"targetscan","MIMAT0000448","hsa-miR-136-5p","ABHD13","84945","ENSG00000139826","-0.214","predicted"
4,"hsa-miR-136-5p","CUCCAUU",5,"targetscan","MIMAT0000448","hsa-miR-136-5p","LLPH","84298","ENSG00000139233","-0.215","predicted"
4,"hsa-miR-136-5p","CUCCAUU",5,"targetscan","MIMAT0000448","hsa-miR-136-5p","LYSMD3","116068","ENSG00000176018","-0.215","predicted"
4,"hsa-miR-136-5p","CUCCAUU",5,"targetscan","MIMAT0000448","hsa-miR-136-5p","MFAP3","4238","ENSG00000037749","-0.215","predicted"
4,"hsa-miR-136-5p","CUCCAUU",5,"targetscan","MIMAT0000448","hsa-miR-136-5p","LRRC27","80313","ENSG00000148814","-0.215","predicted"
4,"hsa-miR-136-5p","CUCCAUU",5,"targetscan","MIMAT0000448","hsa-miR-136-5p","SLC30A4","7782","ENSG00000104154","-0.216","predicted"
4,"hsa-miR-136-5p","CUCCAUU",5,"targetscan","MIMAT0000448","hsa-miR-136-5p","HS3ST4","9951","ENSG00000182601","-0.216","predicted"
4,"hsa-miR-136-5p","CUCCAUU",5,"targetscan","MIMAT0000448","hsa-miR-136-5p","NEUROD6","63974","ENSG00000164600","-0.216","predicted"
4,"hsa-miR-136-5p","CUCCAUU",5,"targetscan","MIMAT0000448","hsa-miR-136-5p","EXOSC6","118460","ENSG00000223496","-0.216","predicted"
4,"hsa-miR-136-5p","CUCCAUU",5,"targetscan","MIMAT0000448","hsa-miR-136-5p","OR52W1","120787","ENSG00000175485","-0.216","predicted"
4,"hsa-miR-136-5p","CUCCAUU",5,"targetscan","MIMAT0000448","hsa-miR-136-5p","PRXL2A","84293","ENSG00000122378","-0.216","predicted"
4,"hsa-miR-136-5p","CUCCAUU",5,"targetscan","MIMAT0000448","hsa-miR-136-5p","S100A14","57402","ENSG00000189334","-0.217","predicted"
4,"hsa-miR-136-5p","CUCCAUU",5,"targetscan","MIMAT0000448","hsa-miR-136-5p","STIM2","57620","ENSG00000109689","-0.217","predicted"
4,"hsa-miR-136-5p","CUCCAUU",5,"targetscan","MIMAT0000448","hsa-miR-136-5p","VAMP1","6843","ENSG00000139190","-0.217","predicted"
4,"hsa-miR-136-5p","CUCCAUU",5,"targetscan","MIMAT0000448","hsa-miR-136-5p","ZNF471","57573","ENSG00000196263","-0.217","predicted"
4,"hsa-miR-136-5p","CUCCAUU",5,"targetscan","MIMAT0000448","hsa-miR-136-5p","SLAMF7","57823","ENSG00000026751","-0.217","predicted"
4,"hsa-miR-136-5p","CUCCAUU",5,"targetscan","MIMAT0000448","hsa-miR-136-5p","RNF214","257160","ENSG00000167257","-0.218","predicted"
4,"hsa-miR-136-5p","CUCCAUU",5,"targetscan","MIMAT0000448","hsa-miR-136-5p","ZNF324B","388569","ENSG00000249471","-0.218","predicted"
4,"hsa-miR-136-5p","CUCCAUU",5,"targetscan","MIMAT0000448","hsa-miR-136-5p","TFEC","22797","ENSG00000105967","-0.218","predicted"
4,"hsa-miR-136-5p","CUCCAUU",5,"targetscan","MIMAT0000448","hsa-miR-136-5p","AKIRIN1","79647","ENSG00000174574","-0.218","predicted"
4,"hsa-miR-136-5p","CUCCAUU",5,"targetscan","MIMAT0000448","hsa-miR-136-5p","ATP6V0A2","23545","ENSG00000185344","-0.218","predicted"
4,"hsa-miR-136-5p","CUCCAUU",5,"targetscan","MIMAT0000448","hsa-miR-136-5p","ZNF544","27300","ENSG00000198131","-0.218","predicted"
4,"hsa-miR-136-5p","CUCCAUU",5,"targetscan","MIMAT0000448","hsa-miR-136-5p","RTL8C","8933","ENSG00000134590","-0.218","predicted"
4,"hsa-miR-136-5p","CUCCAUU",5,"targetscan","MIMAT0000448","hsa-miR-136-5p","LRRC58","116064","ENSG00000163428","-0.219","predicted"
4,"hsa-miR-136-5p","CUCCAUU",5,"targetscan","MIMAT0000448","hsa-miR-136-5p","EGLN3","112399","ENSG00000129521","-0.219","predicted"
4,"hsa-miR-136-5p","CUCCAUU",5,"targetscan","MIMAT0000448","hsa-miR-136-5p","CALCOCO2","10241","ENSG00000136436","-0.219","predicted"
4,"hsa-miR-136-5p","CUCCAUU",5,"targetscan","MIMAT0000448","hsa-miR-136-5p","ZNF440","126070","ENSG00000171295","-0.219","predicted"
4,"hsa-miR-136-5p","CUCCAUU",5,"targetscan","MIMAT0000448","hsa-miR-136-5p","DPYS","1807","ENSG00000147647","-0.219","predicted"
4,"hsa-miR-136-5p","CUCCAUU",5,"targetscan","MIMAT0000448","hsa-miR-136-5p","LUZP4","51213","ENSG00000102021","-0.219","predicted"
4,"hsa-miR-136-5p","CUCCAUU",5,"targetscan","MIMAT0000448","hsa-miR-136-5p","PYHIN1","149628","ENSG00000163564","-0.219","predicted"
4,"hsa-miR-136-5p","CUCCAUU",5,"targetscan","MIMAT0000448","hsa-miR-136-5p","ATF1","466","ENSG00000123268","-0.22","predicted"
4,"hsa-miR-136-5p","CUCCAUU",5,"targetscan","MIMAT0000448","hsa-miR-136-5p","DRAM1","55332","ENSG00000136048","-0.22","predicted"
4,"hsa-miR-136-5p","CUCCAUU",5,"targetscan","MIMAT0000448","hsa-miR-136-5p","HSBP1","3281","ENSG00000230989","-0.22","predicted"
4,"hsa-miR-136-5p","CUCCAUU",5,"targetscan","MIMAT0000448","hsa-miR-136-5p","PLSCR2","57047","ENSG00000163746","-0.22","predicted"
4,"hsa-miR-136-5p","CUCCAUU",5,"targetscan","MIMAT0000448","hsa-miR-136-5p","SNTG1","54212","ENSG00000147481","-0.22","predicted"
4,"hsa-miR-136-5p","CUCCAUU",5,"targetscan","MIMAT0000448","hsa-miR-136-5p","IMPG1","3617","ENSG00000112706","-0.221","predicted"
4,"hsa-miR-136-5p","CUCCAUU",5,"targetscan","MIMAT0000448","hsa-miR-136-5p","UCK2","7371","ENSG00000143179","-0.221","predicted"
4,"hsa-miR-136-5p","CUCCAUU",5,"targetscan","MIMAT0000448","hsa-miR-136-5p","SUGT1","10910","ENSG00000165416","-0.221","predicted"
4,"hsa-miR-136-5p","CUCCAUU",5,"targetscan","MIMAT0000448","hsa-miR-136-5p","OSTM1","28962","ENSG00000081087","-0.221","predicted"
4,"hsa-miR-136-5p","CUCCAUU",5,"targetscan","MIMAT0000448","hsa-miR-136-5p","KRBOX4","55634","ENSG00000147121","-0.221","predicted"
4,"hsa-miR-136-5p","CUCCAUU",5,"targetscan","MIMAT0000448","hsa-miR-136-5p","SLC24A1","9187","ENSG00000074621","-0.221","predicted"
4,"hsa-miR-136-5p","CUCCAUU",5,"targetscan","MIMAT0000448","hsa-miR-136-5p","SPCS2","9789","ENSG00000118363","-0.221","predicted"
4,"hsa-miR-136-5p","CUCCAUU",5,"targetscan","MIMAT0000448","hsa-miR-136-5p","FSTL1","11167","ENSG00000163430","-0.222","predicted"
4,"hsa-miR-136-5p","CUCCAUU",5,"targetscan","MIMAT0000448","hsa-miR-136-5p","NECAB1","64168","ENSG00000123119","-0.222","predicted"
4,"hsa-miR-136-5p","CUCCAUU",5,"targetscan","MIMAT0000448","hsa-miR-136-5p","HMGCS2","3158","ENSG00000134240","-0.222","predicted"
4,"hsa-miR-136-5p","CUCCAUU",5,"targetscan","MIMAT0000448","hsa-miR-136-5p","PZP","5858","ENSG00000126838","-0.222","predicted"
4,"hsa-miR-136-5p","CUCCAUU",5,"targetscan","MIMAT0000448","hsa-miR-136-5p","AGPAT3","56894","ENSG00000160216","-0.223","predicted"
4,"hsa-miR-136-5p","CUCCAUU",5,"targetscan","MIMAT0000448","hsa-miR-136-5p","MFSD6L","162387","ENSG00000185156","-0.223","predicted"
4,"hsa-miR-136-5p","CUCCAUU",5,"targetscan","MIMAT0000448","hsa-miR-136-5p","ZNF787","126208","ENSG00000142409","-0.223","predicted"
4,"hsa-miR-136-5p","CUCCAUU",5,"targetscan","MIMAT0000448","hsa-miR-136-5p","ZNF106","64397","ENSG00000103994","-0.223","predicted"
4,"hsa-miR-136-5p","CUCCAUU",5,"targetscan","MIMAT0000448","hsa-miR-136-5p","FUCA2","2519","ENSG00000001036","-0.223","predicted"
4,"hsa-miR-136-5p","CUCCAUU",5,"targetscan","MIMAT0000448","hsa-miR-136-5p","TMBIM6","7009","ENSG00000139644","-0.224","predicted"
4,"hsa-miR-136-5p","CUCCAUU",5,"targetscan","MIMAT0000448","hsa-miR-136-5p","DMGDH","29958","ENSG00000132837","-0.224","predicted"
4,"hsa-miR-136-5p","CUCCAUU",5,"targetscan","MIMAT0000448","hsa-miR-136-5p","CYP4F11","57834","ENSG00000171903","-0.224","predicted"
4,"hsa-miR-136-5p","CUCCAUU",5,"targetscan","MIMAT0000448","hsa-miR-136-5p","CLEC2D","29121","ENSG00000069493","-0.224","predicted"
4,"hsa-miR-136-5p","CUCCAUU",5,"targetscan","MIMAT0000448","hsa-miR-136-5p","SUDS3","64426","ENSG00000111707","-0.224","predicted"
4,"hsa-miR-136-5p","CUCCAUU",5,"targetscan","MIMAT0000448","hsa-miR-136-5p","VEGFB","7423","ENSG00000173511","-0.225","predicted"
4,"hsa-miR-136-5p","CUCCAUU",5,"targetscan","MIMAT0000448","hsa-miR-136-5p","DAO","1610","ENSG00000110887","-0.225","predicted"
4,"hsa-miR-136-5p","CUCCAUU",5,"targetscan","MIMAT0000448","hsa-miR-136-5p","LY6D","8581","ENSG00000167656","-0.226","predicted"
4,"hsa-miR-136-5p","CUCCAUU",5,"targetscan","MIMAT0000448","hsa-miR-136-5p","ZBTB6","10773","ENSG00000186130","-0.226","predicted"
4,"hsa-miR-136-5p","CUCCAUU",5,"targetscan","MIMAT0000448","hsa-miR-136-5p","EPC1","80314","ENSG00000120616","-0.226","predicted"
4,"hsa-miR-136-5p","CUCCAUU",5,"targetscan","MIMAT0000448","hsa-miR-136-5p","WBP2NL","164684","ENSG00000183066","-0.226","predicted"
4,"hsa-miR-136-5p","CUCCAUU",5,"targetscan","MIMAT0000448","hsa-miR-136-5p","HINT1","3094","ENSG00000169567","-0.226","predicted"
4,"hsa-miR-136-5p","CUCCAUU",5,"targetscan","MIMAT0000448","hsa-miR-136-5p","MRPL51","51258","ENSG00000111639","-0.226","predicted"
4,"hsa-miR-136-5p","CUCCAUU",5,"targetscan","MIMAT0000448","hsa-miR-136-5p","MIX23","131076","ENSG00000160124","-0.226","predicted"
4,"hsa-miR-136-5p","CUCCAUU",5,"targetscan","MIMAT0000448","hsa-miR-136-5p","PROCR","10544","ENSG00000101000","-0.227","predicted"
4,"hsa-miR-136-5p","CUCCAUU",5,"targetscan","MIMAT0000448","hsa-miR-136-5p","PSME4","23198","ENSG00000068878","-0.227","predicted"
4,"hsa-miR-136-5p","CUCCAUU",5,"targetscan","MIMAT0000448","hsa-miR-136-5p","FAM89A","375061","ENSG00000182118","-0.227","predicted"
4,"hsa-miR-136-5p","CUCCAUU",5,"targetscan","MIMAT0000448","hsa-miR-136-5p","TENM1","10178","ENSG00000009694","-0.227","predicted"
4,"hsa-miR-136-5p","CUCCAUU",5,"targetscan","MIMAT0000448","hsa-miR-136-5p","GIN1","54826","ENSG00000145723","-0.227","predicted"
4,"hsa-miR-136-5p","CUCCAUU",5,"targetscan","MIMAT0000448","hsa-miR-136-5p","EPHA5","2044","ENSG00000145242","-0.228","predicted"
4,"hsa-miR-136-5p","CUCCAUU",5,"targetscan","MIMAT0000448","hsa-miR-136-5p","BTNL9","153579","ENSG00000165810","-0.228","predicted"
4,"hsa-miR-136-5p","CUCCAUU",5,"targetscan","MIMAT0000448","hsa-miR-136-5p","ZG16","653808","ENSG00000174992","-0.228","predicted"
4,"hsa-miR-136-5p","CUCCAUU",5,"targetscan","MIMAT0000448","hsa-miR-136-5p","FHIP1B","84067","ENSG00000051009","-0.228","predicted"
4,"hsa-miR-136-5p","CUCCAUU",5,"targetscan","MIMAT0000448","hsa-miR-136-5p","DYNLT5","200132","ENSG00000152760","-0.228","predicted"
4,"hsa-miR-136-5p","CUCCAUU",5,"targetscan","MIMAT0000448","hsa-miR-136-5p","NOS2","4843","ENSG00000007171","-0.229","predicted"
4,"hsa-miR-136-5p","CUCCAUU",5,"targetscan","MIMAT0000448","hsa-miR-136-5p","TOMM22","56993","ENSG00000100216","-0.229","predicted"
4,"hsa-miR-136-5p","CUCCAUU",5,"targetscan","MIMAT0000448","hsa-miR-136-5p","FAM76A","199870","ENSG00000009780","-0.229","predicted"
4,"hsa-miR-136-5p","CUCCAUU",5,"targetscan","MIMAT0000448","hsa-miR-136-5p","TNFSF8","944","ENSG00000106952","-0.229","predicted"
4,"hsa-miR-136-5p","CUCCAUU",5,"targetscan","MIMAT0000448","hsa-miR-136-5p","ABHD16B","140701","ENSG00000183260","-0.229","predicted"
4,"hsa-miR-136-5p","CUCCAUU",5,"targetscan","MIMAT0000448","hsa-miR-136-5p","LUZP6","767558","ENSG00000267697","-0.229","predicted"
4,"hsa-miR-136-5p","CUCCAUU",5,"targetscan","MIMAT0000448","hsa-miR-136-5p","SPMIP11","255411","ENSG00000257987","-0.229","predicted"
4,"hsa-miR-136-5p","CUCCAUU",5,"targetscan","MIMAT0000448","hsa-miR-136-5p","RABGAP1L","9910","ENSG00000152061","-0.23","predicted"
4,"hsa-miR-136-5p","CUCCAUU",5,"targetscan","MIMAT0000448","hsa-miR-136-5p","GLIPR1","11010","ENSG00000139278","-0.23","predicted"
4,"hsa-miR-136-5p","CUCCAUU",5,"targetscan","MIMAT0000448","hsa-miR-136-5p","SHE","126669","ENSG00000169291","-0.23","predicted"
4,"hsa-miR-136-5p","CUCCAUU",5,"targetscan","MIMAT0000448","hsa-miR-136-5p","SCG5","6447","ENSG00000166922","-0.23","predicted"
4,"hsa-miR-136-5p","CUCCAUU",5,"targetscan","MIMAT0000448","hsa-miR-136-5p","SMPX","23676","ENSG00000091482","-0.23","predicted"
4,"hsa-miR-136-5p","CUCCAUU",5,"targetscan","MIMAT0000448","hsa-miR-136-5p","GPR158","57512","ENSG00000151025","-0.23","predicted"
4,"hsa-miR-136-5p","CUCCAUU",5,"targetscan","MIMAT0000448","hsa-miR-136-5p","ERG","2078","ENSG00000157554","-0.231","predicted"
4,"hsa-miR-136-5p","CUCCAUU",5,"targetscan","MIMAT0000448","hsa-miR-136-5p","FN1","2335","ENSG00000115414","-0.231","predicted"
4,"hsa-miR-136-5p","CUCCAUU",5,"targetscan","MIMAT0000448","hsa-miR-136-5p","UBE2D3","7323","ENSG00000109332","-0.231","predicted"
4,"hsa-miR-136-5p","CUCCAUU",5,"targetscan","MIMAT0000448","hsa-miR-136-5p","YARS2","51067","ENSG00000139131","-0.231","predicted"
4,"hsa-miR-136-5p","CUCCAUU",5,"targetscan","MIMAT0000448","hsa-miR-136-5p","CPLX4","339302","ENSG00000166569","-0.231","predicted"
4,"hsa-miR-136-5p","CUCCAUU",5,"targetscan","MIMAT0000448","hsa-miR-136-5p","SLC22A24","283238","ENSG00000197658","-0.231","predicted"
4,"hsa-miR-136-5p","CUCCAUU",5,"targetscan","MIMAT0000448","hsa-miR-136-5p","SLC35A1","10559","ENSG00000164414","-0.232","predicted"
4,"hsa-miR-136-5p","CUCCAUU",5,"targetscan","MIMAT0000448","hsa-miR-136-5p","BICD1","636","ENSG00000151746","-0.232","predicted"
4,"hsa-miR-136-5p","CUCCAUU",5,"targetscan","MIMAT0000448","hsa-miR-136-5p","IFIT2","3433","ENSG00000119922","-0.232","predicted"
4,"hsa-miR-136-5p","CUCCAUU",5,"targetscan","MIMAT0000448","hsa-miR-136-5p","OSBPL10","114884","ENSG00000144645","-0.232","predicted"
4,"hsa-miR-136-5p","CUCCAUU",5,"targetscan","MIMAT0000448","hsa-miR-136-5p","LRIG3","121227","ENSG00000139263","-0.232","predicted"
4,"hsa-miR-136-5p","CUCCAUU",5,"targetscan","MIMAT0000448","hsa-miR-136-5p","FNBP1","23048","ENSG00000187239","-0.233","predicted"
4,"hsa-miR-136-5p","CUCCAUU",5,"targetscan","MIMAT0000448","hsa-miR-136-5p","STK33","65975","ENSG00000130413","-0.233","predicted"
4,"hsa-miR-136-5p","CUCCAUU",5,"targetscan","MIMAT0000448","hsa-miR-136-5p","RAB9A","9367","ENSG00000123595","-0.233","predicted"
4,"hsa-miR-136-5p","CUCCAUU",5,"targetscan","MIMAT0000448","hsa-miR-136-5p","ATP5PB","515","ENSG00000116459","-0.233","predicted"
4,"hsa-miR-136-5p","CUCCAUU",5,"targetscan","MIMAT0000448","hsa-miR-136-5p","APOB","338","ENSG00000084674","-0.234","predicted"
4,"hsa-miR-136-5p","CUCCAUU",5,"targetscan","MIMAT0000448","hsa-miR-136-5p","VEGFD","2277","ENSG00000165197","-0.234","predicted"
4,"hsa-miR-136-5p","CUCCAUU",5,"targetscan","MIMAT0000448","hsa-miR-136-5p","SYNPR","132204","ENSG00000163630","-0.235","predicted"
4,"hsa-miR-136-5p","CUCCAUU",5,"targetscan","MIMAT0000448","hsa-miR-136-5p","CCDC125","202243","ENSG00000183323","-0.235","predicted"
4,"hsa-miR-136-5p","CUCCAUU",5,"targetscan","MIMAT0000448","hsa-miR-136-5p","SIKE1","80143","ENSG00000052723","-0.235","predicted"
4,"hsa-miR-136-5p","CUCCAUU",5,"targetscan","MIMAT0000448","hsa-miR-136-5p","RIMKLB","57494","ENSG00000166532","-0.235","predicted"
4,"hsa-miR-136-5p","CUCCAUU",5,"targetscan","MIMAT0000448","hsa-miR-136-5p","FUNDC1","139341","ENSG00000069509","-0.235","predicted"
4,"hsa-miR-136-5p","CUCCAUU",5,"targetscan","MIMAT0000448","hsa-miR-136-5p","RAB11FIP2","22841","ENSG00000107560","-0.236","predicted"
4,"hsa-miR-136-5p","CUCCAUU",5,"targetscan","MIMAT0000448","hsa-miR-136-5p","SERAC1","84947","ENSG00000122335","-0.236","predicted"
4,"hsa-miR-136-5p","CUCCAUU",5,"targetscan","MIMAT0000448","hsa-miR-136-5p","MIDN","90007","ENSG00000167470","-0.236","predicted"
4,"hsa-miR-136-5p","CUCCAUU",5,"targetscan","MIMAT0000448","hsa-miR-136-5p","EFCC1","79825","ENSG00000114654","-0.236","predicted"
4,"hsa-miR-136-5p","CUCCAUU",5,"targetscan","MIMAT0000448","hsa-miR-136-5p","ZG16","653808","ENSG00000174992","-0.236","predicted"
4,"hsa-miR-136-5p","CUCCAUU",5,"targetscan","MIMAT0000448","hsa-miR-136-5p","ALKAL1","389658","ENSG00000196711","-0.236","predicted"
4,"hsa-miR-136-5p","CUCCAUU",5,"targetscan","MIMAT0000448","hsa-miR-136-5p","CAVIN4","347273","ENSG00000170681","-0.236","predicted"
4,"hsa-miR-136-5p","CUCCAUU",5,"targetscan","MIMAT0000448","hsa-miR-136-5p","CREBZF","58487","ENSG00000137504","-0.237","predicted"
4,"hsa-miR-136-5p","CUCCAUU",5,"targetscan","MIMAT0000448","hsa-miR-136-5p","ZNF540","163255","ENSG00000171817","-0.237","predicted"
4,"hsa-miR-136-5p","CUCCAUU",5,"targetscan","MIMAT0000448","hsa-miR-136-5p","OLIG3","167826","ENSG00000177468","-0.237","predicted"
4,"hsa-miR-136-5p","CUCCAUU",5,"targetscan","MIMAT0000448","hsa-miR-136-5p","SPANXN5","494197","ENSG00000204363","-0.237","predicted"
4,"hsa-miR-136-5p","CUCCAUU",5,"targetscan","MIMAT0000448","hsa-miR-136-5p","TRIB1","10221","ENSG00000173334","-0.238","predicted"
4,"hsa-miR-136-5p","CUCCAUU",5,"targetscan","MIMAT0000448","hsa-miR-136-5p","RNASE4","6038","ENSG00000258818","-0.238","predicted"
4,"hsa-miR-136-5p","CUCCAUU",5,"targetscan","MIMAT0000448","hsa-miR-136-5p","TMF1","7110","ENSG00000144747","-0.238","predicted"
4,"hsa-miR-136-5p","CUCCAUU",5,"targetscan","MIMAT0000448","hsa-miR-136-5p","ZXDA","7789","ENSG00000198205","-0.238","predicted"
4,"hsa-miR-136-5p","CUCCAUU",5,"targetscan","MIMAT0000448","hsa-miR-136-5p","PDPN","10630","ENSG00000162493","-0.238","predicted"
4,"hsa-miR-136-5p","CUCCAUU",5,"targetscan","MIMAT0000448","hsa-miR-136-5p","MBOAT7","79143","ENSG00000125505","-0.238","predicted"
4,"hsa-miR-136-5p","CUCCAUU",5,"targetscan","MIMAT0000448","hsa-miR-136-5p","RBM7","10179","ENSG00000076053","-0.238","predicted"
4,"hsa-miR-136-5p","CUCCAUU",5,"targetscan","MIMAT0000448","hsa-miR-136-5p","ZKSCAN4","387032","ENSG00000187626","-0.238","predicted"
4,"hsa-miR-136-5p","CUCCAUU",5,"targetscan","MIMAT0000448","hsa-miR-136-5p","ZNF564","163050","ENSG00000249709","-0.238","predicted"
4,"hsa-miR-136-5p","CUCCAUU",5,"targetscan","MIMAT0000448","hsa-miR-136-5p","",NA,"ENSG00000220256","-0.238","predicted"
4,"hsa-miR-136-5p","CUCCAUU",5,"targetscan","MIMAT0000448","hsa-miR-136-5p","CD300LD-AS1","146723","ENSG00000182352","-0.238","predicted"
4,"hsa-miR-136-5p","CUCCAUU",5,"targetscan","MIMAT0000448","hsa-miR-136-5p","TXNIP","101060503","ENSG00000117289","-0.239","predicted"
4,"hsa-miR-136-5p","CUCCAUU",5,"targetscan","MIMAT0000448","hsa-miR-136-5p","CSTF2T","23283","ENSG00000177613","-0.239","predicted"
4,"hsa-miR-136-5p","CUCCAUU",5,"targetscan","MIMAT0000448","hsa-miR-136-5p","CNTN1","1272","ENSG00000018236","-0.239","predicted"
4,"hsa-miR-136-5p","CUCCAUU",5,"targetscan","MIMAT0000448","hsa-miR-136-5p","SLAMF7","57823","ENSG00000026751","-0.239","predicted"
4,"hsa-miR-136-5p","CUCCAUU",5,"targetscan","MIMAT0000448","hsa-miR-136-5p","PLP2","5355","ENSG00000102007","-0.24","predicted"
4,"hsa-miR-136-5p","CUCCAUU",5,"targetscan","MIMAT0000448","hsa-miR-136-5p","HLA-DRB5","3127","ENSG00000198502","-0.24","predicted"
4,"hsa-miR-136-5p","CUCCAUU",5,"targetscan","MIMAT0000448","hsa-miR-136-5p","SLC12A4","6560","ENSG00000124067","-0.24","predicted"
4,"hsa-miR-136-5p","CUCCAUU",5,"targetscan","MIMAT0000448","hsa-miR-136-5p","TFCP2","7024","ENSG00000135457","-0.24","predicted"
4,"hsa-miR-136-5p","CUCCAUU",5,"targetscan","MIMAT0000448","hsa-miR-136-5p","MALL","7851","ENSG00000144063","-0.24","predicted"
4,"hsa-miR-136-5p","CUCCAUU",5,"targetscan","MIMAT0000448","hsa-miR-136-5p","TBPL1","9519","ENSG00000028839","-0.24","predicted"
4,"hsa-miR-136-5p","CUCCAUU",5,"targetscan","MIMAT0000448","hsa-miR-136-5p","APOL1","8542","ENSG00000100342","-0.24","predicted"
4,"hsa-miR-136-5p","CUCCAUU",5,"targetscan","MIMAT0000448","hsa-miR-136-5p","NFKBIB","4793","ENSG00000104825","-0.24","predicted"
4,"hsa-miR-136-5p","CUCCAUU",5,"targetscan","MIMAT0000448","hsa-miR-136-5p","MALL","128966597","ENSG00000144063","-0.24","predicted"
4,"hsa-miR-136-5p","CUCCAUU",5,"targetscan","MIMAT0000448","hsa-miR-136-5p","MID1","4281","ENSG00000101871","-0.241","predicted"
4,"hsa-miR-136-5p","CUCCAUU",5,"targetscan","MIMAT0000448","hsa-miR-136-5p","RYBP","23429","ENSG00000163602","-0.241","predicted"
4,"hsa-miR-136-5p","CUCCAUU",5,"targetscan","MIMAT0000448","hsa-miR-136-5p","NABP1","64859","ENSG00000173559","-0.241","predicted"
4,"hsa-miR-136-5p","CUCCAUU",5,"targetscan","MIMAT0000448","hsa-miR-136-5p","STRN3","29966","ENSG00000196792","-0.241","predicted"
4,"hsa-miR-136-5p","CUCCAUU",5,"targetscan","MIMAT0000448","hsa-miR-136-5p","ZNF768","79724","ENSG00000169957","-0.241","predicted"
4,"hsa-miR-136-5p","CUCCAUU",5,"targetscan","MIMAT0000448","hsa-miR-136-5p","TMPRSS11F","389208","ENSG00000198092","-0.241","predicted"
4,"hsa-miR-136-5p","CUCCAUU",5,"targetscan","MIMAT0000448","hsa-miR-136-5p","","6038","ENSG00000259171","-0.241","predicted"
4,"hsa-miR-136-5p","CUCCAUU",5,"targetscan","MIMAT0000448","hsa-miR-136-5p","ZBTB8B","728116","ENSG00000273274","-0.241","predicted"
4,"hsa-miR-136-5p","CUCCAUU",5,"targetscan","MIMAT0000448","hsa-miR-136-5p","RBMXL1","494115","ENSG00000213516","-0.242","predicted"
4,"hsa-miR-136-5p","CUCCAUU",5,"targetscan","MIMAT0000448","hsa-miR-136-5p","ACP1","52","ENSG00000143727","-0.242","predicted"
4,"hsa-miR-136-5p","CUCCAUU",5,"targetscan","MIMAT0000448","hsa-miR-136-5p","FOXE1","2304","ENSG00000178919","-0.242","predicted"
4,"hsa-miR-136-5p","CUCCAUU",5,"targetscan","MIMAT0000448","hsa-miR-136-5p","FHL5","9457","ENSG00000112214","-0.242","predicted"
4,"hsa-miR-136-5p","CUCCAUU",5,"targetscan","MIMAT0000448","hsa-miR-136-5p","RANBP3L","202151","ENSG00000164188","-0.242","predicted"
4,"hsa-miR-136-5p","CUCCAUU",5,"targetscan","MIMAT0000448","hsa-miR-136-5p","CD28","940","ENSG00000178562","-0.243","predicted"
4,"hsa-miR-136-5p","CUCCAUU",5,"targetscan","MIMAT0000448","hsa-miR-136-5p","RNASE1","6035","ENSG00000129538","-0.243","predicted"
4,"hsa-miR-136-5p","CUCCAUU",5,"targetscan","MIMAT0000448","hsa-miR-136-5p","ZNF365","22891","ENSG00000138311","-0.243","predicted"
4,"hsa-miR-136-5p","CUCCAUU",5,"targetscan","MIMAT0000448","hsa-miR-136-5p","CCDC18","343099","ENSG00000122483","-0.243","predicted"
4,"hsa-miR-136-5p","CUCCAUU",5,"targetscan","MIMAT0000448","hsa-miR-136-5p","CLVS2","134829","ENSG00000146352","-0.243","predicted"
4,"hsa-miR-136-5p","CUCCAUU",5,"targetscan","MIMAT0000448","hsa-miR-136-5p","AC079210.1",NA,"ENSG00000269657","-0.243","predicted"
4,"hsa-miR-136-5p","CUCCAUU",5,"targetscan","MIMAT0000448","hsa-miR-136-5p","DNAJB14","79982","ENSG00000164031","-0.244","predicted"
4,"hsa-miR-136-5p","CUCCAUU",5,"targetscan","MIMAT0000448","hsa-miR-136-5p","PPP1R18","170954","ENSG00000146112","-0.244","predicted"
4,"hsa-miR-136-5p","CUCCAUU",5,"targetscan","MIMAT0000448","hsa-miR-136-5p","TMEM9","252839","ENSG00000116857","-0.244","predicted"
4,"hsa-miR-136-5p","CUCCAUU",5,"targetscan","MIMAT0000448","hsa-miR-136-5p","NEXMIF","340533","ENSG00000050030","-0.244","predicted"
4,"hsa-miR-136-5p","CUCCAUU",5,"targetscan","MIMAT0000448","hsa-miR-136-5p","PPP1R18","107987457","ENSG00000146112","-0.244","predicted"
4,"hsa-miR-136-5p","CUCCAUU",5,"targetscan","MIMAT0000448","hsa-miR-136-5p","ZNHIT3",NA,"ENSG00000108278","-0.244","predicted"
4,"hsa-miR-136-5p","CUCCAUU",5,"targetscan","MIMAT0000448","hsa-miR-136-5p","CEP15","57415","ENSG00000114405","-0.244","predicted"
4,"hsa-miR-136-5p","CUCCAUU",5,"targetscan","MIMAT0000448","hsa-miR-136-5p","ETS2","2114","ENSG00000157557","-0.245","predicted"
4,"hsa-miR-136-5p","CUCCAUU",5,"targetscan","MIMAT0000448","hsa-miR-136-5p","WASF3","10810","ENSG00000132970","-0.245","predicted"
4,"hsa-miR-136-5p","CUCCAUU",5,"targetscan","MIMAT0000448","hsa-miR-136-5p","XPO7","23039","ENSG00000130227","-0.245","predicted"
4,"hsa-miR-136-5p","CUCCAUU",5,"targetscan","MIMAT0000448","hsa-miR-136-5p","FAM149A","25854","ENSG00000109794","-0.245","predicted"
4,"hsa-miR-136-5p","CUCCAUU",5,"targetscan","MIMAT0000448","hsa-miR-136-5p","ZNF224","7767","ENSG00000267680","-0.245","predicted"
4,"hsa-miR-136-5p","CUCCAUU",5,"targetscan","MIMAT0000448","hsa-miR-136-5p","CCDC93","54520","ENSG00000125633","-0.245","predicted"
4,"hsa-miR-136-5p","CUCCAUU",5,"targetscan","MIMAT0000448","hsa-miR-136-5p","JAML","120425","ENSG00000160593","-0.245","predicted"
4,"hsa-miR-136-5p","CUCCAUU",5,"targetscan","MIMAT0000448","hsa-miR-136-5p","OTULIN","90268","ENSG00000154124","-0.245","predicted"
4,"hsa-miR-136-5p","CUCCAUU",5,"targetscan","MIMAT0000448","hsa-miR-136-5p","AL589765.1",NA,"ENSG00000240510","-0.245","predicted"
4,"hsa-miR-136-5p","CUCCAUU",5,"targetscan","MIMAT0000448","hsa-miR-136-5p","RAN","5901","ENSG00000132341","-0.246","predicted"
4,"hsa-miR-136-5p","CUCCAUU",5,"targetscan","MIMAT0000448","hsa-miR-136-5p","TCF12","6938","ENSG00000140262","-0.246","predicted"
4,"hsa-miR-136-5p","CUCCAUU",5,"targetscan","MIMAT0000448","hsa-miR-136-5p","REEP5","7905","ENSG00000129625","-0.246","predicted"
4,"hsa-miR-136-5p","CUCCAUU",5,"targetscan","MIMAT0000448","hsa-miR-136-5p","AFAP1L1","134265","ENSG00000157510","-0.246","predicted"
4,"hsa-miR-136-5p","CUCCAUU",5,"targetscan","MIMAT0000448","hsa-miR-136-5p","FABP2","2169","ENSG00000145384","-0.247","predicted"
4,"hsa-miR-136-5p","CUCCAUU",5,"targetscan","MIMAT0000448","hsa-miR-136-5p","BMP3","651","ENSG00000152785","-0.247","predicted"
4,"hsa-miR-136-5p","CUCCAUU",5,"targetscan","MIMAT0000448","hsa-miR-136-5p","DHFR2","200895","ENSG00000178700","-0.247","predicted"
4,"hsa-miR-136-5p","CUCCAUU",5,"targetscan","MIMAT0000448","hsa-miR-136-5p","STING1","340061","ENSG00000184584","-0.247","predicted"
4,"hsa-miR-136-5p","CUCCAUU",5,"targetscan","MIMAT0000448","hsa-miR-136-5p","WNT2","7472","ENSG00000105989","-0.248","predicted"
4,"hsa-miR-136-5p","CUCCAUU",5,"targetscan","MIMAT0000448","hsa-miR-136-5p","SMOC2","64094","ENSG00000112562","-0.248","predicted"
4,"hsa-miR-136-5p","CUCCAUU",5,"targetscan","MIMAT0000448","hsa-miR-136-5p","CT62","196993","ENSG00000225362","-0.248","predicted"
4,"hsa-miR-136-5p","CUCCAUU",5,"targetscan","MIMAT0000448","hsa-miR-136-5p","S100A6","6277","ENSG00000197956","-0.248","predicted"
4,"hsa-miR-136-5p","CUCCAUU",5,"targetscan","MIMAT0000448","hsa-miR-136-5p","MGC39545","403312","ENSG00000255537","-0.248","predicted"
4,"hsa-miR-136-5p","CUCCAUU",5,"targetscan","MIMAT0000448","hsa-miR-136-5p","CGAS","115004","ENSG00000164430","-0.248","predicted"
4,"hsa-miR-136-5p","CUCCAUU",5,"targetscan","MIMAT0000448","hsa-miR-136-5p","APP","351","ENSG00000142192","-0.249","predicted"
4,"hsa-miR-136-5p","CUCCAUU",5,"targetscan","MIMAT0000448","hsa-miR-136-5p","EML1","2009","ENSG00000066629","-0.249","predicted"
4,"hsa-miR-136-5p","CUCCAUU",5,"targetscan","MIMAT0000448","hsa-miR-136-5p","FAT3","120114","ENSG00000165323","-0.249","predicted"
4,"hsa-miR-136-5p","CUCCAUU",5,"targetscan","MIMAT0000448","hsa-miR-136-5p","NUDT5","11164","ENSG00000165609","-0.249","predicted"
4,"hsa-miR-136-5p","CUCCAUU",5,"targetscan","MIMAT0000448","hsa-miR-136-5p","STRIP1","85369","ENSG00000143093","-0.249","predicted"
4,"hsa-miR-136-5p","CUCCAUU",5,"targetscan","MIMAT0000448","hsa-miR-136-5p","FAM81B","153643","ENSG00000153347","-0.249","predicted"
4,"hsa-miR-136-5p","CUCCAUU",5,"targetscan","MIMAT0000448","hsa-miR-136-5p","C21orf62","56245","ENSG00000205929","-0.25","predicted"
4,"hsa-miR-136-5p","CUCCAUU",5,"targetscan","MIMAT0000448","hsa-miR-136-5p","ZIC5","85416","ENSG00000139800","-0.25","predicted"
4,"hsa-miR-136-5p","CUCCAUU",5,"targetscan","MIMAT0000448","hsa-miR-136-5p","AC007461.1",NA,"ENSG00000267893","-0.25","predicted"
4,"hsa-miR-136-5p","CUCCAUU",5,"targetscan","MIMAT0000448","hsa-miR-136-5p","GON4L","54856","ENSG00000116580","-0.251","predicted"
4,"hsa-miR-136-5p","CUCCAUU",5,"targetscan","MIMAT0000448","hsa-miR-136-5p","CTNNA3","29119","ENSG00000183230","-0.251","predicted"
4,"hsa-miR-136-5p","CUCCAUU",5,"targetscan","MIMAT0000448","hsa-miR-136-5p","EVA1A","84141","ENSG00000115363","-0.251","predicted"
4,"hsa-miR-136-5p","CUCCAUU",5,"targetscan","MIMAT0000448","hsa-miR-136-5p","ASAH1","427","ENSG00000104763","-0.252","predicted"
4,"hsa-miR-136-5p","CUCCAUU",5,"targetscan","MIMAT0000448","hsa-miR-136-5p","POU3F2","5454","ENSG00000184486","-0.252","predicted"
4,"hsa-miR-136-5p","CUCCAUU",5,"targetscan","MIMAT0000448","hsa-miR-136-5p","CCPG1","9236","ENSG00000260916","-0.252","predicted"
4,"hsa-miR-136-5p","CUCCAUU",5,"targetscan","MIMAT0000448","hsa-miR-136-5p","GDF6","392255","ENSG00000156466","-0.252","predicted"
4,"hsa-miR-136-5p","CUCCAUU",5,"targetscan","MIMAT0000448","hsa-miR-136-5p","PCDHB5","26167","ENSG00000113209","-0.252","predicted"
4,"hsa-miR-136-5p","CUCCAUU",5,"targetscan","MIMAT0000448","hsa-miR-136-5p","RBM41","55285","ENSG00000089682","-0.253","predicted"
4,"hsa-miR-136-5p","CUCCAUU",5,"targetscan","MIMAT0000448","hsa-miR-136-5p","ZNF555","148254","ENSG00000186300","-0.253","predicted"
4,"hsa-miR-136-5p","CUCCAUU",5,"targetscan","MIMAT0000448","hsa-miR-136-5p","ST6GALNAC3","256435","ENSG00000184005","-0.253","predicted"
4,"hsa-miR-136-5p","CUCCAUU",5,"targetscan","MIMAT0000448","hsa-miR-136-5p","BIRC5","332","ENSG00000089685","-0.254","predicted"
4,"hsa-miR-136-5p","CUCCAUU",5,"targetscan","MIMAT0000448","hsa-miR-136-5p","CNTF","1270","ENSG00000242689","-0.254","predicted"
4,"hsa-miR-136-5p","CUCCAUU",5,"targetscan","MIMAT0000448","hsa-miR-136-5p","ARHGAP25","9938","ENSG00000163219","-0.254","predicted"
4,"hsa-miR-136-5p","CUCCAUU",5,"targetscan","MIMAT0000448","hsa-miR-136-5p","ADCY1","107","ENSG00000164742","-0.254","predicted"
4,"hsa-miR-136-5p","CUCCAUU",5,"targetscan","MIMAT0000448","hsa-miR-136-5p","PLAAT3","11145","ENSG00000176485","-0.255","predicted"
4,"hsa-miR-136-5p","CUCCAUU",5,"targetscan","MIMAT0000448","hsa-miR-136-5p","CCN2","1490","ENSG00000118523","-0.255","predicted"
4,"hsa-miR-136-5p","CUCCAUU",5,"targetscan","MIMAT0000448","hsa-miR-136-5p","CBLIF","2694","ENSG00000134812","-0.255","predicted"
4,"hsa-miR-136-5p","CUCCAUU",5,"targetscan","MIMAT0000448","hsa-miR-136-5p","MLLT11","10962","ENSG00000213190","-0.256","predicted"
4,"hsa-miR-136-5p","CUCCAUU",5,"targetscan","MIMAT0000448","hsa-miR-136-5p","PI15","51050","ENSG00000137558","-0.256","predicted"
4,"hsa-miR-136-5p","CUCCAUU",5,"targetscan","MIMAT0000448","hsa-miR-136-5p","IFRG15","163590","ENSG00000258664","-0.256","predicted"
4,"hsa-miR-136-5p","CUCCAUU",5,"targetscan","MIMAT0000448","hsa-miR-136-5p","EDC4","23644","ENSG00000038358","-0.257","predicted"
4,"hsa-miR-136-5p","CUCCAUU",5,"targetscan","MIMAT0000448","hsa-miR-136-5p","MRS2","57380","ENSG00000124532","-0.257","predicted"
4,"hsa-miR-136-5p","CUCCAUU",5,"targetscan","MIMAT0000448","hsa-miR-136-5p","CD84","8832","ENSG00000066294","-0.257","predicted"
4,"hsa-miR-136-5p","CUCCAUU",5,"targetscan","MIMAT0000448","hsa-miR-136-5p","TTC5","91875","ENSG00000136319","-0.257","predicted"
4,"hsa-miR-136-5p","CUCCAUU",5,"targetscan","MIMAT0000448","hsa-miR-136-5p","TSPAN33","340348","ENSG00000158457","-0.257","predicted"
4,"hsa-miR-136-5p","CUCCAUU",5,"targetscan","MIMAT0000448","hsa-miR-136-5p","ZNF133","7692","ENSG00000125846","-0.258","predicted"
4,"hsa-miR-136-5p","CUCCAUU",5,"targetscan","MIMAT0000448","hsa-miR-136-5p","DCTN6","10671","ENSG00000104671","-0.258","predicted"
4,"hsa-miR-136-5p","CUCCAUU",5,"targetscan","MIMAT0000448","hsa-miR-136-5p","ARHGEF4","50649","ENSG00000136002","-0.258","predicted"
4,"hsa-miR-136-5p","CUCCAUU",5,"targetscan","MIMAT0000448","hsa-miR-136-5p","ZSWIM7","125150","ENSG00000214941","-0.258","predicted"
4,"hsa-miR-136-5p","CUCCAUU",5,"targetscan","MIMAT0000448","hsa-miR-136-5p","EPGN","255324","ENSG00000182585","-0.258","predicted"
4,"hsa-miR-136-5p","CUCCAUU",5,"targetscan","MIMAT0000448","hsa-miR-136-5p","C18orf32","497661","ENSG00000177576","-0.258","predicted"
4,"hsa-miR-136-5p","CUCCAUU",5,"targetscan","MIMAT0000448","hsa-miR-136-5p","CCDC50","152137","ENSG00000152492","-0.258","predicted"
4,"hsa-miR-136-5p","CUCCAUU",5,"targetscan","MIMAT0000448","hsa-miR-136-5p","CYP51A1","1595","ENSG00000001630","-0.259","predicted"
4,"hsa-miR-136-5p","CUCCAUU",5,"targetscan","MIMAT0000448","hsa-miR-136-5p","NCBP2","22916","ENSG00000114503","-0.259","predicted"
4,"hsa-miR-136-5p","CUCCAUU",5,"targetscan","MIMAT0000448","hsa-miR-136-5p","RGS21","431704","ENSG00000253148","-0.259","predicted"
4,"hsa-miR-136-5p","CUCCAUU",5,"targetscan","MIMAT0000448","hsa-miR-136-5p","GNPNAT1","64841","ENSG00000100522","-0.26","predicted"
4,"hsa-miR-136-5p","CUCCAUU",5,"targetscan","MIMAT0000448","hsa-miR-136-5p","NUTM1","256646","ENSG00000184507","-0.26","predicted"
4,"hsa-miR-136-5p","CUCCAUU",5,"targetscan","MIMAT0000448","hsa-miR-136-5p","NOS1AP","9722","ENSG00000198929","-0.26","predicted"
4,"hsa-miR-136-5p","CUCCAUU",5,"targetscan","MIMAT0000448","hsa-miR-136-5p","MAPK1IP1L","93487","ENSG00000168175","-0.261","predicted"
4,"hsa-miR-136-5p","CUCCAUU",5,"targetscan","MIMAT0000448","hsa-miR-136-5p","GREM2","64388","ENSG00000180875","-0.261","predicted"
4,"hsa-miR-136-5p","CUCCAUU",5,"targetscan","MIMAT0000448","hsa-miR-136-5p","STT3B","201595","ENSG00000163527","-0.262","predicted"
4,"hsa-miR-136-5p","CUCCAUU",5,"targetscan","MIMAT0000448","hsa-miR-136-5p","RXYLT1","10329","ENSG00000118600","-0.262","predicted"
4,"hsa-miR-136-5p","CUCCAUU",5,"targetscan","MIMAT0000448","hsa-miR-136-5p","CHODL","140578","ENSG00000154645","-0.263","predicted"
4,"hsa-miR-136-5p","CUCCAUU",5,"targetscan","MIMAT0000448","hsa-miR-136-5p","GTPBP8","29083","ENSG00000163607","-0.263","predicted"
4,"hsa-miR-136-5p","CUCCAUU",5,"targetscan","MIMAT0000448","hsa-miR-136-5p","SC5D","6309","ENSG00000109929","-0.263","predicted"
4,"hsa-miR-136-5p","CUCCAUU",5,"targetscan","MIMAT0000448","hsa-miR-136-5p","UBE2H","7328","ENSG00000186591","-0.263","predicted"
4,"hsa-miR-136-5p","CUCCAUU",5,"targetscan","MIMAT0000448","hsa-miR-136-5p","NDUFAF7","55471","ENSG00000003509","-0.263","predicted"
4,"hsa-miR-136-5p","CUCCAUU",5,"targetscan","MIMAT0000448","hsa-miR-136-5p","NAP1L5","266812","ENSG00000177432","-0.263","predicted"
4,"hsa-miR-136-5p","CUCCAUU",5,"targetscan","MIMAT0000448","hsa-miR-136-5p","MED28","80306","ENSG00000118579","-0.264","predicted"
4,"hsa-miR-136-5p","CUCCAUU",5,"targetscan","MIMAT0000448","hsa-miR-136-5p","UBD","10537","ENSG00000213886","-0.264","predicted"
4,"hsa-miR-136-5p","CUCCAUU",5,"targetscan","MIMAT0000448","hsa-miR-136-5p","RNF139","11236","ENSG00000170881","-0.264","predicted"
4,"hsa-miR-136-5p","CUCCAUU",5,"targetscan","MIMAT0000448","hsa-miR-136-5p","PPDPF","79144","ENSG00000125534","-0.264","predicted"
4,"hsa-miR-136-5p","CUCCAUU",5,"targetscan","MIMAT0000448","hsa-miR-136-5p","ITGA8","8516","ENSG00000077943","-0.264","predicted"
4,"hsa-miR-136-5p","CUCCAUU",5,"targetscan","MIMAT0000448","hsa-miR-136-5p","SETX","23064","ENSG00000107290","-0.265","predicted"
4,"hsa-miR-136-5p","CUCCAUU",5,"targetscan","MIMAT0000448","hsa-miR-136-5p","SLC35E4","339665","ENSG00000100036","-0.266","predicted"
4,"hsa-miR-136-5p","CUCCAUU",5,"targetscan","MIMAT0000448","hsa-miR-136-5p","BTNL8","79908","ENSG00000113303","-0.266","predicted"
4,"hsa-miR-136-5p","CUCCAUU",5,"targetscan","MIMAT0000448","hsa-miR-136-5p","C1QTNF7","114905","ENSG00000163145","-0.266","predicted"
4,"hsa-miR-136-5p","CUCCAUU",5,"targetscan","MIMAT0000448","hsa-miR-136-5p","ZFP14","57677","ENSG00000142065","-0.267","predicted"
4,"hsa-miR-136-5p","CUCCAUU",5,"targetscan","MIMAT0000448","hsa-miR-136-5p","RPL24","6152","ENSG00000114391","-0.267","predicted"
4,"hsa-miR-136-5p","CUCCAUU",5,"targetscan","MIMAT0000448","hsa-miR-136-5p","MEI4","101928601","ENSG00000269964","-0.267","predicted"
4,"hsa-miR-136-5p","CUCCAUU",5,"targetscan","MIMAT0000448","hsa-miR-136-5p","SLC33A1","9197","ENSG00000169359","-0.268","predicted"
4,"hsa-miR-136-5p","CUCCAUU",5,"targetscan","MIMAT0000448","hsa-miR-136-5p","CCDC171","203238","ENSG00000164989","-0.268","predicted"
4,"hsa-miR-136-5p","CUCCAUU",5,"targetscan","MIMAT0000448","hsa-miR-136-5p","HSD17B12","51144","ENSG00000149084","-0.269","predicted"
4,"hsa-miR-136-5p","CUCCAUU",5,"targetscan","MIMAT0000448","hsa-miR-136-5p","ANKRD46","157567","ENSG00000186106","-0.269","predicted"
4,"hsa-miR-136-5p","CUCCAUU",5,"targetscan","MIMAT0000448","hsa-miR-136-5p","SIGLEC14","100049587","ENSG00000254415","-0.269","predicted"
4,"hsa-miR-136-5p","CUCCAUU",5,"targetscan","MIMAT0000448","hsa-miR-136-5p","PRDM5","11107","ENSG00000138738","-0.269","predicted"
4,"hsa-miR-136-5p","CUCCAUU",5,"targetscan","MIMAT0000448","hsa-miR-136-5p","FGF1","2246","ENSG00000113578","-0.27","predicted"
4,"hsa-miR-136-5p","CUCCAUU",5,"targetscan","MIMAT0000448","hsa-miR-136-5p","BTN3A1","11119","ENSG00000026950","-0.27","predicted"
4,"hsa-miR-136-5p","CUCCAUU",5,"targetscan","MIMAT0000448","hsa-miR-136-5p","AP3M1","26985","ENSG00000185009","-0.27","predicted"
4,"hsa-miR-136-5p","CUCCAUU",5,"targetscan","MIMAT0000448","hsa-miR-136-5p","CYTL1","54360","ENSG00000170891","-0.27","predicted"
4,"hsa-miR-136-5p","CUCCAUU",5,"targetscan","MIMAT0000448","hsa-miR-136-5p","CNPY1","285888","ENSG00000146910","-0.27","predicted"
4,"hsa-miR-136-5p","CUCCAUU",5,"targetscan","MIMAT0000448","hsa-miR-136-5p","RHD","6007","ENSG00000187010","-0.27","predicted"
4,"hsa-miR-136-5p","CUCCAUU",5,"targetscan","MIMAT0000448","hsa-miR-136-5p","LCE2A","353139","ENSG00000187173","-0.27","predicted"
4,"hsa-miR-136-5p","CUCCAUU",5,"targetscan","MIMAT0000448","hsa-miR-136-5p","IER5","51278","ENSG00000162783","-0.271","predicted"
4,"hsa-miR-136-5p","CUCCAUU",5,"targetscan","MIMAT0000448","hsa-miR-136-5p","GPT2","84706","ENSG00000166123","-0.271","predicted"
4,"hsa-miR-136-5p","CUCCAUU",5,"targetscan","MIMAT0000448","hsa-miR-136-5p","CNDP1","84735","ENSG00000150656","-0.271","predicted"
4,"hsa-miR-136-5p","CUCCAUU",5,"targetscan","MIMAT0000448","hsa-miR-136-5p","PNRC2","55629","ENSG00000189266","-0.271","predicted"
4,"hsa-miR-136-5p","CUCCAUU",5,"targetscan","MIMAT0000448","hsa-miR-136-5p","GTF2I",NA,"ENSG00000077809","-0.271","predicted"
4,"hsa-miR-136-5p","CUCCAUU",5,"targetscan","MIMAT0000448","hsa-miR-136-5p","IGFBP4","3487","ENSG00000141753","-0.272","predicted"
4,"hsa-miR-136-5p","CUCCAUU",5,"targetscan","MIMAT0000448","hsa-miR-136-5p","CDC14A","8556","ENSG00000079335","-0.272","predicted"
4,"hsa-miR-136-5p","CUCCAUU",5,"targetscan","MIMAT0000448","hsa-miR-136-5p","PRR15L","79170","ENSG00000167183","-0.273","predicted"
4,"hsa-miR-136-5p","CUCCAUU",5,"targetscan","MIMAT0000448","hsa-miR-136-5p","PAQR8","85315","ENSG00000170915","-0.273","predicted"
4,"hsa-miR-136-5p","CUCCAUU",5,"targetscan","MIMAT0000448","hsa-miR-136-5p","NLRP10","338322","ENSG00000182261","-0.273","predicted"
4,"hsa-miR-136-5p","CUCCAUU",5,"targetscan","MIMAT0000448","hsa-miR-136-5p","TMEM78","677790","ENSG00000177800","-0.274","predicted"
4,"hsa-miR-136-5p","CUCCAUU",5,"targetscan","MIMAT0000448","hsa-miR-136-5p","SEPHS1","22929","ENSG00000086475","-0.275","predicted"
4,"hsa-miR-136-5p","CUCCAUU",5,"targetscan","MIMAT0000448","hsa-miR-136-5p","KCNJ13","3769","ENSG00000115474","-0.275","predicted"
4,"hsa-miR-136-5p","CUCCAUU",5,"targetscan","MIMAT0000448","hsa-miR-136-5p","ZFP37","7539","ENSG00000136866","-0.275","predicted"
4,"hsa-miR-136-5p","CUCCAUU",5,"targetscan","MIMAT0000448","hsa-miR-136-5p","PPP2R2A","5520","ENSG00000221914","-0.276","predicted"
4,"hsa-miR-136-5p","CUCCAUU",5,"targetscan","MIMAT0000448","hsa-miR-136-5p","TIMM9","26520","ENSG00000100575","-0.276","predicted"
4,"hsa-miR-136-5p","CUCCAUU",5,"targetscan","MIMAT0000448","hsa-miR-136-5p","BRWD1","54014","ENSG00000185658","-0.276","predicted"
4,"hsa-miR-136-5p","CUCCAUU",5,"targetscan","MIMAT0000448","hsa-miR-136-5p","RHOH","399","ENSG00000168421","-0.276","predicted"
4,"hsa-miR-136-5p","CUCCAUU",5,"targetscan","MIMAT0000448","hsa-miR-136-5p","PLA2G2C","391013","ENSG00000187980","-0.276","predicted"
4,"hsa-miR-136-5p","CUCCAUU",5,"targetscan","MIMAT0000448","hsa-miR-136-5p","RADIL","55698","ENSG00000157927","-0.277","predicted"
4,"hsa-miR-136-5p","CUCCAUU",5,"targetscan","MIMAT0000448","hsa-miR-136-5p","CPEB2","132864","ENSG00000137449","-0.277","predicted"
4,"hsa-miR-136-5p","CUCCAUU",5,"targetscan","MIMAT0000448","hsa-miR-136-5p","NDUFA4","4697","ENSG00000189043","-0.278","predicted"
4,"hsa-miR-136-5p","CUCCAUU",5,"targetscan","MIMAT0000448","hsa-miR-136-5p","AKTIP","64400","ENSG00000166971","-0.278","predicted"
4,"hsa-miR-136-5p","CUCCAUU",5,"targetscan","MIMAT0000448","hsa-miR-136-5p","ABCC12","94160","ENSG00000140798","-0.278","predicted"
4,"hsa-miR-136-5p","CUCCAUU",5,"targetscan","MIMAT0000448","hsa-miR-136-5p","PLAAT3","11145","ENSG00000176485","-0.278","predicted"
4,"hsa-miR-136-5p","CUCCAUU",5,"targetscan","MIMAT0000448","hsa-miR-136-5p","ZNF488",NA,"ENSG00000165388","-0.278","predicted"
4,"hsa-miR-136-5p","CUCCAUU",5,"targetscan","MIMAT0000448","hsa-miR-136-5p","LINC02656",NA,"ENSG00000212743","-0.278","predicted"
4,"hsa-miR-136-5p","CUCCAUU",5,"targetscan","MIMAT0000448","hsa-miR-136-5p","ZNF215","7762","ENSG00000149054","-0.279","predicted"
4,"hsa-miR-136-5p","CUCCAUU",5,"targetscan","MIMAT0000448","hsa-miR-136-5p","UBE2D4","51619","ENSG00000078967","-0.279","predicted"
4,"hsa-miR-136-5p","CUCCAUU",5,"targetscan","MIMAT0000448","hsa-miR-136-5p","ALS2","57679","ENSG00000003393","-0.28","predicted"
4,"hsa-miR-136-5p","CUCCAUU",5,"targetscan","MIMAT0000448","hsa-miR-136-5p","C5orf63","401207","ENSG00000164241","-0.28","predicted"
4,"hsa-miR-136-5p","CUCCAUU",5,"targetscan","MIMAT0000448","hsa-miR-136-5p","MPZL1","9019","ENSG00000197965","-0.281","predicted"
4,"hsa-miR-136-5p","CUCCAUU",5,"targetscan","MIMAT0000448","hsa-miR-136-5p","ZFAND1","79752","ENSG00000104231","-0.281","predicted"
4,"hsa-miR-136-5p","CUCCAUU",5,"targetscan","MIMAT0000448","hsa-miR-136-5p","TTI2","80185","ENSG00000129696","-0.281","predicted"
4,"hsa-miR-136-5p","CUCCAUU",5,"targetscan","MIMAT0000448","hsa-miR-136-5p","INSL4","3641","ENSG00000120211","-0.282","predicted"
4,"hsa-miR-136-5p","CUCCAUU",5,"targetscan","MIMAT0000448","hsa-miR-136-5p","CDH7","1005","ENSG00000081138","-0.282","predicted"
4,"hsa-miR-136-5p","CUCCAUU",5,"targetscan","MIMAT0000448","hsa-miR-136-5p","MTERF2","80298","ENSG00000120832","-0.282","predicted"
4,"hsa-miR-136-5p","CUCCAUU",5,"targetscan","MIMAT0000448","hsa-miR-136-5p","STMND1","401236","ENSG00000230873","-0.283","predicted"
4,"hsa-miR-136-5p","CUCCAUU",5,"targetscan","MIMAT0000448","hsa-miR-136-5p","ACSM3","6296","ENSG00000005187","-0.283","predicted"
4,"hsa-miR-136-5p","CUCCAUU",5,"targetscan","MIMAT0000448","hsa-miR-136-5p","MIEF2","125170","ENSG00000177427","-0.283","predicted"
4,"hsa-miR-136-5p","CUCCAUU",5,"targetscan","MIMAT0000448","hsa-miR-136-5p","TNRC6A","27327","ENSG00000090905","-0.284","predicted"
4,"hsa-miR-136-5p","CUCCAUU",5,"targetscan","MIMAT0000448","hsa-miR-136-5p","IFNGR1","3459","ENSG00000027697","-0.284","predicted"
4,"hsa-miR-136-5p","CUCCAUU",5,"targetscan","MIMAT0000448","hsa-miR-136-5p","CD300LD-AS1","146723","ENSG00000182352","-0.284","predicted"
4,"hsa-miR-136-5p","CUCCAUU",5,"targetscan","MIMAT0000448","hsa-miR-136-5p","SUCLG2","8801","ENSG00000172340","-0.285","predicted"
4,"hsa-miR-136-5p","CUCCAUU",5,"targetscan","MIMAT0000448","hsa-miR-136-5p","PPP1R14C","81706","ENSG00000198729","-0.285","predicted"
4,"hsa-miR-136-5p","CUCCAUU",5,"targetscan","MIMAT0000448","hsa-miR-136-5p","SHISA4","149345","ENSG00000198892","-0.285","predicted"
4,"hsa-miR-136-5p","CUCCAUU",5,"targetscan","MIMAT0000448","hsa-miR-136-5p","C18orf32","497661","ENSG00000177576","-0.285","predicted"
4,"hsa-miR-136-5p","CUCCAUU",5,"targetscan","MIMAT0000448","hsa-miR-136-5p","ZNF281","23528","ENSG00000162702","-0.286","predicted"
4,"hsa-miR-136-5p","CUCCAUU",5,"targetscan","MIMAT0000448","hsa-miR-136-5p","TMEM50B","757","ENSG00000142188","-0.287","predicted"
4,"hsa-miR-136-5p","CUCCAUU",5,"targetscan","MIMAT0000448","hsa-miR-136-5p","RNF2","6045","ENSG00000121481","-0.287","predicted"
4,"hsa-miR-136-5p","CUCCAUU",5,"targetscan","MIMAT0000448","hsa-miR-136-5p","CPPED1","55313","ENSG00000103381","-0.288","predicted"
4,"hsa-miR-136-5p","CUCCAUU",5,"targetscan","MIMAT0000448","hsa-miR-136-5p","NUBPL","80224","ENSG00000151413","-0.288","predicted"
4,"hsa-miR-136-5p","CUCCAUU",5,"targetscan","MIMAT0000448","hsa-miR-136-5p","TMEM223","79064","ENSG00000168569","-0.288","predicted"
4,"hsa-miR-136-5p","CUCCAUU",5,"targetscan","MIMAT0000448","hsa-miR-136-5p","BTN3A2","11118","ENSG00000186470","-0.288","predicted"
4,"hsa-miR-136-5p","CUCCAUU",5,"targetscan","MIMAT0000448","hsa-miR-136-5p","CASP10","843","ENSG00000003400","-0.288","predicted"
4,"hsa-miR-136-5p","CUCCAUU",5,"targetscan","MIMAT0000448","hsa-miR-136-5p","PLGLB2","5342","ENSG00000125551","-0.288","predicted"
4,"hsa-miR-136-5p","CUCCAUU",5,"targetscan","MIMAT0000448","hsa-miR-136-5p","F2RL2","2151","ENSG00000164220","-0.288","predicted"
4,"hsa-miR-136-5p","CUCCAUU",5,"targetscan","MIMAT0000448","hsa-miR-136-5p","L3MBTL1","26013","ENSG00000185513","-0.288","predicted"
4,"hsa-miR-136-5p","CUCCAUU",5,"targetscan","MIMAT0000448","hsa-miR-136-5p","MAP3K6","9064","ENSG00000142733","-0.289","predicted"
4,"hsa-miR-136-5p","CUCCAUU",5,"targetscan","MIMAT0000448","hsa-miR-136-5p","ENPP3","5169","ENSG00000154269","-0.289","predicted"
4,"hsa-miR-136-5p","CUCCAUU",5,"targetscan","MIMAT0000448","hsa-miR-136-5p","PSMD7","5713","ENSG00000103035","-0.29","predicted"
4,"hsa-miR-136-5p","CUCCAUU",5,"targetscan","MIMAT0000448","hsa-miR-136-5p","POP5","51367","ENSG00000167272","-0.29","predicted"
4,"hsa-miR-136-5p","CUCCAUU",5,"targetscan","MIMAT0000448","hsa-miR-136-5p","PLGLB1","5343","ENSG00000183281","-0.29","predicted"
4,"hsa-miR-136-5p","CUCCAUU",5,"targetscan","MIMAT0000448","hsa-miR-136-5p","IGSF1","3547","ENSG00000147255","-0.291","predicted"
4,"hsa-miR-136-5p","CUCCAUU",5,"targetscan","MIMAT0000448","hsa-miR-136-5p","HS3ST3A1","9955","ENSG00000153976","-0.291","predicted"
4,"hsa-miR-136-5p","CUCCAUU",5,"targetscan","MIMAT0000448","hsa-miR-136-5p","BBS1","582","ENSG00000174483","-0.291","predicted"
4,"hsa-miR-136-5p","CUCCAUU",5,"targetscan","MIMAT0000448","hsa-miR-136-5p","ENAH","55740","ENSG00000154380","-0.292","predicted"
4,"hsa-miR-136-5p","CUCCAUU",5,"targetscan","MIMAT0000448","hsa-miR-136-5p","INSC","387755","ENSG00000188487","-0.292","predicted"
4,"hsa-miR-136-5p","CUCCAUU",5,"targetscan","MIMAT0000448","hsa-miR-136-5p","POTEI","653269","ENSG00000196834","-0.292","predicted"
4,"hsa-miR-136-5p","CUCCAUU",5,"targetscan","MIMAT0000448","hsa-miR-136-5p","MARCHF5","54708","ENSG00000198060","-0.292","predicted"
4,"hsa-miR-136-5p","CUCCAUU",5,"targetscan","MIMAT0000448","hsa-miR-136-5p","UBE3D","90025","ENSG00000118420","-0.293","predicted"
4,"hsa-miR-136-5p","CUCCAUU",5,"targetscan","MIMAT0000448","hsa-miR-136-5p","GOLT1B","51026","ENSG00000111711","-0.294","predicted"
4,"hsa-miR-136-5p","CUCCAUU",5,"targetscan","MIMAT0000448","hsa-miR-136-5p","KCTD17","79734","ENSG00000100379","-0.294","predicted"
4,"hsa-miR-136-5p","CUCCAUU",5,"targetscan","MIMAT0000448","hsa-miR-136-5p","TMEM123","114908","ENSG00000152558","-0.294","predicted"
4,"hsa-miR-136-5p","CUCCAUU",5,"targetscan","MIMAT0000448","hsa-miR-136-5p","TRIM52","84851","ENSG00000183718","-0.294","predicted"
4,"hsa-miR-136-5p","CUCCAUU",5,"targetscan","MIMAT0000448","hsa-miR-136-5p","NR2F2","7026","ENSG00000185551","-0.295","predicted"
4,"hsa-miR-136-5p","CUCCAUU",5,"targetscan","MIMAT0000448","hsa-miR-136-5p","CCDC18","343099","ENSG00000122483","-0.295","predicted"
4,"hsa-miR-136-5p","CUCCAUU",5,"targetscan","MIMAT0000448","hsa-miR-136-5p","TP53AIP1","63970","ENSG00000120471","-0.296","predicted"
4,"hsa-miR-136-5p","CUCCAUU",5,"targetscan","MIMAT0000448","hsa-miR-136-5p","ZNF440","126070","ENSG00000171295","-0.296","predicted"
4,"hsa-miR-136-5p","CUCCAUU",5,"targetscan","MIMAT0000448","hsa-miR-136-5p","RTL8A","26071","ENSG00000203950","-0.296","predicted"
4,"hsa-miR-136-5p","CUCCAUU",5,"targetscan","MIMAT0000448","hsa-miR-136-5p","KLHDC8A","55220","ENSG00000162873","-0.297","predicted"
4,"hsa-miR-136-5p","CUCCAUU",5,"targetscan","MIMAT0000448","hsa-miR-136-5p","",NA,"ENSG00000272297","-0.297","predicted"
4,"hsa-miR-136-5p","CUCCAUU",5,"targetscan","MIMAT0000448","hsa-miR-136-5p","P2RY2","5029","ENSG00000175591","-0.298","predicted"
4,"hsa-miR-136-5p","CUCCAUU",5,"targetscan","MIMAT0000448","hsa-miR-136-5p","AC139426.2",NA,"ENSG00000233812","-0.298","predicted"
4,"hsa-miR-136-5p","CUCCAUU",5,"targetscan","MIMAT0000448","hsa-miR-136-5p","PCDHB14","56122","ENSG00000120327","-0.299","predicted"
4,"hsa-miR-136-5p","CUCCAUU",5,"targetscan","MIMAT0000448","hsa-miR-136-5p","KCNAB1","7881","ENSG00000169282","-0.299","predicted"
4,"hsa-miR-136-5p","CUCCAUU",5,"targetscan","MIMAT0000448","hsa-miR-136-5p","SNAP47","116841","ENSG00000143740","-0.299","predicted"
4,"hsa-miR-136-5p","CUCCAUU",5,"targetscan","MIMAT0000448","hsa-miR-136-5p","MTRFR","91574","ENSG00000130921","-0.299","predicted"
4,"hsa-miR-136-5p","CUCCAUU",5,"targetscan","MIMAT0000448","hsa-miR-136-5p","MAGT1","84061","ENSG00000102158","-0.3","predicted"
4,"hsa-miR-136-5p","CUCCAUU",5,"targetscan","MIMAT0000448","hsa-miR-136-5p","NT5C1A","84618","ENSG00000116981","-0.3","predicted"
4,"hsa-miR-136-5p","CUCCAUU",5,"targetscan","MIMAT0000448","hsa-miR-136-5p","PYCARD","29108","ENSG00000103490","-0.301","predicted"
4,"hsa-miR-136-5p","CUCCAUU",5,"targetscan","MIMAT0000448","hsa-miR-136-5p","COL6A6","131873","ENSG00000206384","-0.301","predicted"
4,"hsa-miR-136-5p","CUCCAUU",5,"targetscan","MIMAT0000448","hsa-miR-136-5p","FGF19","9965","ENSG00000162344","-0.301","predicted"
4,"hsa-miR-136-5p","CUCCAUU",5,"targetscan","MIMAT0000448","hsa-miR-136-5p","EBI3","10148","ENSG00000105246","-0.301","predicted"
4,"hsa-miR-136-5p","CUCCAUU",5,"targetscan","MIMAT0000448","hsa-miR-136-5p","MEX3C","51320","ENSG00000176624","-0.302","predicted"
4,"hsa-miR-136-5p","CUCCAUU",5,"targetscan","MIMAT0000448","hsa-miR-136-5p","RIN2","54453","ENSG00000132669","-0.302","predicted"
4,"hsa-miR-136-5p","CUCCAUU",5,"targetscan","MIMAT0000448","hsa-miR-136-5p","PPP4R1L","55370","ENSG00000124224","-0.302","predicted"
4,"hsa-miR-136-5p","CUCCAUU",5,"targetscan","MIMAT0000448","hsa-miR-136-5p","DYNC2H1","79659","ENSG00000187240","-0.302","predicted"
4,"hsa-miR-136-5p","CUCCAUU",5,"targetscan","MIMAT0000448","hsa-miR-136-5p","KIF12","113220","ENSG00000136883","-0.302","predicted"
4,"hsa-miR-136-5p","CUCCAUU",5,"targetscan","MIMAT0000448","hsa-miR-136-5p","CD3G","917","ENSG00000160654","-0.303","predicted"
4,"hsa-miR-136-5p","CUCCAUU",5,"targetscan","MIMAT0000448","hsa-miR-136-5p","ZNF525","170958","ENSG00000203326","-0.303","predicted"
4,"hsa-miR-136-5p","CUCCAUU",5,"targetscan","MIMAT0000448","hsa-miR-136-5p","GLE1","2733","ENSG00000119392","-0.304","predicted"
4,"hsa-miR-136-5p","CUCCAUU",5,"targetscan","MIMAT0000448","hsa-miR-136-5p","TMEM106B","54664","ENSG00000106460","-0.304","predicted"
4,"hsa-miR-136-5p","CUCCAUU",5,"targetscan","MIMAT0000448","hsa-miR-136-5p","APOB","338","ENSG00000084674","-0.304","predicted"
4,"hsa-miR-136-5p","CUCCAUU",5,"targetscan","MIMAT0000448","hsa-miR-136-5p","ANGPTL3","27329","ENSG00000132855","-0.304","predicted"
4,"hsa-miR-136-5p","CUCCAUU",5,"targetscan","MIMAT0000448","hsa-miR-136-5p","","582","ENSG00000256349","-0.304","predicted"
4,"hsa-miR-136-5p","CUCCAUU",5,"targetscan","MIMAT0000448","hsa-miR-136-5p","IFI16","3428","ENSG00000163565","-0.305","predicted"
4,"hsa-miR-136-5p","CUCCAUU",5,"targetscan","MIMAT0000448","hsa-miR-136-5p","MRPL51","51258","ENSG00000111639","-0.305","predicted"
4,"hsa-miR-136-5p","CUCCAUU",5,"targetscan","MIMAT0000448","hsa-miR-136-5p","EMCN","51705","ENSG00000164035","-0.306","predicted"
4,"hsa-miR-136-5p","CUCCAUU",5,"targetscan","MIMAT0000448","hsa-miR-136-5p","PPP6R1","22870","ENSG00000105063","-0.306","predicted"
4,"hsa-miR-136-5p","CUCCAUU",5,"targetscan","MIMAT0000448","hsa-miR-136-5p","PTPN20","26095","ENSG00000204179","-0.306","predicted"
4,"hsa-miR-136-5p","CUCCAUU",5,"targetscan","MIMAT0000448","hsa-miR-136-5p","PTPN20B",NA,"ENSG00000183675","-0.306","predicted"
4,"hsa-miR-136-5p","CUCCAUU",5,"targetscan","MIMAT0000448","hsa-miR-136-5p","STRN3","29966","ENSG00000196792","-0.307","predicted"
4,"hsa-miR-136-5p","CUCCAUU",5,"targetscan","MIMAT0000448","hsa-miR-136-5p","H2BC4","8347","ENSG00000180596","-0.308","predicted"
4,"hsa-miR-136-5p","CUCCAUU",5,"targetscan","MIMAT0000448","hsa-miR-136-5p","MAGEB4","4115","ENSG00000120289","-0.309","predicted"
4,"hsa-miR-136-5p","CUCCAUU",5,"targetscan","MIMAT0000448","hsa-miR-136-5p","AVIL","10677","ENSG00000135407","-0.31","predicted"
4,"hsa-miR-136-5p","CUCCAUU",5,"targetscan","MIMAT0000448","hsa-miR-136-5p","OSBP","5007","ENSG00000110048","-0.314","predicted"
4,"hsa-miR-136-5p","CUCCAUU",5,"targetscan","MIMAT0000448","hsa-miR-136-5p","BEST3","144453","ENSG00000127325","-0.314","predicted"
4,"hsa-miR-136-5p","CUCCAUU",5,"targetscan","MIMAT0000448","hsa-miR-136-5p","SLFN12L","100506736","ENSG00000205045","-0.314","predicted"
4,"hsa-miR-136-5p","CUCCAUU",5,"targetscan","MIMAT0000448","hsa-miR-136-5p","GNAS","2778","ENSG00000087460","-0.315","predicted"
4,"hsa-miR-136-5p","CUCCAUU",5,"targetscan","MIMAT0000448","hsa-miR-136-5p","TVP23B","51030","ENSG00000171928","-0.315","predicted"
4,"hsa-miR-136-5p","CUCCAUU",5,"targetscan","MIMAT0000448","hsa-miR-136-5p","AL589765.1",NA,"ENSG00000240510","-0.315","predicted"
4,"hsa-miR-136-5p","CUCCAUU",5,"targetscan","MIMAT0000448","hsa-miR-136-5p","TMEM65","157378","ENSG00000164983","-0.316","predicted"
4,"hsa-miR-136-5p","CUCCAUU",5,"targetscan","MIMAT0000448","hsa-miR-136-5p","TPD52","7163","ENSG00000076554","-0.317","predicted"
4,"hsa-miR-136-5p","CUCCAUU",5,"targetscan","MIMAT0000448","hsa-miR-136-5p","TPD52","124188259","ENSG00000076554","-0.317","predicted"
4,"hsa-miR-136-5p","CUCCAUU",5,"targetscan","MIMAT0000448","hsa-miR-136-5p","SNX24","28966","ENSG00000064652","-0.318","predicted"
4,"hsa-miR-136-5p","CUCCAUU",5,"targetscan","MIMAT0000448","hsa-miR-136-5p","SLC15A4","121260","ENSG00000139370","-0.319","predicted"
4,"hsa-miR-136-5p","CUCCAUU",5,"targetscan","MIMAT0000448","hsa-miR-136-5p","MTHFS","10588","ENSG00000136371","-0.319","predicted"
4,"hsa-miR-136-5p","CUCCAUU",5,"targetscan","MIMAT0000448","hsa-miR-136-5p","PITPNB","23760","ENSG00000180957","-0.319","predicted"
4,"hsa-miR-136-5p","CUCCAUU",5,"targetscan","MIMAT0000448","hsa-miR-136-5p","GRIK1-AS2",NA,"ENSG00000183653","-0.319","predicted"
4,"hsa-miR-136-5p","CUCCAUU",5,"targetscan","MIMAT0000448","hsa-miR-136-5p","KCNS3","3790","ENSG00000170745","-0.32","predicted"
4,"hsa-miR-136-5p","CUCCAUU",5,"targetscan","MIMAT0000448","hsa-miR-136-5p","GJA5","101060613","ENSG00000143140","-0.32","predicted"
4,"hsa-miR-136-5p","CUCCAUU",5,"targetscan","MIMAT0000448","hsa-miR-136-5p","CEP57","9702","ENSG00000166037","-0.32","predicted"
4,"hsa-miR-136-5p","CUCCAUU",5,"targetscan","MIMAT0000448","hsa-miR-136-5p","FAM120A","23196","ENSG00000048828","-0.322","predicted"
4,"hsa-miR-136-5p","CUCCAUU",5,"targetscan","MIMAT0000448","hsa-miR-136-5p","PCBD2","84105","ENSG00000132570","-0.322","predicted"
4,"hsa-miR-136-5p","CUCCAUU",5,"targetscan","MIMAT0000448","hsa-miR-136-5p","PPP2R2A","5520","ENSG00000221914","-0.323","predicted"
4,"hsa-miR-136-5p","CUCCAUU",5,"targetscan","MIMAT0000448","hsa-miR-136-5p","SAMD7","344658","ENSG00000187033","-0.323","predicted"
4,"hsa-miR-136-5p","CUCCAUU",5,"targetscan","MIMAT0000448","hsa-miR-136-5p","TMEM33","55161","ENSG00000109133","-0.324","predicted"
4,"hsa-miR-136-5p","CUCCAUU",5,"targetscan","MIMAT0000448","hsa-miR-136-5p","EXOC4","60412","ENSG00000131558","-0.324","predicted"
4,"hsa-miR-136-5p","CUCCAUU",5,"targetscan","MIMAT0000448","hsa-miR-136-5p","ST20-MTHFS","100528021","ENSG00000259332","-0.324","predicted"
4,"hsa-miR-136-5p","CUCCAUU",5,"targetscan","MIMAT0000448","hsa-miR-136-5p","VMAC","400673","ENSG00000187650","-0.325","predicted"
4,"hsa-miR-136-5p","CUCCAUU",5,"targetscan","MIMAT0000448","hsa-miR-136-5p","TPBG","7162","ENSG00000146242","-0.326","predicted"
4,"hsa-miR-136-5p","CUCCAUU",5,"targetscan","MIMAT0000448","hsa-miR-136-5p","ERGIC2","51290","ENSG00000087502","-0.326","predicted"
4,"hsa-miR-136-5p","CUCCAUU",5,"targetscan","MIMAT0000448","hsa-miR-136-5p","B3GNT5","84002","ENSG00000176597","-0.326","predicted"
4,"hsa-miR-136-5p","CUCCAUU",5,"targetscan","MIMAT0000448","hsa-miR-136-5p","DYRK4","8798","ENSG00000010219","-0.326","predicted"
4,"hsa-miR-136-5p","CUCCAUU",5,"targetscan","MIMAT0000448","hsa-miR-136-5p","RSPO3","84870","ENSG00000146374","-0.328","predicted"
4,"hsa-miR-136-5p","CUCCAUU",5,"targetscan","MIMAT0000448","hsa-miR-136-5p","OR4D1","26689","ENSG00000141194","-0.328","predicted"
4,"hsa-miR-136-5p","CUCCAUU",5,"targetscan","MIMAT0000448","hsa-miR-136-5p","HTR7","3363","ENSG00000148680","-0.329","predicted"
4,"hsa-miR-136-5p","CUCCAUU",5,"targetscan","MIMAT0000448","hsa-miR-136-5p","APOL4","80832","ENSG00000100336","-0.329","predicted"
4,"hsa-miR-136-5p","CUCCAUU",5,"targetscan","MIMAT0000448","hsa-miR-136-5p","CABP4","57010","ENSG00000175544","-0.329","predicted"
4,"hsa-miR-136-5p","CUCCAUU",5,"targetscan","MIMAT0000448","hsa-miR-136-5p","ELP3","55140","ENSG00000134014","-0.33","predicted"
4,"hsa-miR-136-5p","CUCCAUU",5,"targetscan","MIMAT0000448","hsa-miR-136-5p","DNAI7","55259","ENSG00000118307","-0.33","predicted"
4,"hsa-miR-136-5p","CUCCAUU",5,"targetscan","MIMAT0000448","hsa-miR-136-5p","C4orf19","55286","ENSG00000154274","-0.332","predicted"
4,"hsa-miR-136-5p","CUCCAUU",5,"targetscan","MIMAT0000448","hsa-miR-136-5p","ZNF225","7768","ENSG00000256294","-0.332","predicted"
4,"hsa-miR-136-5p","CUCCAUU",5,"targetscan","MIMAT0000448","hsa-miR-136-5p","SGIP1","84251","ENSG00000118473","-0.333","predicted"
4,"hsa-miR-136-5p","CUCCAUU",5,"targetscan","MIMAT0000448","hsa-miR-136-5p","TPM3","7170","ENSG00000143549","-0.334","predicted"
4,"hsa-miR-136-5p","CUCCAUU",5,"targetscan","MIMAT0000448","hsa-miR-136-5p","ILF3","3609","ENSG00000129351","-0.335","predicted"
4,"hsa-miR-136-5p","CUCCAUU",5,"targetscan","MIMAT0000448","hsa-miR-136-5p","HSD17B10","3028","ENSG00000072506","-0.336","predicted"
4,"hsa-miR-136-5p","CUCCAUU",5,"targetscan","MIMAT0000448","hsa-miR-136-5p","MON2","23041","ENSG00000061987","-0.336","predicted"
4,"hsa-miR-136-5p","CUCCAUU",5,"targetscan","MIMAT0000448","hsa-miR-136-5p","IPCEF1","26034","ENSG00000074706","-0.337","predicted"
4,"hsa-miR-136-5p","CUCCAUU",5,"targetscan","MIMAT0000448","hsa-miR-136-5p","AMT","275","ENSG00000145020","-0.338","predicted"
4,"hsa-miR-136-5p","CUCCAUU",5,"targetscan","MIMAT0000448","hsa-miR-136-5p","PMP22","5376","ENSG00000109099","-0.338","predicted"
4,"hsa-miR-136-5p","CUCCAUU",5,"targetscan","MIMAT0000448","hsa-miR-136-5p","ELOVL2","54898","ENSG00000197977","-0.339","predicted"
4,"hsa-miR-136-5p","CUCCAUU",5,"targetscan","MIMAT0000448","hsa-miR-136-5p","PLEKHF2","79666","ENSG00000175895","-0.34","predicted"
4,"hsa-miR-136-5p","CUCCAUU",5,"targetscan","MIMAT0000448","hsa-miR-136-5p","ZNF668","79759","ENSG00000167394","-0.34","predicted"
4,"hsa-miR-136-5p","CUCCAUU",5,"targetscan","MIMAT0000448","hsa-miR-136-5p","OR13H1","347468","ENSG00000171054","-0.341","predicted"
4,"hsa-miR-136-5p","CUCCAUU",5,"targetscan","MIMAT0000448","hsa-miR-136-5p","POLR2D","5433","ENSG00000144231","-0.342","predicted"
4,"hsa-miR-136-5p","CUCCAUU",5,"targetscan","MIMAT0000448","hsa-miR-136-5p","ZNF655","79027","ENSG00000197343","-0.342","predicted"
4,"hsa-miR-136-5p","CUCCAUU",5,"targetscan","MIMAT0000448","hsa-miR-136-5p","ZKSCAN7","55888","ENSG00000196345","-0.344","predicted"
4,"hsa-miR-136-5p","CUCCAUU",5,"targetscan","MIMAT0000448","hsa-miR-136-5p","APOL2","23780","ENSG00000128335","-0.345","predicted"
4,"hsa-miR-136-5p","CUCCAUU",5,"targetscan","MIMAT0000448","hsa-miR-136-5p","RPUSD4","84881","ENSG00000165526","-0.345","predicted"
4,"hsa-miR-136-5p","CUCCAUU",5,"targetscan","MIMAT0000448","hsa-miR-136-5p","IP6K1","9807","ENSG00000176095","-0.345","predicted"
4,"hsa-miR-136-5p","CUCCAUU",5,"targetscan","MIMAT0000448","hsa-miR-136-5p","CTTNBP2","83992","ENSG00000077063","-0.345","predicted"
4,"hsa-miR-136-5p","CUCCAUU",5,"targetscan","MIMAT0000448","hsa-miR-136-5p","TWSG1","57045","ENSG00000128791","-0.346","predicted"
4,"hsa-miR-136-5p","CUCCAUU",5,"targetscan","MIMAT0000448","hsa-miR-136-5p","C10orf12","26148","ENSG00000155640","-0.346","predicted"
4,"hsa-miR-136-5p","CUCCAUU",5,"targetscan","MIMAT0000448","hsa-miR-136-5p","",NA,"ENSG00000214919","-0.346","predicted"
4,"hsa-miR-136-5p","CUCCAUU",5,"targetscan","MIMAT0000448","hsa-miR-136-5p","MICOS10","440574","ENSG00000173436","-0.346","predicted"
4,"hsa-miR-136-5p","CUCCAUU",5,"targetscan","MIMAT0000448","hsa-miR-136-5p","EXOSC2","23404","ENSG00000130713","-0.347","predicted"
4,"hsa-miR-136-5p","CUCCAUU",5,"targetscan","MIMAT0000448","hsa-miR-136-5p","SYNC","81493","ENSG00000162520","-0.347","predicted"
4,"hsa-miR-136-5p","CUCCAUU",5,"targetscan","MIMAT0000448","hsa-miR-136-5p","HDHD2","84064","ENSG00000167220","-0.348","predicted"
4,"hsa-miR-136-5p","CUCCAUU",5,"targetscan","MIMAT0000448","hsa-miR-136-5p","MRPS16","51021","ENSG00000182180","-0.348","predicted"
4,"hsa-miR-136-5p","CUCCAUU",5,"targetscan","MIMAT0000448","hsa-miR-136-5p","POLR3B","55703","ENSG00000013503","-0.348","predicted"
4,"hsa-miR-136-5p","CUCCAUU",5,"targetscan","MIMAT0000448","hsa-miR-136-5p","SRR","63826","ENSG00000167720","-0.348","predicted"
4,"hsa-miR-136-5p","CUCCAUU",5,"targetscan","MIMAT0000448","hsa-miR-136-5p","TMEM30A","55754","ENSG00000112697","-0.349","predicted"
4,"hsa-miR-136-5p","CUCCAUU",5,"targetscan","MIMAT0000448","hsa-miR-136-5p","ZNF879","345462","ENSG00000234284","-0.349","predicted"
4,"hsa-miR-136-5p","CUCCAUU",5,"targetscan","MIMAT0000448","hsa-miR-136-5p","FAM241A","132720","ENSG00000174749","-0.35","predicted"
4,"hsa-miR-136-5p","CUCCAUU",5,"targetscan","MIMAT0000448","hsa-miR-136-5p","ZNF823","55552","ENSG00000197933","-0.351","predicted"
4,"hsa-miR-136-5p","CUCCAUU",5,"targetscan","MIMAT0000448","hsa-miR-136-5p","TRPM8","79054","ENSG00000144481","-0.351","predicted"
4,"hsa-miR-136-5p","CUCCAUU",5,"targetscan","MIMAT0000448","hsa-miR-136-5p","AKR7L","246181","ENSG00000211454","-0.351","predicted"
4,"hsa-miR-136-5p","CUCCAUU",5,"targetscan","MIMAT0000448","hsa-miR-136-5p","RMDN2","151393","ENSG00000115841","-0.352","predicted"
4,"hsa-miR-136-5p","CUCCAUU",5,"targetscan","MIMAT0000448","hsa-miR-136-5p","OR1L8","138881","ENSG00000171496","-0.352","predicted"
4,"hsa-miR-136-5p","CUCCAUU",5,"targetscan","MIMAT0000448","hsa-miR-136-5p","B4GALNT2","124872","ENSG00000167080","-0.354","predicted"
4,"hsa-miR-136-5p","CUCCAUU",5,"targetscan","MIMAT0000448","hsa-miR-136-5p","QPCT","25797","ENSG00000115828","-0.354","predicted"
4,"hsa-miR-136-5p","CUCCAUU",5,"targetscan","MIMAT0000448","hsa-miR-136-5p","TMEM167B","56900","ENSG00000215717","-0.354","predicted"
4,"hsa-miR-136-5p","CUCCAUU",5,"targetscan","MIMAT0000448","hsa-miR-136-5p","RIMKLB","57494","ENSG00000166532","-0.354","predicted"
4,"hsa-miR-136-5p","CUCCAUU",5,"targetscan","MIMAT0000448","hsa-miR-136-5p","KTI12","112970","ENSG00000198841","-0.354","predicted"
4,"hsa-miR-136-5p","CUCCAUU",5,"targetscan","MIMAT0000448","hsa-miR-136-5p","ZRSR2P1",NA,"ENSG00000212643","-0.354","predicted"
4,"hsa-miR-136-5p","CUCCAUU",5,"targetscan","MIMAT0000448","hsa-miR-136-5p","ZNF846","162993","ENSG00000196605","-0.355","predicted"
4,"hsa-miR-136-5p","CUCCAUU",5,"targetscan","MIMAT0000448","hsa-miR-136-5p","ZNF846","100505555","ENSG00000196605","-0.355","predicted"
4,"hsa-miR-136-5p","CUCCAUU",5,"targetscan","MIMAT0000448","hsa-miR-136-5p","ZNF302","55900","ENSG00000089335","-0.356","predicted"
4,"hsa-miR-136-5p","CUCCAUU",5,"targetscan","MIMAT0000448","hsa-miR-136-5p","UCHL5","51377","ENSG00000116750","-0.356","predicted"
4,"hsa-miR-136-5p","CUCCAUU",5,"targetscan","MIMAT0000448","hsa-miR-136-5p","COQ4","51117","ENSG00000167113","-0.356","predicted"
4,"hsa-miR-136-5p","CUCCAUU",5,"targetscan","MIMAT0000448","hsa-miR-136-5p","YPEL3","83719","ENSG00000090238","-0.357","predicted"
4,"hsa-miR-136-5p","CUCCAUU",5,"targetscan","MIMAT0000448","hsa-miR-136-5p","PPP4R4","57718","ENSG00000119698","-0.357","predicted"
4,"hsa-miR-136-5p","CUCCAUU",5,"targetscan","MIMAT0000448","hsa-miR-136-5p","",NA,"ENSG00000253207","-0.357","predicted"
4,"hsa-miR-136-5p","CUCCAUU",5,"targetscan","MIMAT0000448","hsa-miR-136-5p","ETF1","2107","ENSG00000120705","-0.359","predicted"
4,"hsa-miR-136-5p","CUCCAUU",5,"targetscan","MIMAT0000448","hsa-miR-136-5p","ZNF667","63934","ENSG00000198046","-0.36","predicted"
4,"hsa-miR-136-5p","CUCCAUU",5,"targetscan","MIMAT0000448","hsa-miR-136-5p","BTBD19","149478","ENSG00000222009","-0.362","predicted"
4,"hsa-miR-136-5p","CUCCAUU",5,"targetscan","MIMAT0000448","hsa-miR-136-5p","API5","8539","ENSG00000166181","-0.363","predicted"
4,"hsa-miR-136-5p","CUCCAUU",5,"targetscan","MIMAT0000448","hsa-miR-136-5p","ADH7","131","ENSG00000196344","-0.363","predicted"
4,"hsa-miR-136-5p","CUCCAUU",5,"targetscan","MIMAT0000448","hsa-miR-136-5p","DPAGT1","1798","ENSG00000172269","-0.364","predicted"
4,"hsa-miR-136-5p","CUCCAUU",5,"targetscan","MIMAT0000448","hsa-miR-136-5p","CNOT7","29883","ENSG00000198791","-0.365","predicted"
4,"hsa-miR-136-5p","CUCCAUU",5,"targetscan","MIMAT0000448","hsa-miR-136-5p","EXOSC7","23016","ENSG00000075914","-0.365","predicted"
4,"hsa-miR-136-5p","CUCCAUU",5,"targetscan","MIMAT0000448","hsa-miR-136-5p","BDP1","55814","ENSG00000145734","-0.367","predicted"
4,"hsa-miR-136-5p","CUCCAUU",5,"targetscan","MIMAT0000448","hsa-miR-136-5p","EXO1","9156","ENSG00000174371","-0.368","predicted"
4,"hsa-miR-136-5p","CUCCAUU",5,"targetscan","MIMAT0000448","hsa-miR-136-5p","ZNF248","57209","ENSG00000198105","-0.369","predicted"
4,"hsa-miR-136-5p","CUCCAUU",5,"targetscan","MIMAT0000448","hsa-miR-136-5p","SYNPR","132204","ENSG00000163630","-0.369","predicted"
4,"hsa-miR-136-5p","CUCCAUU",5,"targetscan","MIMAT0000448","hsa-miR-136-5p","FAM47E-STBD1","100631383","ENSG00000272414","-0.37","predicted"
4,"hsa-miR-136-5p","CUCCAUU",5,"targetscan","MIMAT0000448","hsa-miR-136-5p","PRPF38B","55119","ENSG00000134186","-0.371","predicted"
4,"hsa-miR-136-5p","CUCCAUU",5,"targetscan","MIMAT0000448","hsa-miR-136-5p","",NA,"ENSG00000269514","-0.373","predicted"
4,"hsa-miR-136-5p","CUCCAUU",5,"targetscan","MIMAT0000448","hsa-miR-136-5p","TFAP2C","7022","ENSG00000087510","-0.374","predicted"
4,"hsa-miR-136-5p","CUCCAUU",5,"targetscan","MIMAT0000448","hsa-miR-136-5p","FBXO3","26273","ENSG00000110429","-0.374","predicted"
4,"hsa-miR-136-5p","CUCCAUU",5,"targetscan","MIMAT0000448","hsa-miR-136-5p","MRPS14","63931","ENSG00000120333","-0.374","predicted"
4,"hsa-miR-136-5p","CUCCAUU",5,"targetscan","MIMAT0000448","hsa-miR-136-5p","SEC11A","23478","ENSG00000140612","-0.375","predicted"
4,"hsa-miR-136-5p","CUCCAUU",5,"targetscan","MIMAT0000448","hsa-miR-136-5p","SLC31A2","1318","ENSG00000136867","-0.375","predicted"
4,"hsa-miR-136-5p","CUCCAUU",5,"targetscan","MIMAT0000448","hsa-miR-136-5p","DUXA","503835","ENSG00000258873","-0.375","predicted"
4,"hsa-miR-136-5p","CUCCAUU",5,"targetscan","MIMAT0000448","hsa-miR-136-5p","ZNF560","147741","ENSG00000198028","-0.375","predicted"
4,"hsa-miR-136-5p","CUCCAUU",5,"targetscan","MIMAT0000448","hsa-miR-136-5p","TIMM17A","10440","ENSG00000134375","-0.376","predicted"
4,"hsa-miR-136-5p","CUCCAUU",5,"targetscan","MIMAT0000448","hsa-miR-136-5p","PBLD","64081","ENSG00000108187","-0.377","predicted"
4,"hsa-miR-136-5p","CUCCAUU",5,"targetscan","MIMAT0000448","hsa-miR-136-5p","DCT","1638","ENSG00000080166","-0.377","predicted"
4,"hsa-miR-136-5p","CUCCAUU",5,"targetscan","MIMAT0000448","hsa-miR-136-5p","ELF3","1999","ENSG00000163435","-0.379","predicted"
4,"hsa-miR-136-5p","CUCCAUU",5,"targetscan","MIMAT0000448","hsa-miR-136-5p","S1PR5","53637","ENSG00000180739","-0.379","predicted"
4,"hsa-miR-136-5p","CUCCAUU",5,"targetscan","MIMAT0000448","hsa-miR-136-5p","IL10RB","3588","ENSG00000243646","-0.379","predicted"
4,"hsa-miR-136-5p","CUCCAUU",5,"targetscan","MIMAT0000448","hsa-miR-136-5p","EXTL3","2137","ENSG00000012232","-0.38","predicted"
4,"hsa-miR-136-5p","CUCCAUU",5,"targetscan","MIMAT0000448","hsa-miR-136-5p","MBNL3","55796","ENSG00000076770","-0.38","predicted"
4,"hsa-miR-136-5p","CUCCAUU",5,"targetscan","MIMAT0000448","hsa-miR-136-5p","TDRD10","126668","ENSG00000163239","-0.38","predicted"
4,"hsa-miR-136-5p","CUCCAUU",5,"targetscan","MIMAT0000448","hsa-miR-136-5p","CHCHD3","54927","ENSG00000106554","-0.381","predicted"
4,"hsa-miR-136-5p","CUCCAUU",5,"targetscan","MIMAT0000448","hsa-miR-136-5p","PLAAT2","54979","ENSG00000133328","-0.381","predicted"
4,"hsa-miR-136-5p","CUCCAUU",5,"targetscan","MIMAT0000448","hsa-miR-136-5p","NANOGNB","360030","ENSG00000205857","-0.382","predicted"
4,"hsa-miR-136-5p","CUCCAUU",5,"targetscan","MIMAT0000448","hsa-miR-136-5p","CDV3","55573","ENSG00000091527","-0.383","predicted"
4,"hsa-miR-136-5p","CUCCAUU",5,"targetscan","MIMAT0000448","hsa-miR-136-5p","NFYB","4801","ENSG00000120837","-0.386","predicted"
4,"hsa-miR-136-5p","CUCCAUU",5,"targetscan","MIMAT0000448","hsa-miR-136-5p","GABRA2","2555","ENSG00000151834","-0.388","predicted"
4,"hsa-miR-136-5p","CUCCAUU",5,"targetscan","MIMAT0000448","hsa-miR-136-5p","ZNF772","400720","ENSG00000197128","-0.388","predicted"
4,"hsa-miR-136-5p","CUCCAUU",5,"targetscan","MIMAT0000448","hsa-miR-136-5p","SLC7A3","84889","ENSG00000165349","-0.388","predicted"
4,"hsa-miR-136-5p","CUCCAUU",5,"targetscan","MIMAT0000448","hsa-miR-136-5p","CSRP3","8048","ENSG00000129170","-0.388","predicted"
4,"hsa-miR-136-5p","CUCCAUU",5,"targetscan","MIMAT0000448","hsa-miR-136-5p","VGLL4","9686","ENSG00000144560","-0.389","predicted"
4,"hsa-miR-136-5p","CUCCAUU",5,"targetscan","MIMAT0000448","hsa-miR-136-5p","TMEM218","219854","ENSG00000150433","-0.389","predicted"
4,"hsa-miR-136-5p","CUCCAUU",5,"targetscan","MIMAT0000448","hsa-miR-136-5p","NPVF","64111","ENSG00000105954","-0.389","predicted"
4,"hsa-miR-136-5p","CUCCAUU",5,"targetscan","MIMAT0000448","hsa-miR-136-5p","P4HB","5034","ENSG00000185624","-0.394","predicted"
4,"hsa-miR-136-5p","CUCCAUU",5,"targetscan","MIMAT0000448","hsa-miR-136-5p","PET100","100131801","ENSG00000229833","-0.394","predicted"
4,"hsa-miR-136-5p","CUCCAUU",5,"targetscan","MIMAT0000448","hsa-miR-136-5p","ETFBKMT","254013","ENSG00000139160","-0.394","predicted"
4,"hsa-miR-136-5p","CUCCAUU",5,"targetscan","MIMAT0000448","hsa-miR-136-5p","C17orf47",NA,"ENSG00000181013","-0.394","predicted"
4,"hsa-miR-136-5p","CUCCAUU",5,"targetscan","MIMAT0000448","hsa-miR-136-5p","BPTF","2186","ENSG00000171634","-0.396","predicted"
4,"hsa-miR-136-5p","CUCCAUU",5,"targetscan","MIMAT0000448","hsa-miR-136-5p","CFAP221","200373","ENSG00000163075","-0.396","predicted"
4,"hsa-miR-136-5p","CUCCAUU",5,"targetscan","MIMAT0000448","hsa-miR-136-5p","ZDHHC6","64429","ENSG00000023041","-0.398","predicted"
4,"hsa-miR-136-5p","CUCCAUU",5,"targetscan","MIMAT0000448","hsa-miR-136-5p","LRRC3DN",NA,"ENSG00000269430","-0.399","predicted"
4,"hsa-miR-136-5p","CUCCAUU",5,"targetscan","MIMAT0000448","hsa-miR-136-5p","GADD45GIP1","90480","ENSG00000179271","-0.4","predicted"
4,"hsa-miR-136-5p","CUCCAUU",5,"targetscan","MIMAT0000448","hsa-miR-136-5p","ECHDC3","79746","ENSG00000134463","-0.4","predicted"
4,"hsa-miR-136-5p","CUCCAUU",5,"targetscan","MIMAT0000448","hsa-miR-136-5p","GDI2","2665","ENSG00000057608","-0.402","predicted"
4,"hsa-miR-136-5p","CUCCAUU",5,"targetscan","MIMAT0000448","hsa-miR-136-5p","GNG3","2785","ENSG00000162188","-0.404","predicted"
4,"hsa-miR-136-5p","CUCCAUU",5,"targetscan","MIMAT0000448","hsa-miR-136-5p","LOH12CR2","503693","ENSG00000205791","-0.404","predicted"
4,"hsa-miR-136-5p","CUCCAUU",5,"targetscan","MIMAT0000448","hsa-miR-136-5p","CMTM6","54918","ENSG00000091317","-0.405","predicted"
4,"hsa-miR-136-5p","CUCCAUU",5,"targetscan","MIMAT0000448","hsa-miR-136-5p","NIT2","56954","ENSG00000114021","-0.405","predicted"
4,"hsa-miR-136-5p","CUCCAUU",5,"targetscan","MIMAT0000448","hsa-miR-136-5p","MSRB3","253827","ENSG00000174099","-0.407","predicted"
4,"hsa-miR-136-5p","CUCCAUU",5,"targetscan","MIMAT0000448","hsa-miR-136-5p","DSTN","11034","ENSG00000125868","-0.411","predicted"
4,"hsa-miR-136-5p","CUCCAUU",5,"targetscan","MIMAT0000448","hsa-miR-136-5p","MTPN","136319","ENSG00000105887","-0.412","predicted"
4,"hsa-miR-136-5p","CUCCAUU",5,"targetscan","MIMAT0000448","hsa-miR-136-5p","TPK1","27010","ENSG00000196511","-0.412","predicted"
4,"hsa-miR-136-5p","CUCCAUU",5,"targetscan","MIMAT0000448","hsa-miR-136-5p","G0S2","50486","ENSG00000123689","-0.412","predicted"
4,"hsa-miR-136-5p","CUCCAUU",5,"targetscan","MIMAT0000448","hsa-miR-136-5p","C9orf72","203228","ENSG00000147894","-0.413","predicted"
4,"hsa-miR-136-5p","CUCCAUU",5,"targetscan","MIMAT0000448","hsa-miR-136-5p","FCGR2A","2212","ENSG00000143226","-0.415","predicted"
4,"hsa-miR-136-5p","CUCCAUU",5,"targetscan","MIMAT0000448","hsa-miR-136-5p","NOA1","84273","ENSG00000084092","-0.416","predicted"
4,"hsa-miR-136-5p","CUCCAUU",5,"targetscan","MIMAT0000448","hsa-miR-136-5p","AIMP1","9255","ENSG00000164022","-0.417","predicted"
4,"hsa-miR-136-5p","CUCCAUU",5,"targetscan","MIMAT0000448","hsa-miR-136-5p","COMMD2","51122","ENSG00000114744","-0.417","predicted"
4,"hsa-miR-136-5p","CUCCAUU",5,"targetscan","MIMAT0000448","hsa-miR-136-5p","FAT3","120114","ENSG00000165323","-0.423","predicted"
4,"hsa-miR-136-5p","CUCCAUU",5,"targetscan","MIMAT0000448","hsa-miR-136-5p","TMEM71","137835","ENSG00000165071","-0.423","predicted"
4,"hsa-miR-136-5p","CUCCAUU",5,"targetscan","MIMAT0000448","hsa-miR-136-5p","INSIG1","3638","ENSG00000186480","-0.424","predicted"
4,"hsa-miR-136-5p","CUCCAUU",5,"targetscan","MIMAT0000448","hsa-miR-136-5p","C2CD4A","145741","ENSG00000198535","-0.425","predicted"
4,"hsa-miR-136-5p","CUCCAUU",5,"targetscan","MIMAT0000448","hsa-miR-136-5p","TFCP2","7024","ENSG00000135457","-0.43","predicted"
4,"hsa-miR-136-5p","CUCCAUU",5,"targetscan","MIMAT0000448","hsa-miR-136-5p","DDTL","100037417","ENSG00000099974","-0.431","predicted"
4,"hsa-miR-136-5p","CUCCAUU",5,"targetscan","MIMAT0000448","hsa-miR-136-5p","MSH3","4437","ENSG00000113318","-0.434","predicted"
4,"hsa-miR-136-5p","CUCCAUU",5,"targetscan","MIMAT0000448","hsa-miR-136-5p","SH2B1","25970","ENSG00000178188","-0.436","predicted"
4,"hsa-miR-136-5p","CUCCAUU",5,"targetscan","MIMAT0000448","hsa-miR-136-5p","NAA11","84779","ENSG00000156269","-0.438","predicted"
4,"hsa-miR-136-5p","CUCCAUU",5,"targetscan","MIMAT0000448","hsa-miR-136-5p","CAMSAP2","23271","ENSG00000118200","-0.44","predicted"
4,"hsa-miR-136-5p","CUCCAUU",5,"targetscan","MIMAT0000448","hsa-miR-136-5p","HOXC10","3226","ENSG00000180818","-0.441","predicted"
4,"hsa-miR-136-5p","CUCCAUU",5,"targetscan","MIMAT0000448","hsa-miR-136-5p","MRPL3","11222","ENSG00000114686","-0.443","predicted"
4,"hsa-miR-136-5p","CUCCAUU",5,"targetscan","MIMAT0000448","hsa-miR-136-5p","RAP2C","57826","ENSG00000123728","-0.443","predicted"
4,"hsa-miR-136-5p","CUCCAUU",5,"targetscan","MIMAT0000448","hsa-miR-136-5p","TMEM161B","153396","ENSG00000164180","-0.444","predicted"
4,"hsa-miR-136-5p","CUCCAUU",5,"targetscan","MIMAT0000448","hsa-miR-136-5p","LYRM4","57128","ENSG00000214113","-0.444","predicted"
4,"hsa-miR-136-5p","CUCCAUU",5,"targetscan","MIMAT0000448","hsa-miR-136-5p","MORC1","27136","ENSG00000114487","-0.446","predicted"
4,"hsa-miR-136-5p","CUCCAUU",5,"targetscan","MIMAT0000448","hsa-miR-136-5p","CHCT1","124773","ENSG00000141371","-0.448","predicted"
4,"hsa-miR-136-5p","CUCCAUU",5,"targetscan","MIMAT0000448","hsa-miR-136-5p","F8","2157","ENSG00000185010","-0.45","predicted"
4,"hsa-miR-136-5p","CUCCAUU",5,"targetscan","MIMAT0000448","hsa-miR-136-5p","NUDT17","200035","ENSG00000186364","-0.45","predicted"
4,"hsa-miR-136-5p","CUCCAUU",5,"targetscan","MIMAT0000448","hsa-miR-136-5p","SRP19","6728","ENSG00000153037","-0.451","predicted"
4,"hsa-miR-136-5p","CUCCAUU",5,"targetscan","MIMAT0000448","hsa-miR-136-5p","WBP4","11193","ENSG00000120688","-0.451","predicted"
4,"hsa-miR-136-5p","CUCCAUU",5,"targetscan","MIMAT0000448","hsa-miR-136-5p","ARL5A","26225","ENSG00000162980","-0.453","predicted"
4,"hsa-miR-136-5p","CUCCAUU",5,"targetscan","MIMAT0000448","hsa-miR-136-5p","FCGR3B","2215","ENSG00000162747","-0.453","predicted"
4,"hsa-miR-136-5p","CUCCAUU",5,"targetscan","MIMAT0000448","hsa-miR-136-5p","FCGR3B","124905743","ENSG00000162747","-0.453","predicted"
4,"hsa-miR-136-5p","CUCCAUU",5,"targetscan","MIMAT0000448","hsa-miR-136-5p","CSGALNACT1","55790","ENSG00000147408","-0.455","predicted"
4,"hsa-miR-136-5p","CUCCAUU",5,"targetscan","MIMAT0000448","hsa-miR-136-5p","TUBD1","51174","ENSG00000108423","-0.456","predicted"
4,"hsa-miR-136-5p","CUCCAUU",5,"targetscan","MIMAT0000448","hsa-miR-136-5p","MCM8","84515","ENSG00000125885","-0.457","predicted"
4,"hsa-miR-136-5p","CUCCAUU",5,"targetscan","MIMAT0000448","hsa-miR-136-5p","ROCK2","9475","ENSG00000134318","-0.458","predicted"
4,"hsa-miR-136-5p","CUCCAUU",5,"targetscan","MIMAT0000448","hsa-miR-136-5p","ZNF181","339318","ENSG00000197841","-0.459","predicted"
4,"hsa-miR-136-5p","CUCCAUU",5,"targetscan","MIMAT0000448","hsa-miR-136-5p","CKM","1158","ENSG00000104879","-0.463","predicted"
4,"hsa-miR-136-5p","CUCCAUU",5,"targetscan","MIMAT0000448","hsa-miR-136-5p","MOSPD1","56180","ENSG00000101928","-0.464","predicted"
4,"hsa-miR-136-5p","CUCCAUU",5,"targetscan","MIMAT0000448","hsa-miR-136-5p","ZNF23","7571","ENSG00000167377","-0.466","predicted"
4,"hsa-miR-136-5p","CUCCAUU",5,"targetscan","MIMAT0000448","hsa-miR-136-5p","ABCD3","5825","ENSG00000117528","-0.468","predicted"
4,"hsa-miR-136-5p","CUCCAUU",5,"targetscan","MIMAT0000448","hsa-miR-136-5p","TM9SF3","56889","ENSG00000077147","-0.472","predicted"
4,"hsa-miR-136-5p","CUCCAUU",5,"targetscan","MIMAT0000448","hsa-miR-136-5p","C6orf62","81688","ENSG00000112308","-0.472","predicted"
4,"hsa-miR-136-5p","CUCCAUU",5,"targetscan","MIMAT0000448","hsa-miR-136-5p","KCNJ4","3761","ENSG00000168135","-0.474","predicted"
4,"hsa-miR-136-5p","CUCCAUU",5,"targetscan","MIMAT0000448","hsa-miR-136-5p","XRCC2","7516","ENSG00000196584","-0.476","predicted"
4,"hsa-miR-136-5p","CUCCAUU",5,"targetscan","MIMAT0000448","hsa-miR-136-5p","RAB9A","9367","ENSG00000123595","-0.476","predicted"
4,"hsa-miR-136-5p","CUCCAUU",5,"targetscan","MIMAT0000448","hsa-miR-136-5p","FLJ14816",NA,"ENSG00000268194","-0.478","predicted"
4,"hsa-miR-136-5p","CUCCAUU",5,"targetscan","MIMAT0000448","hsa-miR-136-5p","STMP1","647087","ENSG00000243317","-0.479","predicted"
4,"hsa-miR-136-5p","CUCCAUU",5,"targetscan","MIMAT0000448","hsa-miR-136-5p","SEMA4C","54910","ENSG00000168758","-0.48","predicted"
4,"hsa-miR-136-5p","CUCCAUU",5,"targetscan","MIMAT0000448","hsa-miR-136-5p","RGS6","9628","ENSG00000182732","-0.481","predicted"
4,"hsa-miR-136-5p","CUCCAUU",5,"targetscan","MIMAT0000448","hsa-miR-136-5p","SMIM21","284274","ENSG00000206026","-0.482","predicted"
4,"hsa-miR-136-5p","CUCCAUU",5,"targetscan","MIMAT0000448","hsa-miR-136-5p","R3HCC1","203069","ENSG00000104679","-0.484","predicted"
4,"hsa-miR-136-5p","CUCCAUU",5,"targetscan","MIMAT0000448","hsa-miR-136-5p","DRAM1","55332","ENSG00000136048","-0.488","predicted"
4,"hsa-miR-136-5p","CUCCAUU",5,"targetscan","MIMAT0000448","hsa-miR-136-5p","IMMP2L","83943","ENSG00000184903","-0.488","predicted"
4,"hsa-miR-136-5p","CUCCAUU",5,"targetscan","MIMAT0000448","hsa-miR-136-5p","SNAPC1","6617","ENSG00000023608","-0.491","predicted"
4,"hsa-miR-136-5p","CUCCAUU",5,"targetscan","MIMAT0000448","hsa-miR-136-5p","TRPC4AP","26133","ENSG00000100991","-0.492","predicted"
4,"hsa-miR-136-5p","CUCCAUU",5,"targetscan","MIMAT0000448","hsa-miR-136-5p","MEGF10","84466","ENSG00000145794","-0.493","predicted"
4,"hsa-miR-136-5p","CUCCAUU",5,"targetscan","MIMAT0000448","hsa-miR-136-5p","ZNF32","7580","ENSG00000169740","-0.496","predicted"
4,"hsa-miR-136-5p","CUCCAUU",5,"targetscan","MIMAT0000448","hsa-miR-136-5p","WRN","7486","ENSG00000165392","-0.501","predicted"
4,"hsa-miR-136-5p","CUCCAUU",5,"targetscan","MIMAT0000448","hsa-miR-136-5p","DHRS7B","25979","ENSG00000109016","-0.503","predicted"
4,"hsa-miR-136-5p","CUCCAUU",5,"targetscan","MIMAT0000448","hsa-miR-136-5p","ZNF732","654254","ENSG00000186777","-0.504","predicted"
4,"hsa-miR-136-5p","CUCCAUU",5,"targetscan","MIMAT0000448","hsa-miR-136-5p","CAPN1-AS1","728975","ENSG00000254614","-0.508","predicted"
4,"hsa-miR-136-5p","CUCCAUU",5,"targetscan","MIMAT0000448","hsa-miR-136-5p","KDR","3791","ENSG00000128052","-0.509","predicted"
4,"hsa-miR-136-5p","CUCCAUU",5,"targetscan","MIMAT0000448","hsa-miR-136-5p","RP11-1407O15.2",NA,"ENSG00000174093","-0.51","predicted"
4,"hsa-miR-136-5p","CUCCAUU",5,"targetscan","MIMAT0000448","hsa-miR-136-5p","LINC01554","202299","ENSG00000236882","-0.514","predicted"
4,"hsa-miR-136-5p","CUCCAUU",5,"targetscan","MIMAT0000448","hsa-miR-136-5p","ATPSCKMT","134145","ENSG00000150756","-0.515","predicted"
4,"hsa-miR-136-5p","CUCCAUU",5,"targetscan","MIMAT0000448","hsa-miR-136-5p","COPS4","51138","ENSG00000138663","-0.52","predicted"
4,"hsa-miR-136-5p","CUCCAUU",5,"targetscan","MIMAT0000448","hsa-miR-136-5p","HAUS7","55559","ENSG00000213397","-0.524","predicted"
4,"hsa-miR-136-5p","CUCCAUU",5,"targetscan","MIMAT0000448","hsa-miR-136-5p","MDM1","56890","ENSG00000111554","-0.525","predicted"
4,"hsa-miR-136-5p","CUCCAUU",5,"targetscan","MIMAT0000448","hsa-miR-136-5p","AP005482.1",NA,"ENSG00000215527","-0.535","predicted"
4,"hsa-miR-136-5p","CUCCAUU",5,"targetscan","MIMAT0000448","hsa-miR-136-5p","GLIPR2","152007","ENSG00000122694","-0.536","predicted"
4,"hsa-miR-136-5p","CUCCAUU",5,"targetscan","MIMAT0000448","hsa-miR-136-5p","GALP","85569","ENSG00000197487","-0.536","predicted"
4,"hsa-miR-136-5p","CUCCAUU",5,"targetscan","MIMAT0000448","hsa-miR-136-5p","URB1-AS1","84996","ENSG00000256073","-0.536","predicted"
4,"hsa-miR-136-5p","CUCCAUU",5,"targetscan","MIMAT0000448","hsa-miR-136-5p","MIEN1","84299","ENSG00000141741","-0.541","predicted"
4,"hsa-miR-136-5p","CUCCAUU",5,"targetscan","MIMAT0000448","hsa-miR-136-5p","RPL35A","6165","ENSG00000182899","-0.549","predicted"
4,"hsa-miR-136-5p","CUCCAUU",5,"targetscan","MIMAT0000448","hsa-miR-136-5p","C3orf52","79669","ENSG00000114529","-0.554","predicted"
4,"hsa-miR-136-5p","CUCCAUU",5,"targetscan","MIMAT0000448","hsa-miR-136-5p","CBY1","25776","ENSG00000100211","-0.557","predicted"
4,"hsa-miR-136-5p","CUCCAUU",5,"targetscan","MIMAT0000448","hsa-miR-136-5p","ORC6","23594","ENSG00000091651","-0.558","predicted"
4,"hsa-miR-136-5p","CUCCAUU",5,"targetscan","MIMAT0000448","hsa-miR-136-5p","STBD1","8987","ENSG00000118804","-0.562","predicted"
4,"hsa-miR-136-5p","CUCCAUU",5,"targetscan","MIMAT0000448","hsa-miR-136-5p","CBX4","8535","ENSG00000141582","-0.566","predicted"
4,"hsa-miR-136-5p","CUCCAUU",5,"targetscan","MIMAT0000448","hsa-miR-136-5p","OSGEPL1","64172","ENSG00000128694","-0.574","predicted"
4,"hsa-miR-136-5p","CUCCAUU",5,"targetscan","MIMAT0000448","hsa-miR-136-5p","RABGGTA","5875","ENSG00000100949","-0.574","predicted"
4,"hsa-miR-136-5p","CUCCAUU",5,"targetscan","MIMAT0000448","hsa-miR-136-5p","KRTAP19-1","337882","ENSG00000184351","-0.574","predicted"
4,"hsa-miR-136-5p","CUCCAUU",5,"targetscan","MIMAT0000448","hsa-miR-136-5p","LINC01387","100130480","ENSG00000265944","-0.578","predicted"
4,"hsa-miR-136-5p","CUCCAUU",5,"targetscan","MIMAT0000448","hsa-miR-136-5p","CCDC18","343099","ENSG00000122483","-0.583","predicted"
4,"hsa-miR-136-5p","CUCCAUU",5,"targetscan","MIMAT0000448","hsa-miR-136-5p","CAMSAP2","23271","ENSG00000118200","-0.584","predicted"
4,"hsa-miR-136-5p","CUCCAUU",5,"targetscan","MIMAT0000448","hsa-miR-136-5p","GLT6D1","360203","ENSG00000204007","-0.585","predicted"
4,"hsa-miR-136-5p","CUCCAUU",5,"targetscan","MIMAT0000448","hsa-miR-136-5p","SPINK7","84651","ENSG00000145879","-0.592","predicted"
4,"hsa-miR-136-5p","CUCCAUU",5,"targetscan","MIMAT0000448","hsa-miR-136-5p","SS18L2","51188","ENSG00000008324","-0.594","predicted"
4,"hsa-miR-136-5p","CUCCAUU",5,"targetscan","MIMAT0000448","hsa-miR-136-5p","ANXA4","307","ENSG00000196975","-0.599","predicted"
4,"hsa-miR-136-5p","CUCCAUU",5,"targetscan","MIMAT0000448","hsa-miR-136-5p","UBE2R2","54926","ENSG00000107341","-0.608","predicted"
4,"hsa-miR-136-5p","CUCCAUU",5,"targetscan","MIMAT0000448","hsa-miR-136-5p","LINC02790","102723661","ENSG00000237435","-0.609","predicted"
4,"hsa-miR-136-5p","CUCCAUU",5,"targetscan","MIMAT0000448","hsa-miR-136-5p","UBE2U","148581","ENSG00000177414","-0.61","predicted"
4,"hsa-miR-136-5p","CUCCAUU",5,"targetscan","MIMAT0000448","hsa-miR-136-5p","MRPL1","65008","ENSG00000169288","-0.614","predicted"
4,"hsa-miR-136-5p","CUCCAUU",5,"targetscan","MIMAT0000448","hsa-miR-136-5p","CFAP70","118491","ENSG00000156042","-0.632","predicted"
4,"hsa-miR-136-5p","CUCCAUU",5,"targetscan","MIMAT0000448","hsa-miR-136-5p","KATNAL2","83473","ENSG00000167216","-0.636","predicted"
4,"hsa-miR-136-5p","CUCCAUU",5,"targetscan","MIMAT0000448","hsa-miR-136-5p","IER3IP1","51124","ENSG00000134049","-0.64","predicted"
4,"hsa-miR-136-5p","CUCCAUU",5,"targetscan","MIMAT0000448","hsa-miR-136-5p","LUZP6","767558","ENSG00000267697","-0.647","predicted"
4,"hsa-miR-136-5p","CUCCAUU",5,"targetscan","MIMAT0000448","hsa-miR-136-5p","PUS3","83480","ENSG00000110060","-0.654","predicted"
4,"hsa-miR-136-5p","CUCCAUU",5,"targetscan","MIMAT0000448","hsa-miR-136-5p","OR5M8","219484","ENSG00000181371","-0.668","predicted"
4,"hsa-miR-136-5p","CUCCAUU",5,"targetscan","MIMAT0000448","hsa-miR-136-5p","C1orf134",NA,"ENSG00000204377","-0.708","predicted"
4,"hsa-miR-136-5p","CUCCAUU",5,"targetscan","MIMAT0000448","hsa-miR-136-5p","HLA-DOB","3112","ENSG00000241106","-0.757","predicted"
4,"hsa-miR-136-5p","CUCCAUU",5,"targetscan","MIMAT0000448","hsa-miR-136-5p","OR52N2","390077","ENSG00000180988","-0.931","predicted"
5,"hsa-miR-3143","UAACAUU",5,"targetscan","MIMAT0015012","hsa-miR-3143","ELOVL4","6785","ENSG00000118402","-0.178","predicted"
5,"hsa-miR-3143","UAACAUU",5,"targetscan","MIMAT0015012","hsa-miR-3143","TMEFF1","8577","ENSG00000241697","-0.178","predicted"
5,"hsa-miR-3143","UAACAUU",5,"targetscan","MIMAT0015012","hsa-miR-3143","GYG2","8908","ENSG00000056998","-0.178","predicted"
5,"hsa-miR-3143","UAACAUU",5,"targetscan","MIMAT0015012","hsa-miR-3143","UBQLN1","29979","ENSG00000135018","-0.178","predicted"
5,"hsa-miR-3143","UAACAUU",5,"targetscan","MIMAT0015012","hsa-miR-3143","UTP23","84294","ENSG00000147679","-0.178","predicted"
5,"hsa-miR-3143","UAACAUU",5,"targetscan","MIMAT0015012","hsa-miR-3143","COX11","1353","ENSG00000166260","-0.178","predicted"
5,"hsa-miR-3143","UAACAUU",5,"targetscan","MIMAT0015012","hsa-miR-3143","HS3ST3A1","9955","ENSG00000153976","-0.178","predicted"
5,"hsa-miR-3143","UAACAUU",5,"targetscan","MIMAT0015012","hsa-miR-3143","TAFA1","407738","ENSG00000183662","-0.178","predicted"
5,"hsa-miR-3143","UAACAUU",5,"targetscan","MIMAT0015012","hsa-miR-3143","MEX3C","51320","ENSG00000176624","-0.179","predicted"
5,"hsa-miR-3143","UAACAUU",5,"targetscan","MIMAT0015012","hsa-miR-3143","RWDD1","51389","ENSG00000111832","-0.179","predicted"
5,"hsa-miR-3143","UAACAUU",5,"targetscan","MIMAT0015012","hsa-miR-3143","TMPRSS7","344805","ENSG00000176040","-0.179","predicted"
5,"hsa-miR-3143","UAACAUU",5,"targetscan","MIMAT0015012","hsa-miR-3143","PAIP2B","400961","ENSG00000124374","-0.179","predicted"
5,"hsa-miR-3143","UAACAUU",5,"targetscan","MIMAT0015012","hsa-miR-3143","USP33","23032","ENSG00000077254","-0.18","predicted"
5,"hsa-miR-3143","UAACAUU",5,"targetscan","MIMAT0015012","hsa-miR-3143","CHMP2A","27243","ENSG00000130724","-0.18","predicted"
5,"hsa-miR-3143","UAACAUU",5,"targetscan","MIMAT0015012","hsa-miR-3143","CAAP1","79886","ENSG00000120159","-0.18","predicted"
5,"hsa-miR-3143","UAACAUU",5,"targetscan","MIMAT0015012","hsa-miR-3143","MCOLN2","255231","ENSG00000153898","-0.18","predicted"
5,"hsa-miR-3143","UAACAUU",5,"targetscan","MIMAT0015012","hsa-miR-3143","RPL22L1","200916","ENSG00000163584","-0.18","predicted"
5,"hsa-miR-3143","UAACAUU",5,"targetscan","MIMAT0015012","hsa-miR-3143","RBMX","27316","ENSG00000147274","-0.18","predicted"
5,"hsa-miR-3143","UAACAUU",5,"targetscan","MIMAT0015012","hsa-miR-3143","TXNRD3","114112","ENSG00000197763","-0.18","predicted"
5,"hsa-miR-3143","UAACAUU",5,"targetscan","MIMAT0015012","hsa-miR-3143","MTX2","10651","ENSG00000128654","-0.18","predicted"
5,"hsa-miR-3143","UAACAUU",5,"targetscan","MIMAT0015012","hsa-miR-3143","OSER1","51526","ENSG00000132823","-0.18","predicted"
5,"hsa-miR-3143","UAACAUU",5,"targetscan","MIMAT0015012","hsa-miR-3143","RAB33B","83452","ENSG00000172007","-0.18","predicted"
5,"hsa-miR-3143","UAACAUU",5,"targetscan","MIMAT0015012","hsa-miR-3143","OR2L13","284521","ENSG00000196071","-0.18","predicted"
5,"hsa-miR-3143","UAACAUU",5,"targetscan","MIMAT0015012","hsa-miR-3143","MPZL3","196264","ENSG00000160588","-0.18","predicted"
5,"hsa-miR-3143","UAACAUU",5,"targetscan","MIMAT0015012","hsa-miR-3143","LAMA3","3909","ENSG00000053747","-0.181","predicted"
5,"hsa-miR-3143","UAACAUU",5,"targetscan","MIMAT0015012","hsa-miR-3143","PAWR","5074","ENSG00000177425","-0.181","predicted"
5,"hsa-miR-3143","UAACAUU",5,"targetscan","MIMAT0015012","hsa-miR-3143","PTRH2","51651","ENSG00000141378","-0.181","predicted"
5,"hsa-miR-3143","UAACAUU",5,"targetscan","MIMAT0015012","hsa-miR-3143","MSANTD3-TMEFF1","100526694","ENSG00000251349","-0.181","predicted"
5,"hsa-miR-3143","UAACAUU",5,"targetscan","MIMAT0015012","hsa-miR-3143","PMCH","5367","ENSG00000183395","-0.181","predicted"
5,"hsa-miR-3143","UAACAUU",5,"targetscan","MIMAT0015012","hsa-miR-3143","TRIM48","79097","ENSG00000150244","-0.181","predicted"
5,"hsa-miR-3143","UAACAUU",5,"targetscan","MIMAT0015012","hsa-miR-3143","NDST4","64579","ENSG00000138653","-0.181","predicted"
5,"hsa-miR-3143","UAACAUU",5,"targetscan","MIMAT0015012","hsa-miR-3143","ZNF559-ZNF177","100529215","ENSG00000270011","-0.181","predicted"
5,"hsa-miR-3143","UAACAUU",5,"targetscan","MIMAT0015012","hsa-miR-3143","ATOX1","475","ENSG00000177556","-0.182","predicted"
5,"hsa-miR-3143","UAACAUU",5,"targetscan","MIMAT0015012","hsa-miR-3143","FGFR2","2263","ENSG00000066468","-0.182","predicted"
5,"hsa-miR-3143","UAACAUU",5,"targetscan","MIMAT0015012","hsa-miR-3143","PMP2","5375","ENSG00000147588","-0.182","predicted"
5,"hsa-miR-3143","UAACAUU",5,"targetscan","MIMAT0015012","hsa-miR-3143","SRGN","5552","ENSG00000122862","-0.182","predicted"
5,"hsa-miR-3143","UAACAUU",5,"targetscan","MIMAT0015012","hsa-miR-3143","TRIM13","10206","ENSG00000204977","-0.182","predicted"
5,"hsa-miR-3143","UAACAUU",5,"targetscan","MIMAT0015012","hsa-miR-3143","B3GNT2","10678","ENSG00000170340","-0.182","predicted"
5,"hsa-miR-3143","UAACAUU",5,"targetscan","MIMAT0015012","hsa-miR-3143","BBS7","55212","ENSG00000138686","-0.182","predicted"
5,"hsa-miR-3143","UAACAUU",5,"targetscan","MIMAT0015012","hsa-miR-3143","MS4A14","84689","ENSG00000166928","-0.182","predicted"
5,"hsa-miR-3143","UAACAUU",5,"targetscan","MIMAT0015012","hsa-miR-3143","NEDD1","121441","ENSG00000139350","-0.182","predicted"
5,"hsa-miR-3143","UAACAUU",5,"targetscan","MIMAT0015012","hsa-miR-3143","TRADD","8717","ENSG00000102871","-0.182","predicted"
5,"hsa-miR-3143","UAACAUU",5,"targetscan","MIMAT0015012","hsa-miR-3143","GPCPD1","56261","ENSG00000125772","-0.182","predicted"
5,"hsa-miR-3143","UAACAUU",5,"targetscan","MIMAT0015012","hsa-miR-3143","LINC01600","154386","ENSG00000164385","-0.182","predicted"
5,"hsa-miR-3143","UAACAUU",5,"targetscan","MIMAT0015012","hsa-miR-3143","HTR2C","3358","ENSG00000147246","-0.183","predicted"
5,"hsa-miR-3143","UAACAUU",5,"targetscan","MIMAT0015012","hsa-miR-3143","RAB6A","5870","ENSG00000175582","-0.183","predicted"
5,"hsa-miR-3143","UAACAUU",5,"targetscan","MIMAT0015012","hsa-miR-3143","AMMECR1","9949","ENSG00000101935","-0.183","predicted"
5,"hsa-miR-3143","UAACAUU",5,"targetscan","MIMAT0015012","hsa-miR-3143","CYB5B","80777","ENSG00000103018","-0.183","predicted"
5,"hsa-miR-3143","UAACAUU",5,"targetscan","MIMAT0015012","hsa-miR-3143","ATP2C1","27032","ENSG00000017260","-0.183","predicted"
5,"hsa-miR-3143","UAACAUU",5,"targetscan","MIMAT0015012","hsa-miR-3143","MTERF1","7978","ENSG00000127989","-0.183","predicted"
5,"hsa-miR-3143","UAACAUU",5,"targetscan","MIMAT0015012","hsa-miR-3143","GTPBP8","29083","ENSG00000163607","-0.184","predicted"
5,"hsa-miR-3143","UAACAUU",5,"targetscan","MIMAT0015012","hsa-miR-3143","PEX7","5191","ENSG00000112357","-0.184","predicted"
5,"hsa-miR-3143","UAACAUU",5,"targetscan","MIMAT0015012","hsa-miR-3143","ACAT1","38","ENSG00000075239","-0.184","predicted"
5,"hsa-miR-3143","UAACAUU",5,"targetscan","MIMAT0015012","hsa-miR-3143","RAP1A","5906","ENSG00000116473","-0.184","predicted"
5,"hsa-miR-3143","UAACAUU",5,"targetscan","MIMAT0015012","hsa-miR-3143","RGS5","8490","ENSG00000143248","-0.184","predicted"
5,"hsa-miR-3143","UAACAUU",5,"targetscan","MIMAT0015012","hsa-miR-3143","DMXL2","23312","ENSG00000104093","-0.184","predicted"
5,"hsa-miR-3143","UAACAUU",5,"targetscan","MIMAT0015012","hsa-miR-3143","CC2D2B","387707","ENSG00000188649","-0.184","predicted"
5,"hsa-miR-3143","UAACAUU",5,"targetscan","MIMAT0015012","hsa-miR-3143","RAB2A","5862","ENSG00000104388","-0.185","predicted"
5,"hsa-miR-3143","UAACAUU",5,"targetscan","MIMAT0015012","hsa-miR-3143","DNAJB4","11080","ENSG00000162616","-0.185","predicted"
5,"hsa-miR-3143","UAACAUU",5,"targetscan","MIMAT0015012","hsa-miR-3143","SPG21","51324","ENSG00000090487","-0.185","predicted"
5,"hsa-miR-3143","UAACAUU",5,"targetscan","MIMAT0015012","hsa-miR-3143","HORMAD1","84072","ENSG00000143452","-0.185","predicted"
5,"hsa-miR-3143","UAACAUU",5,"targetscan","MIMAT0015012","hsa-miR-3143","SUDS3","64426","ENSG00000111707","-0.185","predicted"
5,"hsa-miR-3143","UAACAUU",5,"targetscan","MIMAT0015012","hsa-miR-3143","PBX3","5090","ENSG00000167081","-0.186","predicted"
5,"hsa-miR-3143","UAACAUU",5,"targetscan","MIMAT0015012","hsa-miR-3143","TOMM40","10452","ENSG00000130204","-0.186","predicted"
5,"hsa-miR-3143","UAACAUU",5,"targetscan","MIMAT0015012","hsa-miR-3143","TMEM167A","153339","ENSG00000174695","-0.186","predicted"
5,"hsa-miR-3143","UAACAUU",5,"targetscan","MIMAT0015012","hsa-miR-3143","CD1B","910","ENSG00000158485","-0.186","predicted"
5,"hsa-miR-3143","UAACAUU",5,"targetscan","MIMAT0015012","hsa-miR-3143","SRR","63826","ENSG00000167720","-0.186","predicted"
5,"hsa-miR-3143","UAACAUU",5,"targetscan","MIMAT0015012","hsa-miR-3143","CCDC163P","126661","ENSG00000236624","-0.186","predicted"
5,"hsa-miR-3143","UAACAUU",5,"targetscan","MIMAT0015012","hsa-miR-3143","ADGRG2","10149","ENSG00000173698","-0.186","predicted"
5,"hsa-miR-3143","UAACAUU",5,"targetscan","MIMAT0015012","hsa-miR-3143","CXCL1","2919","ENSG00000163739","-0.187","predicted"
5,"hsa-miR-3143","UAACAUU",5,"targetscan","MIMAT0015012","hsa-miR-3143","MAPK1","5594","ENSG00000100030","-0.187","predicted"
5,"hsa-miR-3143","UAACAUU",5,"targetscan","MIMAT0015012","hsa-miR-3143","SRSF2","6427","ENSG00000161547","-0.187","predicted"
5,"hsa-miR-3143","UAACAUU",5,"targetscan","MIMAT0015012","hsa-miR-3143","DEK","7913","ENSG00000124795","-0.187","predicted"
5,"hsa-miR-3143","UAACAUU",5,"targetscan","MIMAT0015012","hsa-miR-3143","TKTL1","8277","ENSG00000007350","-0.187","predicted"
5,"hsa-miR-3143","UAACAUU",5,"targetscan","MIMAT0015012","hsa-miR-3143","ZWINT","11130","ENSG00000122952","-0.187","predicted"
5,"hsa-miR-3143","UAACAUU",5,"targetscan","MIMAT0015012","hsa-miR-3143","C19orf12","83636","ENSG00000131943","-0.187","predicted"
5,"hsa-miR-3143","UAACAUU",5,"targetscan","MIMAT0015012","hsa-miR-3143","EFCAB11","90141","ENSG00000140025","-0.187","predicted"
5,"hsa-miR-3143","UAACAUU",5,"targetscan","MIMAT0015012","hsa-miR-3143","CCDC112","153733","ENSG00000164221","-0.187","predicted"
5,"hsa-miR-3143","UAACAUU",5,"targetscan","MIMAT0015012","hsa-miR-3143","C16orf87","388272","ENSG00000155330","-0.187","predicted"
5,"hsa-miR-3143","UAACAUU",5,"targetscan","MIMAT0015012","hsa-miR-3143","DCLK1","9201","ENSG00000133083","-0.187","predicted"
5,"hsa-miR-3143","UAACAUU",5,"targetscan","MIMAT0015012","hsa-miR-3143","TANK","10010","ENSG00000136560","-0.187","predicted"
5,"hsa-miR-3143","UAACAUU",5,"targetscan","MIMAT0015012","hsa-miR-3143","LYG1","129530","ENSG00000144214","-0.187","predicted"
5,"hsa-miR-3143","UAACAUU",5,"targetscan","MIMAT0015012","hsa-miR-3143","C1D","10438","ENSG00000197223","-0.188","predicted"
5,"hsa-miR-3143","UAACAUU",5,"targetscan","MIMAT0015012","hsa-miR-3143","FPR3","2359","ENSG00000187474","-0.188","predicted"
5,"hsa-miR-3143","UAACAUU",5,"targetscan","MIMAT0015012","hsa-miR-3143","PAX9","5083","ENSG00000198807","-0.188","predicted"
5,"hsa-miR-3143","UAACAUU",5,"targetscan","MIMAT0015012","hsa-miR-3143","ABRA","137735","ENSG00000174429","-0.188","predicted"
5,"hsa-miR-3143","UAACAUU",5,"targetscan","MIMAT0015012","hsa-miR-3143","CERS5","91012","ENSG00000139624","-0.188","predicted"
5,"hsa-miR-3143","UAACAUU",5,"targetscan","MIMAT0015012","hsa-miR-3143","AL583828.1",NA,"ENSG00000187461","-0.188","predicted"
5,"hsa-miR-3143","UAACAUU",5,"targetscan","MIMAT0015012","hsa-miR-3143","ZFAND4","93550","ENSG00000172671","-0.189","predicted"
5,"hsa-miR-3143","UAACAUU",5,"targetscan","MIMAT0015012","hsa-miR-3143","FAM133B","257415","ENSG00000234545","-0.189","predicted"
5,"hsa-miR-3143","UAACAUU",5,"targetscan","MIMAT0015012","hsa-miR-3143","TPD52","7163","ENSG00000076554","-0.19","predicted"
5,"hsa-miR-3143","UAACAUU",5,"targetscan","MIMAT0015012","hsa-miR-3143","FAM177A1","283635","ENSG00000151327","-0.19","predicted"
5,"hsa-miR-3143","UAACAUU",5,"targetscan","MIMAT0015012","hsa-miR-3143","EPHA6","285220","ENSG00000080224","-0.19","predicted"
5,"hsa-miR-3143","UAACAUU",5,"targetscan","MIMAT0015012","hsa-miR-3143","CYB561D1","284613","ENSG00000174151","-0.19","predicted"
5,"hsa-miR-3143","UAACAUU",5,"targetscan","MIMAT0015012","hsa-miR-3143","TPD52","124188259","ENSG00000076554","-0.19","predicted"
5,"hsa-miR-3143","UAACAUU",5,"targetscan","MIMAT0015012","hsa-miR-3143","CDIN1","84529","ENSG00000186073","-0.19","predicted"
5,"hsa-miR-3143","UAACAUU",5,"targetscan","MIMAT0015012","hsa-miR-3143","VIP","7432","ENSG00000146469","-0.191","predicted"
5,"hsa-miR-3143","UAACAUU",5,"targetscan","MIMAT0015012","hsa-miR-3143","PRPF18","8559","ENSG00000165630","-0.191","predicted"
5,"hsa-miR-3143","UAACAUU",5,"targetscan","MIMAT0015012","hsa-miR-3143","CENPBD1P",NA,"ENSG00000177946","-0.191","predicted"
5,"hsa-miR-3143","UAACAUU",5,"targetscan","MIMAT0015012","hsa-miR-3143","CRYBA1","1411","ENSG00000108255","-0.192","predicted"
5,"hsa-miR-3143","UAACAUU",5,"targetscan","MIMAT0015012","hsa-miR-3143","KLRC4","8302","ENSG00000183542","-0.192","predicted"
5,"hsa-miR-3143","UAACAUU",5,"targetscan","MIMAT0015012","hsa-miR-3143","ZMAT4","79698","ENSG00000165061","-0.192","predicted"
5,"hsa-miR-3143","UAACAUU",5,"targetscan","MIMAT0015012","hsa-miR-3143","RAMAC","83640","ENSG00000169612","-0.192","predicted"
5,"hsa-miR-3143","UAACAUU",5,"targetscan","MIMAT0015012","hsa-miR-3143","TNFSF11","8600","ENSG00000120659","-0.193","predicted"
5,"hsa-miR-3143","UAACAUU",5,"targetscan","MIMAT0015012","hsa-miR-3143","CSAD","51380","ENSG00000139631","-0.193","predicted"
5,"hsa-miR-3143","UAACAUU",5,"targetscan","MIMAT0015012","hsa-miR-3143","HNF4G","3174","ENSG00000164749","-0.193","predicted"
5,"hsa-miR-3143","UAACAUU",5,"targetscan","MIMAT0015012","hsa-miR-3143","PWWP2A","114825","ENSG00000170234","-0.194","predicted"
5,"hsa-miR-3143","UAACAUU",5,"targetscan","MIMAT0015012","hsa-miR-3143","EGR3","1960","ENSG00000179388","-0.194","predicted"
5,"hsa-miR-3143","UAACAUU",5,"targetscan","MIMAT0015012","hsa-miR-3143","ZNF292","23036","ENSG00000188994","-0.194","predicted"
5,"hsa-miR-3143","UAACAUU",5,"targetscan","MIMAT0015012","hsa-miR-3143","RAB6C","84084","ENSG00000222014","-0.194","predicted"
5,"hsa-miR-3143","UAACAUU",5,"targetscan","MIMAT0015012","hsa-miR-3143","C12orf56","115749","ENSG00000185306","-0.194","predicted"
5,"hsa-miR-3143","UAACAUU",5,"targetscan","MIMAT0015012","hsa-miR-3143","PRM1","5619","ENSG00000175646","-0.194","predicted"
5,"hsa-miR-3143","UAACAUU",5,"targetscan","MIMAT0015012","hsa-miR-3143","YIPF5","81555","ENSG00000145817","-0.195","predicted"
5,"hsa-miR-3143","UAACAUU",5,"targetscan","MIMAT0015012","hsa-miR-3143","SF3B6","51639","ENSG00000115128","-0.195","predicted"
5,"hsa-miR-3143","UAACAUU",5,"targetscan","MIMAT0015012","hsa-miR-3143","FOXA1","3169","ENSG00000129514","-0.196","predicted"
5,"hsa-miR-3143","UAACAUU",5,"targetscan","MIMAT0015012","hsa-miR-3143","CREB5","9586","ENSG00000146592","-0.196","predicted"
5,"hsa-miR-3143","UAACAUU",5,"targetscan","MIMAT0015012","hsa-miR-3143","EIF1","10209","ENSG00000173812","-0.196","predicted"
5,"hsa-miR-3143","UAACAUU",5,"targetscan","MIMAT0015012","hsa-miR-3143","NUP50","10762","ENSG00000093000","-0.196","predicted"
5,"hsa-miR-3143","UAACAUU",5,"targetscan","MIMAT0015012","hsa-miR-3143","MRPL16","54948","ENSG00000166902","-0.196","predicted"
5,"hsa-miR-3143","UAACAUU",5,"targetscan","MIMAT0015012","hsa-miR-3143","ZNF800","168850","ENSG00000048405","-0.196","predicted"
5,"hsa-miR-3143","UAACAUU",5,"targetscan","MIMAT0015012","hsa-miR-3143","C14orf119","55017","ENSG00000179933","-0.196","predicted"
5,"hsa-miR-3143","UAACAUU",5,"targetscan","MIMAT0015012","hsa-miR-3143","LYG2","254773","ENSG00000185674","-0.196","predicted"
5,"hsa-miR-3143","UAACAUU",5,"targetscan","MIMAT0015012","hsa-miR-3143","C22orf42","150297","ENSG00000205856","-0.196","predicted"
5,"hsa-miR-3143","UAACAUU",5,"targetscan","MIMAT0015012","hsa-miR-3143","","389602","ENSG00000204876","-0.196","predicted"
5,"hsa-miR-3143","UAACAUU",5,"targetscan","MIMAT0015012","hsa-miR-3143","FAM153B",NA,"ENSG00000182230","-0.196","predicted"
5,"hsa-miR-3143","UAACAUU",5,"targetscan","MIMAT0015012","hsa-miR-3143","DLX1","1745","ENSG00000144355","-0.197","predicted"
5,"hsa-miR-3143","UAACAUU",5,"targetscan","MIMAT0015012","hsa-miR-3143","HNRNPA1","3178","ENSG00000135486","-0.197","predicted"
5,"hsa-miR-3143","UAACAUU",5,"targetscan","MIMAT0015012","hsa-miR-3143","CIAO1","9391","ENSG00000144021","-0.197","predicted"
5,"hsa-miR-3143","UAACAUU",5,"targetscan","MIMAT0015012","hsa-miR-3143","PF4V1","5197","ENSG00000109272","-0.197","predicted"
5,"hsa-miR-3143","UAACAUU",5,"targetscan","MIMAT0015012","hsa-miR-3143","PLN","5350","ENSG00000198523","-0.197","predicted"
5,"hsa-miR-3143","UAACAUU",5,"targetscan","MIMAT0015012","hsa-miR-3143","CD163","9332","ENSG00000177575","-0.197","predicted"
5,"hsa-miR-3143","UAACAUU",5,"targetscan","MIMAT0015012","hsa-miR-3143","IL17F","112744","ENSG00000112116","-0.197","predicted"
5,"hsa-miR-3143","UAACAUU",5,"targetscan","MIMAT0015012","hsa-miR-3143","C2orf69","205327","ENSG00000178074","-0.197","predicted"
5,"hsa-miR-3143","UAACAUU",5,"targetscan","MIMAT0015012","hsa-miR-3143","AL139099.1",NA,"ENSG00000253459","-0.197","predicted"
5,"hsa-miR-3143","UAACAUU",5,"targetscan","MIMAT0015012","hsa-miR-3143","CEPT1","10390","ENSG00000134255","-0.198","predicted"
5,"hsa-miR-3143","UAACAUU",5,"targetscan","MIMAT0015012","hsa-miR-3143","GREM1","26585","ENSG00000166923","-0.198","predicted"
5,"hsa-miR-3143","UAACAUU",5,"targetscan","MIMAT0015012","hsa-miR-3143","GAS2","2620","ENSG00000148935","-0.199","predicted"
5,"hsa-miR-3143","UAACAUU",5,"targetscan","MIMAT0015012","hsa-miR-3143","SRSF3","6428","ENSG00000112081","-0.199","predicted"
5,"hsa-miR-3143","UAACAUU",5,"targetscan","MIMAT0015012","hsa-miR-3143","TPT1","7178","ENSG00000133112","-0.199","predicted"
5,"hsa-miR-3143","UAACAUU",5,"targetscan","MIMAT0015012","hsa-miR-3143","SCG2","7857","ENSG00000171951","-0.2","predicted"
5,"hsa-miR-3143","UAACAUU",5,"targetscan","MIMAT0015012","hsa-miR-3143","MRPL13","28998","ENSG00000172172","-0.2","predicted"
5,"hsa-miR-3143","UAACAUU",5,"targetscan","MIMAT0015012","hsa-miR-3143","ACE2","59272","ENSG00000130234","-0.2","predicted"
5,"hsa-miR-3143","UAACAUU",5,"targetscan","MIMAT0015012","hsa-miR-3143","SPATA18","132671","ENSG00000163071","-0.2","predicted"
5,"hsa-miR-3143","UAACAUU",5,"targetscan","MIMAT0015012","hsa-miR-3143","TYRP1","7306","ENSG00000107165","-0.2","predicted"
5,"hsa-miR-3143","UAACAUU",5,"targetscan","MIMAT0015012","hsa-miR-3143","HENMT1","113802","ENSG00000162639","-0.2","predicted"
5,"hsa-miR-3143","UAACAUU",5,"targetscan","MIMAT0015012","hsa-miR-3143","RNF103","7844","ENSG00000239305","-0.2","predicted"
5,"hsa-miR-3143","UAACAUU",5,"targetscan","MIMAT0015012","hsa-miR-3143","FOXA1","3169","ENSG00000129514","-0.201","predicted"
5,"hsa-miR-3143","UAACAUU",5,"targetscan","MIMAT0015012","hsa-miR-3143","SPCS2","9789","ENSG00000118363","-0.201","predicted"
5,"hsa-miR-3143","UAACAUU",5,"targetscan","MIMAT0015012","hsa-miR-3143","TAF15",NA,"ENSG00000172660","-0.201","predicted"
5,"hsa-miR-3143","UAACAUU",5,"targetscan","MIMAT0015012","hsa-miR-3143","IDI1","3422","ENSG00000067064","-0.202","predicted"
5,"hsa-miR-3143","UAACAUU",5,"targetscan","MIMAT0015012","hsa-miR-3143","METAP1","23173","ENSG00000164024","-0.202","predicted"
5,"hsa-miR-3143","UAACAUU",5,"targetscan","MIMAT0015012","hsa-miR-3143","L3MBTL3","84456","ENSG00000198945","-0.202","predicted"
5,"hsa-miR-3143","UAACAUU",5,"targetscan","MIMAT0015012","hsa-miR-3143","BOLL","66037","ENSG00000152430","-0.202","predicted"
5,"hsa-miR-3143","UAACAUU",5,"targetscan","MIMAT0015012","hsa-miR-3143","STXBP3","6814","ENSG00000116266","-0.203","predicted"
5,"hsa-miR-3143","UAACAUU",5,"targetscan","MIMAT0015012","hsa-miR-3143","HEY1","23462","ENSG00000164683","-0.203","predicted"
5,"hsa-miR-3143","UAACAUU",5,"targetscan","MIMAT0015012","hsa-miR-3143","SMIM14","201895","ENSG00000163683","-0.203","predicted"
5,"hsa-miR-3143","UAACAUU",5,"targetscan","MIMAT0015012","hsa-miR-3143","","100996385","ENSG00000248469","-0.203","predicted"
5,"hsa-miR-3143","UAACAUU",5,"targetscan","MIMAT0015012","hsa-miR-3143","PSMB1","5689","ENSG00000008018","-0.204","predicted"
5,"hsa-miR-3143","UAACAUU",5,"targetscan","MIMAT0015012","hsa-miR-3143","SP9","100131390","ENSG00000217236","-0.204","predicted"
5,"hsa-miR-3143","UAACAUU",5,"targetscan","MIMAT0015012","hsa-miR-3143","PRNT","149830","ENSG00000180259","-0.204","predicted"
5,"hsa-miR-3143","UAACAUU",5,"targetscan","MIMAT0015012","hsa-miR-3143","","124906529","ENSG00000249109","-0.204","predicted"
5,"hsa-miR-3143","UAACAUU",5,"targetscan","MIMAT0015012","hsa-miR-3143","PPM1A","5494","ENSG00000100614","-0.205","predicted"
5,"hsa-miR-3143","UAACAUU",5,"targetscan","MIMAT0015012","hsa-miR-3143","STAU2","27067","ENSG00000040341","-0.205","predicted"
5,"hsa-miR-3143","UAACAUU",5,"targetscan","MIMAT0015012","hsa-miR-3143","ZNF696","79943","ENSG00000185730","-0.205","predicted"
5,"hsa-miR-3143","UAACAUU",5,"targetscan","MIMAT0015012","hsa-miR-3143","DLX5","1749","ENSG00000105880","-0.206","predicted"
5,"hsa-miR-3143","UAACAUU",5,"targetscan","MIMAT0015012","hsa-miR-3143","RABGGTB","5876","ENSG00000137955","-0.206","predicted"
5,"hsa-miR-3143","UAACAUU",5,"targetscan","MIMAT0015012","hsa-miR-3143","SMIM8","57150","ENSG00000111850","-0.206","predicted"
5,"hsa-miR-3143","UAACAUU",5,"targetscan","MIMAT0015012","hsa-miR-3143","SMIM8","63914","ENSG00000111850","-0.206","predicted"
5,"hsa-miR-3143","UAACAUU",5,"targetscan","MIMAT0015012","hsa-miR-3143","PCOLCE2","26577","ENSG00000163710","-0.207","predicted"
5,"hsa-miR-3143","UAACAUU",5,"targetscan","MIMAT0015012","hsa-miR-3143","FBXO30","84085","ENSG00000118496","-0.207","predicted"
5,"hsa-miR-3143","UAACAUU",5,"targetscan","MIMAT0015012","hsa-miR-3143","TMEM128","85013","ENSG00000132406","-0.207","predicted"
5,"hsa-miR-3143","UAACAUU",5,"targetscan","MIMAT0015012","hsa-miR-3143","FCGR2B","2213","ENSG00000072694","-0.207","predicted"
5,"hsa-miR-3143","UAACAUU",5,"targetscan","MIMAT0015012","hsa-miR-3143","",NA,"ENSG00000249016","-0.207","predicted"
5,"hsa-miR-3143","UAACAUU",5,"targetscan","MIMAT0015012","hsa-miR-3143","OTC","5009","ENSG00000036473","-0.208","predicted"
5,"hsa-miR-3143","UAACAUU",5,"targetscan","MIMAT0015012","hsa-miR-3143","GPHN","10243","ENSG00000171723","-0.208","predicted"
5,"hsa-miR-3143","UAACAUU",5,"targetscan","MIMAT0015012","hsa-miR-3143","TRIM23","373","ENSG00000113595","-0.209","predicted"
5,"hsa-miR-3143","UAACAUU",5,"targetscan","MIMAT0015012","hsa-miR-3143","GLS","2744","ENSG00000115419","-0.209","predicted"
5,"hsa-miR-3143","UAACAUU",5,"targetscan","MIMAT0015012","hsa-miR-3143","HNRNPA2B1","3181","ENSG00000122566","-0.209","predicted"
5,"hsa-miR-3143","UAACAUU",5,"targetscan","MIMAT0015012","hsa-miR-3143","EIF5A2","56648","ENSG00000163577","-0.209","predicted"
5,"hsa-miR-3143","UAACAUU",5,"targetscan","MIMAT0015012","hsa-miR-3143","DSCC1","79075","ENSG00000136982","-0.209","predicted"
5,"hsa-miR-3143","UAACAUU",5,"targetscan","MIMAT0015012","hsa-miR-3143","BOLA3","388962","ENSG00000163170","-0.209","predicted"
5,"hsa-miR-3143","UAACAUU",5,"targetscan","MIMAT0015012","hsa-miR-3143","SNCAIP","9627","ENSG00000064692","-0.209","predicted"
5,"hsa-miR-3143","UAACAUU",5,"targetscan","MIMAT0015012","hsa-miR-3143","",NA,"ENSG00000251537","-0.209","predicted"
5,"hsa-miR-3143","UAACAUU",5,"targetscan","MIMAT0015012","hsa-miR-3143","RO60","6738","ENSG00000116747","-0.209","predicted"
5,"hsa-miR-3143","UAACAUU",5,"targetscan","MIMAT0015012","hsa-miR-3143","NDUFS5","4725","ENSG00000168653","-0.21","predicted"
5,"hsa-miR-3143","UAACAUU",5,"targetscan","MIMAT0015012","hsa-miR-3143","CEBPG","1054","ENSG00000153879","-0.211","predicted"
5,"hsa-miR-3143","UAACAUU",5,"targetscan","MIMAT0015012","hsa-miR-3143","GNB1","2782","ENSG00000078369","-0.211","predicted"
5,"hsa-miR-3143","UAACAUU",5,"targetscan","MIMAT0015012","hsa-miR-3143","NIPAL1","152519","ENSG00000163293","-0.211","predicted"
5,"hsa-miR-3143","UAACAUU",5,"targetscan","MIMAT0015012","hsa-miR-3143","ITGB1BP1","9270","ENSG00000119185","-0.211","predicted"
5,"hsa-miR-3143","UAACAUU",5,"targetscan","MIMAT0015012","hsa-miR-3143","NADK2","133686","ENSG00000152620","-0.212","predicted"
5,"hsa-miR-3143","UAACAUU",5,"targetscan","MIMAT0015012","hsa-miR-3143","MFSD2A","84879","ENSG00000168389","-0.212","predicted"
5,"hsa-miR-3143","UAACAUU",5,"targetscan","MIMAT0015012","hsa-miR-3143","C2orf69","205327","ENSG00000178074","-0.212","predicted"
5,"hsa-miR-3143","UAACAUU",5,"targetscan","MIMAT0015012","hsa-miR-3143","MRNIP-DT","100996419","ENSG00000245317","-0.212","predicted"
5,"hsa-miR-3143","UAACAUU",5,"targetscan","MIMAT0015012","hsa-miR-3143","RNF13","11342","ENSG00000082996","-0.213","predicted"
5,"hsa-miR-3143","UAACAUU",5,"targetscan","MIMAT0015012","hsa-miR-3143","SPO11","23626","ENSG00000054796","-0.213","predicted"
5,"hsa-miR-3143","UAACAUU",5,"targetscan","MIMAT0015012","hsa-miR-3143","GPX8","493869","ENSG00000164294","-0.213","predicted"
5,"hsa-miR-3143","UAACAUU",5,"targetscan","MIMAT0015012","hsa-miR-3143","DSTN","11034","ENSG00000125868","-0.213","predicted"
5,"hsa-miR-3143","UAACAUU",5,"targetscan","MIMAT0015012","hsa-miR-3143","SYCP1","6847","ENSG00000198765","-0.213","predicted"
5,"hsa-miR-3143","UAACAUU",5,"targetscan","MIMAT0015012","hsa-miR-3143","DYRK4","8798","ENSG00000010219","-0.213","predicted"
5,"hsa-miR-3143","UAACAUU",5,"targetscan","MIMAT0015012","hsa-miR-3143","OR51E1","143503","ENSG00000180785","-0.213","predicted"
5,"hsa-miR-3143","UAACAUU",5,"targetscan","MIMAT0015012","hsa-miR-3143","CARNMT1","138199","ENSG00000156017","-0.213","predicted"
5,"hsa-miR-3143","UAACAUU",5,"targetscan","MIMAT0015012","hsa-miR-3143","IMMT","10989","ENSG00000132305","-0.214","predicted"
5,"hsa-miR-3143","UAACAUU",5,"targetscan","MIMAT0015012","hsa-miR-3143","ORC6","23594","ENSG00000091651","-0.214","predicted"
5,"hsa-miR-3143","UAACAUU",5,"targetscan","MIMAT0015012","hsa-miR-3143","FAHD1","81889","ENSG00000180185","-0.214","predicted"
5,"hsa-miR-3143","UAACAUU",5,"targetscan","MIMAT0015012","hsa-miR-3143","CNR1","1268","ENSG00000118432","-0.214","predicted"
5,"hsa-miR-3143","UAACAUU",5,"targetscan","MIMAT0015012","hsa-miR-3143","GALR1","2587","ENSG00000166573","-0.214","predicted"
5,"hsa-miR-3143","UAACAUU",5,"targetscan","MIMAT0015012","hsa-miR-3143","ELL2","22936","ENSG00000118985","-0.215","predicted"
5,"hsa-miR-3143","UAACAUU",5,"targetscan","MIMAT0015012","hsa-miR-3143","RTN1","6252","ENSG00000139970","-0.215","predicted"
5,"hsa-miR-3143","UAACAUU",5,"targetscan","MIMAT0015012","hsa-miR-3143","HOXC13","3229","ENSG00000123364","-0.216","predicted"
5,"hsa-miR-3143","UAACAUU",5,"targetscan","MIMAT0015012","hsa-miR-3143","FCGR2A","2212","ENSG00000143226","-0.216","predicted"
5,"hsa-miR-3143","UAACAUU",5,"targetscan","MIMAT0015012","hsa-miR-3143","PGRMC2","10424","ENSG00000164040","-0.217","predicted"
5,"hsa-miR-3143","UAACAUU",5,"targetscan","MIMAT0015012","hsa-miR-3143","LEPROTL1","23484","ENSG00000104660","-0.217","predicted"
5,"hsa-miR-3143","UAACAUU",5,"targetscan","MIMAT0015012","hsa-miR-3143","BRAF","673","ENSG00000157764","-0.217","predicted"
5,"hsa-miR-3143","UAACAUU",5,"targetscan","MIMAT0015012","hsa-miR-3143","AVIL","10677","ENSG00000135407","-0.218","predicted"
5,"hsa-miR-3143","UAACAUU",5,"targetscan","MIMAT0015012","hsa-miR-3143","PSIP1","11168","ENSG00000164985","-0.218","predicted"
5,"hsa-miR-3143","UAACAUU",5,"targetscan","MIMAT0015012","hsa-miR-3143","MRPL42","28977","ENSG00000198015","-0.218","predicted"
5,"hsa-miR-3143","UAACAUU",5,"targetscan","MIMAT0015012","hsa-miR-3143","GPR27","2850","ENSG00000170837","-0.219","predicted"
5,"hsa-miR-3143","UAACAUU",5,"targetscan","MIMAT0015012","hsa-miR-3143","KNCN","148930","ENSG00000162456","-0.219","predicted"
5,"hsa-miR-3143","UAACAUU",5,"targetscan","MIMAT0015012","hsa-miR-3143","ARHGAP24","83478","ENSG00000138639","-0.22","predicted"
5,"hsa-miR-3143","UAACAUU",5,"targetscan","MIMAT0015012","hsa-miR-3143","ADD3","120","ENSG00000148700","-0.221","predicted"
5,"hsa-miR-3143","UAACAUU",5,"targetscan","MIMAT0015012","hsa-miR-3143","STK17B","9262","ENSG00000081320","-0.221","predicted"
5,"hsa-miR-3143","UAACAUU",5,"targetscan","MIMAT0015012","hsa-miR-3143","TMEM202","338949","ENSG00000187806","-0.221","predicted"
5,"hsa-miR-3143","UAACAUU",5,"targetscan","MIMAT0015012","hsa-miR-3143","CER1","9350","ENSG00000147869","-0.221","predicted"
5,"hsa-miR-3143","UAACAUU",5,"targetscan","MIMAT0015012","hsa-miR-3143","ARG2","384","ENSG00000081181","-0.222","predicted"
5,"hsa-miR-3143","UAACAUU",5,"targetscan","MIMAT0015012","hsa-miR-3143","CHPF2","54480","ENSG00000033100","-0.222","predicted"
5,"hsa-miR-3143","UAACAUU",5,"targetscan","MIMAT0015012","hsa-miR-3143","CDCA3","83461","ENSG00000111665","-0.222","predicted"
5,"hsa-miR-3143","UAACAUU",5,"targetscan","MIMAT0015012","hsa-miR-3143","VSTM5","387804","ENSG00000214376","-0.222","predicted"
5,"hsa-miR-3143","UAACAUU",5,"targetscan","MIMAT0015012","hsa-miR-3143","FLJ00388",NA,"ENSG00000273395","-0.222","predicted"
5,"hsa-miR-3143","UAACAUU",5,"targetscan","MIMAT0015012","hsa-miR-3143","PTP4A1","7803","ENSG00000112245","-0.223","predicted"
5,"hsa-miR-3143","UAACAUU",5,"targetscan","MIMAT0015012","hsa-miR-3143","ADH7","131","ENSG00000196344","-0.223","predicted"
5,"hsa-miR-3143","UAACAUU",5,"targetscan","MIMAT0015012","hsa-miR-3143","RAB27A","5873","ENSG00000069974","-0.223","predicted"
5,"hsa-miR-3143","UAACAUU",5,"targetscan","MIMAT0015012","hsa-miR-3143","RPAP3","79657","ENSG00000005175","-0.223","predicted"
5,"hsa-miR-3143","UAACAUU",5,"targetscan","MIMAT0015012","hsa-miR-3143","ZSCAN23","222696","ENSG00000187987","-0.223","predicted"
5,"hsa-miR-3143","UAACAUU",5,"targetscan","MIMAT0015012","hsa-miR-3143","",NA,"ENSG00000131152","-0.223","predicted"
5,"hsa-miR-3143","UAACAUU",5,"targetscan","MIMAT0015012","hsa-miR-3143","RIDA","10247","ENSG00000132541","-0.223","predicted"
5,"hsa-miR-3143","UAACAUU",5,"targetscan","MIMAT0015012","hsa-miR-3143","ZNF639","51193","ENSG00000121864","-0.224","predicted"
5,"hsa-miR-3143","UAACAUU",5,"targetscan","MIMAT0015012","hsa-miR-3143","SPPL2A","84888","ENSG00000138600","-0.224","predicted"
5,"hsa-miR-3143","UAACAUU",5,"targetscan","MIMAT0015012","hsa-miR-3143","MRPS36","92259","ENSG00000134056","-0.224","predicted"
5,"hsa-miR-3143","UAACAUU",5,"targetscan","MIMAT0015012","hsa-miR-3143","CHORDC1","26973","ENSG00000110172","-0.225","predicted"
5,"hsa-miR-3143","UAACAUU",5,"targetscan","MIMAT0015012","hsa-miR-3143","GOLGA7","51125","ENSG00000147533","-0.225","predicted"
5,"hsa-miR-3143","UAACAUU",5,"targetscan","MIMAT0015012","hsa-miR-3143","SLC25A40","55972","ENSG00000075303","-0.225","predicted"
5,"hsa-miR-3143","UAACAUU",5,"targetscan","MIMAT0015012","hsa-miR-3143","SNX25","83891","ENSG00000109762","-0.225","predicted"
5,"hsa-miR-3143","UAACAUU",5,"targetscan","MIMAT0015012","hsa-miR-3143","GTF2E1","2960","ENSG00000153767","-0.226","predicted"
5,"hsa-miR-3143","UAACAUU",5,"targetscan","MIMAT0015012","hsa-miR-3143","UBE2V2","7336","ENSG00000169139","-0.226","predicted"
5,"hsa-miR-3143","UAACAUU",5,"targetscan","MIMAT0015012","hsa-miR-3143","MRPS9","64965","ENSG00000135972","-0.226","predicted"
5,"hsa-miR-3143","UAACAUU",5,"targetscan","MIMAT0015012","hsa-miR-3143","RPAP3","79657","ENSG00000005175","-0.226","predicted"
5,"hsa-miR-3143","UAACAUU",5,"targetscan","MIMAT0015012","hsa-miR-3143","IFT81","28981","ENSG00000122970","-0.227","predicted"
5,"hsa-miR-3143","UAACAUU",5,"targetscan","MIMAT0015012","hsa-miR-3143","GNPNAT1","64841","ENSG00000100522","-0.227","predicted"
5,"hsa-miR-3143","UAACAUU",5,"targetscan","MIMAT0015012","hsa-miR-3143","ZNF772","400720","ENSG00000197128","-0.227","predicted"
5,"hsa-miR-3143","UAACAUU",5,"targetscan","MIMAT0015012","hsa-miR-3143","TGOLN2","10618","ENSG00000152291","-0.228","predicted"
5,"hsa-miR-3143","UAACAUU",5,"targetscan","MIMAT0015012","hsa-miR-3143","RHOQ","23433","ENSG00000119729","-0.228","predicted"
5,"hsa-miR-3143","UAACAUU",5,"targetscan","MIMAT0015012","hsa-miR-3143","AP1S3","130340","ENSG00000152056","-0.228","predicted"
5,"hsa-miR-3143","UAACAUU",5,"targetscan","MIMAT0015012","hsa-miR-3143","FABP1","2168","ENSG00000163586","-0.229","predicted"
5,"hsa-miR-3143","UAACAUU",5,"targetscan","MIMAT0015012","hsa-miR-3143","TMEM200A","114801","ENSG00000164484","-0.229","predicted"
5,"hsa-miR-3143","UAACAUU",5,"targetscan","MIMAT0015012","hsa-miR-3143","SKA3","221150","ENSG00000165480","-0.229","predicted"
5,"hsa-miR-3143","UAACAUU",5,"targetscan","MIMAT0015012","hsa-miR-3143","WDR43","23160","ENSG00000163811","-0.23","predicted"
5,"hsa-miR-3143","UAACAUU",5,"targetscan","MIMAT0015012","hsa-miR-3143","AL359195.1",NA,"ENSG00000204038","-0.23","predicted"
5,"hsa-miR-3143","UAACAUU",5,"targetscan","MIMAT0015012","hsa-miR-3143","PDHX","8050","ENSG00000110435","-0.231","predicted"
5,"hsa-miR-3143","UAACAUU",5,"targetscan","MIMAT0015012","hsa-miR-3143","RNF222","643904","ENSG00000189051","-0.231","predicted"
5,"hsa-miR-3143","UAACAUU",5,"targetscan","MIMAT0015012","hsa-miR-3143","FSBP","100861412","ENSG00000265817","-0.231","predicted"
5,"hsa-miR-3143","UAACAUU",5,"targetscan","MIMAT0015012","hsa-miR-3143","KLHDC1","122773","ENSG00000197776","-0.232","predicted"
5,"hsa-miR-3143","UAACAUU",5,"targetscan","MIMAT0015012","hsa-miR-3143","TMEM237","65062","ENSG00000155755","-0.232","predicted"
5,"hsa-miR-3143","UAACAUU",5,"targetscan","MIMAT0015012","hsa-miR-3143","KIF4A","24137","ENSG00000090889","-0.233","predicted"
5,"hsa-miR-3143","UAACAUU",5,"targetscan","MIMAT0015012","hsa-miR-3143","HOXD9","3235","ENSG00000128709","-0.233","predicted"
5,"hsa-miR-3143","UAACAUU",5,"targetscan","MIMAT0015012","hsa-miR-3143","PCP4L1","654790","ENSG00000248485","-0.234","predicted"
5,"hsa-miR-3143","UAACAUU",5,"targetscan","MIMAT0015012","hsa-miR-3143","ABRA","137735","ENSG00000174429","-0.234","predicted"
5,"hsa-miR-3143","UAACAUU",5,"targetscan","MIMAT0015012","hsa-miR-3143","UMAD1","729852","ENSG00000219545","-0.234","predicted"
5,"hsa-miR-3143","UAACAUU",5,"targetscan","MIMAT0015012","hsa-miR-3143","BHLHE40","8553","ENSG00000134107","-0.235","predicted"
5,"hsa-miR-3143","UAACAUU",5,"targetscan","MIMAT0015012","hsa-miR-3143","HERC4","26091","ENSG00000148634","-0.235","predicted"
5,"hsa-miR-3143","UAACAUU",5,"targetscan","MIMAT0015012","hsa-miR-3143","TMED6","146456","ENSG00000157315","-0.235","predicted"
5,"hsa-miR-3143","UAACAUU",5,"targetscan","MIMAT0015012","hsa-miR-3143","KCTD8","386617","ENSG00000183783","-0.235","predicted"
5,"hsa-miR-3143","UAACAUU",5,"targetscan","MIMAT0015012","hsa-miR-3143","FMC1","154791","ENSG00000164898","-0.235","predicted"
5,"hsa-miR-3143","UAACAUU",5,"targetscan","MIMAT0015012","hsa-miR-3143","",NA,"ENSG00000272822","-0.235","predicted"
5,"hsa-miR-3143","UAACAUU",5,"targetscan","MIMAT0015012","hsa-miR-3143","SCAPER","49855","ENSG00000140386","-0.236","predicted"
5,"hsa-miR-3143","UAACAUU",5,"targetscan","MIMAT0015012","hsa-miR-3143","RAB42","115273","ENSG00000188060","-0.236","predicted"
5,"hsa-miR-3143","UAACAUU",5,"targetscan","MIMAT0015012","hsa-miR-3143","HTR5A-AS1","100128264","ENSG00000220575","-0.236","predicted"
5,"hsa-miR-3143","UAACAUU",5,"targetscan","MIMAT0015012","hsa-miR-3143","CYCS","54205","ENSG00000172115","-0.237","predicted"
5,"hsa-miR-3143","UAACAUU",5,"targetscan","MIMAT0015012","hsa-miR-3143","FOXG1","2290","ENSG00000176165","-0.238","predicted"
5,"hsa-miR-3143","UAACAUU",5,"targetscan","MIMAT0015012","hsa-miR-3143","CCR2","729230","ENSG00000121807","-0.238","predicted"
5,"hsa-miR-3143","UAACAUU",5,"targetscan","MIMAT0015012","hsa-miR-3143","SDHD","6392","ENSG00000204370","-0.238","predicted"
5,"hsa-miR-3143","UAACAUU",5,"targetscan","MIMAT0015012","hsa-miR-3143","BORCS7","119032","ENSG00000166275","-0.238","predicted"
5,"hsa-miR-3143","UAACAUU",5,"targetscan","MIMAT0015012","hsa-miR-3143","RNF138","51444","ENSG00000134758","-0.239","predicted"
5,"hsa-miR-3143","UAACAUU",5,"targetscan","MIMAT0015012","hsa-miR-3143","CCNY","219771","ENSG00000108100","-0.239","predicted"
5,"hsa-miR-3143","UAACAUU",5,"targetscan","MIMAT0015012","hsa-miR-3143","AGMO","392636","ENSG00000187546","-0.239","predicted"
5,"hsa-miR-3143","UAACAUU",5,"targetscan","MIMAT0015012","hsa-miR-3143","FOXD4L6","101060560","ENSG00000204793","-0.239","predicted"
5,"hsa-miR-3143","UAACAUU",5,"targetscan","MIMAT0015012","hsa-miR-3143","FOXD4L3","286380","ENSG00000187559","-0.239","predicted"
5,"hsa-miR-3143","UAACAUU",5,"targetscan","MIMAT0015012","hsa-miR-3143","UBE2K","3093","ENSG00000078140","-0.24","predicted"
5,"hsa-miR-3143","UAACAUU",5,"targetscan","MIMAT0015012","hsa-miR-3143","RAP1A","5906","ENSG00000116473","-0.24","predicted"
5,"hsa-miR-3143","UAACAUU",5,"targetscan","MIMAT0015012","hsa-miR-3143","ZNF792","126375","ENSG00000180884","-0.24","predicted"
5,"hsa-miR-3143","UAACAUU",5,"targetscan","MIMAT0015012","hsa-miR-3143","BEND6","221336","ENSG00000151917","-0.24","predicted"
5,"hsa-miR-3143","UAACAUU",5,"targetscan","MIMAT0015012","hsa-miR-3143","MFSD2B","388931","ENSG00000205639","-0.24","predicted"
5,"hsa-miR-3143","UAACAUU",5,"targetscan","MIMAT0015012","hsa-miR-3143","CEP15","57415","ENSG00000114405","-0.24","predicted"
5,"hsa-miR-3143","UAACAUU",5,"targetscan","MIMAT0015012","hsa-miR-3143","DEPDC1B","55789","ENSG00000035499","-0.241","predicted"
5,"hsa-miR-3143","UAACAUU",5,"targetscan","MIMAT0015012","hsa-miR-3143","OR9Q1","219956","ENSG00000186509","-0.241","predicted"
5,"hsa-miR-3143","UAACAUU",5,"targetscan","MIMAT0015012","hsa-miR-3143","SLC35E2B","728661","ENSG00000189339","-0.241","predicted"
5,"hsa-miR-3143","UAACAUU",5,"targetscan","MIMAT0015012","hsa-miR-3143","C16orf95","100506581","ENSG00000260456","-0.241","predicted"
5,"hsa-miR-3143","UAACAUU",5,"targetscan","MIMAT0015012","hsa-miR-3143","WASHC3","51019","ENSG00000120860","-0.241","predicted"
5,"hsa-miR-3143","UAACAUU",5,"targetscan","MIMAT0015012","hsa-miR-3143","TPGS2","25941","ENSG00000134779","-0.242","predicted"
5,"hsa-miR-3143","UAACAUU",5,"targetscan","MIMAT0015012","hsa-miR-3143","FAM221A","340277","ENSG00000188732","-0.242","predicted"
5,"hsa-miR-3143","UAACAUU",5,"targetscan","MIMAT0015012","hsa-miR-3143","PANK1","53354","ENSG00000152782","-0.242","predicted"
5,"hsa-miR-3143","UAACAUU",5,"targetscan","MIMAT0015012","hsa-miR-3143","PACC1","55248","ENSG00000065600","-0.242","predicted"
5,"hsa-miR-3143","UAACAUU",5,"targetscan","MIMAT0015012","hsa-miR-3143","FAM171B","165215","ENSG00000144369","-0.243","predicted"
5,"hsa-miR-3143","UAACAUU",5,"targetscan","MIMAT0015012","hsa-miR-3143","ACYP1","97","ENSG00000119640","-0.243","predicted"
5,"hsa-miR-3143","UAACAUU",5,"targetscan","MIMAT0015012","hsa-miR-3143","SLC30A8","169026","ENSG00000164756","-0.243","predicted"
5,"hsa-miR-3143","UAACAUU",5,"targetscan","MIMAT0015012","hsa-miR-3143","CXCL14","9547","ENSG00000145824","-0.244","predicted"
5,"hsa-miR-3143","UAACAUU",5,"targetscan","MIMAT0015012","hsa-miR-3143","MPLKIP","136647","ENSG00000168303","-0.244","predicted"
5,"hsa-miR-3143","UAACAUU",5,"targetscan","MIMAT0015012","hsa-miR-3143","COX7B","1349","ENSG00000131174","-0.245","predicted"
5,"hsa-miR-3143","UAACAUU",5,"targetscan","MIMAT0015012","hsa-miR-3143","GHITM","27069","ENSG00000165678","-0.245","predicted"
5,"hsa-miR-3143","UAACAUU",5,"targetscan","MIMAT0015012","hsa-miR-3143","TMEM167A","153339","ENSG00000174695","-0.245","predicted"
5,"hsa-miR-3143","UAACAUU",5,"targetscan","MIMAT0015012","hsa-miR-3143","SUV39H2","79723","ENSG00000152455","-0.245","predicted"
5,"hsa-miR-3143","UAACAUU",5,"targetscan","MIMAT0015012","hsa-miR-3143","SNAPC5","10302","ENSG00000174446","-0.247","predicted"
5,"hsa-miR-3143","UAACAUU",5,"targetscan","MIMAT0015012","hsa-miR-3143","DNAJB6","10049","ENSG00000105993","-0.248","predicted"
5,"hsa-miR-3143","UAACAUU",5,"targetscan","MIMAT0015012","hsa-miR-3143","ALDH8A1","64577","ENSG00000118514","-0.248","predicted"
5,"hsa-miR-3143","UAACAUU",5,"targetscan","MIMAT0015012","hsa-miR-3143","RNF6","6049","ENSG00000127870","-0.249","predicted"
5,"hsa-miR-3143","UAACAUU",5,"targetscan","MIMAT0015012","hsa-miR-3143","BEST4","266675","ENSG00000142959","-0.249","predicted"
5,"hsa-miR-3143","UAACAUU",5,"targetscan","MIMAT0015012","hsa-miR-3143","ABHD18","80167","ENSG00000164074","-0.249","predicted"
5,"hsa-miR-3143","UAACAUU",5,"targetscan","MIMAT0015012","hsa-miR-3143","GGNBP2",NA,"ENSG00000005955","-0.249","predicted"
5,"hsa-miR-3143","UAACAUU",5,"targetscan","MIMAT0015012","hsa-miR-3143","ZNF197","10168","ENSG00000186448","-0.25","predicted"
5,"hsa-miR-3143","UAACAUU",5,"targetscan","MIMAT0015012","hsa-miR-3143","AP1AR","55435","ENSG00000138660","-0.25","predicted"
5,"hsa-miR-3143","UAACAUU",5,"targetscan","MIMAT0015012","hsa-miR-3143","ZNF197","110354863","ENSG00000186448","-0.25","predicted"
5,"hsa-miR-3143","UAACAUU",5,"targetscan","MIMAT0015012","hsa-miR-3143","ATP6V1E1","529","ENSG00000131100","-0.251","predicted"
5,"hsa-miR-3143","UAACAUU",5,"targetscan","MIMAT0015012","hsa-miR-3143","F5","2153","ENSG00000198734","-0.251","predicted"
5,"hsa-miR-3143","UAACAUU",5,"targetscan","MIMAT0015012","hsa-miR-3143","HBS1L","10767","ENSG00000112339","-0.251","predicted"
5,"hsa-miR-3143","UAACAUU",5,"targetscan","MIMAT0015012","hsa-miR-3143","PAOX","196743","ENSG00000148832","-0.251","predicted"
5,"hsa-miR-3143","UAACAUU",5,"targetscan","MIMAT0015012","hsa-miR-3143","COX7A2L","9167","ENSG00000115944","-0.252","predicted"
5,"hsa-miR-3143","UAACAUU",5,"targetscan","MIMAT0015012","hsa-miR-3143","RILPL2","196383","ENSG00000150977","-0.252","predicted"
5,"hsa-miR-3143","UAACAUU",5,"targetscan","MIMAT0015012","hsa-miR-3143","EPYC","1833","ENSG00000083782","-0.252","predicted"
5,"hsa-miR-3143","UAACAUU",5,"targetscan","MIMAT0015012","hsa-miR-3143","TMEM263","90488","ENSG00000151135","-0.252","predicted"
5,"hsa-miR-3143","UAACAUU",5,"targetscan","MIMAT0015012","hsa-miR-3143","SINHCAF","58516","ENSG00000139146","-0.252","predicted"
5,"hsa-miR-3143","UAACAUU",5,"targetscan","MIMAT0015012","hsa-miR-3143","MMP7","4316","ENSG00000137673","-0.253","predicted"
5,"hsa-miR-3143","UAACAUU",5,"targetscan","MIMAT0015012","hsa-miR-3143","SOCS2","8835","ENSG00000120833","-0.253","predicted"
5,"hsa-miR-3143","UAACAUU",5,"targetscan","MIMAT0015012","hsa-miR-3143","PLK4","10733","ENSG00000142731","-0.253","predicted"
5,"hsa-miR-3143","UAACAUU",5,"targetscan","MIMAT0015012","hsa-miR-3143","LACTB2","51110","ENSG00000147592","-0.253","predicted"
5,"hsa-miR-3143","UAACAUU",5,"targetscan","MIMAT0015012","hsa-miR-3143","MBTD1","54799","ENSG00000011258","-0.253","predicted"
5,"hsa-miR-3143","UAACAUU",5,"targetscan","MIMAT0015012","hsa-miR-3143","MAP1LC3B","81631","ENSG00000140941","-0.253","predicted"
5,"hsa-miR-3143","UAACAUU",5,"targetscan","MIMAT0015012","hsa-miR-3143","SIGLEC5","8778","ENSG00000268500","-0.253","predicted"
5,"hsa-miR-3143","UAACAUU",5,"targetscan","MIMAT0015012","hsa-miR-3143","ZNF143","7702","ENSG00000166478","-0.254","predicted"
5,"hsa-miR-3143","UAACAUU",5,"targetscan","MIMAT0015012","hsa-miR-3143","CDIN1","84529","ENSG00000186073","-0.254","predicted"
5,"hsa-miR-3143","UAACAUU",5,"targetscan","MIMAT0015012","hsa-miR-3143","GABRP","2568","ENSG00000094755","-0.255","predicted"
5,"hsa-miR-3143","UAACAUU",5,"targetscan","MIMAT0015012","hsa-miR-3143","DPM1","8813","ENSG00000000419","-0.255","predicted"
5,"hsa-miR-3143","UAACAUU",5,"targetscan","MIMAT0015012","hsa-miR-3143","TENT2","167153","ENSG00000164329","-0.255","predicted"
5,"hsa-miR-3143","UAACAUU",5,"targetscan","MIMAT0015012","hsa-miR-3143","C8orf48","157773","ENSG00000164743","-0.256","predicted"
5,"hsa-miR-3143","UAACAUU",5,"targetscan","MIMAT0015012","hsa-miR-3143","LLGL2","3993","ENSG00000073350","-0.257","predicted"
5,"hsa-miR-3143","UAACAUU",5,"targetscan","MIMAT0015012","hsa-miR-3143","NDUFB4","4710","ENSG00000065518","-0.257","predicted"
5,"hsa-miR-3143","UAACAUU",5,"targetscan","MIMAT0015012","hsa-miR-3143","ZNF772","400720","ENSG00000197128","-0.258","predicted"
5,"hsa-miR-3143","UAACAUU",5,"targetscan","MIMAT0015012","hsa-miR-3143","MYL12B","103910","ENSG00000118680","-0.258","predicted"
5,"hsa-miR-3143","UAACAUU",5,"targetscan","MIMAT0015012","hsa-miR-3143","POLR3K","51728","ENSG00000161980","-0.258","predicted"
5,"hsa-miR-3143","UAACAUU",5,"targetscan","MIMAT0015012","hsa-miR-3143","ETFRF1","144363","ENSG00000205707","-0.258","predicted"
5,"hsa-miR-3143","UAACAUU",5,"targetscan","MIMAT0015012","hsa-miR-3143","LIMS1","3987","ENSG00000169756","-0.259","predicted"
5,"hsa-miR-3143","UAACAUU",5,"targetscan","MIMAT0015012","hsa-miR-3143","SPOP","8405","ENSG00000121067","-0.259","predicted"
5,"hsa-miR-3143","UAACAUU",5,"targetscan","MIMAT0015012","hsa-miR-3143","OPN1SW","611","ENSG00000128617","-0.26","predicted"
5,"hsa-miR-3143","UAACAUU",5,"targetscan","MIMAT0015012","hsa-miR-3143","PRNP","5621","ENSG00000171867","-0.26","predicted"
5,"hsa-miR-3143","UAACAUU",5,"targetscan","MIMAT0015012","hsa-miR-3143","TMBIM4","51643","ENSG00000155957","-0.26","predicted"
5,"hsa-miR-3143","UAACAUU",5,"targetscan","MIMAT0015012","hsa-miR-3143","TBPL1","9519","ENSG00000028839","-0.261","predicted"
5,"hsa-miR-3143","UAACAUU",5,"targetscan","MIMAT0015012","hsa-miR-3143","C12orf56","115749","ENSG00000185306","-0.261","predicted"
5,"hsa-miR-3143","UAACAUU",5,"targetscan","MIMAT0015012","hsa-miR-3143","SLC35E2A","9906","ENSG00000215790","-0.261","predicted"
5,"hsa-miR-3143","UAACAUU",5,"targetscan","MIMAT0015012","hsa-miR-3143","IQCB1","9657","ENSG00000173226","-0.262","predicted"
5,"hsa-miR-3143","UAACAUU",5,"targetscan","MIMAT0015012","hsa-miR-3143","ZNF382","84911","ENSG00000161298","-0.262","predicted"
5,"hsa-miR-3143","UAACAUU",5,"targetscan","MIMAT0015012","hsa-miR-3143","NDUFAF4","29078","ENSG00000123545","-0.263","predicted"
5,"hsa-miR-3143","UAACAUU",5,"targetscan","MIMAT0015012","hsa-miR-3143","ZNF20","7568","ENSG00000132010","-0.263","predicted"
5,"hsa-miR-3143","UAACAUU",5,"targetscan","MIMAT0015012","hsa-miR-3143","MRPL42","28977","ENSG00000198015","-0.264","predicted"
5,"hsa-miR-3143","UAACAUU",5,"targetscan","MIMAT0015012","hsa-miR-3143","EPPIN","57119","ENSG00000101448","-0.265","predicted"
5,"hsa-miR-3143","UAACAUU",5,"targetscan","MIMAT0015012","hsa-miR-3143","HNRNPF","3185","ENSG00000169813","-0.265","predicted"
5,"hsa-miR-3143","UAACAUU",5,"targetscan","MIMAT0015012","hsa-miR-3143","EPPIN-WFDC6","100526773","ENSG00000249139","-0.265","predicted"
5,"hsa-miR-3143","UAACAUU",5,"targetscan","MIMAT0015012","hsa-miR-3143","POC5","134359","ENSG00000152359","-0.266","predicted"
5,"hsa-miR-3143","UAACAUU",5,"targetscan","MIMAT0015012","hsa-miR-3143","TWIST1","7291","ENSG00000122691","-0.267","predicted"
5,"hsa-miR-3143","UAACAUU",5,"targetscan","MIMAT0015012","hsa-miR-3143","UBE2D3","7323","ENSG00000109332","-0.268","predicted"
5,"hsa-miR-3143","UAACAUU",5,"targetscan","MIMAT0015012","hsa-miR-3143","LGALSL","29094","ENSG00000119862","-0.268","predicted"
5,"hsa-miR-3143","UAACAUU",5,"targetscan","MIMAT0015012","hsa-miR-3143","WDR75","84128","ENSG00000115368","-0.268","predicted"
5,"hsa-miR-3143","UAACAUU",5,"targetscan","MIMAT0015012","hsa-miR-3143","NOG","9241","ENSG00000183691","-0.269","predicted"
5,"hsa-miR-3143","UAACAUU",5,"targetscan","MIMAT0015012","hsa-miR-3143","LIN52","91750","ENSG00000205659","-0.269","predicted"
5,"hsa-miR-3143","UAACAUU",5,"targetscan","MIMAT0015012","hsa-miR-3143","NRARP","441478","ENSG00000198435","-0.269","predicted"
5,"hsa-miR-3143","UAACAUU",5,"targetscan","MIMAT0015012","hsa-miR-3143","N4BP2L1","90634","ENSG00000139597","-0.269","predicted"
5,"hsa-miR-3143","UAACAUU",5,"targetscan","MIMAT0015012","hsa-miR-3143","ERLIN2","11160","ENSG00000147475","-0.27","predicted"
5,"hsa-miR-3143","UAACAUU",5,"targetscan","MIMAT0015012","hsa-miR-3143","UTP3","57050","ENSG00000132467","-0.27","predicted"
5,"hsa-miR-3143","UAACAUU",5,"targetscan","MIMAT0015012","hsa-miR-3143","RMC1","29919","ENSG00000141452","-0.27","predicted"
5,"hsa-miR-3143","UAACAUU",5,"targetscan","MIMAT0015012","hsa-miR-3143","ANKUB1","389161","ENSG00000206199","-0.271","predicted"
5,"hsa-miR-3143","UAACAUU",5,"targetscan","MIMAT0015012","hsa-miR-3143","LINC02656",NA,"ENSG00000212743","-0.271","predicted"
5,"hsa-miR-3143","UAACAUU",5,"targetscan","MIMAT0015012","hsa-miR-3143","HMGN5","79366","ENSG00000198157","-0.272","predicted"
5,"hsa-miR-3143","UAACAUU",5,"targetscan","MIMAT0015012","hsa-miR-3143","MPP4","58538","ENSG00000082126","-0.273","predicted"
5,"hsa-miR-3143","UAACAUU",5,"targetscan","MIMAT0015012","hsa-miR-3143","NDUFC1","4717","ENSG00000109390","-0.274","predicted"
5,"hsa-miR-3143","UAACAUU",5,"targetscan","MIMAT0015012","hsa-miR-3143","LIPC","3990","ENSG00000166035","-0.275","predicted"
5,"hsa-miR-3143","UAACAUU",5,"targetscan","MIMAT0015012","hsa-miR-3143","B3GNT5","84002","ENSG00000176597","-0.275","predicted"
5,"hsa-miR-3143","UAACAUU",5,"targetscan","MIMAT0015012","hsa-miR-3143","ISOC1","51015","ENSG00000066583","-0.275","predicted"
5,"hsa-miR-3143","UAACAUU",5,"targetscan","MIMAT0015012","hsa-miR-3143","CFAP206","154313","ENSG00000272514","-0.275","predicted"
5,"hsa-miR-3143","UAACAUU",5,"targetscan","MIMAT0015012","hsa-miR-3143","HNRNPA2B1","3181","ENSG00000122566","-0.276","predicted"
5,"hsa-miR-3143","UAACAUU",5,"targetscan","MIMAT0015012","hsa-miR-3143","UFSP2","55325","ENSG00000109775","-0.276","predicted"
5,"hsa-miR-3143","UAACAUU",5,"targetscan","MIMAT0015012","hsa-miR-3143","CHIC2","26511","ENSG00000109220","-0.277","predicted"
5,"hsa-miR-3143","UAACAUU",5,"targetscan","MIMAT0015012","hsa-miR-3143","FGF1","2246","ENSG00000113578","-0.278","predicted"
5,"hsa-miR-3143","UAACAUU",5,"targetscan","MIMAT0015012","hsa-miR-3143","TGM3","7053","ENSG00000125780","-0.278","predicted"
5,"hsa-miR-3143","UAACAUU",5,"targetscan","MIMAT0015012","hsa-miR-3143","IL5","3567","ENSG00000113525","-0.279","predicted"
5,"hsa-miR-3143","UAACAUU",5,"targetscan","MIMAT0015012","hsa-miR-3143","LCTL","197021","ENSG00000188501","-0.279","predicted"
5,"hsa-miR-3143","UAACAUU",5,"targetscan","MIMAT0015012","hsa-miR-3143","GNG2","54331","ENSG00000186469","-0.28","predicted"
5,"hsa-miR-3143","UAACAUU",5,"targetscan","MIMAT0015012","hsa-miR-3143","CBR4","84869","ENSG00000145439","-0.28","predicted"
5,"hsa-miR-3143","UAACAUU",5,"targetscan","MIMAT0015012","hsa-miR-3143","IDI1","3422","ENSG00000067064","-0.281","predicted"
5,"hsa-miR-3143","UAACAUU",5,"targetscan","MIMAT0015012","hsa-miR-3143","EIF2AK1","27102","ENSG00000086232","-0.281","predicted"
5,"hsa-miR-3143","UAACAUU",5,"targetscan","MIMAT0015012","hsa-miR-3143","ATP10A","57194","ENSG00000206190","-0.281","predicted"
5,"hsa-miR-3143","UAACAUU",5,"targetscan","MIMAT0015012","hsa-miR-3143","RNF6","6049","ENSG00000127870","-0.283","predicted"
5,"hsa-miR-3143","UAACAUU",5,"targetscan","MIMAT0015012","hsa-miR-3143","TTC32","130502","ENSG00000183891","-0.284","predicted"
5,"hsa-miR-3143","UAACAUU",5,"targetscan","MIMAT0015012","hsa-miR-3143","SH3TC2","79628","ENSG00000169247","-0.285","predicted"
5,"hsa-miR-3143","UAACAUU",5,"targetscan","MIMAT0015012","hsa-miR-3143","MARS2","92935","ENSG00000247626","-0.285","predicted"
5,"hsa-miR-3143","UAACAUU",5,"targetscan","MIMAT0015012","hsa-miR-3143","FASTKD3","79072","ENSG00000124279","-0.285","predicted"
5,"hsa-miR-3143","UAACAUU",5,"targetscan","MIMAT0015012","hsa-miR-3143","REG3G","130120","ENSG00000143954","-0.288","predicted"
5,"hsa-miR-3143","UAACAUU",5,"targetscan","MIMAT0015012","hsa-miR-3143","CUL2","8453","ENSG00000108094","-0.289","predicted"
5,"hsa-miR-3143","UAACAUU",5,"targetscan","MIMAT0015012","hsa-miR-3143","EIF4A2","1974","ENSG00000156976","-0.29","predicted"
5,"hsa-miR-3143","UAACAUU",5,"targetscan","MIMAT0015012","hsa-miR-3143","DNAJB6","10049","ENSG00000105993","-0.29","predicted"
5,"hsa-miR-3143","UAACAUU",5,"targetscan","MIMAT0015012","hsa-miR-3143","NRN1","51299","ENSG00000124785","-0.29","predicted"
5,"hsa-miR-3143","UAACAUU",5,"targetscan","MIMAT0015012","hsa-miR-3143","KIF4B","285643","ENSG00000226650","-0.29","predicted"
5,"hsa-miR-3143","UAACAUU",5,"targetscan","MIMAT0015012","hsa-miR-3143","IL1RL2","8808","ENSG00000115598","-0.29","predicted"
5,"hsa-miR-3143","UAACAUU",5,"targetscan","MIMAT0015012","hsa-miR-3143","NAAA","27163","ENSG00000138744","-0.293","predicted"
5,"hsa-miR-3143","UAACAUU",5,"targetscan","MIMAT0015012","hsa-miR-3143","CAT","847","ENSG00000121691","-0.294","predicted"
5,"hsa-miR-3143","UAACAUU",5,"targetscan","MIMAT0015012","hsa-miR-3143","CCT6A","908","ENSG00000146731","-0.294","predicted"
5,"hsa-miR-3143","UAACAUU",5,"targetscan","MIMAT0015012","hsa-miR-3143","ZNF302","55900","ENSG00000089335","-0.294","predicted"
5,"hsa-miR-3143","UAACAUU",5,"targetscan","MIMAT0015012","hsa-miR-3143","TMEM50A","23585","ENSG00000183726","-0.295","predicted"
5,"hsa-miR-3143","UAACAUU",5,"targetscan","MIMAT0015012","hsa-miR-3143","GFRAL","389400","ENSG00000187871","-0.295","predicted"
5,"hsa-miR-3143","UAACAUU",5,"targetscan","MIMAT0015012","hsa-miR-3143","ARHGEF33","100271715","ENSG00000214694","-0.296","predicted"
5,"hsa-miR-3143","UAACAUU",5,"targetscan","MIMAT0015012","hsa-miR-3143","FAM3C","10447","ENSG00000196937","-0.298","predicted"
5,"hsa-miR-3143","UAACAUU",5,"targetscan","MIMAT0015012","hsa-miR-3143","PCBP1","5093","ENSG00000169564","-0.298","predicted"
5,"hsa-miR-3143","UAACAUU",5,"targetscan","MIMAT0015012","hsa-miR-3143","SDHB","6390","ENSG00000117118","-0.298","predicted"
5,"hsa-miR-3143","UAACAUU",5,"targetscan","MIMAT0015012","hsa-miR-3143","CABP7","164633","ENSG00000100314","-0.298","predicted"
5,"hsa-miR-3143","UAACAUU",5,"targetscan","MIMAT0015012","hsa-miR-3143","RNF146","81847","ENSG00000118518","-0.298","predicted"
5,"hsa-miR-3143","UAACAUU",5,"targetscan","MIMAT0015012","hsa-miR-3143","CTRC","11330","ENSG00000162438","-0.299","predicted"
5,"hsa-miR-3143","UAACAUU",5,"targetscan","MIMAT0015012","hsa-miR-3143","CER1","9350","ENSG00000147869","-0.3","predicted"
5,"hsa-miR-3143","UAACAUU",5,"targetscan","MIMAT0015012","hsa-miR-3143","MAPRE1","22919","ENSG00000101367","-0.301","predicted"
5,"hsa-miR-3143","UAACAUU",5,"targetscan","MIMAT0015012","hsa-miR-3143","GRPEL1","80273","ENSG00000109519","-0.301","predicted"
5,"hsa-miR-3143","UAACAUU",5,"targetscan","MIMAT0015012","hsa-miR-3143","ISOC1","51015","ENSG00000066583","-0.301","predicted"
5,"hsa-miR-3143","UAACAUU",5,"targetscan","MIMAT0015012","hsa-miR-3143","NDUFB4","4710","ENSG00000065518","-0.302","predicted"
5,"hsa-miR-3143","UAACAUU",5,"targetscan","MIMAT0015012","hsa-miR-3143","LYSMD3","116068","ENSG00000176018","-0.302","predicted"
5,"hsa-miR-3143","UAACAUU",5,"targetscan","MIMAT0015012","hsa-miR-3143","NIFK","84365","ENSG00000155438","-0.303","predicted"
5,"hsa-miR-3143","UAACAUU",5,"targetscan","MIMAT0015012","hsa-miR-3143","HACD3","51495","ENSG00000074696","-0.305","predicted"
5,"hsa-miR-3143","UAACAUU",5,"targetscan","MIMAT0015012","hsa-miR-3143","PRR23C","389152","ENSG00000233701","-0.306","predicted"
5,"hsa-miR-3143","UAACAUU",5,"targetscan","MIMAT0015012","hsa-miR-3143","MRPL45",NA,"ENSG00000174100","-0.306","predicted"
5,"hsa-miR-3143","UAACAUU",5,"targetscan","MIMAT0015012","hsa-miR-3143","GPR22","2845","ENSG00000172209","-0.309","predicted"
5,"hsa-miR-3143","UAACAUU",5,"targetscan","MIMAT0015012","hsa-miR-3143","NAA50","80218","ENSG00000121579","-0.31","predicted"
5,"hsa-miR-3143","UAACAUU",5,"targetscan","MIMAT0015012","hsa-miR-3143","CCDC117","150275","ENSG00000159873","-0.31","predicted"
5,"hsa-miR-3143","UAACAUU",5,"targetscan","MIMAT0015012","hsa-miR-3143","SALL1","6299","ENSG00000103449","-0.311","predicted"
5,"hsa-miR-3143","UAACAUU",5,"targetscan","MIMAT0015012","hsa-miR-3143","CYB5R4","51167","ENSG00000065615","-0.312","predicted"
5,"hsa-miR-3143","UAACAUU",5,"targetscan","MIMAT0015012","hsa-miR-3143","KANSL2","54934","ENSG00000139620","-0.312","predicted"
5,"hsa-miR-3143","UAACAUU",5,"targetscan","MIMAT0015012","hsa-miR-3143","FOXD4L1","200350","ENSG00000184492","-0.312","predicted"
5,"hsa-miR-3143","UAACAUU",5,"targetscan","MIMAT0015012","hsa-miR-3143","CYB5R4","123956252","ENSG00000065615","-0.312","predicted"
5,"hsa-miR-3143","UAACAUU",5,"targetscan","MIMAT0015012","hsa-miR-3143","NPVF","64111","ENSG00000105954","-0.313","predicted"
5,"hsa-miR-3143","UAACAUU",5,"targetscan","MIMAT0015012","hsa-miR-3143","LSM8","51691","ENSG00000128534","-0.313","predicted"
5,"hsa-miR-3143","UAACAUU",5,"targetscan","MIMAT0015012","hsa-miR-3143","KLRC4","8302","ENSG00000183542","-0.314","predicted"
5,"hsa-miR-3143","UAACAUU",5,"targetscan","MIMAT0015012","hsa-miR-3143","GFAP","2670","ENSG00000131095","-0.316","predicted"
5,"hsa-miR-3143","UAACAUU",5,"targetscan","MIMAT0015012","hsa-miR-3143","PGBD1","84547","ENSG00000137338","-0.316","predicted"
5,"hsa-miR-3143","UAACAUU",5,"targetscan","MIMAT0015012","hsa-miR-3143","MRPS16","51021","ENSG00000182180","-0.317","predicted"
5,"hsa-miR-3143","UAACAUU",5,"targetscan","MIMAT0015012","hsa-miR-3143","PRSS56","646960","ENSG00000237412","-0.317","predicted"
5,"hsa-miR-3143","UAACAUU",5,"targetscan","MIMAT0015012","hsa-miR-3143","CMKLR2","2825","ENSG00000183671","-0.317","predicted"
5,"hsa-miR-3143","UAACAUU",5,"targetscan","MIMAT0015012","hsa-miR-3143","STK17A","9263","ENSG00000164543","-0.318","predicted"
5,"hsa-miR-3143","UAACAUU",5,"targetscan","MIMAT0015012","hsa-miR-3143","KLRD1","3824","ENSG00000134539","-0.319","predicted"
5,"hsa-miR-3143","UAACAUU",5,"targetscan","MIMAT0015012","hsa-miR-3143","ATP6V1B2","526","ENSG00000147416","-0.32","predicted"
5,"hsa-miR-3143","UAACAUU",5,"targetscan","MIMAT0015012","hsa-miR-3143","CFAP206","154313","ENSG00000272514","-0.32","predicted"
5,"hsa-miR-3143","UAACAUU",5,"targetscan","MIMAT0015012","hsa-miR-3143","LZTFL1","54585","ENSG00000163818","-0.321","predicted"
5,"hsa-miR-3143","UAACAUU",5,"targetscan","MIMAT0015012","hsa-miR-3143","ILF2","3608","ENSG00000143621","-0.321","predicted"
5,"hsa-miR-3143","UAACAUU",5,"targetscan","MIMAT0015012","hsa-miR-3143","TNFSF11","8600","ENSG00000120659","-0.322","predicted"
5,"hsa-miR-3143","UAACAUU",5,"targetscan","MIMAT0015012","hsa-miR-3143","ATP6V0D2","245972","ENSG00000147614","-0.323","predicted"
5,"hsa-miR-3143","UAACAUU",5,"targetscan","MIMAT0015012","hsa-miR-3143","GCG","2641","ENSG00000115263","-0.323","predicted"
5,"hsa-miR-3143","UAACAUU",5,"targetscan","MIMAT0015012","hsa-miR-3143","BCL2L10","10017","ENSG00000137875","-0.323","predicted"
5,"hsa-miR-3143","UAACAUU",5,"targetscan","MIMAT0015012","hsa-miR-3143","OSGEPL1","64172","ENSG00000128694","-0.324","predicted"
5,"hsa-miR-3143","UAACAUU",5,"targetscan","MIMAT0015012","hsa-miR-3143","RRS1","23212","ENSG00000179041","-0.325","predicted"
5,"hsa-miR-3143","UAACAUU",5,"targetscan","MIMAT0015012","hsa-miR-3143","CCDC39","339829","ENSG00000145075","-0.325","predicted"
5,"hsa-miR-3143","UAACAUU",5,"targetscan","MIMAT0015012","hsa-miR-3143","FOXD4","2298","ENSG00000170122","-0.325","predicted"
5,"hsa-miR-3143","UAACAUU",5,"targetscan","MIMAT0015012","hsa-miR-3143","UBB","7314","ENSG00000170315","-0.326","predicted"
5,"hsa-miR-3143","UAACAUU",5,"targetscan","MIMAT0015012","hsa-miR-3143","ASF1A","25842","ENSG00000111875","-0.33","predicted"
5,"hsa-miR-3143","UAACAUU",5,"targetscan","MIMAT0015012","hsa-miR-3143","COQ6","51004","ENSG00000119723","-0.33","predicted"
5,"hsa-miR-3143","UAACAUU",5,"targetscan","MIMAT0015012","hsa-miR-3143","DERA","51071","ENSG00000023697","-0.33","predicted"
5,"hsa-miR-3143","UAACAUU",5,"targetscan","MIMAT0015012","hsa-miR-3143","CCDC122","160857","ENSG00000151773","-0.33","predicted"
5,"hsa-miR-3143","UAACAUU",5,"targetscan","MIMAT0015012","hsa-miR-3143","ZNF195","7748","ENSG00000005801","-0.331","predicted"
5,"hsa-miR-3143","UAACAUU",5,"targetscan","MIMAT0015012","hsa-miR-3143","ADSS2","159","ENSG00000035687","-0.331","predicted"
5,"hsa-miR-3143","UAACAUU",5,"targetscan","MIMAT0015012","hsa-miR-3143","FAM98B","283742","ENSG00000171262","-0.332","predicted"
5,"hsa-miR-3143","UAACAUU",5,"targetscan","MIMAT0015012","hsa-miR-3143","CCDC126","90693","ENSG00000169193","-0.334","predicted"
5,"hsa-miR-3143","UAACAUU",5,"targetscan","MIMAT0015012","hsa-miR-3143","GFOD2","81577","ENSG00000141098","-0.336","predicted"
5,"hsa-miR-3143","UAACAUU",5,"targetscan","MIMAT0015012","hsa-miR-3143","TMEM97","27346","ENSG00000109084","-0.339","predicted"
5,"hsa-miR-3143","UAACAUU",5,"targetscan","MIMAT0015012","hsa-miR-3143","OSM","5008","ENSG00000099985","-0.34","predicted"
5,"hsa-miR-3143","UAACAUU",5,"targetscan","MIMAT0015012","hsa-miR-3143","PEX2","5828","ENSG00000164751","-0.342","predicted"
5,"hsa-miR-3143","UAACAUU",5,"targetscan","MIMAT0015012","hsa-miR-3143","PRSS22","64063","ENSG00000005001","-0.343","predicted"
5,"hsa-miR-3143","UAACAUU",5,"targetscan","MIMAT0015012","hsa-miR-3143","SMIM8","57150","ENSG00000111850","-0.343","predicted"
5,"hsa-miR-3143","UAACAUU",5,"targetscan","MIMAT0015012","hsa-miR-3143","MLF1","4291","ENSG00000178053","-0.343","predicted"
5,"hsa-miR-3143","UAACAUU",5,"targetscan","MIMAT0015012","hsa-miR-3143","SMIM8","63914","ENSG00000111850","-0.343","predicted"
5,"hsa-miR-3143","UAACAUU",5,"targetscan","MIMAT0015012","hsa-miR-3143","EIF1AY","9086","ENSG00000198692","-0.344","predicted"
5,"hsa-miR-3143","UAACAUU",5,"targetscan","MIMAT0015012","hsa-miR-3143","CAMLG","819","ENSG00000164615","-0.344","predicted"
5,"hsa-miR-3143","UAACAUU",5,"targetscan","MIMAT0015012","hsa-miR-3143","AMN1","196394","ENSG00000151743","-0.345","predicted"
5,"hsa-miR-3143","UAACAUU",5,"targetscan","MIMAT0015012","hsa-miR-3143","CTA-299D3.8",NA,"ENSG00000219016","-0.347","predicted"
5,"hsa-miR-3143","UAACAUU",5,"targetscan","MIMAT0015012","hsa-miR-3143","RBM39","9584","ENSG00000131051","-0.348","predicted"
5,"hsa-miR-3143","UAACAUU",5,"targetscan","MIMAT0015012","hsa-miR-3143","RAB5A","5868","ENSG00000144566","-0.351","predicted"
5,"hsa-miR-3143","UAACAUU",5,"targetscan","MIMAT0015012","hsa-miR-3143","COX7A2L","9167","ENSG00000115944","-0.352","predicted"
5,"hsa-miR-3143","UAACAUU",5,"targetscan","MIMAT0015012","hsa-miR-3143","RBM46","166863","ENSG00000151962","-0.352","predicted"
5,"hsa-miR-3143","UAACAUU",5,"targetscan","MIMAT0015012","hsa-miR-3143","SAMSN1","64092","ENSG00000155307","-0.353","predicted"
5,"hsa-miR-3143","UAACAUU",5,"targetscan","MIMAT0015012","hsa-miR-3143","GCK","2645","ENSG00000106633","-0.354","predicted"
5,"hsa-miR-3143","UAACAUU",5,"targetscan","MIMAT0015012","hsa-miR-3143","NCAPG2","54892","ENSG00000146918","-0.356","predicted"
5,"hsa-miR-3143","UAACAUU",5,"targetscan","MIMAT0015012","hsa-miR-3143","MRPS35","60488","ENSG00000061794","-0.356","predicted"
5,"hsa-miR-3143","UAACAUU",5,"targetscan","MIMAT0015012","hsa-miR-3143","BID","637","ENSG00000015475","-0.357","predicted"
5,"hsa-miR-3143","UAACAUU",5,"targetscan","MIMAT0015012","hsa-miR-3143","ERCC3","2071","ENSG00000163161","-0.358","predicted"
5,"hsa-miR-3143","UAACAUU",5,"targetscan","MIMAT0015012","hsa-miR-3143","COX7B","1349","ENSG00000131174","-0.361","predicted"
5,"hsa-miR-3143","UAACAUU",5,"targetscan","MIMAT0015012","hsa-miR-3143","C7orf57","136288","ENSG00000164746","-0.361","predicted"
5,"hsa-miR-3143","UAACAUU",5,"targetscan","MIMAT0015012","hsa-miR-3143","POU2AF2","341032","ENSG00000150750","-0.362","predicted"
5,"hsa-miR-3143","UAACAUU",5,"targetscan","MIMAT0015012","hsa-miR-3143","MROH8","140699","ENSG00000101353","-0.363","predicted"
5,"hsa-miR-3143","UAACAUU",5,"targetscan","MIMAT0015012","hsa-miR-3143","GTPBP8","29083","ENSG00000163607","-0.364","predicted"
5,"hsa-miR-3143","UAACAUU",5,"targetscan","MIMAT0015012","hsa-miR-3143","KCNN4","3783","ENSG00000104783","-0.365","predicted"
5,"hsa-miR-3143","UAACAUU",5,"targetscan","MIMAT0015012","hsa-miR-3143","BAD","572","ENSG00000002330","-0.365","predicted"
5,"hsa-miR-3143","UAACAUU",5,"targetscan","MIMAT0015012","hsa-miR-3143","GLT6D1","360203","ENSG00000204007","-0.366","predicted"
5,"hsa-miR-3143","UAACAUU",5,"targetscan","MIMAT0015012","hsa-miR-3143","DLX3","1747","ENSG00000064195","-0.367","predicted"
5,"hsa-miR-3143","UAACAUU",5,"targetscan","MIMAT0015012","hsa-miR-3143","DMC1","11144","ENSG00000100206","-0.368","predicted"
5,"hsa-miR-3143","UAACAUU",5,"targetscan","MIMAT0015012","hsa-miR-3143","SCAF11","9169","ENSG00000139218","-0.369","predicted"
5,"hsa-miR-3143","UAACAUU",5,"targetscan","MIMAT0015012","hsa-miR-3143","ITLN1","55600","ENSG00000179914","-0.371","predicted"
5,"hsa-miR-3143","UAACAUU",5,"targetscan","MIMAT0015012","hsa-miR-3143","KDELR3","11015","ENSG00000100196","-0.372","predicted"
5,"hsa-miR-3143","UAACAUU",5,"targetscan","MIMAT0015012","hsa-miR-3143","AL136115.1",NA,"ENSG00000212673","-0.372","predicted"
5,"hsa-miR-3143","UAACAUU",5,"targetscan","MIMAT0015012","hsa-miR-3143","MACROH2A1","9555","ENSG00000113648","-0.373","predicted"
5,"hsa-miR-3143","UAACAUU",5,"targetscan","MIMAT0015012","hsa-miR-3143","KDM4D","55693","ENSG00000186280","-0.375","predicted"
5,"hsa-miR-3143","UAACAUU",5,"targetscan","MIMAT0015012","hsa-miR-3143","C5orf15","56951","ENSG00000113583","-0.378","predicted"
5,"hsa-miR-3143","UAACAUU",5,"targetscan","MIMAT0015012","hsa-miR-3143","CXCL2","2920","ENSG00000081041","-0.379","predicted"
5,"hsa-miR-3143","UAACAUU",5,"targetscan","MIMAT0015012","hsa-miR-3143","PDSS1","23590","ENSG00000148459","-0.379","predicted"
5,"hsa-miR-3143","UAACAUU",5,"targetscan","MIMAT0015012","hsa-miR-3143","PPIL4","85313","ENSG00000131013","-0.38","predicted"
5,"hsa-miR-3143","UAACAUU",5,"targetscan","MIMAT0015012","hsa-miR-3143","SFR1","119392","ENSG00000156384","-0.382","predicted"
5,"hsa-miR-3143","UAACAUU",5,"targetscan","MIMAT0015012","hsa-miR-3143","PACRGL","133015","ENSG00000163138","-0.382","predicted"
5,"hsa-miR-3143","UAACAUU",5,"targetscan","MIMAT0015012","hsa-miR-3143","PJVK","494513","ENSG00000204311","-0.383","predicted"
5,"hsa-miR-3143","UAACAUU",5,"targetscan","MIMAT0015012","hsa-miR-3143","ARL14","80117","ENSG00000179674","-0.387","predicted"
5,"hsa-miR-3143","UAACAUU",5,"targetscan","MIMAT0015012","hsa-miR-3143","PRR15","222171","ENSG00000176532","-0.39","predicted"
5,"hsa-miR-3143","UAACAUU",5,"targetscan","MIMAT0015012","hsa-miR-3143","SMIM17","147670","ENSG00000268182","-0.39","predicted"
5,"hsa-miR-3143","UAACAUU",5,"targetscan","MIMAT0015012","hsa-miR-3143","PRSS57","400668","ENSG00000185198","-0.39","predicted"
5,"hsa-miR-3143","UAACAUU",5,"targetscan","MIMAT0015012","hsa-miR-3143","ARL9","132946","ENSG00000196503","-0.394","predicted"
5,"hsa-miR-3143","UAACAUU",5,"targetscan","MIMAT0015012","hsa-miR-3143","GMFB","2764","ENSG00000197045","-0.395","predicted"
5,"hsa-miR-3143","UAACAUU",5,"targetscan","MIMAT0015012","hsa-miR-3143","MED10","84246","ENSG00000133398","-0.397","predicted"
5,"hsa-miR-3143","UAACAUU",5,"targetscan","MIMAT0015012","hsa-miR-3143","TMEM243","79161","ENSG00000135185","-0.397","predicted"
5,"hsa-miR-3143","UAACAUU",5,"targetscan","MIMAT0015012","hsa-miR-3143","B2M","567","ENSG00000166710","-0.4","predicted"
5,"hsa-miR-3143","UAACAUU",5,"targetscan","MIMAT0015012","hsa-miR-3143","DYNLRB1","83658","ENSG00000125971","-0.4","predicted"
5,"hsa-miR-3143","UAACAUU",5,"targetscan","MIMAT0015012","hsa-miR-3143","SRSF5","6430","ENSG00000100650","-0.402","predicted"
5,"hsa-miR-3143","UAACAUU",5,"targetscan","MIMAT0015012","hsa-miR-3143","POT1","25913","ENSG00000128513","-0.402","predicted"
5,"hsa-miR-3143","UAACAUU",5,"targetscan","MIMAT0015012","hsa-miR-3143","GABARAP","11337","ENSG00000170296","-0.403","predicted"
5,"hsa-miR-3143","UAACAUU",5,"targetscan","MIMAT0015012","hsa-miR-3143","RPS19","6223","ENSG00000105372","-0.404","predicted"
5,"hsa-miR-3143","UAACAUU",5,"targetscan","MIMAT0015012","hsa-miR-3143","IL2","3558","ENSG00000109471","-0.406","predicted"
5,"hsa-miR-3143","UAACAUU",5,"targetscan","MIMAT0015012","hsa-miR-3143","NDUFB5","4711","ENSG00000136521","-0.406","predicted"
5,"hsa-miR-3143","UAACAUU",5,"targetscan","MIMAT0015012","hsa-miR-3143","DEPDC4","120863","ENSG00000166153","-0.41","predicted"
5,"hsa-miR-3143","UAACAUU",5,"targetscan","MIMAT0015012","hsa-miR-3143","LRR1","122769","ENSG00000165501","-0.411","predicted"
5,"hsa-miR-3143","UAACAUU",5,"targetscan","MIMAT0015012","hsa-miR-3143","NSUN6","221078","ENSG00000241058","-0.414","predicted"
5,"hsa-miR-3143","UAACAUU",5,"targetscan","MIMAT0015012","hsa-miR-3143","GNGT1","2792","ENSG00000127928","-0.425","predicted"
5,"hsa-miR-3143","UAACAUU",5,"targetscan","MIMAT0015012","hsa-miR-3143","NDUFB5","4711","ENSG00000136521","-0.427","predicted"
5,"hsa-miR-3143","UAACAUU",5,"targetscan","MIMAT0015012","hsa-miR-3143","INPP1","3628","ENSG00000151689","-0.432","predicted"
5,"hsa-miR-3143","UAACAUU",5,"targetscan","MIMAT0015012","hsa-miR-3143","RNF212B","100507650","ENSG00000215277","-0.432","predicted"
5,"hsa-miR-3143","UAACAUU",5,"targetscan","MIMAT0015012","hsa-miR-3143","CENPU","79682","ENSG00000151725","-0.433","predicted"
5,"hsa-miR-3143","UAACAUU",5,"targetscan","MIMAT0015012","hsa-miR-3143","CATSPERB","79820","ENSG00000133962","-0.434","predicted"
5,"hsa-miR-3143","UAACAUU",5,"targetscan","MIMAT0015012","hsa-miR-3143","AC027763.2",NA,"ENSG00000215067","-0.435","predicted"
5,"hsa-miR-3143","UAACAUU",5,"targetscan","MIMAT0015012","hsa-miR-3143","HSPA1B","3304","ENSG00000204388","-0.437","predicted"
5,"hsa-miR-3143","UAACAUU",5,"targetscan","MIMAT0015012","hsa-miR-3143","TEX12","56158","ENSG00000150783","-0.437","predicted"
5,"hsa-miR-3143","UAACAUU",5,"targetscan","MIMAT0015012","hsa-miR-3143","SAMM50","25813","ENSG00000100347","-0.44","predicted"
5,"hsa-miR-3143","UAACAUU",5,"targetscan","MIMAT0015012","hsa-miR-3143","BLOC1S4","55330","ENSG00000186222","-0.443","predicted"
5,"hsa-miR-3143","UAACAUU",5,"targetscan","MIMAT0015012","hsa-miR-3143","CTHRC1","115908","ENSG00000164932","-0.444","predicted"
5,"hsa-miR-3143","UAACAUU",5,"targetscan","MIMAT0015012","hsa-miR-3143","SLC35A1","10559","ENSG00000164414","-0.445","predicted"
5,"hsa-miR-3143","UAACAUU",5,"targetscan","MIMAT0015012","hsa-miR-3143","RWDD3","25950","ENSG00000122481","-0.445","predicted"
5,"hsa-miR-3143","UAACAUU",5,"targetscan","MIMAT0015012","hsa-miR-3143","SEM1","7979","ENSG00000127922","-0.453","predicted"
5,"hsa-miR-3143","UAACAUU",5,"targetscan","MIMAT0015012","hsa-miR-3143","IMMP2L","83943","ENSG00000184903","-0.459","predicted"
5,"hsa-miR-3143","UAACAUU",5,"targetscan","MIMAT0015012","hsa-miR-3143","TCP1","6950","ENSG00000120438","-0.477","predicted"
5,"hsa-miR-3143","UAACAUU",5,"targetscan","MIMAT0015012","hsa-miR-3143","",NA,"ENSG00000250038","-0.48","predicted"
5,"hsa-miR-3143","UAACAUU",5,"targetscan","MIMAT0015012","hsa-miR-3143","ECHDC1","55862","ENSG00000093144","-0.484","predicted"
5,"hsa-miR-3143","UAACAUU",5,"targetscan","MIMAT0015012","hsa-miR-3143","GLIPR1L1","256710","ENSG00000173401","-0.497","predicted"
5,"hsa-miR-3143","UAACAUU",5,"targetscan","MIMAT0015012","hsa-miR-3143","CCL2","6347","ENSG00000108691","-0.501","predicted"
5,"hsa-miR-3143","UAACAUU",5,"targetscan","MIMAT0015012","hsa-miR-3143","MRPS22","56945","ENSG00000175110","-0.501","predicted"
5,"hsa-miR-3143","UAACAUU",5,"targetscan","MIMAT0015012","hsa-miR-3143","DNAJC15","29103","ENSG00000120675","-0.503","predicted"
5,"hsa-miR-3143","UAACAUU",5,"targetscan","MIMAT0015012","hsa-miR-3143","NSMCE2","286053","ENSG00000156831","-0.506","predicted"
5,"hsa-miR-3143","UAACAUU",5,"targetscan","MIMAT0015012","hsa-miR-3143","LOC100192379","100192379","ENSG00000226757","-0.521","predicted"
5,"hsa-miR-3143","UAACAUU",5,"targetscan","MIMAT0015012","hsa-miR-3143","OCLM","10896","ENSG00000262180","-0.526","predicted"
5,"hsa-miR-3143","UAACAUU",5,"targetscan","MIMAT0015012","hsa-miR-3143","MRPS18C","51023","ENSG00000163319","-0.533","predicted"
5,"hsa-miR-3143","UAACAUU",5,"targetscan","MIMAT0015012","hsa-miR-3143","UBBP4",NA,"ENSG00000263563","-0.536","predicted"
5,"hsa-miR-3143","UAACAUU",5,"targetscan","MIMAT0015012","hsa-miR-3143","SMIM30","401397","ENSG00000214194","-0.551","predicted"
5,"hsa-miR-3143","UAACAUU",5,"targetscan","MIMAT0015012","hsa-miR-3143","MND1","84057","ENSG00000121211","-0.595","predicted"
5,"hsa-miR-3143","UAACAUU",5,"targetscan","MIMAT0015012","hsa-miR-3143","PPDPFL","492307","ENSG00000168333","-0.604","predicted"
5,"hsa-miR-3143","UAACAUU",5,"targetscan","MIMAT0015012","hsa-miR-3143","LINC01620","140834","ENSG00000168746","-0.614","predicted"
5,"hsa-miR-3143","UAACAUU",5,"targetscan","MIMAT0015012","hsa-miR-3143","LINC01620","101927242","ENSG00000168746","-0.614","predicted"
5,"hsa-miR-3143","UAACAUU",5,"targetscan","MIMAT0015012","hsa-miR-3143","MED30","90390","ENSG00000164758","-0.629","predicted"
5,"hsa-miR-3143","UAACAUU",5,"targetscan","MIMAT0015012","hsa-miR-3143","AF165138.7","388813","ENSG00000243440","-0.653","predicted"
5,"hsa-miR-3143","UAACAUU",5,"targetscan","MIMAT0015012","hsa-miR-3143","TMEM244","253582","ENSG00000203756","-0.682","predicted"
5,"hsa-miR-3143","UAACAUU",5,"targetscan","MIMAT0015012","hsa-miR-3143","UBE2Q2P13",NA,"ENSG00000259658","-0.739","predicted"
6,"hsa-miR-3922-5p","CAAGGCC",5,"targetscan","MIMAT0019227","hsa-miR-3922-5p","IGFBP5","3488","ENSG00000115461","-0.178","predicted"
6,"hsa-miR-3922-5p","CAAGGCC",5,"targetscan","MIMAT0019227","hsa-miR-3922-5p","SYP","6855","ENSG00000102003","-0.178","predicted"
6,"hsa-miR-3922-5p","CAAGGCC",5,"targetscan","MIMAT0019227","hsa-miR-3922-5p","LRIG1","26018","ENSG00000144749","-0.178","predicted"
6,"hsa-miR-3922-5p","CAAGGCC",5,"targetscan","MIMAT0019227","hsa-miR-3922-5p","INTS2","57508","ENSG00000108506","-0.178","predicted"
6,"hsa-miR-3922-5p","CAAGGCC",5,"targetscan","MIMAT0019227","hsa-miR-3922-5p","INMT","11185","ENSG00000241644","-0.178","predicted"
6,"hsa-miR-3922-5p","CAAGGCC",5,"targetscan","MIMAT0019227","hsa-miR-3922-5p","TUFT1","7286","ENSG00000143367","-0.178","predicted"
6,"hsa-miR-3922-5p","CAAGGCC",5,"targetscan","MIMAT0019227","hsa-miR-3922-5p","STRA6","64220","ENSG00000137868","-0.178","predicted"
6,"hsa-miR-3922-5p","CAAGGCC",5,"targetscan","MIMAT0019227","hsa-miR-3922-5p","APEX1","328","ENSG00000100823","-0.178","predicted"
6,"hsa-miR-3922-5p","CAAGGCC",5,"targetscan","MIMAT0019227","hsa-miR-3922-5p","AHSG","197","ENSG00000145192","-0.178","predicted"
6,"hsa-miR-3922-5p","CAAGGCC",5,"targetscan","MIMAT0019227","hsa-miR-3922-5p","CAMK2G","818","ENSG00000148660","-0.179","predicted"
6,"hsa-miR-3922-5p","CAAGGCC",5,"targetscan","MIMAT0019227","hsa-miR-3922-5p","TK2","7084","ENSG00000166548","-0.179","predicted"
6,"hsa-miR-3922-5p","CAAGGCC",5,"targetscan","MIMAT0019227","hsa-miR-3922-5p","SOX18","54345","ENSG00000203883","-0.179","predicted"
6,"hsa-miR-3922-5p","CAAGGCC",5,"targetscan","MIMAT0019227","hsa-miR-3922-5p","SMURF2","64750","ENSG00000108854","-0.179","predicted"
6,"hsa-miR-3922-5p","CAAGGCC",5,"targetscan","MIMAT0019227","hsa-miR-3922-5p","WDR73","84942","ENSG00000177082","-0.179","predicted"
6,"hsa-miR-3922-5p","CAAGGCC",5,"targetscan","MIMAT0019227","hsa-miR-3922-5p","FAM168B","130074","ENSG00000152102","-0.179","predicted"
6,"hsa-miR-3922-5p","CAAGGCC",5,"targetscan","MIMAT0019227","hsa-miR-3922-5p","ATXN7L3B","552889","ENSG00000253719","-0.179","predicted"
6,"hsa-miR-3922-5p","CAAGGCC",5,"targetscan","MIMAT0019227","hsa-miR-3922-5p","KIAA0040","9674","ENSG00000235750","-0.179","predicted"
6,"hsa-miR-3922-5p","CAAGGCC",5,"targetscan","MIMAT0019227","hsa-miR-3922-5p","NUDT16","131870","ENSG00000198585","-0.179","predicted"
6,"hsa-miR-3922-5p","CAAGGCC",5,"targetscan","MIMAT0019227","hsa-miR-3922-5p","NUTF2","10204","ENSG00000102898","-0.179","predicted"
6,"hsa-miR-3922-5p","CAAGGCC",5,"targetscan","MIMAT0019227","hsa-miR-3922-5p","PLEKHA6","22874","ENSG00000143850","-0.179","predicted"
6,"hsa-miR-3922-5p","CAAGGCC",5,"targetscan","MIMAT0019227","hsa-miR-3922-5p","MESP1","55897","ENSG00000166823","-0.179","predicted"
6,"hsa-miR-3922-5p","CAAGGCC",5,"targetscan","MIMAT0019227","hsa-miR-3922-5p","SLC38A9","153129","ENSG00000177058","-0.179","predicted"
6,"hsa-miR-3922-5p","CAAGGCC",5,"targetscan","MIMAT0019227","hsa-miR-3922-5p","CES1","1066","ENSG00000198848","-0.18","predicted"
6,"hsa-miR-3922-5p","CAAGGCC",5,"targetscan","MIMAT0019227","hsa-miR-3922-5p","SCN4B","6330","ENSG00000177098","-0.18","predicted"
6,"hsa-miR-3922-5p","CAAGGCC",5,"targetscan","MIMAT0019227","hsa-miR-3922-5p","MOG","4340","ENSG00000204655","-0.18","predicted"
6,"hsa-miR-3922-5p","CAAGGCC",5,"targetscan","MIMAT0019227","hsa-miR-3922-5p","EIF5AL1","143244","ENSG00000253626","-0.18","predicted"
6,"hsa-miR-3922-5p","CAAGGCC",5,"targetscan","MIMAT0019227","hsa-miR-3922-5p","SLC14A1","6563","ENSG00000141469","-0.18","predicted"
6,"hsa-miR-3922-5p","CAAGGCC",5,"targetscan","MIMAT0019227","hsa-miR-3922-5p","ANO10","55129","ENSG00000160746","-0.18","predicted"
6,"hsa-miR-3922-5p","CAAGGCC",5,"targetscan","MIMAT0019227","hsa-miR-3922-5p","KTI12","112970","ENSG00000198841","-0.18","predicted"
6,"hsa-miR-3922-5p","CAAGGCC",5,"targetscan","MIMAT0019227","hsa-miR-3922-5p","WHRN","25861","ENSG00000095397","-0.18","predicted"
6,"hsa-miR-3922-5p","CAAGGCC",5,"targetscan","MIMAT0019227","hsa-miR-3922-5p","ERG","2078","ENSG00000157554","-0.181","predicted"
6,"hsa-miR-3922-5p","CAAGGCC",5,"targetscan","MIMAT0019227","hsa-miR-3922-5p","MAP2K6","5608","ENSG00000108984","-0.181","predicted"
6,"hsa-miR-3922-5p","CAAGGCC",5,"targetscan","MIMAT0019227","hsa-miR-3922-5p","ZC3H12A","80149","ENSG00000163874","-0.181","predicted"
6,"hsa-miR-3922-5p","CAAGGCC",5,"targetscan","MIMAT0019227","hsa-miR-3922-5p","AMZ1","155185","ENSG00000174945","-0.181","predicted"
6,"hsa-miR-3922-5p","CAAGGCC",5,"targetscan","MIMAT0019227","hsa-miR-3922-5p","AQP2","359","ENSG00000167580","-0.181","predicted"
6,"hsa-miR-3922-5p","CAAGGCC",5,"targetscan","MIMAT0019227","hsa-miR-3922-5p","MYLK4","340156","ENSG00000145949","-0.181","predicted"
6,"hsa-miR-3922-5p","CAAGGCC",5,"targetscan","MIMAT0019227","hsa-miR-3922-5p","C11orf21","29125","ENSG00000110665","-0.181","predicted"
6,"hsa-miR-3922-5p","CAAGGCC",5,"targetscan","MIMAT0019227","hsa-miR-3922-5p","PLA2G3","50487","ENSG00000100078","-0.181","predicted"
6,"hsa-miR-3922-5p","CAAGGCC",5,"targetscan","MIMAT0019227","hsa-miR-3922-5p","LAP3","51056","ENSG00000002549","-0.181","predicted"
6,"hsa-miR-3922-5p","CAAGGCC",5,"targetscan","MIMAT0019227","hsa-miR-3922-5p","SELENOS","55829","ENSG00000131871","-0.181","predicted"
6,"hsa-miR-3922-5p","CAAGGCC",5,"targetscan","MIMAT0019227","hsa-miR-3922-5p","PLXNB1","5364","ENSG00000164050","-0.182","predicted"
6,"hsa-miR-3922-5p","CAAGGCC",5,"targetscan","MIMAT0019227","hsa-miR-3922-5p","LMAN2L","81562","ENSG00000114988","-0.182","predicted"
6,"hsa-miR-3922-5p","CAAGGCC",5,"targetscan","MIMAT0019227","hsa-miR-3922-5p","ZNF625","90589","ENSG00000257591","-0.182","predicted"
6,"hsa-miR-3922-5p","CAAGGCC",5,"targetscan","MIMAT0019227","hsa-miR-3922-5p","AWAT1","158833","ENSG00000204195","-0.182","predicted"
6,"hsa-miR-3922-5p","CAAGGCC",5,"targetscan","MIMAT0019227","hsa-miR-3922-5p","KIAA0754","643314","ENSG00000255103","-0.182","predicted"
6,"hsa-miR-3922-5p","CAAGGCC",5,"targetscan","MIMAT0019227","hsa-miR-3922-5p","DGAT2","84649","ENSG00000062282","-0.182","predicted"
6,"hsa-miR-3922-5p","CAAGGCC",5,"targetscan","MIMAT0019227","hsa-miR-3922-5p","",NA,"ENSG00000214248","-0.182","predicted"
6,"hsa-miR-3922-5p","CAAGGCC",5,"targetscan","MIMAT0019227","hsa-miR-3922-5p","CNN3","1266","ENSG00000117519","-0.183","predicted"
6,"hsa-miR-3922-5p","CAAGGCC",5,"targetscan","MIMAT0019227","hsa-miR-3922-5p","PYGB","5834","ENSG00000100994","-0.183","predicted"
6,"hsa-miR-3922-5p","CAAGGCC",5,"targetscan","MIMAT0019227","hsa-miR-3922-5p","CHP1","11261","ENSG00000187446","-0.183","predicted"
6,"hsa-miR-3922-5p","CAAGGCC",5,"targetscan","MIMAT0019227","hsa-miR-3922-5p","NDE1","54820","ENSG00000072864","-0.183","predicted"
6,"hsa-miR-3922-5p","CAAGGCC",5,"targetscan","MIMAT0019227","hsa-miR-3922-5p","TMX4","56255","ENSG00000125827","-0.183","predicted"
6,"hsa-miR-3922-5p","CAAGGCC",5,"targetscan","MIMAT0019227","hsa-miR-3922-5p","TRIM50","135892","ENSG00000146755","-0.183","predicted"
6,"hsa-miR-3922-5p","CAAGGCC",5,"targetscan","MIMAT0019227","hsa-miR-3922-5p","RNF5","6048","ENSG00000204308","-0.183","predicted"
6,"hsa-miR-3922-5p","CAAGGCC",5,"targetscan","MIMAT0019227","hsa-miR-3922-5p","CD200","4345","ENSG00000091972","-0.183","predicted"
6,"hsa-miR-3922-5p","CAAGGCC",5,"targetscan","MIMAT0019227","hsa-miR-3922-5p","MSL2","55167","ENSG00000174579","-0.183","predicted"
6,"hsa-miR-3922-5p","CAAGGCC",5,"targetscan","MIMAT0019227","hsa-miR-3922-5p","CLU","1191","ENSG00000120885","-0.184","predicted"
6,"hsa-miR-3922-5p","CAAGGCC",5,"targetscan","MIMAT0019227","hsa-miR-3922-5p","PTPN4","5775","ENSG00000088179","-0.184","predicted"
6,"hsa-miR-3922-5p","CAAGGCC",5,"targetscan","MIMAT0019227","hsa-miR-3922-5p","SRPRB","58477","ENSG00000144867","-0.184","predicted"
6,"hsa-miR-3922-5p","CAAGGCC",5,"targetscan","MIMAT0019227","hsa-miR-3922-5p","PARP12","64761","ENSG00000059378","-0.184","predicted"
6,"hsa-miR-3922-5p","CAAGGCC",5,"targetscan","MIMAT0019227","hsa-miR-3922-5p","PDRG1","81572","ENSG00000088356","-0.184","predicted"
6,"hsa-miR-3922-5p","CAAGGCC",5,"targetscan","MIMAT0019227","hsa-miR-3922-5p","CGNL1","84952","ENSG00000128849","-0.184","predicted"
6,"hsa-miR-3922-5p","CAAGGCC",5,"targetscan","MIMAT0019227","hsa-miR-3922-5p","ZNF384","171017","ENSG00000126746","-0.184","predicted"
6,"hsa-miR-3922-5p","CAAGGCC",5,"targetscan","MIMAT0019227","hsa-miR-3922-5p","C16orf54","283897","ENSG00000185905","-0.184","predicted"
6,"hsa-miR-3922-5p","CAAGGCC",5,"targetscan","MIMAT0019227","hsa-miR-3922-5p","HES4","57801","ENSG00000188290","-0.184","predicted"
6,"hsa-miR-3922-5p","CAAGGCC",5,"targetscan","MIMAT0019227","hsa-miR-3922-5p","SLC30A8","169026","ENSG00000164756","-0.184","predicted"
6,"hsa-miR-3922-5p","CAAGGCC",5,"targetscan","MIMAT0019227","hsa-miR-3922-5p","FGF12","2257","ENSG00000114279","-0.184","predicted"
6,"hsa-miR-3922-5p","CAAGGCC",5,"targetscan","MIMAT0019227","hsa-miR-3922-5p","RAPSN","5913","ENSG00000165917","-0.184","predicted"
6,"hsa-miR-3922-5p","CAAGGCC",5,"targetscan","MIMAT0019227","hsa-miR-3922-5p","TRAF7","84231","ENSG00000131653","-0.184","predicted"
6,"hsa-miR-3922-5p","CAAGGCC",5,"targetscan","MIMAT0019227","hsa-miR-3922-5p","FAM83F","113828","ENSG00000133477","-0.184","predicted"
6,"hsa-miR-3922-5p","CAAGGCC",5,"targetscan","MIMAT0019227","hsa-miR-3922-5p","RPF2","84154","ENSG00000197498","-0.184","predicted"
6,"hsa-miR-3922-5p","CAAGGCC",5,"targetscan","MIMAT0019227","hsa-miR-3922-5p","H2BC11","8970","ENSG00000124635","-0.184","predicted"
6,"hsa-miR-3922-5p","CAAGGCC",5,"targetscan","MIMAT0019227","hsa-miR-3922-5p","IGFBP5","3488","ENSG00000115461","-0.185","predicted"
6,"hsa-miR-3922-5p","CAAGGCC",5,"targetscan","MIMAT0019227","hsa-miR-3922-5p","SYNCRIP","10492","ENSG00000135316","-0.185","predicted"
6,"hsa-miR-3922-5p","CAAGGCC",5,"targetscan","MIMAT0019227","hsa-miR-3922-5p","GLRX3","10539","ENSG00000108010","-0.185","predicted"
6,"hsa-miR-3922-5p","CAAGGCC",5,"targetscan","MIMAT0019227","hsa-miR-3922-5p","NCKIPSD","51517","ENSG00000213672","-0.185","predicted"
6,"hsa-miR-3922-5p","CAAGGCC",5,"targetscan","MIMAT0019227","hsa-miR-3922-5p","ENAH","55740","ENSG00000154380","-0.185","predicted"
6,"hsa-miR-3922-5p","CAAGGCC",5,"targetscan","MIMAT0019227","hsa-miR-3922-5p","SLC6A13","6540","ENSG00000010379","-0.185","predicted"
6,"hsa-miR-3922-5p","CAAGGCC",5,"targetscan","MIMAT0019227","hsa-miR-3922-5p","ACKR2","1238","ENSG00000144648","-0.185","predicted"
6,"hsa-miR-3922-5p","CAAGGCC",5,"targetscan","MIMAT0019227","hsa-miR-3922-5p","FBXL12","54850","ENSG00000127452","-0.185","predicted"
6,"hsa-miR-3922-5p","CAAGGCC",5,"targetscan","MIMAT0019227","hsa-miR-3922-5p","HOXB6","3216","ENSG00000108511","-0.185","predicted"
6,"hsa-miR-3922-5p","CAAGGCC",5,"targetscan","MIMAT0019227","hsa-miR-3922-5p","LGALS7","3963","ENSG00000205076","-0.185","predicted"
6,"hsa-miR-3922-5p","CAAGGCC",5,"targetscan","MIMAT0019227","hsa-miR-3922-5p","LGALS7","653499","ENSG00000205076","-0.185","predicted"
6,"hsa-miR-3922-5p","CAAGGCC",5,"targetscan","MIMAT0019227","hsa-miR-3922-5p","VSTM5","387804","ENSG00000214376","-0.185","predicted"
6,"hsa-miR-3922-5p","CAAGGCC",5,"targetscan","MIMAT0019227","hsa-miR-3922-5p","SEPTIN11","55752","ENSG00000138758","-0.185","predicted"
6,"hsa-miR-3922-5p","CAAGGCC",5,"targetscan","MIMAT0019227","hsa-miR-3922-5p","MOV10","4343","ENSG00000155363","-0.186","predicted"
6,"hsa-miR-3922-5p","CAAGGCC",5,"targetscan","MIMAT0019227","hsa-miR-3922-5p","RPL28","6158","ENSG00000108107","-0.186","predicted"
6,"hsa-miR-3922-5p","CAAGGCC",5,"targetscan","MIMAT0019227","hsa-miR-3922-5p","WWTR1","25937","ENSG00000018408","-0.186","predicted"
6,"hsa-miR-3922-5p","CAAGGCC",5,"targetscan","MIMAT0019227","hsa-miR-3922-5p","WBP11","51729","ENSG00000084463","-0.186","predicted"
6,"hsa-miR-3922-5p","CAAGGCC",5,"targetscan","MIMAT0019227","hsa-miR-3922-5p","RBM23","55147","ENSG00000100461","-0.186","predicted"
6,"hsa-miR-3922-5p","CAAGGCC",5,"targetscan","MIMAT0019227","hsa-miR-3922-5p","CELF6","60677","ENSG00000140488","-0.186","predicted"
6,"hsa-miR-3922-5p","CAAGGCC",5,"targetscan","MIMAT0019227","hsa-miR-3922-5p","KRT83","3889","ENSG00000170523","-0.186","predicted"
6,"hsa-miR-3922-5p","CAAGGCC",5,"targetscan","MIMAT0019227","hsa-miR-3922-5p","IPO13","9670","ENSG00000117408","-0.186","predicted"
6,"hsa-miR-3922-5p","CAAGGCC",5,"targetscan","MIMAT0019227","hsa-miR-3922-5p","GGT7","2686","ENSG00000131067","-0.186","predicted"
6,"hsa-miR-3922-5p","CAAGGCC",5,"targetscan","MIMAT0019227","hsa-miR-3922-5p","CCND2","894","ENSG00000118971","-0.187","predicted"
6,"hsa-miR-3922-5p","CAAGGCC",5,"targetscan","MIMAT0019227","hsa-miR-3922-5p","ELF3","1999","ENSG00000163435","-0.187","predicted"
6,"hsa-miR-3922-5p","CAAGGCC",5,"targetscan","MIMAT0019227","hsa-miR-3922-5p","GPR37","2861","ENSG00000170775","-0.187","predicted"
6,"hsa-miR-3922-5p","CAAGGCC",5,"targetscan","MIMAT0019227","hsa-miR-3922-5p","SLC1A3","6507","ENSG00000079215","-0.187","predicted"
6,"hsa-miR-3922-5p","CAAGGCC",5,"targetscan","MIMAT0019227","hsa-miR-3922-5p","ST8SIA4","7903","ENSG00000113532","-0.187","predicted"
6,"hsa-miR-3922-5p","CAAGGCC",5,"targetscan","MIMAT0019227","hsa-miR-3922-5p","EHD1","10938","ENSG00000110047","-0.187","predicted"
6,"hsa-miR-3922-5p","CAAGGCC",5,"targetscan","MIMAT0019227","hsa-miR-3922-5p","ATL3","25923","ENSG00000184743","-0.187","predicted"
6,"hsa-miR-3922-5p","CAAGGCC",5,"targetscan","MIMAT0019227","hsa-miR-3922-5p","HIF1AN","55662","ENSG00000166135","-0.187","predicted"
6,"hsa-miR-3922-5p","CAAGGCC",5,"targetscan","MIMAT0019227","hsa-miR-3922-5p","PPP1R14C","81706","ENSG00000198729","-0.187","predicted"
6,"hsa-miR-3922-5p","CAAGGCC",5,"targetscan","MIMAT0019227","hsa-miR-3922-5p","SAMD10","140700","ENSG00000130590","-0.187","predicted"
6,"hsa-miR-3922-5p","CAAGGCC",5,"targetscan","MIMAT0019227","hsa-miR-3922-5p","USP12","219333","ENSG00000152484","-0.187","predicted"
6,"hsa-miR-3922-5p","CAAGGCC",5,"targetscan","MIMAT0019227","hsa-miR-3922-5p","PRPF31","26121","ENSG00000105618","-0.187","predicted"
6,"hsa-miR-3922-5p","CAAGGCC",5,"targetscan","MIMAT0019227","hsa-miR-3922-5p","LGALS7B","3963","ENSG00000178934","-0.187","predicted"
6,"hsa-miR-3922-5p","CAAGGCC",5,"targetscan","MIMAT0019227","hsa-miR-3922-5p","LGALS7B","653499","ENSG00000178934","-0.187","predicted"
6,"hsa-miR-3922-5p","CAAGGCC",5,"targetscan","MIMAT0019227","hsa-miR-3922-5p","AC006372.1",NA,"ENSG00000236669","-0.187","predicted"
6,"hsa-miR-3922-5p","CAAGGCC",5,"targetscan","MIMAT0019227","hsa-miR-3922-5p","MOBP","4336","ENSG00000168314","-0.188","predicted"
6,"hsa-miR-3922-5p","CAAGGCC",5,"targetscan","MIMAT0019227","hsa-miR-3922-5p","SEC62","7095","ENSG00000008952","-0.188","predicted"
6,"hsa-miR-3922-5p","CAAGGCC",5,"targetscan","MIMAT0019227","hsa-miR-3922-5p","CYTH2","9266","ENSG00000105443","-0.188","predicted"
6,"hsa-miR-3922-5p","CAAGGCC",5,"targetscan","MIMAT0019227","hsa-miR-3922-5p","POLR3A","11128","ENSG00000148606","-0.188","predicted"
6,"hsa-miR-3922-5p","CAAGGCC",5,"targetscan","MIMAT0019227","hsa-miR-3922-5p","GID8","54994","ENSG00000101193","-0.188","predicted"
6,"hsa-miR-3922-5p","CAAGGCC",5,"targetscan","MIMAT0019227","hsa-miR-3922-5p","RNF187","149603","ENSG00000168159","-0.188","predicted"
6,"hsa-miR-3922-5p","CAAGGCC",5,"targetscan","MIMAT0019227","hsa-miR-3922-5p","GXYLT1","283464","ENSG00000151233","-0.188","predicted"
6,"hsa-miR-3922-5p","CAAGGCC",5,"targetscan","MIMAT0019227","hsa-miR-3922-5p","RNF8","9025","ENSG00000112130","-0.188","predicted"
6,"hsa-miR-3922-5p","CAAGGCC",5,"targetscan","MIMAT0019227","hsa-miR-3922-5p","CSRNP1","64651","ENSG00000144655","-0.188","predicted"
6,"hsa-miR-3922-5p","CAAGGCC",5,"targetscan","MIMAT0019227","hsa-miR-3922-5p","CCDC167","154467","ENSG00000198937","-0.188","predicted"
6,"hsa-miR-3922-5p","CAAGGCC",5,"targetscan","MIMAT0019227","hsa-miR-3922-5p","ODF4","146852","ENSG00000184650","-0.188","predicted"
6,"hsa-miR-3922-5p","CAAGGCC",5,"targetscan","MIMAT0019227","hsa-miR-3922-5p","FGB","2244","ENSG00000171564","-0.189","predicted"
6,"hsa-miR-3922-5p","CAAGGCC",5,"targetscan","MIMAT0019227","hsa-miR-3922-5p","GNA12","2768","ENSG00000146535","-0.189","predicted"
6,"hsa-miR-3922-5p","CAAGGCC",5,"targetscan","MIMAT0019227","hsa-miR-3922-5p","PRKX","5613","ENSG00000183943","-0.189","predicted"
6,"hsa-miR-3922-5p","CAAGGCC",5,"targetscan","MIMAT0019227","hsa-miR-3922-5p","C1GALT1C1","29071","ENSG00000171155","-0.189","predicted"
6,"hsa-miR-3922-5p","CAAGGCC",5,"targetscan","MIMAT0019227","hsa-miR-3922-5p","CELF3","11189","ENSG00000159409","-0.189","predicted"
6,"hsa-miR-3922-5p","CAAGGCC",5,"targetscan","MIMAT0019227","hsa-miR-3922-5p","MFSD11","79157","ENSG00000092931","-0.189","predicted"
6,"hsa-miR-3922-5p","CAAGGCC",5,"targetscan","MIMAT0019227","hsa-miR-3922-5p","SLAMF8","56833","ENSG00000158714","-0.189","predicted"
6,"hsa-miR-3922-5p","CAAGGCC",5,"targetscan","MIMAT0019227","hsa-miR-3922-5p","CRACD","57482","ENSG00000109265","-0.189","predicted"
6,"hsa-miR-3922-5p","CAAGGCC",5,"targetscan","MIMAT0019227","hsa-miR-3922-5p","EFNA4-EFNA3","125467750","ENSG00000251246","-0.189","predicted"
6,"hsa-miR-3922-5p","CAAGGCC",5,"targetscan","MIMAT0019227","hsa-miR-3922-5p","SLC16A1","6566","ENSG00000155380","-0.19","predicted"
6,"hsa-miR-3922-5p","CAAGGCC",5,"targetscan","MIMAT0019227","hsa-miR-3922-5p","ABCF1","23","ENSG00000204574","-0.19","predicted"
6,"hsa-miR-3922-5p","CAAGGCC",5,"targetscan","MIMAT0019227","hsa-miR-3922-5p","RBMS2","5939","ENSG00000076067","-0.19","predicted"
6,"hsa-miR-3922-5p","CAAGGCC",5,"targetscan","MIMAT0019227","hsa-miR-3922-5p","THRB","7068","ENSG00000151090","-0.19","predicted"
6,"hsa-miR-3922-5p","CAAGGCC",5,"targetscan","MIMAT0019227","hsa-miR-3922-5p","PPFIA2","8499","ENSG00000139220","-0.19","predicted"
6,"hsa-miR-3922-5p","CAAGGCC",5,"targetscan","MIMAT0019227","hsa-miR-3922-5p","TOLLIP","54472","ENSG00000078902","-0.19","predicted"
6,"hsa-miR-3922-5p","CAAGGCC",5,"targetscan","MIMAT0019227","hsa-miR-3922-5p","FAM171B","165215","ENSG00000144369","-0.19","predicted"
6,"hsa-miR-3922-5p","CAAGGCC",5,"targetscan","MIMAT0019227","hsa-miR-3922-5p","RPL37","6167","ENSG00000145592","-0.19","predicted"
6,"hsa-miR-3922-5p","CAAGGCC",5,"targetscan","MIMAT0019227","hsa-miR-3922-5p","SRPX2","27286","ENSG00000102359","-0.19","predicted"
6,"hsa-miR-3922-5p","CAAGGCC",5,"targetscan","MIMAT0019227","hsa-miR-3922-5p","SCAF8","22828","ENSG00000213079","-0.19","predicted"
6,"hsa-miR-3922-5p","CAAGGCC",5,"targetscan","MIMAT0019227","hsa-miR-3922-5p","EDAR","10913","ENSG00000135960","-0.19","predicted"
6,"hsa-miR-3922-5p","CAAGGCC",5,"targetscan","MIMAT0019227","hsa-miR-3922-5p","EEPD1","80820","ENSG00000122547","-0.19","predicted"
6,"hsa-miR-3922-5p","CAAGGCC",5,"targetscan","MIMAT0019227","hsa-miR-3922-5p","OTULIN","90268","ENSG00000154124","-0.19","predicted"
6,"hsa-miR-3922-5p","CAAGGCC",5,"targetscan","MIMAT0019227","hsa-miR-3922-5p","CRKL","1399","ENSG00000099942","-0.191","predicted"
6,"hsa-miR-3922-5p","CAAGGCC",5,"targetscan","MIMAT0019227","hsa-miR-3922-5p","GTF3C1","2975","ENSG00000077235","-0.191","predicted"
6,"hsa-miR-3922-5p","CAAGGCC",5,"targetscan","MIMAT0019227","hsa-miR-3922-5p","UMPS","7372","ENSG00000114491","-0.191","predicted"
6,"hsa-miR-3922-5p","CAAGGCC",5,"targetscan","MIMAT0019227","hsa-miR-3922-5p","CPSF6","11052","ENSG00000111605","-0.191","predicted"
6,"hsa-miR-3922-5p","CAAGGCC",5,"targetscan","MIMAT0019227","hsa-miR-3922-5p","CA5B","11238","ENSG00000169239","-0.191","predicted"
6,"hsa-miR-3922-5p","CAAGGCC",5,"targetscan","MIMAT0019227","hsa-miR-3922-5p","RNF213","57674","ENSG00000173821","-0.191","predicted"
6,"hsa-miR-3922-5p","CAAGGCC",5,"targetscan","MIMAT0019227","hsa-miR-3922-5p","ZNF440","126070","ENSG00000171295","-0.191","predicted"
6,"hsa-miR-3922-5p","CAAGGCC",5,"targetscan","MIMAT0019227","hsa-miR-3922-5p","TTYH1","57348","ENSG00000167614","-0.191","predicted"
6,"hsa-miR-3922-5p","CAAGGCC",5,"targetscan","MIMAT0019227","hsa-miR-3922-5p","GRAP","10750","ENSG00000154016","-0.191","predicted"
6,"hsa-miR-3922-5p","CAAGGCC",5,"targetscan","MIMAT0019227","hsa-miR-3922-5p","ZNF589","51385","ENSG00000164048","-0.191","predicted"
6,"hsa-miR-3922-5p","CAAGGCC",5,"targetscan","MIMAT0019227","hsa-miR-3922-5p","SMIM7","79086","ENSG00000214046","-0.191","predicted"
6,"hsa-miR-3922-5p","CAAGGCC",5,"targetscan","MIMAT0019227","hsa-miR-3922-5p","GRAP","400581","ENSG00000154016","-0.191","predicted"
6,"hsa-miR-3922-5p","CAAGGCC",5,"targetscan","MIMAT0019227","hsa-miR-3922-5p","AP000867.1",NA,"ENSG00000187811","-0.191","predicted"
6,"hsa-miR-3922-5p","CAAGGCC",5,"targetscan","MIMAT0019227","hsa-miR-3922-5p","ACVR2B","93","ENSG00000114739","-0.192","predicted"
6,"hsa-miR-3922-5p","CAAGGCC",5,"targetscan","MIMAT0019227","hsa-miR-3922-5p","EIF4EBP2","1979","ENSG00000148730","-0.192","predicted"
6,"hsa-miR-3922-5p","CAAGGCC",5,"targetscan","MIMAT0019227","hsa-miR-3922-5p","TCEA3","6920","ENSG00000204219","-0.192","predicted"
6,"hsa-miR-3922-5p","CAAGGCC",5,"targetscan","MIMAT0019227","hsa-miR-3922-5p","TMEM130","222865","ENSG00000166448","-0.192","predicted"
6,"hsa-miR-3922-5p","CAAGGCC",5,"targetscan","MIMAT0019227","hsa-miR-3922-5p","C7","730","ENSG00000112936","-0.192","predicted"
6,"hsa-miR-3922-5p","CAAGGCC",5,"targetscan","MIMAT0019227","hsa-miR-3922-5p","BCAR1","9564","ENSG00000050820","-0.192","predicted"
6,"hsa-miR-3922-5p","CAAGGCC",5,"targetscan","MIMAT0019227","hsa-miR-3922-5p","TIMM22","29928","ENSG00000177370","-0.192","predicted"
6,"hsa-miR-3922-5p","CAAGGCC",5,"targetscan","MIMAT0019227","hsa-miR-3922-5p","IFRG15","163590","ENSG00000258664","-0.192","predicted"
6,"hsa-miR-3922-5p","CAAGGCC",5,"targetscan","MIMAT0019227","hsa-miR-3922-5p","C16orf92","146378","ENSG00000167194","-0.192","predicted"
6,"hsa-miR-3922-5p","CAAGGCC",5,"targetscan","MIMAT0019227","hsa-miR-3922-5p","HIST1H2BO",NA,"ENSG00000196331","-0.192","predicted"
6,"hsa-miR-3922-5p","CAAGGCC",5,"targetscan","MIMAT0019227","hsa-miR-3922-5p","C17orf80","55028","ENSG00000141219","-0.193","predicted"
6,"hsa-miR-3922-5p","CAAGGCC",5,"targetscan","MIMAT0019227","hsa-miR-3922-5p","AZIN1","51582","ENSG00000155096","-0.193","predicted"
6,"hsa-miR-3922-5p","CAAGGCC",5,"targetscan","MIMAT0019227","hsa-miR-3922-5p","MS4A8","83661","ENSG00000166959","-0.193","predicted"
6,"hsa-miR-3922-5p","CAAGGCC",5,"targetscan","MIMAT0019227","hsa-miR-3922-5p","SERINC5","256987","ENSG00000164300","-0.193","predicted"
6,"hsa-miR-3922-5p","CAAGGCC",5,"targetscan","MIMAT0019227","hsa-miR-3922-5p","HLCS","3141","ENSG00000159267","-0.193","predicted"
6,"hsa-miR-3922-5p","CAAGGCC",5,"targetscan","MIMAT0019227","hsa-miR-3922-5p","MGAT1","4245","ENSG00000131446","-0.193","predicted"
6,"hsa-miR-3922-5p","CAAGGCC",5,"targetscan","MIMAT0019227","hsa-miR-3922-5p","MTO1","25821","ENSG00000135297","-0.193","predicted"
6,"hsa-miR-3922-5p","CAAGGCC",5,"targetscan","MIMAT0019227","hsa-miR-3922-5p","TRMT61A","115708","ENSG00000166166","-0.193","predicted"
6,"hsa-miR-3922-5p","CAAGGCC",5,"targetscan","MIMAT0019227","hsa-miR-3922-5p","MINDY2","54629","ENSG00000128923","-0.193","predicted"
6,"hsa-miR-3922-5p","CAAGGCC",5,"targetscan","MIMAT0019227","hsa-miR-3922-5p","LRRC74B","400891","ENSG00000187905","-0.193","predicted"
6,"hsa-miR-3922-5p","CAAGGCC",5,"targetscan","MIMAT0019227","hsa-miR-3922-5p","TNFRSF21","27242","ENSG00000146072","-0.194","predicted"
6,"hsa-miR-3922-5p","CAAGGCC",5,"targetscan","MIMAT0019227","hsa-miR-3922-5p","GNGT2","2793","ENSG00000167083","-0.194","predicted"
6,"hsa-miR-3922-5p","CAAGGCC",5,"targetscan","MIMAT0019227","hsa-miR-3922-5p","CDC14A","8556","ENSG00000079335","-0.194","predicted"
6,"hsa-miR-3922-5p","CAAGGCC",5,"targetscan","MIMAT0019227","hsa-miR-3922-5p","PDE5A","8654","ENSG00000138735","-0.194","predicted"
6,"hsa-miR-3922-5p","CAAGGCC",5,"targetscan","MIMAT0019227","hsa-miR-3922-5p","PTP4A3","11156","ENSG00000184489","-0.194","predicted"
6,"hsa-miR-3922-5p","CAAGGCC",5,"targetscan","MIMAT0019227","hsa-miR-3922-5p","KCTD15","79047","ENSG00000153885","-0.194","predicted"
6,"hsa-miR-3922-5p","CAAGGCC",5,"targetscan","MIMAT0019227","hsa-miR-3922-5p","RPAP3","79657","ENSG00000005175","-0.194","predicted"
6,"hsa-miR-3922-5p","CAAGGCC",5,"targetscan","MIMAT0019227","hsa-miR-3922-5p","DCTN5","84516","ENSG00000166847","-0.194","predicted"
6,"hsa-miR-3922-5p","CAAGGCC",5,"targetscan","MIMAT0019227","hsa-miR-3922-5p","TMPPE","643853","ENSG00000188167","-0.194","predicted"
6,"hsa-miR-3922-5p","CAAGGCC",5,"targetscan","MIMAT0019227","hsa-miR-3922-5p","SEZ6L2","26470","ENSG00000174938","-0.194","predicted"
6,"hsa-miR-3922-5p","CAAGGCC",5,"targetscan","MIMAT0019227","hsa-miR-3922-5p","KCNK6","9424","ENSG00000099337","-0.194","predicted"
6,"hsa-miR-3922-5p","CAAGGCC",5,"targetscan","MIMAT0019227","hsa-miR-3922-5p","CDH26","60437","ENSG00000124215","-0.194","predicted"
6,"hsa-miR-3922-5p","CAAGGCC",5,"targetscan","MIMAT0019227","hsa-miR-3922-5p","C1orf50","79078","ENSG00000164008","-0.194","predicted"
6,"hsa-miR-3922-5p","CAAGGCC",5,"targetscan","MIMAT0019227","hsa-miR-3922-5p","AC079210.1",NA,"ENSG00000269657","-0.194","predicted"
6,"hsa-miR-3922-5p","CAAGGCC",5,"targetscan","MIMAT0019227","hsa-miR-3922-5p","GNA12","2768","ENSG00000146535","-0.195","predicted"
6,"hsa-miR-3922-5p","CAAGGCC",5,"targetscan","MIMAT0019227","hsa-miR-3922-5p","SH2D4B","387694","ENSG00000178217","-0.195","predicted"
6,"hsa-miR-3922-5p","CAAGGCC",5,"targetscan","MIMAT0019227","hsa-miR-3922-5p","FAM131A","131408","ENSG00000175182","-0.195","predicted"
6,"hsa-miR-3922-5p","CAAGGCC",5,"targetscan","MIMAT0019227","hsa-miR-3922-5p","GSTO2","119391","ENSG00000065621","-0.195","predicted"
6,"hsa-miR-3922-5p","CAAGGCC",5,"targetscan","MIMAT0019227","hsa-miR-3922-5p","SKP1","6500","ENSG00000113558","-0.195","predicted"
6,"hsa-miR-3922-5p","CAAGGCC",5,"targetscan","MIMAT0019227","hsa-miR-3922-5p","PTCD2","79810","ENSG00000049883","-0.195","predicted"
6,"hsa-miR-3922-5p","CAAGGCC",5,"targetscan","MIMAT0019227","hsa-miR-3922-5p","MIRLET7BHG","400931","ENSG00000197182","-0.195","predicted"
6,"hsa-miR-3922-5p","CAAGGCC",5,"targetscan","MIMAT0019227","hsa-miR-3922-5p","MIRLET7BHG","124905135","ENSG00000197182","-0.195","predicted"
6,"hsa-miR-3922-5p","CAAGGCC",5,"targetscan","MIMAT0019227","hsa-miR-3922-5p","LINC01561","404216","ENSG00000177234","-0.195","predicted"
6,"hsa-miR-3922-5p","CAAGGCC",5,"targetscan","MIMAT0019227","hsa-miR-3922-5p","KLF13","51621","ENSG00000169926","-0.196","predicted"
6,"hsa-miR-3922-5p","CAAGGCC",5,"targetscan","MIMAT0019227","hsa-miR-3922-5p","SDCBP2","27111","ENSG00000125775","-0.196","predicted"
6,"hsa-miR-3922-5p","CAAGGCC",5,"targetscan","MIMAT0019227","hsa-miR-3922-5p","CH25H","9023","ENSG00000138135","-0.196","predicted"
6,"hsa-miR-3922-5p","CAAGGCC",5,"targetscan","MIMAT0019227","hsa-miR-3922-5p","PIWIL3","440822","ENSG00000184571","-0.196","predicted"
6,"hsa-miR-3922-5p","CAAGGCC",5,"targetscan","MIMAT0019227","hsa-miR-3922-5p","HK3","3101","ENSG00000160883","-0.196","predicted"
6,"hsa-miR-3922-5p","CAAGGCC",5,"targetscan","MIMAT0019227","hsa-miR-3922-5p","TMEM199","147007","ENSG00000244045","-0.196","predicted"
6,"hsa-miR-3922-5p","CAAGGCC",5,"targetscan","MIMAT0019227","hsa-miR-3922-5p","TMEM252","169693","ENSG00000181778","-0.196","predicted"
6,"hsa-miR-3922-5p","CAAGGCC",5,"targetscan","MIMAT0019227","hsa-miR-3922-5p","SPRED3","399473","ENSG00000188766","-0.196","predicted"
6,"hsa-miR-3922-5p","CAAGGCC",5,"targetscan","MIMAT0019227","hsa-miR-3922-5p","MAPK12","6300","ENSG00000188130","-0.196","predicted"
6,"hsa-miR-3922-5p","CAAGGCC",5,"targetscan","MIMAT0019227","hsa-miR-3922-5p","RFLNA","144347","ENSG00000178882","-0.196","predicted"
6,"hsa-miR-3922-5p","CAAGGCC",5,"targetscan","MIMAT0019227","hsa-miR-3922-5p","RFLNA","100533183","ENSG00000178882","-0.196","predicted"
6,"hsa-miR-3922-5p","CAAGGCC",5,"targetscan","MIMAT0019227","hsa-miR-3922-5p","MRM1",NA,"ENSG00000129282","-0.196","predicted"
6,"hsa-miR-3922-5p","CAAGGCC",5,"targetscan","MIMAT0019227","hsa-miR-3922-5p","MIRLET7BHG","400931","ENSG00000197182","-0.196","predicted"
6,"hsa-miR-3922-5p","CAAGGCC",5,"targetscan","MIMAT0019227","hsa-miR-3922-5p","MIRLET7BHG","124905135","ENSG00000197182","-0.196","predicted"
6,"hsa-miR-3922-5p","CAAGGCC",5,"targetscan","MIMAT0019227","hsa-miR-3922-5p","ARHGEF3","50650","ENSG00000163947","-0.197","predicted"
6,"hsa-miR-3922-5p","CAAGGCC",5,"targetscan","MIMAT0019227","hsa-miR-3922-5p","SERPINA1","5265","ENSG00000197249","-0.197","predicted"
6,"hsa-miR-3922-5p","CAAGGCC",5,"targetscan","MIMAT0019227","hsa-miR-3922-5p","CXCL13","10563","ENSG00000156234","-0.197","predicted"
6,"hsa-miR-3922-5p","CAAGGCC",5,"targetscan","MIMAT0019227","hsa-miR-3922-5p","INTS6","26512","ENSG00000102786","-0.197","predicted"
6,"hsa-miR-3922-5p","CAAGGCC",5,"targetscan","MIMAT0019227","hsa-miR-3922-5p","NRN1","51299","ENSG00000124785","-0.197","predicted"
6,"hsa-miR-3922-5p","CAAGGCC",5,"targetscan","MIMAT0019227","hsa-miR-3922-5p","MEX3C","51320","ENSG00000176624","-0.197","predicted"
6,"hsa-miR-3922-5p","CAAGGCC",5,"targetscan","MIMAT0019227","hsa-miR-3922-5p","TP53AIP1","63970","ENSG00000120471","-0.197","predicted"
6,"hsa-miR-3922-5p","CAAGGCC",5,"targetscan","MIMAT0019227","hsa-miR-3922-5p","MTMR14","64419","ENSG00000163719","-0.197","predicted"
6,"hsa-miR-3922-5p","CAAGGCC",5,"targetscan","MIMAT0019227","hsa-miR-3922-5p","RNF187","149603","ENSG00000168159","-0.197","predicted"
6,"hsa-miR-3922-5p","CAAGGCC",5,"targetscan","MIMAT0019227","hsa-miR-3922-5p","RASEF","158158","ENSG00000165105","-0.197","predicted"
6,"hsa-miR-3922-5p","CAAGGCC",5,"targetscan","MIMAT0019227","hsa-miR-3922-5p","PARL","55486","ENSG00000175193","-0.197","predicted"
6,"hsa-miR-3922-5p","CAAGGCC",5,"targetscan","MIMAT0019227","hsa-miR-3922-5p","HNRNPLL","92906","ENSG00000143889","-0.197","predicted"
6,"hsa-miR-3922-5p","CAAGGCC",5,"targetscan","MIMAT0019227","hsa-miR-3922-5p","ATG13","9776","ENSG00000175224","-0.197","predicted"
6,"hsa-miR-3922-5p","CAAGGCC",5,"targetscan","MIMAT0019227","hsa-miR-3922-5p","GSX1","219409","ENSG00000169840","-0.197","predicted"
6,"hsa-miR-3922-5p","CAAGGCC",5,"targetscan","MIMAT0019227","hsa-miR-3922-5p","CIBAR2","339145","ENSG00000153789","-0.197","predicted"
6,"hsa-miR-3922-5p","CAAGGCC",5,"targetscan","MIMAT0019227","hsa-miR-3922-5p","GAS2L2",NA,"ENSG00000132139","-0.197","predicted"
6,"hsa-miR-3922-5p","CAAGGCC",5,"targetscan","MIMAT0019227","hsa-miR-3922-5p","ZNF436","80818","ENSG00000125945","-0.198","predicted"
6,"hsa-miR-3922-5p","CAAGGCC",5,"targetscan","MIMAT0019227","hsa-miR-3922-5p","ANGPT2","285","ENSG00000091879","-0.198","predicted"
6,"hsa-miR-3922-5p","CAAGGCC",5,"targetscan","MIMAT0019227","hsa-miR-3922-5p","DERL2","51009","ENSG00000072849","-0.198","predicted"
6,"hsa-miR-3922-5p","CAAGGCC",5,"targetscan","MIMAT0019227","hsa-miR-3922-5p","KMT5A","387893","ENSG00000183955","-0.198","predicted"
6,"hsa-miR-3922-5p","CAAGGCC",5,"targetscan","MIMAT0019227","hsa-miR-3922-5p","SLX9","85395","ENSG00000160256","-0.198","predicted"
6,"hsa-miR-3922-5p","CAAGGCC",5,"targetscan","MIMAT0019227","hsa-miR-3922-5p","CAMK2G","818","ENSG00000148660","-0.199","predicted"
6,"hsa-miR-3922-5p","CAAGGCC",5,"targetscan","MIMAT0019227","hsa-miR-3922-5p","CD34","947","ENSG00000174059","-0.199","predicted"
6,"hsa-miR-3922-5p","CAAGGCC",5,"targetscan","MIMAT0019227","hsa-miR-3922-5p","ATXN7","6314","ENSG00000163635","-0.199","predicted"
6,"hsa-miR-3922-5p","CAAGGCC",5,"targetscan","MIMAT0019227","hsa-miR-3922-5p","DYRK1B","9149","ENSG00000105204","-0.199","predicted"
6,"hsa-miR-3922-5p","CAAGGCC",5,"targetscan","MIMAT0019227","hsa-miR-3922-5p","OLIG2","10215","ENSG00000205927","-0.199","predicted"
6,"hsa-miR-3922-5p","CAAGGCC",5,"targetscan","MIMAT0019227","hsa-miR-3922-5p","SEMA3G","56920","ENSG00000010319","-0.199","predicted"
6,"hsa-miR-3922-5p","CAAGGCC",5,"targetscan","MIMAT0019227","hsa-miR-3922-5p","ARHGAP35","2909","ENSG00000160007","-0.199","predicted"
6,"hsa-miR-3922-5p","CAAGGCC",5,"targetscan","MIMAT0019227","hsa-miR-3922-5p","PRKCI","5584","ENSG00000163558","-0.2","predicted"
6,"hsa-miR-3922-5p","CAAGGCC",5,"targetscan","MIMAT0019227","hsa-miR-3922-5p","UBE2F","140739","ENSG00000184182","-0.2","predicted"
6,"hsa-miR-3922-5p","CAAGGCC",5,"targetscan","MIMAT0019227","hsa-miR-3922-5p","NOL9","79707","ENSG00000162408","-0.2","predicted"
6,"hsa-miR-3922-5p","CAAGGCC",5,"targetscan","MIMAT0019227","hsa-miR-3922-5p","MEDAG","84935","ENSG00000102802","-0.2","predicted"
6,"hsa-miR-3922-5p","CAAGGCC",5,"targetscan","MIMAT0019227","hsa-miR-3922-5p","RBM10","8241","ENSG00000182872","-0.2","predicted"
6,"hsa-miR-3922-5p","CAAGGCC",5,"targetscan","MIMAT0019227","hsa-miR-3922-5p","ARMH1","339541","ENSG00000198520","-0.2","predicted"
6,"hsa-miR-3922-5p","CAAGGCC",5,"targetscan","MIMAT0019227","hsa-miR-3922-5p","DDR2","4921","ENSG00000162733","-0.201","predicted"
6,"hsa-miR-3922-5p","CAAGGCC",5,"targetscan","MIMAT0019227","hsa-miR-3922-5p","POLD2","5425","ENSG00000106628","-0.201","predicted"
6,"hsa-miR-3922-5p","CAAGGCC",5,"targetscan","MIMAT0019227","hsa-miR-3922-5p","YWHAG","7532","ENSG00000170027","-0.201","predicted"
6,"hsa-miR-3922-5p","CAAGGCC",5,"targetscan","MIMAT0019227","hsa-miR-3922-5p","PEA15","8682","ENSG00000162734","-0.201","predicted"
6,"hsa-miR-3922-5p","CAAGGCC",5,"targetscan","MIMAT0019227","hsa-miR-3922-5p","FAM120AOS","158293","ENSG00000188938","-0.201","predicted"
6,"hsa-miR-3922-5p","CAAGGCC",5,"targetscan","MIMAT0019227","hsa-miR-3922-5p","RASL12","51285","ENSG00000103710","-0.201","predicted"
6,"hsa-miR-3922-5p","CAAGGCC",5,"targetscan","MIMAT0019227","hsa-miR-3922-5p","KYAT1","883","ENSG00000171097","-0.201","predicted"
6,"hsa-miR-3922-5p","CAAGGCC",5,"targetscan","MIMAT0019227","hsa-miR-3922-5p","UQCC6","728568","ENSG00000204954","-0.201","predicted"
6,"hsa-miR-3922-5p","CAAGGCC",5,"targetscan","MIMAT0019227","hsa-miR-3922-5p","ABCG2","9429","ENSG00000118777","-0.202","predicted"
6,"hsa-miR-3922-5p","CAAGGCC",5,"targetscan","MIMAT0019227","hsa-miR-3922-5p","SRPK1","6732","ENSG00000096063","-0.202","predicted"
6,"hsa-miR-3922-5p","CAAGGCC",5,"targetscan","MIMAT0019227","hsa-miR-3922-5p","ALS2","57679","ENSG00000003393","-0.202","predicted"
6,"hsa-miR-3922-5p","CAAGGCC",5,"targetscan","MIMAT0019227","hsa-miR-3922-5p","PEPD","5184","ENSG00000124299","-0.202","predicted"
6,"hsa-miR-3922-5p","CAAGGCC",5,"targetscan","MIMAT0019227","hsa-miR-3922-5p","PLIN5","440503","ENSG00000214456","-0.202","predicted"
6,"hsa-miR-3922-5p","CAAGGCC",5,"targetscan","MIMAT0019227","hsa-miR-3922-5p","TMEM80","283232","ENSG00000177042","-0.202","predicted"
6,"hsa-miR-3922-5p","CAAGGCC",5,"targetscan","MIMAT0019227","hsa-miR-3922-5p","ERVV-1","147664","ENSG00000269526","-0.202","predicted"
6,"hsa-miR-3922-5p","CAAGGCC",5,"targetscan","MIMAT0019227","hsa-miR-3922-5p","SUSD6","9766","ENSG00000100647","-0.202","predicted"
6,"hsa-miR-3922-5p","CAAGGCC",5,"targetscan","MIMAT0019227","hsa-miR-3922-5p","LSM8","51691","ENSG00000128534","-0.202","predicted"
6,"hsa-miR-3922-5p","CAAGGCC",5,"targetscan","MIMAT0019227","hsa-miR-3922-5p","ZNF280B",NA,"ENSG00000198477","-0.202","predicted"
6,"hsa-miR-3922-5p","CAAGGCC",5,"targetscan","MIMAT0019227","hsa-miR-3922-5p","ABCG2","9429","ENSG00000118777","-0.203","predicted"
6,"hsa-miR-3922-5p","CAAGGCC",5,"targetscan","MIMAT0019227","hsa-miR-3922-5p","RAE1","8480","ENSG00000101146","-0.203","predicted"
6,"hsa-miR-3922-5p","CAAGGCC",5,"targetscan","MIMAT0019227","hsa-miR-3922-5p","EPN2","22905","ENSG00000072134","-0.203","predicted"
6,"hsa-miR-3922-5p","CAAGGCC",5,"targetscan","MIMAT0019227","hsa-miR-3922-5p","OSBPL6","114880","ENSG00000079156","-0.203","predicted"
6,"hsa-miR-3922-5p","CAAGGCC",5,"targetscan","MIMAT0019227","hsa-miR-3922-5p","PCDHGB3","56102","ENSG00000262209","-0.203","predicted"
6,"hsa-miR-3922-5p","CAAGGCC",5,"targetscan","MIMAT0019227","hsa-miR-3922-5p","PCDHGB7","56099","ENSG00000254122","-0.203","predicted"
6,"hsa-miR-3922-5p","CAAGGCC",5,"targetscan","MIMAT0019227","hsa-miR-3922-5p","SLC25A25","114789","ENSG00000148339","-0.203","predicted"
6,"hsa-miR-3922-5p","CAAGGCC",5,"targetscan","MIMAT0019227","hsa-miR-3922-5p","CLVS2","134829","ENSG00000146352","-0.203","predicted"
6,"hsa-miR-3922-5p","CAAGGCC",5,"targetscan","MIMAT0019227","hsa-miR-3922-5p","SSTR5","6755","ENSG00000162009","-0.203","predicted"
6,"hsa-miR-3922-5p","CAAGGCC",5,"targetscan","MIMAT0019227","hsa-miR-3922-5p","PDCD1","5133","ENSG00000188389","-0.203","predicted"
6,"hsa-miR-3922-5p","CAAGGCC",5,"targetscan","MIMAT0019227","hsa-miR-3922-5p","NELFA","7469","ENSG00000185049","-0.203","predicted"
6,"hsa-miR-3922-5p","CAAGGCC",5,"targetscan","MIMAT0019227","hsa-miR-3922-5p","PMVK","10654","ENSG00000163344","-0.203","predicted"
6,"hsa-miR-3922-5p","CAAGGCC",5,"targetscan","MIMAT0019227","hsa-miR-3922-5p","PCDHGB2","56103","ENSG00000253910","-0.203","predicted"
6,"hsa-miR-3922-5p","CAAGGCC",5,"targetscan","MIMAT0019227","hsa-miR-3922-5p","EXOSC5","56915","ENSG00000077348","-0.203","predicted"
6,"hsa-miR-3922-5p","CAAGGCC",5,"targetscan","MIMAT0019227","hsa-miR-3922-5p","RTTN","25914","ENSG00000176225","-0.203","predicted"
6,"hsa-miR-3922-5p","CAAGGCC",5,"targetscan","MIMAT0019227","hsa-miR-3922-5p","BICRAL","23506","ENSG00000112624","-0.203","predicted"
6,"hsa-miR-3922-5p","CAAGGCC",5,"targetscan","MIMAT0019227","hsa-miR-3922-5p","AL117190.3",NA,"ENSG00000269375","-0.203","predicted"
6,"hsa-miR-3922-5p","CAAGGCC",5,"targetscan","MIMAT0019227","hsa-miR-3922-5p","ANKIB1","54467","ENSG00000001629","-0.204","predicted"
6,"hsa-miR-3922-5p","CAAGGCC",5,"targetscan","MIMAT0019227","hsa-miR-3922-5p","SRXN1","140809","ENSG00000271303","-0.204","predicted"
6,"hsa-miR-3922-5p","CAAGGCC",5,"targetscan","MIMAT0019227","hsa-miR-3922-5p","HMGB1","3146","ENSG00000189403","-0.204","predicted"
6,"hsa-miR-3922-5p","CAAGGCC",5,"targetscan","MIMAT0019227","hsa-miR-3922-5p","ECH1","1891","ENSG00000104823","-0.204","predicted"
6,"hsa-miR-3922-5p","CAAGGCC",5,"targetscan","MIMAT0019227","hsa-miR-3922-5p","HAGH","3029","ENSG00000063854","-0.204","predicted"
6,"hsa-miR-3922-5p","CAAGGCC",5,"targetscan","MIMAT0019227","hsa-miR-3922-5p","SRSF2","6427","ENSG00000161547","-0.204","predicted"
6,"hsa-miR-3922-5p","CAAGGCC",5,"targetscan","MIMAT0019227","hsa-miR-3922-5p","ALMS1","7840","ENSG00000116127","-0.204","predicted"
6,"hsa-miR-3922-5p","CAAGGCC",5,"targetscan","MIMAT0019227","hsa-miR-3922-5p","BAG4","9530","ENSG00000156735","-0.204","predicted"
6,"hsa-miR-3922-5p","CAAGGCC",5,"targetscan","MIMAT0019227","hsa-miR-3922-5p","ZWINT","11130","ENSG00000122952","-0.204","predicted"
6,"hsa-miR-3922-5p","CAAGGCC",5,"targetscan","MIMAT0019227","hsa-miR-3922-5p","GEN1","348654","ENSG00000178295","-0.204","predicted"
6,"hsa-miR-3922-5p","CAAGGCC",5,"targetscan","MIMAT0019227","hsa-miR-3922-5p","ALG11","440138","ENSG00000253710","-0.204","predicted"
6,"hsa-miR-3922-5p","CAAGGCC",5,"targetscan","MIMAT0019227","hsa-miR-3922-5p","NCMAP","400746","ENSG00000184454","-0.204","predicted"
6,"hsa-miR-3922-5p","CAAGGCC",5,"targetscan","MIMAT0019227","hsa-miR-3922-5p","PCDHGB4","8641","ENSG00000253953","-0.204","predicted"
6,"hsa-miR-3922-5p","CAAGGCC",5,"targetscan","MIMAT0019227","hsa-miR-3922-5p","LRRC14","9684","ENSG00000160959","-0.204","predicted"
6,"hsa-miR-3922-5p","CAAGGCC",5,"targetscan","MIMAT0019227","hsa-miR-3922-5p","PCDHGB1","56104","ENSG00000254221","-0.204","predicted"
6,"hsa-miR-3922-5p","CAAGGCC",5,"targetscan","MIMAT0019227","hsa-miR-3922-5p","ITFG3",NA,"ENSG00000269881","-0.204","predicted"
6,"hsa-miR-3922-5p","CAAGGCC",5,"targetscan","MIMAT0019227","hsa-miR-3922-5p","CDC25B","994","ENSG00000101224","-0.205","predicted"
6,"hsa-miR-3922-5p","CAAGGCC",5,"targetscan","MIMAT0019227","hsa-miR-3922-5p","CCNT1","904","ENSG00000129315","-0.205","predicted"
6,"hsa-miR-3922-5p","CAAGGCC",5,"targetscan","MIMAT0019227","hsa-miR-3922-5p","HLA-A","3105","ENSG00000206503","-0.205","predicted"
6,"hsa-miR-3922-5p","CAAGGCC",5,"targetscan","MIMAT0019227","hsa-miR-3922-5p","HSPA9","3313","ENSG00000113013","-0.205","predicted"
6,"hsa-miR-3922-5p","CAAGGCC",5,"targetscan","MIMAT0019227","hsa-miR-3922-5p","KDM5B","10765","ENSG00000117139","-0.205","predicted"
6,"hsa-miR-3922-5p","CAAGGCC",5,"targetscan","MIMAT0019227","hsa-miR-3922-5p","OGFOD1","55239","ENSG00000087263","-0.205","predicted"
6,"hsa-miR-3922-5p","CAAGGCC",5,"targetscan","MIMAT0019227","hsa-miR-3922-5p","RAB22A","57403","ENSG00000124209","-0.205","predicted"
6,"hsa-miR-3922-5p","CAAGGCC",5,"targetscan","MIMAT0019227","hsa-miR-3922-5p","HECTD3","79654","ENSG00000126107","-0.205","predicted"
6,"hsa-miR-3922-5p","CAAGGCC",5,"targetscan","MIMAT0019227","hsa-miR-3922-5p","SFXN1","94081","ENSG00000164466","-0.205","predicted"
6,"hsa-miR-3922-5p","CAAGGCC",5,"targetscan","MIMAT0019227","hsa-miR-3922-5p","ZNF80","7634","ENSG00000174255","-0.205","predicted"
6,"hsa-miR-3922-5p","CAAGGCC",5,"targetscan","MIMAT0019227","hsa-miR-3922-5p","FGD4","121512","ENSG00000139132","-0.205","predicted"
6,"hsa-miR-3922-5p","CAAGGCC",5,"targetscan","MIMAT0019227","hsa-miR-3922-5p","SCN4B","6330","ENSG00000177098","-0.206","predicted"
6,"hsa-miR-3922-5p","CAAGGCC",5,"targetscan","MIMAT0019227","hsa-miR-3922-5p","ZNF33A","7581","ENSG00000189180","-0.206","predicted"
6,"hsa-miR-3922-5p","CAAGGCC",5,"targetscan","MIMAT0019227","hsa-miR-3922-5p","LUZP1","7798","ENSG00000169641","-0.206","predicted"
6,"hsa-miR-3922-5p","CAAGGCC",5,"targetscan","MIMAT0019227","hsa-miR-3922-5p","CD226","10666","ENSG00000150637","-0.206","predicted"
6,"hsa-miR-3922-5p","CAAGGCC",5,"targetscan","MIMAT0019227","hsa-miR-3922-5p","SCAND3","114821","ENSG00000232040","-0.206","predicted"
6,"hsa-miR-3922-5p","CAAGGCC",5,"targetscan","MIMAT0019227","hsa-miR-3922-5p","ATP6V0C","527","ENSG00000185883","-0.206","predicted"
6,"hsa-miR-3922-5p","CAAGGCC",5,"targetscan","MIMAT0019227","hsa-miR-3922-5p","ASB18","401036","ENSG00000182177","-0.206","predicted"
6,"hsa-miR-3922-5p","CAAGGCC",5,"targetscan","MIMAT0019227","hsa-miR-3922-5p","ADGRG1","9289","ENSG00000205336","-0.206","predicted"
6,"hsa-miR-3922-5p","CAAGGCC",5,"targetscan","MIMAT0019227","hsa-miR-3922-5p","CNP","1267","ENSG00000173786","-0.207","predicted"
6,"hsa-miR-3922-5p","CAAGGCC",5,"targetscan","MIMAT0019227","hsa-miR-3922-5p","DUSP3","1845","ENSG00000108861","-0.207","predicted"
6,"hsa-miR-3922-5p","CAAGGCC",5,"targetscan","MIMAT0019227","hsa-miR-3922-5p","HOXC13","3229","ENSG00000123364","-0.207","predicted"
6,"hsa-miR-3922-5p","CAAGGCC",5,"targetscan","MIMAT0019227","hsa-miR-3922-5p","PELO","53918","ENSG00000152684","-0.207","predicted"
6,"hsa-miR-3922-5p","CAAGGCC",5,"targetscan","MIMAT0019227","hsa-miR-3922-5p","CEP97","79598","ENSG00000182504","-0.207","predicted"
6,"hsa-miR-3922-5p","CAAGGCC",5,"targetscan","MIMAT0019227","hsa-miR-3922-5p","FCHSD1","89848","ENSG00000197948","-0.207","predicted"
6,"hsa-miR-3922-5p","CAAGGCC",5,"targetscan","MIMAT0019227","hsa-miR-3922-5p","BTF3L4","91408","ENSG00000134717","-0.207","predicted"
6,"hsa-miR-3922-5p","CAAGGCC",5,"targetscan","MIMAT0019227","hsa-miR-3922-5p","DPH3","285381","ENSG00000154813","-0.207","predicted"
6,"hsa-miR-3922-5p","CAAGGCC",5,"targetscan","MIMAT0019227","hsa-miR-3922-5p","DEXI","28955","ENSG00000182108","-0.207","predicted"
6,"hsa-miR-3922-5p","CAAGGCC",5,"targetscan","MIMAT0019227","hsa-miR-3922-5p","SASH3","54440","ENSG00000122122","-0.207","predicted"
6,"hsa-miR-3922-5p","CAAGGCC",5,"targetscan","MIMAT0019227","hsa-miR-3922-5p","RPL24","6152","ENSG00000114391","-0.207","predicted"
6,"hsa-miR-3922-5p","CAAGGCC",5,"targetscan","MIMAT0019227","hsa-miR-3922-5p","AVPR1B","553","ENSG00000198049","-0.208","predicted"
6,"hsa-miR-3922-5p","CAAGGCC",5,"targetscan","MIMAT0019227","hsa-miR-3922-5p","HDAC2","3066","ENSG00000196591","-0.208","predicted"
6,"hsa-miR-3922-5p","CAAGGCC",5,"targetscan","MIMAT0019227","hsa-miR-3922-5p","KCTD15","79047","ENSG00000153885","-0.208","predicted"
6,"hsa-miR-3922-5p","CAAGGCC",5,"targetscan","MIMAT0019227","hsa-miR-3922-5p","ZNF224","7767","ENSG00000267680","-0.208","predicted"
6,"hsa-miR-3922-5p","CAAGGCC",5,"targetscan","MIMAT0019227","hsa-miR-3922-5p","ZNF585B","92285","ENSG00000245680","-0.208","predicted"
6,"hsa-miR-3922-5p","CAAGGCC",5,"targetscan","MIMAT0019227","hsa-miR-3922-5p","KCNS1","3787","ENSG00000124134","-0.208","predicted"
6,"hsa-miR-3922-5p","CAAGGCC",5,"targetscan","MIMAT0019227","hsa-miR-3922-5p","CILP","8483","ENSG00000138615","-0.208","predicted"
6,"hsa-miR-3922-5p","CAAGGCC",5,"targetscan","MIMAT0019227","hsa-miR-3922-5p","ZSCAN32","54925","ENSG00000140987","-0.208","predicted"
6,"hsa-miR-3922-5p","CAAGGCC",5,"targetscan","MIMAT0019227","hsa-miR-3922-5p","CITED4","163732","ENSG00000179862","-0.208","predicted"
6,"hsa-miR-3922-5p","CAAGGCC",5,"targetscan","MIMAT0019227","hsa-miR-3922-5p","DNMT1","1786","ENSG00000130816","-0.209","predicted"
6,"hsa-miR-3922-5p","CAAGGCC",5,"targetscan","MIMAT0019227","hsa-miR-3922-5p","SMAD6","4091","ENSG00000137834","-0.209","predicted"
6,"hsa-miR-3922-5p","CAAGGCC",5,"targetscan","MIMAT0019227","hsa-miR-3922-5p","MBNL1","4154","ENSG00000152601","-0.209","predicted"
6,"hsa-miR-3922-5p","CAAGGCC",5,"targetscan","MIMAT0019227","hsa-miR-3922-5p","B4GALT5","9334","ENSG00000158470","-0.209","predicted"
6,"hsa-miR-3922-5p","CAAGGCC",5,"targetscan","MIMAT0019227","hsa-miR-3922-5p","STAMBPL1","57559","ENSG00000138134","-0.209","predicted"
6,"hsa-miR-3922-5p","CAAGGCC",5,"targetscan","MIMAT0019227","hsa-miR-3922-5p","CLSTN2","64084","ENSG00000158258","-0.209","predicted"
6,"hsa-miR-3922-5p","CAAGGCC",5,"targetscan","MIMAT0019227","hsa-miR-3922-5p","C6orf89","221477","ENSG00000198663","-0.209","predicted"
6,"hsa-miR-3922-5p","CAAGGCC",5,"targetscan","MIMAT0019227","hsa-miR-3922-5p","EDN3","1908","ENSG00000124205","-0.209","predicted"
6,"hsa-miR-3922-5p","CAAGGCC",5,"targetscan","MIMAT0019227","hsa-miR-3922-5p","UROS","7390","ENSG00000188690","-0.209","predicted"
6,"hsa-miR-3922-5p","CAAGGCC",5,"targetscan","MIMAT0019227","hsa-miR-3922-5p","CD74","972","ENSG00000019582","-0.209","predicted"
6,"hsa-miR-3922-5p","CAAGGCC",5,"targetscan","MIMAT0019227","hsa-miR-3922-5p","RIC3","79608","ENSG00000166405","-0.209","predicted"
6,"hsa-miR-3922-5p","CAAGGCC",5,"targetscan","MIMAT0019227","hsa-miR-3922-5p","SLC38A7","55238","ENSG00000103042","-0.209","predicted"
6,"hsa-miR-3922-5p","CAAGGCC",5,"targetscan","MIMAT0019227","hsa-miR-3922-5p","HLX","3142","ENSG00000136630","-0.209","predicted"
6,"hsa-miR-3922-5p","CAAGGCC",5,"targetscan","MIMAT0019227","hsa-miR-3922-5p","BLOC1S1","2647","ENSG00000135441","-0.209","predicted"
6,"hsa-miR-3922-5p","CAAGGCC",5,"targetscan","MIMAT0019227","hsa-miR-3922-5p","AQP7","364","ENSG00000165269","-0.209","predicted"
6,"hsa-miR-3922-5p","CAAGGCC",5,"targetscan","MIMAT0019227","hsa-miR-3922-5p","PPP1R3E","90673","ENSG00000235194","-0.209","predicted"
6,"hsa-miR-3922-5p","CAAGGCC",5,"targetscan","MIMAT0019227","hsa-miR-3922-5p","ANXA5","308","ENSG00000164111","-0.21","predicted"
6,"hsa-miR-3922-5p","CAAGGCC",5,"targetscan","MIMAT0019227","hsa-miR-3922-5p","VCP","7415","ENSG00000165280","-0.21","predicted"
6,"hsa-miR-3922-5p","CAAGGCC",5,"targetscan","MIMAT0019227","hsa-miR-3922-5p","SEMA4D","10507","ENSG00000187764","-0.21","predicted"
6,"hsa-miR-3922-5p","CAAGGCC",5,"targetscan","MIMAT0019227","hsa-miR-3922-5p","LRRC47","57470","ENSG00000130764","-0.21","predicted"
6,"hsa-miR-3922-5p","CAAGGCC",5,"targetscan","MIMAT0019227","hsa-miR-3922-5p","TMEM164","84187","ENSG00000157600","-0.21","predicted"
6,"hsa-miR-3922-5p","CAAGGCC",5,"targetscan","MIMAT0019227","hsa-miR-3922-5p","ADORA2A","135","ENSG00000128271","-0.21","predicted"
6,"hsa-miR-3922-5p","CAAGGCC",5,"targetscan","MIMAT0019227","hsa-miR-3922-5p","MANEAL","149175","ENSG00000185090","-0.21","predicted"
6,"hsa-miR-3922-5p","CAAGGCC",5,"targetscan","MIMAT0019227","hsa-miR-3922-5p","BCL2L2","599","ENSG00000129473","-0.211","predicted"
6,"hsa-miR-3922-5p","CAAGGCC",5,"targetscan","MIMAT0019227","hsa-miR-3922-5p","HMOX1","3162","ENSG00000100292","-0.211","predicted"
6,"hsa-miR-3922-5p","CAAGGCC",5,"targetscan","MIMAT0019227","hsa-miR-3922-5p","MMP19","4327","ENSG00000123342","-0.211","predicted"
6,"hsa-miR-3922-5p","CAAGGCC",5,"targetscan","MIMAT0019227","hsa-miR-3922-5p","TLL1","7092","ENSG00000038295","-0.211","predicted"
6,"hsa-miR-3922-5p","CAAGGCC",5,"targetscan","MIMAT0019227","hsa-miR-3922-5p","AIFM1","9131","ENSG00000156709","-0.211","predicted"
6,"hsa-miR-3922-5p","CAAGGCC",5,"targetscan","MIMAT0019227","hsa-miR-3922-5p","GMEB2","26205","ENSG00000101216","-0.211","predicted"
6,"hsa-miR-3922-5p","CAAGGCC",5,"targetscan","MIMAT0019227","hsa-miR-3922-5p","TXNDC5","81567","ENSG00000239264","-0.211","predicted"
6,"hsa-miR-3922-5p","CAAGGCC",5,"targetscan","MIMAT0019227","hsa-miR-3922-5p","PIWIL2","55124","ENSG00000197181","-0.211","predicted"
6,"hsa-miR-3922-5p","CAAGGCC",5,"targetscan","MIMAT0019227","hsa-miR-3922-5p","GMDS","2762","ENSG00000112699","-0.211","predicted"
6,"hsa-miR-3922-5p","CAAGGCC",5,"targetscan","MIMAT0019227","hsa-miR-3922-5p","SNX13","23161","ENSG00000071189","-0.212","predicted"
6,"hsa-miR-3922-5p","CAAGGCC",5,"targetscan","MIMAT0019227","hsa-miR-3922-5p","ST6GALNAC4","27090","ENSG00000136840","-0.212","predicted"
6,"hsa-miR-3922-5p","CAAGGCC",5,"targetscan","MIMAT0019227","hsa-miR-3922-5p","URGCP","55665","ENSG00000106608","-0.212","predicted"
6,"hsa-miR-3922-5p","CAAGGCC",5,"targetscan","MIMAT0019227","hsa-miR-3922-5p","EIF5A","1984","ENSG00000132507","-0.212","predicted"
6,"hsa-miR-3922-5p","CAAGGCC",5,"targetscan","MIMAT0019227","hsa-miR-3922-5p","GLIS2","84662","ENSG00000126603","-0.212","predicted"
6,"hsa-miR-3922-5p","CAAGGCC",5,"targetscan","MIMAT0019227","hsa-miR-3922-5p","ABCC12","94160","ENSG00000140798","-0.212","predicted"
6,"hsa-miR-3922-5p","CAAGGCC",5,"targetscan","MIMAT0019227","hsa-miR-3922-5p","LRRC75A","388341","ENSG00000181350","-0.212","predicted"
6,"hsa-miR-3922-5p","CAAGGCC",5,"targetscan","MIMAT0019227","hsa-miR-3922-5p","ADRA2A","150","ENSG00000150594","-0.213","predicted"
6,"hsa-miR-3922-5p","CAAGGCC",5,"targetscan","MIMAT0019227","hsa-miR-3922-5p","GPR37L1","9283","ENSG00000170075","-0.213","predicted"
6,"hsa-miR-3922-5p","CAAGGCC",5,"targetscan","MIMAT0019227","hsa-miR-3922-5p","LRIG1","26018","ENSG00000144749","-0.213","predicted"
6,"hsa-miR-3922-5p","CAAGGCC",5,"targetscan","MIMAT0019227","hsa-miR-3922-5p","CNNM3","26505","ENSG00000168763","-0.213","predicted"
6,"hsa-miR-3922-5p","CAAGGCC",5,"targetscan","MIMAT0019227","hsa-miR-3922-5p","OPA3","80207","ENSG00000125741","-0.213","predicted"
6,"hsa-miR-3922-5p","CAAGGCC",5,"targetscan","MIMAT0019227","hsa-miR-3922-5p","NAPA","8775","ENSG00000105402","-0.213","predicted"
6,"hsa-miR-3922-5p","CAAGGCC",5,"targetscan","MIMAT0019227","hsa-miR-3922-5p","TNFRSF13C","115650","ENSG00000159958","-0.213","predicted"
6,"hsa-miR-3922-5p","CAAGGCC",5,"targetscan","MIMAT0019227","hsa-miR-3922-5p","ASAH2","56624","ENSG00000188611","-0.213","predicted"
6,"hsa-miR-3922-5p","CAAGGCC",5,"targetscan","MIMAT0019227","hsa-miR-3922-5p","",NA,"ENSG00000197665","-0.213","predicted"
6,"hsa-miR-3922-5p","CAAGGCC",5,"targetscan","MIMAT0019227","hsa-miR-3922-5p","",NA,"ENSG00000231880","-0.213","predicted"
6,"hsa-miR-3922-5p","CAAGGCC",5,"targetscan","MIMAT0019227","hsa-miR-3922-5p","GATSL2",NA,"ENSG00000198750","-0.213","predicted"
6,"hsa-miR-3922-5p","CAAGGCC",5,"targetscan","MIMAT0019227","hsa-miR-3922-5p","LEPROTL1","23484","ENSG00000104660","-0.214","predicted"
6,"hsa-miR-3922-5p","CAAGGCC",5,"targetscan","MIMAT0019227","hsa-miR-3922-5p","PRR3","80742","ENSG00000204576","-0.214","predicted"
6,"hsa-miR-3922-5p","CAAGGCC",5,"targetscan","MIMAT0019227","hsa-miR-3922-5p","FBXL20","84961","ENSG00000108306","-0.214","predicted"
6,"hsa-miR-3922-5p","CAAGGCC",5,"targetscan","MIMAT0019227","hsa-miR-3922-5p","MYO16","23026","ENSG00000041515","-0.214","predicted"
6,"hsa-miR-3922-5p","CAAGGCC",5,"targetscan","MIMAT0019227","hsa-miR-3922-5p","",NA,"ENSG00000230000","-0.214","predicted"
6,"hsa-miR-3922-5p","CAAGGCC",5,"targetscan","MIMAT0019227","hsa-miR-3922-5p","TMEM94","9772","ENSG00000177728","-0.214","predicted"
6,"hsa-miR-3922-5p","CAAGGCC",5,"targetscan","MIMAT0019227","hsa-miR-3922-5p","EDN2","1907","ENSG00000127129","-0.215","predicted"
6,"hsa-miR-3922-5p","CAAGGCC",5,"targetscan","MIMAT0019227","hsa-miR-3922-5p","LTBP2","4053","ENSG00000119681","-0.215","predicted"
6,"hsa-miR-3922-5p","CAAGGCC",5,"targetscan","MIMAT0019227","hsa-miR-3922-5p","NDC1","55706","ENSG00000058804","-0.215","predicted"
6,"hsa-miR-3922-5p","CAAGGCC",5,"targetscan","MIMAT0019227","hsa-miR-3922-5p","GZF1","64412","ENSG00000125812","-0.215","predicted"
6,"hsa-miR-3922-5p","CAAGGCC",5,"targetscan","MIMAT0019227","hsa-miR-3922-5p","DBNDD1","79007","ENSG00000003249","-0.215","predicted"
6,"hsa-miR-3922-5p","CAAGGCC",5,"targetscan","MIMAT0019227","hsa-miR-3922-5p","DGKG","1608","ENSG00000058866","-0.215","predicted"
6,"hsa-miR-3922-5p","CAAGGCC",5,"targetscan","MIMAT0019227","hsa-miR-3922-5p","SSC5D","284297","ENSG00000179954","-0.215","predicted"
6,"hsa-miR-3922-5p","CAAGGCC",5,"targetscan","MIMAT0019227","hsa-miR-3922-5p","NELFB","25920","ENSG00000188986","-0.215","predicted"
6,"hsa-miR-3922-5p","CAAGGCC",5,"targetscan","MIMAT0019227","hsa-miR-3922-5p","HEMK1","51409","ENSG00000114735","-0.215","predicted"
6,"hsa-miR-3922-5p","CAAGGCC",5,"targetscan","MIMAT0019227","hsa-miR-3922-5p","L3MBTL2","83746","ENSG00000100395","-0.215","predicted"
6,"hsa-miR-3922-5p","CAAGGCC",5,"targetscan","MIMAT0019227","hsa-miR-3922-5p","ZNF518B","85460","ENSG00000178163","-0.215","predicted"
6,"hsa-miR-3922-5p","CAAGGCC",5,"targetscan","MIMAT0019227","hsa-miR-3922-5p","CAPN12","147968","ENSG00000182472","-0.215","predicted"
6,"hsa-miR-3922-5p","CAAGGCC",5,"targetscan","MIMAT0019227","hsa-miR-3922-5p","STING1","340061","ENSG00000184584","-0.215","predicted"
6,"hsa-miR-3922-5p","CAAGGCC",5,"targetscan","MIMAT0019227","hsa-miR-3922-5p","GPC4","2239","ENSG00000076716","-0.216","predicted"
6,"hsa-miR-3922-5p","CAAGGCC",5,"targetscan","MIMAT0019227","hsa-miR-3922-5p","TNPO2","30000","ENSG00000105576","-0.216","predicted"
6,"hsa-miR-3922-5p","CAAGGCC",5,"targetscan","MIMAT0019227","hsa-miR-3922-5p","C1orf122","127687","ENSG00000197982","-0.216","predicted"
6,"hsa-miR-3922-5p","CAAGGCC",5,"targetscan","MIMAT0019227","hsa-miR-3922-5p","TM2D3","80213","ENSG00000184277","-0.216","predicted"
6,"hsa-miR-3922-5p","CAAGGCC",5,"targetscan","MIMAT0019227","hsa-miR-3922-5p","METAP1D","254042","ENSG00000172878","-0.216","predicted"
6,"hsa-miR-3922-5p","CAAGGCC",5,"targetscan","MIMAT0019227","hsa-miR-3922-5p","TM4SF5","9032","ENSG00000142484","-0.216","predicted"
6,"hsa-miR-3922-5p","CAAGGCC",5,"targetscan","MIMAT0019227","hsa-miR-3922-5p","CYP1A1","1543","ENSG00000140465","-0.217","predicted"
6,"hsa-miR-3922-5p","CAAGGCC",5,"targetscan","MIMAT0019227","hsa-miR-3922-5p","PPIC","5480","ENSG00000168938","-0.217","predicted"
6,"hsa-miR-3922-5p","CAAGGCC",5,"targetscan","MIMAT0019227","hsa-miR-3922-5p","IFT122","55764","ENSG00000163913","-0.217","predicted"
6,"hsa-miR-3922-5p","CAAGGCC",5,"targetscan","MIMAT0019227","hsa-miR-3922-5p","PIK3IP1","113791","ENSG00000100100","-0.217","predicted"
6,"hsa-miR-3922-5p","CAAGGCC",5,"targetscan","MIMAT0019227","hsa-miR-3922-5p","TAPT1","202018","ENSG00000169762","-0.217","predicted"
6,"hsa-miR-3922-5p","CAAGGCC",5,"targetscan","MIMAT0019227","hsa-miR-3922-5p","TMEM130","222865","ENSG00000166448","-0.217","predicted"
6,"hsa-miR-3922-5p","CAAGGCC",5,"targetscan","MIMAT0019227","hsa-miR-3922-5p","TLR5","7100","ENSG00000187554","-0.217","predicted"
6,"hsa-miR-3922-5p","CAAGGCC",5,"targetscan","MIMAT0019227","hsa-miR-3922-5p","GNG12","55970","ENSG00000172380","-0.217","predicted"
6,"hsa-miR-3922-5p","CAAGGCC",5,"targetscan","MIMAT0019227","hsa-miR-3922-5p","ZNF784","147808","ENSG00000179922","-0.217","predicted"
6,"hsa-miR-3922-5p","CAAGGCC",5,"targetscan","MIMAT0019227","hsa-miR-3922-5p","UQCC2","84300","ENSG00000137288","-0.217","predicted"
6,"hsa-miR-3922-5p","CAAGGCC",5,"targetscan","MIMAT0019227","hsa-miR-3922-5p","DUSP6","1848","ENSG00000139318","-0.218","predicted"
6,"hsa-miR-3922-5p","CAAGGCC",5,"targetscan","MIMAT0019227","hsa-miR-3922-5p","PABPC4L","132430","ENSG00000254535","-0.218","predicted"
6,"hsa-miR-3922-5p","CAAGGCC",5,"targetscan","MIMAT0019227","hsa-miR-3922-5p","GADD45B","4616","ENSG00000099860","-0.218","predicted"
6,"hsa-miR-3922-5p","CAAGGCC",5,"targetscan","MIMAT0019227","hsa-miR-3922-5p","TRAF2","7186","ENSG00000127191","-0.218","predicted"
6,"hsa-miR-3922-5p","CAAGGCC",5,"targetscan","MIMAT0019227","hsa-miR-3922-5p","",NA,"ENSG00000270299","-0.218","predicted"
6,"hsa-miR-3922-5p","CAAGGCC",5,"targetscan","MIMAT0019227","hsa-miR-3922-5p","ANG","283","ENSG00000214274","-0.219","predicted"
6,"hsa-miR-3922-5p","CAAGGCC",5,"targetscan","MIMAT0019227","hsa-miR-3922-5p","RAB31","11031","ENSG00000168461","-0.219","predicted"
6,"hsa-miR-3922-5p","CAAGGCC",5,"targetscan","MIMAT0019227","hsa-miR-3922-5p","RALGAPB","57148","ENSG00000170471","-0.219","predicted"
6,"hsa-miR-3922-5p","CAAGGCC",5,"targetscan","MIMAT0019227","hsa-miR-3922-5p","ATP5F1B","506","ENSG00000110955","-0.219","predicted"
6,"hsa-miR-3922-5p","CAAGGCC",5,"targetscan","MIMAT0019227","hsa-miR-3922-5p","STX11","8676","ENSG00000135604","-0.22","predicted"
6,"hsa-miR-3922-5p","CAAGGCC",5,"targetscan","MIMAT0019227","hsa-miR-3922-5p","TAT","6898","ENSG00000198650","-0.22","predicted"
6,"hsa-miR-3922-5p","CAAGGCC",5,"targetscan","MIMAT0019227","hsa-miR-3922-5p","PHF14","9678","ENSG00000106443","-0.22","predicted"
6,"hsa-miR-3922-5p","CAAGGCC",5,"targetscan","MIMAT0019227","hsa-miR-3922-5p","PARVG","64098","ENSG00000138964","-0.22","predicted"
6,"hsa-miR-3922-5p","CAAGGCC",5,"targetscan","MIMAT0019227","hsa-miR-3922-5p","FUT4","2526","ENSG00000196371","-0.22","predicted"
6,"hsa-miR-3922-5p","CAAGGCC",5,"targetscan","MIMAT0019227","hsa-miR-3922-5p","LRRK1","79705","ENSG00000154237","-0.22","predicted"
6,"hsa-miR-3922-5p","CAAGGCC",5,"targetscan","MIMAT0019227","hsa-miR-3922-5p","UBTD1","80019","ENSG00000165886","-0.22","predicted"
6,"hsa-miR-3922-5p","CAAGGCC",5,"targetscan","MIMAT0019227","hsa-miR-3922-5p","LYSMD4","145748","ENSG00000183060","-0.22","predicted"
6,"hsa-miR-3922-5p","CAAGGCC",5,"targetscan","MIMAT0019227","hsa-miR-3922-5p","DRG1","4733","ENSG00000185721","-0.221","predicted"
6,"hsa-miR-3922-5p","CAAGGCC",5,"targetscan","MIMAT0019227","hsa-miR-3922-5p","PRH2","5555","ENSG00000134551","-0.221","predicted"
6,"hsa-miR-3922-5p","CAAGGCC",5,"targetscan","MIMAT0019227","hsa-miR-3922-5p","UBN1","29855","ENSG00000118900","-0.221","predicted"
6,"hsa-miR-3922-5p","CAAGGCC",5,"targetscan","MIMAT0019227","hsa-miR-3922-5p","LCE1E","353135","ENSG00000186226","-0.221","predicted"
6,"hsa-miR-3922-5p","CAAGGCC",5,"targetscan","MIMAT0019227","hsa-miR-3922-5p","POMGNT1","55624","ENSG00000085998","-0.221","predicted"
6,"hsa-miR-3922-5p","CAAGGCC",5,"targetscan","MIMAT0019227","hsa-miR-3922-5p","STARD3NL","83930","ENSG00000010270","-0.221","predicted"
6,"hsa-miR-3922-5p","CAAGGCC",5,"targetscan","MIMAT0019227","hsa-miR-3922-5p","ZNF439","90594","ENSG00000171291","-0.221","predicted"
6,"hsa-miR-3922-5p","CAAGGCC",5,"targetscan","MIMAT0019227","hsa-miR-3922-5p","RTN4RL2","349667","ENSG00000186907","-0.221","predicted"
6,"hsa-miR-3922-5p","CAAGGCC",5,"targetscan","MIMAT0019227","hsa-miR-3922-5p","CD47","961","ENSG00000196776","-0.222","predicted"
6,"hsa-miR-3922-5p","CAAGGCC",5,"targetscan","MIMAT0019227","hsa-miR-3922-5p","CCDC69","26112","ENSG00000198624","-0.222","predicted"
6,"hsa-miR-3922-5p","CAAGGCC",5,"targetscan","MIMAT0019227","hsa-miR-3922-5p","ZFAND2B","130617","ENSG00000158552","-0.222","predicted"
6,"hsa-miR-3922-5p","CAAGGCC",5,"targetscan","MIMAT0019227","hsa-miR-3922-5p","TRUB1","142940","ENSG00000165832","-0.222","predicted"
6,"hsa-miR-3922-5p","CAAGGCC",5,"targetscan","MIMAT0019227","hsa-miR-3922-5p","ZFP36L2","678","ENSG00000152518","-0.223","predicted"
6,"hsa-miR-3922-5p","CAAGGCC",5,"targetscan","MIMAT0019227","hsa-miR-3922-5p","P2RY6","5031","ENSG00000171631","-0.223","predicted"
6,"hsa-miR-3922-5p","CAAGGCC",5,"targetscan","MIMAT0019227","hsa-miR-3922-5p","PXMP4","11264","ENSG00000101417","-0.223","predicted"
6,"hsa-miR-3922-5p","CAAGGCC",5,"targetscan","MIMAT0019227","hsa-miR-3922-5p","NLRC5","84166","ENSG00000140853","-0.223","predicted"
6,"hsa-miR-3922-5p","CAAGGCC",5,"targetscan","MIMAT0019227","hsa-miR-3922-5p","CFAP298","56683","ENSG00000159079","-0.223","predicted"
6,"hsa-miR-3922-5p","CAAGGCC",5,"targetscan","MIMAT0019227","hsa-miR-3922-5p","PGRMC2","10424","ENSG00000164040","-0.224","predicted"
6,"hsa-miR-3922-5p","CAAGGCC",5,"targetscan","MIMAT0019227","hsa-miR-3922-5p","CCL22","6367","ENSG00000102962","-0.224","predicted"
6,"hsa-miR-3922-5p","CAAGGCC",5,"targetscan","MIMAT0019227","hsa-miR-3922-5p","CNPY3","10695","ENSG00000137161","-0.224","predicted"
6,"hsa-miR-3922-5p","CAAGGCC",5,"targetscan","MIMAT0019227","hsa-miR-3922-5p","COPS6","10980","ENSG00000168090","-0.224","predicted"
6,"hsa-miR-3922-5p","CAAGGCC",5,"targetscan","MIMAT0019227","hsa-miR-3922-5p","KLK11","11012","ENSG00000167757","-0.224","predicted"
6,"hsa-miR-3922-5p","CAAGGCC",5,"targetscan","MIMAT0019227","hsa-miR-3922-5p","DZIP1L","199221","ENSG00000158163","-0.224","predicted"
6,"hsa-miR-3922-5p","CAAGGCC",5,"targetscan","MIMAT0019227","hsa-miR-3922-5p","NPHP1","4867","ENSG00000144061","-0.224","predicted"
6,"hsa-miR-3922-5p","CAAGGCC",5,"targetscan","MIMAT0019227","hsa-miR-3922-5p","AWAT2","158835","ENSG00000147160","-0.224","predicted"
6,"hsa-miR-3922-5p","CAAGGCC",5,"targetscan","MIMAT0019227","hsa-miR-3922-5p","ARPC4-TTLL3","100526693","ENSG00000250151","-0.224","predicted"
6,"hsa-miR-3922-5p","CAAGGCC",5,"targetscan","MIMAT0019227","hsa-miR-3922-5p","PFKFB1","5207","ENSG00000158571","-0.224","predicted"
6,"hsa-miR-3922-5p","CAAGGCC",5,"targetscan","MIMAT0019227","hsa-miR-3922-5p","CNPPD1","27013","ENSG00000115649","-0.224","predicted"
6,"hsa-miR-3922-5p","CAAGGCC",5,"targetscan","MIMAT0019227","hsa-miR-3922-5p","GJC3","349149","ENSG00000176402","-0.224","predicted"
6,"hsa-miR-3922-5p","CAAGGCC",5,"targetscan","MIMAT0019227","hsa-miR-3922-5p","COX6B1","1340","ENSG00000126267","-0.224","predicted"
6,"hsa-miR-3922-5p","CAAGGCC",5,"targetscan","MIMAT0019227","hsa-miR-3922-5p","MFSD4B","91749","ENSG00000173214","-0.224","predicted"
6,"hsa-miR-3922-5p","CAAGGCC",5,"targetscan","MIMAT0019227","hsa-miR-3922-5p","ADISSP","54976","ENSG00000101220","-0.224","predicted"
6,"hsa-miR-3922-5p","CAAGGCC",5,"targetscan","MIMAT0019227","hsa-miR-3922-5p","RHOC","389","ENSG00000155366","-0.225","predicted"
6,"hsa-miR-3922-5p","CAAGGCC",5,"targetscan","MIMAT0019227","hsa-miR-3922-5p","LYL1","4066","ENSG00000104903","-0.225","predicted"
6,"hsa-miR-3922-5p","CAAGGCC",5,"targetscan","MIMAT0019227","hsa-miR-3922-5p","PSAP","5660","ENSG00000197746","-0.225","predicted"
6,"hsa-miR-3922-5p","CAAGGCC",5,"targetscan","MIMAT0019227","hsa-miR-3922-5p","RNMT","8731","ENSG00000101654","-0.225","predicted"
6,"hsa-miR-3922-5p","CAAGGCC",5,"targetscan","MIMAT0019227","hsa-miR-3922-5p","ASF1B","55723","ENSG00000105011","-0.225","predicted"
6,"hsa-miR-3922-5p","CAAGGCC",5,"targetscan","MIMAT0019227","hsa-miR-3922-5p","HAAO","23498","ENSG00000162882","-0.225","predicted"
6,"hsa-miR-3922-5p","CAAGGCC",5,"targetscan","MIMAT0019227","hsa-miR-3922-5p","CTNNBIP1","56998","ENSG00000178585","-0.226","predicted"
6,"hsa-miR-3922-5p","CAAGGCC",5,"targetscan","MIMAT0019227","hsa-miR-3922-5p","GATA6","2627","ENSG00000141448","-0.226","predicted"
6,"hsa-miR-3922-5p","CAAGGCC",5,"targetscan","MIMAT0019227","hsa-miR-3922-5p","PTPRK","5796","ENSG00000152894","-0.226","predicted"
6,"hsa-miR-3922-5p","CAAGGCC",5,"targetscan","MIMAT0019227","hsa-miR-3922-5p","KIAA1217","56243","ENSG00000120549","-0.226","predicted"
6,"hsa-miR-3922-5p","CAAGGCC",5,"targetscan","MIMAT0019227","hsa-miR-3922-5p","TMOD1","7111","ENSG00000136842","-0.226","predicted"
6,"hsa-miR-3922-5p","CAAGGCC",5,"targetscan","MIMAT0019227","hsa-miR-3922-5p","GLYATL1","92292","ENSG00000166840","-0.226","predicted"
6,"hsa-miR-3922-5p","CAAGGCC",5,"targetscan","MIMAT0019227","hsa-miR-3922-5p","TBC1D30","23329","ENSG00000111490","-0.227","predicted"
6,"hsa-miR-3922-5p","CAAGGCC",5,"targetscan","MIMAT0019227","hsa-miR-3922-5p","GALNT16","57452","ENSG00000100626","-0.227","predicted"
6,"hsa-miR-3922-5p","CAAGGCC",5,"targetscan","MIMAT0019227","hsa-miR-3922-5p","IMP4","92856","ENSG00000136718","-0.227","predicted"
6,"hsa-miR-3922-5p","CAAGGCC",5,"targetscan","MIMAT0019227","hsa-miR-3922-5p","TRH","7200","ENSG00000170893","-0.227","predicted"
6,"hsa-miR-3922-5p","CAAGGCC",5,"targetscan","MIMAT0019227","hsa-miR-3922-5p","ESS2","8220","ENSG00000100056","-0.227","predicted"
6,"hsa-miR-3922-5p","CAAGGCC",5,"targetscan","MIMAT0019227","hsa-miR-3922-5p","HOXA11","3207","ENSG00000005073","-0.228","predicted"
6,"hsa-miR-3922-5p","CAAGGCC",5,"targetscan","MIMAT0019227","hsa-miR-3922-5p","FBXO7","25793","ENSG00000100225","-0.228","predicted"
6,"hsa-miR-3922-5p","CAAGGCC",5,"targetscan","MIMAT0019227","hsa-miR-3922-5p","RAB30","27314","ENSG00000137502","-0.228","predicted"
6,"hsa-miR-3922-5p","CAAGGCC",5,"targetscan","MIMAT0019227","hsa-miR-3922-5p","ARSJ","79642","ENSG00000180801","-0.228","predicted"
6,"hsa-miR-3922-5p","CAAGGCC",5,"targetscan","MIMAT0019227","hsa-miR-3922-5p","PABPN1L","390748","ENSG00000205022","-0.228","predicted"
6,"hsa-miR-3922-5p","CAAGGCC",5,"targetscan","MIMAT0019227","hsa-miR-3922-5p","SUPT6H","6830","ENSG00000109111","-0.228","predicted"
6,"hsa-miR-3922-5p","CAAGGCC",5,"targetscan","MIMAT0019227","hsa-miR-3922-5p","NEK8","284086","ENSG00000160602","-0.228","predicted"
6,"hsa-miR-3922-5p","CAAGGCC",5,"targetscan","MIMAT0019227","hsa-miR-3922-5p","GUCY1A1","2982","ENSG00000164116","-0.228","predicted"
6,"hsa-miR-3922-5p","CAAGGCC",5,"targetscan","MIMAT0019227","hsa-miR-3922-5p","SMAD1","4086","ENSG00000170365","-0.229","predicted"
6,"hsa-miR-3922-5p","CAAGGCC",5,"targetscan","MIMAT0019227","hsa-miR-3922-5p","ADPRH","141","ENSG00000144843","-0.229","predicted"
6,"hsa-miR-3922-5p","CAAGGCC",5,"targetscan","MIMAT0019227","hsa-miR-3922-5p","CNIH2","254263","ENSG00000174871","-0.229","predicted"
6,"hsa-miR-3922-5p","CAAGGCC",5,"targetscan","MIMAT0019227","hsa-miR-3922-5p","TMEM129","92305","ENSG00000168936","-0.229","predicted"
6,"hsa-miR-3922-5p","CAAGGCC",5,"targetscan","MIMAT0019227","hsa-miR-3922-5p","GSTO2","119391","ENSG00000065621","-0.229","predicted"
6,"hsa-miR-3922-5p","CAAGGCC",5,"targetscan","MIMAT0019227","hsa-miR-3922-5p","THAP7","80764","ENSG00000184436","-0.229","predicted"
6,"hsa-miR-3922-5p","CAAGGCC",5,"targetscan","MIMAT0019227","hsa-miR-3922-5p","LYPD2","137797","ENSG00000197353","-0.229","predicted"
6,"hsa-miR-3922-5p","CAAGGCC",5,"targetscan","MIMAT0019227","hsa-miR-3922-5p","HIST1H2BH",NA,"ENSG00000197459","-0.229","predicted"
6,"hsa-miR-3922-5p","CAAGGCC",5,"targetscan","MIMAT0019227","hsa-miR-3922-5p","FLJ30594",NA,"ENSG00000272268","-0.229","predicted"
6,"hsa-miR-3922-5p","CAAGGCC",5,"targetscan","MIMAT0019227","hsa-miR-3922-5p","MAP3K3","4215","ENSG00000198909","-0.23","predicted"
6,"hsa-miR-3922-5p","CAAGGCC",5,"targetscan","MIMAT0019227","hsa-miR-3922-5p","NFYA","4800","ENSG00000001167","-0.23","predicted"
6,"hsa-miR-3922-5p","CAAGGCC",5,"targetscan","MIMAT0019227","hsa-miR-3922-5p","CASK","8573","ENSG00000147044","-0.23","predicted"
6,"hsa-miR-3922-5p","CAAGGCC",5,"targetscan","MIMAT0019227","hsa-miR-3922-5p","PLAC9","219348","ENSG00000189129","-0.23","predicted"
6,"hsa-miR-3922-5p","CAAGGCC",5,"targetscan","MIMAT0019227","hsa-miR-3922-5p","OSBPL8","114882","ENSG00000091039","-0.231","predicted"
6,"hsa-miR-3922-5p","CAAGGCC",5,"targetscan","MIMAT0019227","hsa-miR-3922-5p","FYN","2534","ENSG00000010810","-0.231","predicted"
6,"hsa-miR-3922-5p","CAAGGCC",5,"targetscan","MIMAT0019227","hsa-miR-3922-5p","KCNN4","3783","ENSG00000104783","-0.231","predicted"
6,"hsa-miR-3922-5p","CAAGGCC",5,"targetscan","MIMAT0019227","hsa-miR-3922-5p","DBNL","28988","ENSG00000136279","-0.231","predicted"
6,"hsa-miR-3922-5p","CAAGGCC",5,"targetscan","MIMAT0019227","hsa-miR-3922-5p","NAA40","79829","ENSG00000110583","-0.231","predicted"
6,"hsa-miR-3922-5p","CAAGGCC",5,"targetscan","MIMAT0019227","hsa-miR-3922-5p","GLYCTK","132158","ENSG00000168237","-0.231","predicted"
6,"hsa-miR-3922-5p","CAAGGCC",5,"targetscan","MIMAT0019227","hsa-miR-3922-5p","CAPZA1","829","ENSG00000116489","-0.232","predicted"
6,"hsa-miR-3922-5p","CAAGGCC",5,"targetscan","MIMAT0019227","hsa-miR-3922-5p","DUSP3","1845","ENSG00000108861","-0.232","predicted"
6,"hsa-miR-3922-5p","CAAGGCC",5,"targetscan","MIMAT0019227","hsa-miR-3922-5p","OXA1L","5018","ENSG00000155463","-0.232","predicted"
6,"hsa-miR-3922-5p","CAAGGCC",5,"targetscan","MIMAT0019227","hsa-miR-3922-5p","BFAR","51283","ENSG00000103429","-0.232","predicted"
6,"hsa-miR-3922-5p","CAAGGCC",5,"targetscan","MIMAT0019227","hsa-miR-3922-5p","CD177","57126","ENSG00000204936","-0.232","predicted"
6,"hsa-miR-3922-5p","CAAGGCC",5,"targetscan","MIMAT0019227","hsa-miR-3922-5p","DMRTA1","63951","ENSG00000176399","-0.232","predicted"
6,"hsa-miR-3922-5p","CAAGGCC",5,"targetscan","MIMAT0019227","hsa-miR-3922-5p","SCTR","6344","ENSG00000080293","-0.232","predicted"
6,"hsa-miR-3922-5p","CAAGGCC",5,"targetscan","MIMAT0019227","hsa-miR-3922-5p","ANPEP","290","ENSG00000166825","-0.233","predicted"
6,"hsa-miR-3922-5p","CAAGGCC",5,"targetscan","MIMAT0019227","hsa-miR-3922-5p","KLF7","8609","ENSG00000118263","-0.233","predicted"
6,"hsa-miR-3922-5p","CAAGGCC",5,"targetscan","MIMAT0019227","hsa-miR-3922-5p","CYP11B1","1584","ENSG00000160882","-0.233","predicted"
6,"hsa-miR-3922-5p","CAAGGCC",5,"targetscan","MIMAT0019227","hsa-miR-3922-5p","SSTR2","6752","ENSG00000180616","-0.233","predicted"
6,"hsa-miR-3922-5p","CAAGGCC",5,"targetscan","MIMAT0019227","hsa-miR-3922-5p","HS3ST2","9956","ENSG00000122254","-0.233","predicted"
6,"hsa-miR-3922-5p","CAAGGCC",5,"targetscan","MIMAT0019227","hsa-miR-3922-5p","PPIL2","23759","ENSG00000100023","-0.233","predicted"
6,"hsa-miR-3922-5p","CAAGGCC",5,"targetscan","MIMAT0019227","hsa-miR-3922-5p","MARCHF1","55016","ENSG00000145416","-0.233","predicted"
6,"hsa-miR-3922-5p","CAAGGCC",5,"targetscan","MIMAT0019227","hsa-miR-3922-5p","SLC66A3","130814","ENSG00000162976","-0.233","predicted"
6,"hsa-miR-3922-5p","CAAGGCC",5,"targetscan","MIMAT0019227","hsa-miR-3922-5p","PRKAR2B","5577","ENSG00000005249","-0.234","predicted"
6,"hsa-miR-3922-5p","CAAGGCC",5,"targetscan","MIMAT0019227","hsa-miR-3922-5p","RAD51D","5892","ENSG00000185379","-0.234","predicted"
6,"hsa-miR-3922-5p","CAAGGCC",5,"targetscan","MIMAT0019227","hsa-miR-3922-5p","SPAST","6683","ENSG00000021574","-0.234","predicted"
6,"hsa-miR-3922-5p","CAAGGCC",5,"targetscan","MIMAT0019227","hsa-miR-3922-5p","RBCK1","10616","ENSG00000125826","-0.234","predicted"
6,"hsa-miR-3922-5p","CAAGGCC",5,"targetscan","MIMAT0019227","hsa-miR-3922-5p","GINM1","116254","ENSG00000055211","-0.234","predicted"
6,"hsa-miR-3922-5p","CAAGGCC",5,"targetscan","MIMAT0019227","hsa-miR-3922-5p","COL19A1","1310","ENSG00000082293","-0.234","predicted"
6,"hsa-miR-3922-5p","CAAGGCC",5,"targetscan","MIMAT0019227","hsa-miR-3922-5p","ITFG2","55846","ENSG00000111203","-0.234","predicted"
6,"hsa-miR-3922-5p","CAAGGCC",5,"targetscan","MIMAT0019227","hsa-miR-3922-5p","MKKS","8195","ENSG00000125863","-0.234","predicted"
6,"hsa-miR-3922-5p","CAAGGCC",5,"targetscan","MIMAT0019227","hsa-miR-3922-5p","TMEM150B","284417","ENSG00000180061","-0.234","predicted"
6,"hsa-miR-3922-5p","CAAGGCC",5,"targetscan","MIMAT0019227","hsa-miR-3922-5p","ESS2","8220","ENSG00000100056","-0.234","predicted"
6,"hsa-miR-3922-5p","CAAGGCC",5,"targetscan","MIMAT0019227","hsa-miR-3922-5p","LINC01558","26238","ENSG00000146521","-0.234","predicted"
6,"hsa-miR-3922-5p","CAAGGCC",5,"targetscan","MIMAT0019227","hsa-miR-3922-5p","LMO7","4008","ENSG00000136153","-0.235","predicted"
6,"hsa-miR-3922-5p","CAAGGCC",5,"targetscan","MIMAT0019227","hsa-miR-3922-5p","ZBTB18","10472","ENSG00000179456","-0.235","predicted"
6,"hsa-miR-3922-5p","CAAGGCC",5,"targetscan","MIMAT0019227","hsa-miR-3922-5p","RPP14","11102","ENSG00000163684","-0.235","predicted"
6,"hsa-miR-3922-5p","CAAGGCC",5,"targetscan","MIMAT0019227","hsa-miR-3922-5p","BEND3","57673","ENSG00000178409","-0.235","predicted"
6,"hsa-miR-3922-5p","CAAGGCC",5,"targetscan","MIMAT0019227","hsa-miR-3922-5p","DGKQ","1609","ENSG00000145214","-0.235","predicted"
6,"hsa-miR-3922-5p","CAAGGCC",5,"targetscan","MIMAT0019227","hsa-miR-3922-5p","SLC66A2","80148","ENSG00000122490","-0.235","predicted"
6,"hsa-miR-3922-5p","CAAGGCC",5,"targetscan","MIMAT0019227","hsa-miR-3922-5p","TMED9","54732","ENSG00000184840","-0.236","predicted"
6,"hsa-miR-3922-5p","CAAGGCC",5,"targetscan","MIMAT0019227","hsa-miR-3922-5p","TMEM127","55654","ENSG00000135956","-0.236","predicted"
6,"hsa-miR-3922-5p","CAAGGCC",5,"targetscan","MIMAT0019227","hsa-miR-3922-5p","SPTY2D1","144108","ENSG00000179119","-0.236","predicted"
6,"hsa-miR-3922-5p","CAAGGCC",5,"targetscan","MIMAT0019227","hsa-miR-3922-5p","TTLL2","83887","ENSG00000120440","-0.236","predicted"
6,"hsa-miR-3922-5p","CAAGGCC",5,"targetscan","MIMAT0019227","hsa-miR-3922-5p","HMGA2-AS1","100129940","ENSG00000197301","-0.236","predicted"
6,"hsa-miR-3922-5p","CAAGGCC",5,"targetscan","MIMAT0019227","hsa-miR-3922-5p","CDK6","1021","ENSG00000105810","-0.237","predicted"
6,"hsa-miR-3922-5p","CAAGGCC",5,"targetscan","MIMAT0019227","hsa-miR-3922-5p","AP1S1","1174","ENSG00000106367","-0.237","predicted"
6,"hsa-miR-3922-5p","CAAGGCC",5,"targetscan","MIMAT0019227","hsa-miR-3922-5p","PKIA","5569","ENSG00000171033","-0.237","predicted"
6,"hsa-miR-3922-5p","CAAGGCC",5,"targetscan","MIMAT0019227","hsa-miR-3922-5p","TRPM4","54795","ENSG00000130529","-0.237","predicted"
6,"hsa-miR-3922-5p","CAAGGCC",5,"targetscan","MIMAT0019227","hsa-miR-3922-5p","GOSR1","9527","ENSG00000108587","-0.237","predicted"
6,"hsa-miR-3922-5p","CAAGGCC",5,"targetscan","MIMAT0019227","hsa-miR-3922-5p","SLC10A6","345274","ENSG00000145283","-0.237","predicted"
6,"hsa-miR-3922-5p","CAAGGCC",5,"targetscan","MIMAT0019227","hsa-miR-3922-5p","GJB1","2705","ENSG00000169562","-0.238","predicted"
6,"hsa-miR-3922-5p","CAAGGCC",5,"targetscan","MIMAT0019227","hsa-miR-3922-5p","PSMD9","5715","ENSG00000110801","-0.238","predicted"
6,"hsa-miR-3922-5p","CAAGGCC",5,"targetscan","MIMAT0019227","hsa-miR-3922-5p","RAB5B","5869","ENSG00000111540","-0.238","predicted"
6,"hsa-miR-3922-5p","CAAGGCC",5,"targetscan","MIMAT0019227","hsa-miR-3922-5p","TGFB1I1","7041","ENSG00000140682","-0.238","predicted"
6,"hsa-miR-3922-5p","CAAGGCC",5,"targetscan","MIMAT0019227","hsa-miR-3922-5p","FIG4","9896","ENSG00000112367","-0.238","predicted"
6,"hsa-miR-3922-5p","CAAGGCC",5,"targetscan","MIMAT0019227","hsa-miR-3922-5p","OSBPL1A","114876","ENSG00000141447","-0.238","predicted"
6,"hsa-miR-3922-5p","CAAGGCC",5,"targetscan","MIMAT0019227","hsa-miR-3922-5p","KCTD7","154881","ENSG00000243335","-0.238","predicted"
6,"hsa-miR-3922-5p","CAAGGCC",5,"targetscan","MIMAT0019227","hsa-miR-3922-5p","GUCY1B1","2983","ENSG00000061918","-0.238","predicted"
6,"hsa-miR-3922-5p","CAAGGCC",5,"targetscan","MIMAT0019227","hsa-miR-3922-5p","LDLR","3949","ENSG00000130164","-0.239","predicted"
6,"hsa-miR-3922-5p","CAAGGCC",5,"targetscan","MIMAT0019227","hsa-miR-3922-5p","TSN","7247","ENSG00000211460","-0.239","predicted"
6,"hsa-miR-3922-5p","CAAGGCC",5,"targetscan","MIMAT0019227","hsa-miR-3922-5p","TIMM10","26519","ENSG00000134809","-0.239","predicted"
6,"hsa-miR-3922-5p","CAAGGCC",5,"targetscan","MIMAT0019227","hsa-miR-3922-5p","LRRC20","55222","ENSG00000172731","-0.239","predicted"
6,"hsa-miR-3922-5p","CAAGGCC",5,"targetscan","MIMAT0019227","hsa-miR-3922-5p","FBXO31","79791","ENSG00000103264","-0.239","predicted"
6,"hsa-miR-3922-5p","CAAGGCC",5,"targetscan","MIMAT0019227","hsa-miR-3922-5p","UBA52","7311","ENSG00000221983","-0.239","predicted"
6,"hsa-miR-3922-5p","CAAGGCC",5,"targetscan","MIMAT0019227","hsa-miR-3922-5p","CLEC17A","388512","ENSG00000187912","-0.239","predicted"
6,"hsa-miR-3922-5p","CAAGGCC",5,"targetscan","MIMAT0019227","hsa-miR-3922-5p","MYO18B","84700","ENSG00000133454","-0.239","predicted"
6,"hsa-miR-3922-5p","CAAGGCC",5,"targetscan","MIMAT0019227","hsa-miR-3922-5p","COX4I1","1327","ENSG00000131143","-0.239","predicted"
6,"hsa-miR-3922-5p","CAAGGCC",5,"targetscan","MIMAT0019227","hsa-miR-3922-5p","",NA,"ENSG00000249967","-0.24","predicted"
6,"hsa-miR-3922-5p","CAAGGCC",5,"targetscan","MIMAT0019227","hsa-miR-3922-5p","PURB","5814","ENSG00000146676","-0.241","predicted"
6,"hsa-miR-3922-5p","CAAGGCC",5,"targetscan","MIMAT0019227","hsa-miR-3922-5p","FAF2","23197","ENSG00000113194","-0.241","predicted"
6,"hsa-miR-3922-5p","CAAGGCC",5,"targetscan","MIMAT0019227","hsa-miR-3922-5p","SETD9","133383","ENSG00000155542","-0.241","predicted"
6,"hsa-miR-3922-5p","CAAGGCC",5,"targetscan","MIMAT0019227","hsa-miR-3922-5p","NAALADL1","10004","ENSG00000168060","-0.241","predicted"
6,"hsa-miR-3922-5p","CAAGGCC",5,"targetscan","MIMAT0019227","hsa-miR-3922-5p","SPAG6","9576","ENSG00000077327","-0.241","predicted"
6,"hsa-miR-3922-5p","CAAGGCC",5,"targetscan","MIMAT0019227","hsa-miR-3922-5p","NUDT17","200035","ENSG00000186364","-0.241","predicted"
6,"hsa-miR-3922-5p","CAAGGCC",5,"targetscan","MIMAT0019227","hsa-miR-3922-5p","",NA,"ENSG00000258311","-0.241","predicted"
6,"hsa-miR-3922-5p","CAAGGCC",5,"targetscan","MIMAT0019227","hsa-miR-3922-5p","TBC1D29P",NA,"ENSG00000266733","-0.241","predicted"
6,"hsa-miR-3922-5p","CAAGGCC",5,"targetscan","MIMAT0019227","hsa-miR-3922-5p","CTDSP2","10106","ENSG00000175215","-0.242","predicted"
6,"hsa-miR-3922-5p","CAAGGCC",5,"targetscan","MIMAT0019227","hsa-miR-3922-5p","FZD8","8325","ENSG00000177283","-0.242","predicted"
6,"hsa-miR-3922-5p","CAAGGCC",5,"targetscan","MIMAT0019227","hsa-miR-3922-5p","RSF1","51773","ENSG00000048649","-0.242","predicted"
6,"hsa-miR-3922-5p","CAAGGCC",5,"targetscan","MIMAT0019227","hsa-miR-3922-5p","ZNF440","126070","ENSG00000171295","-0.242","predicted"
6,"hsa-miR-3922-5p","CAAGGCC",5,"targetscan","MIMAT0019227","hsa-miR-3922-5p","IL2RA","3559","ENSG00000134460","-0.242","predicted"
6,"hsa-miR-3922-5p","CAAGGCC",5,"targetscan","MIMAT0019227","hsa-miR-3922-5p","CDC42EP2","10435","ENSG00000149798","-0.242","predicted"
6,"hsa-miR-3922-5p","CAAGGCC",5,"targetscan","MIMAT0019227","hsa-miR-3922-5p","TMEM242","729515","ENSG00000215712","-0.242","predicted"
6,"hsa-miR-3922-5p","CAAGGCC",5,"targetscan","MIMAT0019227","hsa-miR-3922-5p","CENPX","201254","ENSG00000169689","-0.242","predicted"
6,"hsa-miR-3922-5p","CAAGGCC",5,"targetscan","MIMAT0019227","hsa-miR-3922-5p","CISD3",NA,"ENSG00000230055","-0.242","predicted"
6,"hsa-miR-3922-5p","CAAGGCC",5,"targetscan","MIMAT0019227","hsa-miR-3922-5p","RRP7A","27341","ENSG00000189306","-0.243","predicted"
6,"hsa-miR-3922-5p","CAAGGCC",5,"targetscan","MIMAT0019227","hsa-miR-3922-5p","POLM","27434","ENSG00000122678","-0.243","predicted"
6,"hsa-miR-3922-5p","CAAGGCC",5,"targetscan","MIMAT0019227","hsa-miR-3922-5p","KIAA1143","57456","ENSG00000163807","-0.243","predicted"
6,"hsa-miR-3922-5p","CAAGGCC",5,"targetscan","MIMAT0019227","hsa-miR-3922-5p","GM2A","2760","ENSG00000196743","-0.243","predicted"
6,"hsa-miR-3922-5p","CAAGGCC",5,"targetscan","MIMAT0019227","hsa-miR-3922-5p","KRIT1","889","ENSG00000001631","-0.243","predicted"
6,"hsa-miR-3922-5p","CAAGGCC",5,"targetscan","MIMAT0019227","hsa-miR-3922-5p","NEK11","79858","ENSG00000114670","-0.243","predicted"
6,"hsa-miR-3922-5p","CAAGGCC",5,"targetscan","MIMAT0019227","hsa-miR-3922-5p","KCNAB1","7881","ENSG00000169282","-0.243","predicted"
6,"hsa-miR-3922-5p","CAAGGCC",5,"targetscan","MIMAT0019227","hsa-miR-3922-5p","NCOA1","8648","ENSG00000084676","-0.243","predicted"
6,"hsa-miR-3922-5p","CAAGGCC",5,"targetscan","MIMAT0019227","hsa-miR-3922-5p","FGF14","2259","ENSG00000102466","-0.243","predicted"
6,"hsa-miR-3922-5p","CAAGGCC",5,"targetscan","MIMAT0019227","hsa-miR-3922-5p","CCSER2","54462","ENSG00000107771","-0.244","predicted"
6,"hsa-miR-3922-5p","CAAGGCC",5,"targetscan","MIMAT0019227","hsa-miR-3922-5p","ZNF519","162655","ENSG00000175322","-0.244","predicted"
6,"hsa-miR-3922-5p","CAAGGCC",5,"targetscan","MIMAT0019227","hsa-miR-3922-5p","PAQR5","54852","ENSG00000137819","-0.244","predicted"
6,"hsa-miR-3922-5p","CAAGGCC",5,"targetscan","MIMAT0019227","hsa-miR-3922-5p","GRAMD1B","57476","ENSG00000023171","-0.244","predicted"
6,"hsa-miR-3922-5p","CAAGGCC",5,"targetscan","MIMAT0019227","hsa-miR-3922-5p","TBL1Y","90665","ENSG00000092377","-0.244","predicted"
6,"hsa-miR-3922-5p","CAAGGCC",5,"targetscan","MIMAT0019227","hsa-miR-3922-5p","ZNF564","163050","ENSG00000249709","-0.244","predicted"
6,"hsa-miR-3922-5p","CAAGGCC",5,"targetscan","MIMAT0019227","hsa-miR-3922-5p","",NA,"ENSG00000228157","-0.244","predicted"
6,"hsa-miR-3922-5p","CAAGGCC",5,"targetscan","MIMAT0019227","hsa-miR-3922-5p","CYBC1","79415","ENSG00000178927","-0.244","predicted"
6,"hsa-miR-3922-5p","CAAGGCC",5,"targetscan","MIMAT0019227","hsa-miR-3922-5p","EMP1","2012","ENSG00000134531","-0.245","predicted"
6,"hsa-miR-3922-5p","CAAGGCC",5,"targetscan","MIMAT0019227","hsa-miR-3922-5p","RAD9A","5883","ENSG00000172613","-0.245","predicted"
6,"hsa-miR-3922-5p","CAAGGCC",5,"targetscan","MIMAT0019227","hsa-miR-3922-5p","NUDT21","11051","ENSG00000167005","-0.245","predicted"
6,"hsa-miR-3922-5p","CAAGGCC",5,"targetscan","MIMAT0019227","hsa-miR-3922-5p","CXXC5","51523","ENSG00000171604","-0.245","predicted"
6,"hsa-miR-3922-5p","CAAGGCC",5,"targetscan","MIMAT0019227","hsa-miR-3922-5p","NAA40","79829","ENSG00000110583","-0.245","predicted"
6,"hsa-miR-3922-5p","CAAGGCC",5,"targetscan","MIMAT0019227","hsa-miR-3922-5p","NAA15","80155","ENSG00000164134","-0.245","predicted"
6,"hsa-miR-3922-5p","CAAGGCC",5,"targetscan","MIMAT0019227","hsa-miR-3922-5p","FAM107A","11170","ENSG00000168309","-0.245","predicted"
6,"hsa-miR-3922-5p","CAAGGCC",5,"targetscan","MIMAT0019227","hsa-miR-3922-5p","C7orf50","84310","ENSG00000146540","-0.245","predicted"
6,"hsa-miR-3922-5p","CAAGGCC",5,"targetscan","MIMAT0019227","hsa-miR-3922-5p","INAVA","55765","ENSG00000163362","-0.245","predicted"
6,"hsa-miR-3922-5p","CAAGGCC",5,"targetscan","MIMAT0019227","hsa-miR-3922-5p","AC022498.1",NA,"ENSG00000213132","-0.245","predicted"
6,"hsa-miR-3922-5p","CAAGGCC",5,"targetscan","MIMAT0019227","hsa-miR-3922-5p","LIF","3976","ENSG00000128342","-0.246","predicted"
6,"hsa-miR-3922-5p","CAAGGCC",5,"targetscan","MIMAT0019227","hsa-miR-3922-5p","MYD88","4615","ENSG00000172936","-0.246","predicted"
6,"hsa-miR-3922-5p","CAAGGCC",5,"targetscan","MIMAT0019227","hsa-miR-3922-5p","HES6","55502","ENSG00000144485","-0.246","predicted"
6,"hsa-miR-3922-5p","CAAGGCC",5,"targetscan","MIMAT0019227","hsa-miR-3922-5p","FBLN7","129804","ENSG00000144152","-0.246","predicted"
6,"hsa-miR-3922-5p","CAAGGCC",5,"targetscan","MIMAT0019227","hsa-miR-3922-5p","NUTF2","10204","ENSG00000102898","-0.246","predicted"
6,"hsa-miR-3922-5p","CAAGGCC",5,"targetscan","MIMAT0019227","hsa-miR-3922-5p","HOXD12","3238","ENSG00000170178","-0.246","predicted"
6,"hsa-miR-3922-5p","CAAGGCC",5,"targetscan","MIMAT0019227","hsa-miR-3922-5p","",NA,"ENSG00000258881","-0.246","predicted"
6,"hsa-miR-3922-5p","CAAGGCC",5,"targetscan","MIMAT0019227","hsa-miR-3922-5p","LINC01976","107546764","ENSG00000261514","-0.246","predicted"
6,"hsa-miR-3922-5p","CAAGGCC",5,"targetscan","MIMAT0019227","hsa-miR-3922-5p","ATOX1","475","ENSG00000177556","-0.247","predicted"
6,"hsa-miR-3922-5p","CAAGGCC",5,"targetscan","MIMAT0019227","hsa-miR-3922-5p","DLAT","1737","ENSG00000150768","-0.247","predicted"
6,"hsa-miR-3922-5p","CAAGGCC",5,"targetscan","MIMAT0019227","hsa-miR-3922-5p","TAPT1","202018","ENSG00000169762","-0.247","predicted"
6,"hsa-miR-3922-5p","CAAGGCC",5,"targetscan","MIMAT0019227","hsa-miR-3922-5p","ZDHHC23","254887","ENSG00000184307","-0.247","predicted"
6,"hsa-miR-3922-5p","CAAGGCC",5,"targetscan","MIMAT0019227","hsa-miR-3922-5p","RGS4","5999","ENSG00000117152","-0.247","predicted"
6,"hsa-miR-3922-5p","CAAGGCC",5,"targetscan","MIMAT0019227","hsa-miR-3922-5p","C19orf38","255809","ENSG00000214212","-0.247","predicted"
6,"hsa-miR-3922-5p","CAAGGCC",5,"targetscan","MIMAT0019227","hsa-miR-3922-5p","BTN3A2","11118","ENSG00000186470","-0.247","predicted"
6,"hsa-miR-3922-5p","CAAGGCC",5,"targetscan","MIMAT0019227","hsa-miR-3922-5p","RBP2","5948","ENSG00000114113","-0.247","predicted"
6,"hsa-miR-3922-5p","CAAGGCC",5,"targetscan","MIMAT0019227","hsa-miR-3922-5p","ZNF527","84503","ENSG00000189164","-0.247","predicted"
6,"hsa-miR-3922-5p","CAAGGCC",5,"targetscan","MIMAT0019227","hsa-miR-3922-5p","CDPF1","150383","ENSG00000205643","-0.247","predicted"
6,"hsa-miR-3922-5p","CAAGGCC",5,"targetscan","MIMAT0019227","hsa-miR-3922-5p","TLK1","9874","ENSG00000198586","-0.248","predicted"
6,"hsa-miR-3922-5p","CAAGGCC",5,"targetscan","MIMAT0019227","hsa-miR-3922-5p","PLLP","51090","ENSG00000102934","-0.248","predicted"
6,"hsa-miR-3922-5p","CAAGGCC",5,"targetscan","MIMAT0019227","hsa-miR-3922-5p","FGFRL1","53834","ENSG00000127418","-0.248","predicted"
6,"hsa-miR-3922-5p","CAAGGCC",5,"targetscan","MIMAT0019227","hsa-miR-3922-5p","MOB1A","55233","ENSG00000114978","-0.248","predicted"
6,"hsa-miR-3922-5p","CAAGGCC",5,"targetscan","MIMAT0019227","hsa-miR-3922-5p","MRRF","92399","ENSG00000148187","-0.248","predicted"
6,"hsa-miR-3922-5p","CAAGGCC",5,"targetscan","MIMAT0019227","hsa-miR-3922-5p","TRAPPC8","22878","ENSG00000153339","-0.248","predicted"
6,"hsa-miR-3922-5p","CAAGGCC",5,"targetscan","MIMAT0019227","hsa-miR-3922-5p","MRPL49","740","ENSG00000149792","-0.249","predicted"
6,"hsa-miR-3922-5p","CAAGGCC",5,"targetscan","MIMAT0019227","hsa-miR-3922-5p","PFKFB4","5210","ENSG00000114268","-0.249","predicted"
6,"hsa-miR-3922-5p","CAAGGCC",5,"targetscan","MIMAT0019227","hsa-miR-3922-5p","RAB5B","5869","ENSG00000111540","-0.249","predicted"
6,"hsa-miR-3922-5p","CAAGGCC",5,"targetscan","MIMAT0019227","hsa-miR-3922-5p","MRPS23","51649","ENSG00000181610","-0.249","predicted"
6,"hsa-miR-3922-5p","CAAGGCC",5,"targetscan","MIMAT0019227","hsa-miR-3922-5p","PHTF2","57157","ENSG00000006576","-0.249","predicted"
6,"hsa-miR-3922-5p","CAAGGCC",5,"targetscan","MIMAT0019227","hsa-miR-3922-5p","TSC2","7249","ENSG00000103197","-0.249","predicted"
6,"hsa-miR-3922-5p","CAAGGCC",5,"targetscan","MIMAT0019227","hsa-miR-3922-5p","KCTD21","283219","ENSG00000188997","-0.249","predicted"
6,"hsa-miR-3922-5p","CAAGGCC",5,"targetscan","MIMAT0019227","hsa-miR-3922-5p","RIC3","79608","ENSG00000166405","-0.249","predicted"
6,"hsa-miR-3922-5p","CAAGGCC",5,"targetscan","MIMAT0019227","hsa-miR-3922-5p","TBL2","26608","ENSG00000106638","-0.249","predicted"
6,"hsa-miR-3922-5p","CAAGGCC",5,"targetscan","MIMAT0019227","hsa-miR-3922-5p","ADCY2","108","ENSG00000078295","-0.249","predicted"
6,"hsa-miR-3922-5p","CAAGGCC",5,"targetscan","MIMAT0019227","hsa-miR-3922-5p","SMIM7","79086","ENSG00000214046","-0.249","predicted"
6,"hsa-miR-3922-5p","CAAGGCC",5,"targetscan","MIMAT0019227","hsa-miR-3922-5p","ERRFI1","54206","ENSG00000116285","-0.25","predicted"
6,"hsa-miR-3922-5p","CAAGGCC",5,"targetscan","MIMAT0019227","hsa-miR-3922-5p","GSG1L","146395","ENSG00000169181","-0.25","predicted"
6,"hsa-miR-3922-5p","CAAGGCC",5,"targetscan","MIMAT0019227","hsa-miR-3922-5p","BID","637","ENSG00000015475","-0.25","predicted"
6,"hsa-miR-3922-5p","CAAGGCC",5,"targetscan","MIMAT0019227","hsa-miR-3922-5p","ZNF469","84627","ENSG00000225614","-0.25","predicted"
6,"hsa-miR-3922-5p","CAAGGCC",5,"targetscan","MIMAT0019227","hsa-miR-3922-5p","PREP","5550","ENSG00000085377","-0.25","predicted"
6,"hsa-miR-3922-5p","CAAGGCC",5,"targetscan","MIMAT0019227","hsa-miR-3922-5p","ATP5PB","515","ENSG00000116459","-0.25","predicted"
6,"hsa-miR-3922-5p","CAAGGCC",5,"targetscan","MIMAT0019227","hsa-miR-3922-5p","RNF185","91445","ENSG00000138942","-0.251","predicted"
6,"hsa-miR-3922-5p","CAAGGCC",5,"targetscan","MIMAT0019227","hsa-miR-3922-5p","BBIP1","92482","ENSG00000214413","-0.251","predicted"
6,"hsa-miR-3922-5p","CAAGGCC",5,"targetscan","MIMAT0019227","hsa-miR-3922-5p","RTTN","25914","ENSG00000176225","-0.251","predicted"
6,"hsa-miR-3922-5p","CAAGGCC",5,"targetscan","MIMAT0019227","hsa-miR-3922-5p","PACC1","55248","ENSG00000065600","-0.251","predicted"
6,"hsa-miR-3922-5p","CAAGGCC",5,"targetscan","MIMAT0019227","hsa-miR-3922-5p","CD2AP","23607","ENSG00000198087","-0.252","predicted"
6,"hsa-miR-3922-5p","CAAGGCC",5,"targetscan","MIMAT0019227","hsa-miR-3922-5p","TTLL3","26140","ENSG00000214021","-0.252","predicted"
6,"hsa-miR-3922-5p","CAAGGCC",5,"targetscan","MIMAT0019227","hsa-miR-3922-5p","LGALS8","3964","ENSG00000116977","-0.252","predicted"
6,"hsa-miR-3922-5p","CAAGGCC",5,"targetscan","MIMAT0019227","hsa-miR-3922-5p","TBC1D22A","25771","ENSG00000054611","-0.252","predicted"
6,"hsa-miR-3922-5p","CAAGGCC",5,"targetscan","MIMAT0019227","hsa-miR-3922-5p","",NA,"ENSG00000260007","-0.252","predicted"
6,"hsa-miR-3922-5p","CAAGGCC",5,"targetscan","MIMAT0019227","hsa-miR-3922-5p","RPEL1","729020","ENSG00000235376","-0.252","predicted"
6,"hsa-miR-3922-5p","CAAGGCC",5,"targetscan","MIMAT0019227","hsa-miR-3922-5p","NIN","51199","ENSG00000100503","-0.253","predicted"
6,"hsa-miR-3922-5p","CAAGGCC",5,"targetscan","MIMAT0019227","hsa-miR-3922-5p","SYT4","6860","ENSG00000132872","-0.253","predicted"
6,"hsa-miR-3922-5p","CAAGGCC",5,"targetscan","MIMAT0019227","hsa-miR-3922-5p","URM1","81605","ENSG00000167118","-0.253","predicted"
6,"hsa-miR-3922-5p","CAAGGCC",5,"targetscan","MIMAT0019227","hsa-miR-3922-5p","RHBDD1","84236","ENSG00000144468","-0.253","predicted"
6,"hsa-miR-3922-5p","CAAGGCC",5,"targetscan","MIMAT0019227","hsa-miR-3922-5p","MAF","4094","ENSG00000178573","-0.253","predicted"
6,"hsa-miR-3922-5p","CAAGGCC",5,"targetscan","MIMAT0019227","hsa-miR-3922-5p","GCHFR","2644","ENSG00000137880","-0.253","predicted"
6,"hsa-miR-3922-5p","CAAGGCC",5,"targetscan","MIMAT0019227","hsa-miR-3922-5p","HDHD2","84064","ENSG00000167220","-0.254","predicted"
6,"hsa-miR-3922-5p","CAAGGCC",5,"targetscan","MIMAT0019227","hsa-miR-3922-5p","TACC2","10579","ENSG00000138162","-0.254","predicted"
6,"hsa-miR-3922-5p","CAAGGCC",5,"targetscan","MIMAT0019227","hsa-miR-3922-5p","SOX11","6664","ENSG00000176887","-0.254","predicted"
6,"hsa-miR-3922-5p","CAAGGCC",5,"targetscan","MIMAT0019227","hsa-miR-3922-5p","AKR1D1","6718","ENSG00000122787","-0.254","predicted"
6,"hsa-miR-3922-5p","CAAGGCC",5,"targetscan","MIMAT0019227","hsa-miR-3922-5p","SRPK1","6732","ENSG00000096063","-0.254","predicted"
6,"hsa-miR-3922-5p","CAAGGCC",5,"targetscan","MIMAT0019227","hsa-miR-3922-5p","STARD10","10809","ENSG00000214530","-0.254","predicted"
6,"hsa-miR-3922-5p","CAAGGCC",5,"targetscan","MIMAT0019227","hsa-miR-3922-5p","USP44","84101","ENSG00000136014","-0.254","predicted"
6,"hsa-miR-3922-5p","CAAGGCC",5,"targetscan","MIMAT0019227","hsa-miR-3922-5p","TAGLN2","8407","ENSG00000158710","-0.255","predicted"
6,"hsa-miR-3922-5p","CAAGGCC",5,"targetscan","MIMAT0019227","hsa-miR-3922-5p","PVR","5817","ENSG00000073008","-0.255","predicted"
6,"hsa-miR-3922-5p","CAAGGCC",5,"targetscan","MIMAT0019227","hsa-miR-3922-5p","TCF12","6938","ENSG00000140262","-0.255","predicted"
6,"hsa-miR-3922-5p","CAAGGCC",5,"targetscan","MIMAT0019227","hsa-miR-3922-5p","UBE2M","9040","ENSG00000130725","-0.255","predicted"
6,"hsa-miR-3922-5p","CAAGGCC",5,"targetscan","MIMAT0019227","hsa-miR-3922-5p","CD2AP","23607","ENSG00000198087","-0.255","predicted"
6,"hsa-miR-3922-5p","CAAGGCC",5,"targetscan","MIMAT0019227","hsa-miR-3922-5p","GJA5","101060613","ENSG00000143140","-0.255","predicted"
6,"hsa-miR-3922-5p","CAAGGCC",5,"targetscan","MIMAT0019227","hsa-miR-3922-5p","SRA1","10011","ENSG00000213523","-0.255","predicted"
6,"hsa-miR-3922-5p","CAAGGCC",5,"targetscan","MIMAT0019227","hsa-miR-3922-5p","SDHA","6389","ENSG00000073578","-0.255","predicted"
6,"hsa-miR-3922-5p","CAAGGCC",5,"targetscan","MIMAT0019227","hsa-miR-3922-5p","UPK3A","7380","ENSG00000100373","-0.255","predicted"
6,"hsa-miR-3922-5p","CAAGGCC",5,"targetscan","MIMAT0019227","hsa-miR-3922-5p","PALD1","27143","ENSG00000107719","-0.256","predicted"
6,"hsa-miR-3922-5p","CAAGGCC",5,"targetscan","MIMAT0019227","hsa-miR-3922-5p","NUP85","79902","ENSG00000125450","-0.256","predicted"
6,"hsa-miR-3922-5p","CAAGGCC",5,"targetscan","MIMAT0019227","hsa-miR-3922-5p","GAL","51083","ENSG00000069482","-0.257","predicted"
6,"hsa-miR-3922-5p","CAAGGCC",5,"targetscan","MIMAT0019227","hsa-miR-3922-5p","MARCHF8","220972","ENSG00000165406","-0.257","predicted"
6,"hsa-miR-3922-5p","CAAGGCC",5,"targetscan","MIMAT0019227","hsa-miR-3922-5p","CALHM3","119395","ENSG00000183128","-0.258","predicted"
6,"hsa-miR-3922-5p","CAAGGCC",5,"targetscan","MIMAT0019227","hsa-miR-3922-5p","NAGLU","4669","ENSG00000108784","-0.258","predicted"
6,"hsa-miR-3922-5p","CAAGGCC",5,"targetscan","MIMAT0019227","hsa-miR-3922-5p","SMIM8","57150","ENSG00000111850","-0.258","predicted"
6,"hsa-miR-3922-5p","CAAGGCC",5,"targetscan","MIMAT0019227","hsa-miR-3922-5p","VAPB","9217","ENSG00000124164","-0.258","predicted"
6,"hsa-miR-3922-5p","CAAGGCC",5,"targetscan","MIMAT0019227","hsa-miR-3922-5p","JMJD1C","221037","ENSG00000171988","-0.258","predicted"
6,"hsa-miR-3922-5p","CAAGGCC",5,"targetscan","MIMAT0019227","hsa-miR-3922-5p","SMIM8","63914","ENSG00000111850","-0.258","predicted"
6,"hsa-miR-3922-5p","CAAGGCC",5,"targetscan","MIMAT0019227","hsa-miR-3922-5p","CD40LG","959","ENSG00000102245","-0.259","predicted"
6,"hsa-miR-3922-5p","CAAGGCC",5,"targetscan","MIMAT0019227","hsa-miR-3922-5p","LGALSL","29094","ENSG00000119862","-0.259","predicted"
6,"hsa-miR-3922-5p","CAAGGCC",5,"targetscan","MIMAT0019227","hsa-miR-3922-5p","VAC14","55697","ENSG00000103043","-0.259","predicted"
6,"hsa-miR-3922-5p","CAAGGCC",5,"targetscan","MIMAT0019227","hsa-miR-3922-5p","HMBOX1","79618","ENSG00000147421","-0.259","predicted"
6,"hsa-miR-3922-5p","CAAGGCC",5,"targetscan","MIMAT0019227","hsa-miR-3922-5p","PTGDR","5729","ENSG00000168229","-0.259","predicted"
6,"hsa-miR-3922-5p","CAAGGCC",5,"targetscan","MIMAT0019227","hsa-miR-3922-5p","C11orf86","254439","ENSG00000173237","-0.259","predicted"
6,"hsa-miR-3922-5p","CAAGGCC",5,"targetscan","MIMAT0019227","hsa-miR-3922-5p","TSPAN31","6302","ENSG00000135452","-0.259","predicted"
6,"hsa-miR-3922-5p","CAAGGCC",5,"targetscan","MIMAT0019227","hsa-miR-3922-5p","TTLL9","164395","ENSG00000131044","-0.259","predicted"
6,"hsa-miR-3922-5p","CAAGGCC",5,"targetscan","MIMAT0019227","hsa-miR-3922-5p","MEI4","101928601","ENSG00000269964","-0.259","predicted"
6,"hsa-miR-3922-5p","CAAGGCC",5,"targetscan","MIMAT0019227","hsa-miR-3922-5p","SDC4","6385","ENSG00000124145","-0.26","predicted"
6,"hsa-miR-3922-5p","CAAGGCC",5,"targetscan","MIMAT0019227","hsa-miR-3922-5p","UGCG","7357","ENSG00000148154","-0.26","predicted"
6,"hsa-miR-3922-5p","CAAGGCC",5,"targetscan","MIMAT0019227","hsa-miR-3922-5p","SMIM12","113444","ENSG00000163866","-0.26","predicted"
6,"hsa-miR-3922-5p","CAAGGCC",5,"targetscan","MIMAT0019227","hsa-miR-3922-5p","UBE2J2","118424","ENSG00000160087","-0.26","predicted"
6,"hsa-miR-3922-5p","CAAGGCC",5,"targetscan","MIMAT0019227","hsa-miR-3922-5p","MEFV","4210","ENSG00000103313","-0.26","predicted"
6,"hsa-miR-3922-5p","CAAGGCC",5,"targetscan","MIMAT0019227","hsa-miR-3922-5p","ZDHHC24","254359","ENSG00000174165","-0.26","predicted"
6,"hsa-miR-3922-5p","CAAGGCC",5,"targetscan","MIMAT0019227","hsa-miR-3922-5p","RFLNB","359845","ENSG00000183688","-0.26","predicted"
6,"hsa-miR-3922-5p","CAAGGCC",5,"targetscan","MIMAT0019227","hsa-miR-3922-5p","AC079602.1",NA,"ENSG00000272214","-0.26","predicted"
6,"hsa-miR-3922-5p","CAAGGCC",5,"targetscan","MIMAT0019227","hsa-miR-3922-5p","RAD51","5888","ENSG00000051180","-0.261","predicted"
6,"hsa-miR-3922-5p","CAAGGCC",5,"targetscan","MIMAT0019227","hsa-miR-3922-5p","MPP7","143098","ENSG00000150054","-0.261","predicted"
6,"hsa-miR-3922-5p","CAAGGCC",5,"targetscan","MIMAT0019227","hsa-miR-3922-5p","XRCC6","2547","ENSG00000196419","-0.261","predicted"
6,"hsa-miR-3922-5p","CAAGGCC",5,"targetscan","MIMAT0019227","hsa-miR-3922-5p","HBM","3042","ENSG00000206177","-0.261","predicted"
6,"hsa-miR-3922-5p","CAAGGCC",5,"targetscan","MIMAT0019227","hsa-miR-3922-5p","TP53INP2","58476","ENSG00000078804","-0.262","predicted"
6,"hsa-miR-3922-5p","CAAGGCC",5,"targetscan","MIMAT0019227","hsa-miR-3922-5p","C5","727","ENSG00000106804","-0.262","predicted"
6,"hsa-miR-3922-5p","CAAGGCC",5,"targetscan","MIMAT0019227","hsa-miR-3922-5p","FANCF","2188","ENSG00000183161","-0.262","predicted"
6,"hsa-miR-3922-5p","CAAGGCC",5,"targetscan","MIMAT0019227","hsa-miR-3922-5p","RNF126","55658","ENSG00000070423","-0.262","predicted"
6,"hsa-miR-3922-5p","CAAGGCC",5,"targetscan","MIMAT0019227","hsa-miR-3922-5p","LAT2","7462","ENSG00000086730","-0.263","predicted"
6,"hsa-miR-3922-5p","CAAGGCC",5,"targetscan","MIMAT0019227","hsa-miR-3922-5p","FAM20B","9917","ENSG00000116199","-0.263","predicted"
6,"hsa-miR-3922-5p","CAAGGCC",5,"targetscan","MIMAT0019227","hsa-miR-3922-5p","CCDC28A","25901","ENSG00000024862","-0.263","predicted"
6,"hsa-miR-3922-5p","CAAGGCC",5,"targetscan","MIMAT0019227","hsa-miR-3922-5p","RNF34","80196","ENSG00000170633","-0.263","predicted"
6,"hsa-miR-3922-5p","CAAGGCC",5,"targetscan","MIMAT0019227","hsa-miR-3922-5p","TMEM98","26022","ENSG00000006042","-0.263","predicted"
6,"hsa-miR-3922-5p","CAAGGCC",5,"targetscan","MIMAT0019227","hsa-miR-3922-5p","SLC23A3","151295","ENSG00000213901","-0.263","predicted"
6,"hsa-miR-3922-5p","CAAGGCC",5,"targetscan","MIMAT0019227","hsa-miR-3922-5p","ATP2A1","487","ENSG00000196296","-0.263","predicted"
6,"hsa-miR-3922-5p","CAAGGCC",5,"targetscan","MIMAT0019227","hsa-miR-3922-5p","NREP","9315","ENSG00000134986","-0.264","predicted"
6,"hsa-miR-3922-5p","CAAGGCC",5,"targetscan","MIMAT0019227","hsa-miR-3922-5p","DLX4","1748","ENSG00000108813","-0.264","predicted"
6,"hsa-miR-3922-5p","CAAGGCC",5,"targetscan","MIMAT0019227","hsa-miR-3922-5p","BDNF","627","ENSG00000176697","-0.265","predicted"
6,"hsa-miR-3922-5p","CAAGGCC",5,"targetscan","MIMAT0019227","hsa-miR-3922-5p","HOXD13","3239","ENSG00000128714","-0.265","predicted"
6,"hsa-miR-3922-5p","CAAGGCC",5,"targetscan","MIMAT0019227","hsa-miR-3922-5p","SRP68","6730","ENSG00000167881","-0.265","predicted"
6,"hsa-miR-3922-5p","CAAGGCC",5,"targetscan","MIMAT0019227","hsa-miR-3922-5p","PHPT1","29085","ENSG00000054148","-0.265","predicted"
6,"hsa-miR-3922-5p","CAAGGCC",5,"targetscan","MIMAT0019227","hsa-miR-3922-5p","USP49","25862","ENSG00000164663","-0.266","predicted"
6,"hsa-miR-3922-5p","CAAGGCC",5,"targetscan","MIMAT0019227","hsa-miR-3922-5p","NRG1","3084","ENSG00000157168","-0.266","predicted"
6,"hsa-miR-3922-5p","CAAGGCC",5,"targetscan","MIMAT0019227","hsa-miR-3922-5p","UQCRFS1","7386","ENSG00000169021","-0.266","predicted"
6,"hsa-miR-3922-5p","CAAGGCC",5,"targetscan","MIMAT0019227","hsa-miR-3922-5p","ZNF670-ZNF695",NA,"ENSG00000135747","-0.266","predicted"
6,"hsa-miR-3922-5p","CAAGGCC",5,"targetscan","MIMAT0019227","hsa-miR-3922-5p","PACRGL","133015","ENSG00000163138","-0.267","predicted"
6,"hsa-miR-3922-5p","CAAGGCC",5,"targetscan","MIMAT0019227","hsa-miR-3922-5p","CALML4","91860","ENSG00000129007","-0.267","predicted"
6,"hsa-miR-3922-5p","CAAGGCC",5,"targetscan","MIMAT0019227","hsa-miR-3922-5p","PPT2","9374","ENSG00000221988","-0.268","predicted"
6,"hsa-miR-3922-5p","CAAGGCC",5,"targetscan","MIMAT0019227","hsa-miR-3922-5p","CACNG2","10369","ENSG00000166862","-0.268","predicted"
6,"hsa-miR-3922-5p","CAAGGCC",5,"targetscan","MIMAT0019227","hsa-miR-3922-5p","DCPS","28960","ENSG00000110063","-0.268","predicted"
6,"hsa-miR-3922-5p","CAAGGCC",5,"targetscan","MIMAT0019227","hsa-miR-3922-5p","AFG2A","166378","ENSG00000145375","-0.268","predicted"
6,"hsa-miR-3922-5p","CAAGGCC",5,"targetscan","MIMAT0019227","hsa-miR-3922-5p","HMGN4","10473","ENSG00000182952","-0.269","predicted"
6,"hsa-miR-3922-5p","CAAGGCC",5,"targetscan","MIMAT0019227","hsa-miR-3922-5p","DGCR6","8214","ENSG00000183628","-0.269","predicted"
6,"hsa-miR-3922-5p","CAAGGCC",5,"targetscan","MIMAT0019227","hsa-miR-3922-5p","SSTR3",NA,"ENSG00000183473","-0.269","predicted"
6,"hsa-miR-3922-5p","CAAGGCC",5,"targetscan","MIMAT0019227","hsa-miR-3922-5p","SP5","389058","ENSG00000204335","-0.27","predicted"
6,"hsa-miR-3922-5p","CAAGGCC",5,"targetscan","MIMAT0019227","hsa-miR-3922-5p","RIMS1","22999","ENSG00000079841","-0.27","predicted"
6,"hsa-miR-3922-5p","CAAGGCC",5,"targetscan","MIMAT0019227","hsa-miR-3922-5p","HOMER2","9455","ENSG00000103942","-0.271","predicted"
6,"hsa-miR-3922-5p","CAAGGCC",5,"targetscan","MIMAT0019227","hsa-miR-3922-5p","MAPKAPK3","7867","ENSG00000114738","-0.271","predicted"
6,"hsa-miR-3922-5p","CAAGGCC",5,"targetscan","MIMAT0019227","hsa-miR-3922-5p","CAB39L","81617","ENSG00000102547","-0.271","predicted"
6,"hsa-miR-3922-5p","CAAGGCC",5,"targetscan","MIMAT0019227","hsa-miR-3922-5p","TRHDE","29953","ENSG00000072657","-0.271","predicted"
6,"hsa-miR-3922-5p","CAAGGCC",5,"targetscan","MIMAT0019227","hsa-miR-3922-5p","SHC1","6464","ENSG00000160691","-0.272","predicted"
6,"hsa-miR-3922-5p","CAAGGCC",5,"targetscan","MIMAT0019227","hsa-miR-3922-5p","TSPAN6","7105","ENSG00000000003","-0.272","predicted"
6,"hsa-miR-3922-5p","CAAGGCC",5,"targetscan","MIMAT0019227","hsa-miR-3922-5p","GFRA3","2676","ENSG00000146013","-0.272","predicted"
6,"hsa-miR-3922-5p","CAAGGCC",5,"targetscan","MIMAT0019227","hsa-miR-3922-5p","FAM241B","219738","ENSG00000171224","-0.272","predicted"
6,"hsa-miR-3922-5p","CAAGGCC",5,"targetscan","MIMAT0019227","hsa-miR-3922-5p","REPIN1","29803","ENSG00000214022","-0.273","predicted"
6,"hsa-miR-3922-5p","CAAGGCC",5,"targetscan","MIMAT0019227","hsa-miR-3922-5p","RIMOC1","285636","ENSG00000205765","-0.273","predicted"
6,"hsa-miR-3922-5p","CAAGGCC",5,"targetscan","MIMAT0019227","hsa-miR-3922-5p","DUT","1854","ENSG00000128951","-0.274","predicted"
6,"hsa-miR-3922-5p","CAAGGCC",5,"targetscan","MIMAT0019227","hsa-miR-3922-5p","PRSS45P",NA,"ENSG00000188086","-0.274","predicted"
6,"hsa-miR-3922-5p","CAAGGCC",5,"targetscan","MIMAT0019227","hsa-miR-3922-5p","APBA2","321","ENSG00000034053","-0.275","predicted"
6,"hsa-miR-3922-5p","CAAGGCC",5,"targetscan","MIMAT0019227","hsa-miR-3922-5p","MDM4","4194","ENSG00000198625","-0.275","predicted"
6,"hsa-miR-3922-5p","CAAGGCC",5,"targetscan","MIMAT0019227","hsa-miR-3922-5p","MCAT","27349","ENSG00000100294","-0.275","predicted"
6,"hsa-miR-3922-5p","CAAGGCC",5,"targetscan","MIMAT0019227","hsa-miR-3922-5p","UFM1","51569","ENSG00000120686","-0.275","predicted"
6,"hsa-miR-3922-5p","CAAGGCC",5,"targetscan","MIMAT0019227","hsa-miR-3922-5p","AARD","441376","ENSG00000205002","-0.275","predicted"
6,"hsa-miR-3922-5p","CAAGGCC",5,"targetscan","MIMAT0019227","hsa-miR-3922-5p","VAMP1","6843","ENSG00000139190","-0.275","predicted"
6,"hsa-miR-3922-5p","CAAGGCC",5,"targetscan","MIMAT0019227","hsa-miR-3922-5p","NUDT13","25961","ENSG00000166321","-0.275","predicted"
6,"hsa-miR-3922-5p","CAAGGCC",5,"targetscan","MIMAT0019227","hsa-miR-3922-5p","HSPA14","51182","ENSG00000187522","-0.276","predicted"
6,"hsa-miR-3922-5p","CAAGGCC",5,"targetscan","MIMAT0019227","hsa-miR-3922-5p","EYA1","2138","ENSG00000104313","-0.276","predicted"
6,"hsa-miR-3922-5p","CAAGGCC",5,"targetscan","MIMAT0019227","hsa-miR-3922-5p","PRMT1","3276","ENSG00000126457","-0.276","predicted"
6,"hsa-miR-3922-5p","CAAGGCC",5,"targetscan","MIMAT0019227","hsa-miR-3922-5p","USP37","57695","ENSG00000135913","-0.276","predicted"
6,"hsa-miR-3922-5p","CAAGGCC",5,"targetscan","MIMAT0019227","hsa-miR-3922-5p","ZNF419","79744","ENSG00000105136","-0.276","predicted"
6,"hsa-miR-3922-5p","CAAGGCC",5,"targetscan","MIMAT0019227","hsa-miR-3922-5p","TEN1","100134934","ENSG00000257949","-0.276","predicted"
6,"hsa-miR-3922-5p","CAAGGCC",5,"targetscan","MIMAT0019227","hsa-miR-3922-5p","VAPB","9217","ENSG00000124164","-0.276","predicted"
6,"hsa-miR-3922-5p","CAAGGCC",5,"targetscan","MIMAT0019227","hsa-miR-3922-5p","CCDC50","152137","ENSG00000152492","-0.276","predicted"
6,"hsa-miR-3922-5p","CAAGGCC",5,"targetscan","MIMAT0019227","hsa-miR-3922-5p","OR2M3","127062","ENSG00000228198","-0.276","predicted"
6,"hsa-miR-3922-5p","CAAGGCC",5,"targetscan","MIMAT0019227","hsa-miR-3922-5p","MICOS13","125988","ENSG00000174917","-0.276","predicted"
6,"hsa-miR-3922-5p","CAAGGCC",5,"targetscan","MIMAT0019227","hsa-miR-3922-5p","RPP38","10557","ENSG00000152464","-0.277","predicted"
6,"hsa-miR-3922-5p","CAAGGCC",5,"targetscan","MIMAT0019227","hsa-miR-3922-5p","BTN3A1","11119","ENSG00000026950","-0.277","predicted"
6,"hsa-miR-3922-5p","CAAGGCC",5,"targetscan","MIMAT0019227","hsa-miR-3922-5p","IFFO1","25900","ENSG00000010295","-0.277","predicted"
6,"hsa-miR-3922-5p","CAAGGCC",5,"targetscan","MIMAT0019227","hsa-miR-3922-5p","C15orf61","145853","ENSG00000189227","-0.277","predicted"
6,"hsa-miR-3922-5p","CAAGGCC",5,"targetscan","MIMAT0019227","hsa-miR-3922-5p","ITFG3",NA,"ENSG00000269881","-0.277","predicted"
6,"hsa-miR-3922-5p","CAAGGCC",5,"targetscan","MIMAT0019227","hsa-miR-3922-5p","SEL1L","6400","ENSG00000071537","-0.278","predicted"
6,"hsa-miR-3922-5p","CAAGGCC",5,"targetscan","MIMAT0019227","hsa-miR-3922-5p","NKAIN1","79570","ENSG00000084628","-0.278","predicted"
6,"hsa-miR-3922-5p","CAAGGCC",5,"targetscan","MIMAT0019227","hsa-miR-3922-5p","FOXL2","668","ENSG00000183770","-0.278","predicted"
6,"hsa-miR-3922-5p","CAAGGCC",5,"targetscan","MIMAT0019227","hsa-miR-3922-5p","MAT2B","27430","ENSG00000038274","-0.279","predicted"
6,"hsa-miR-3922-5p","CAAGGCC",5,"targetscan","MIMAT0019227","hsa-miR-3922-5p","PRR5","55615","ENSG00000186654","-0.279","predicted"
6,"hsa-miR-3922-5p","CAAGGCC",5,"targetscan","MIMAT0019227","hsa-miR-3922-5p","LRRC2","79442","ENSG00000163827","-0.28","predicted"
6,"hsa-miR-3922-5p","CAAGGCC",5,"targetscan","MIMAT0019227","hsa-miR-3922-5p","FARSB","10056","ENSG00000116120","-0.28","predicted"
6,"hsa-miR-3922-5p","CAAGGCC",5,"targetscan","MIMAT0019227","hsa-miR-3922-5p","ST6GALNAC6","30815","ENSG00000160408","-0.28","predicted"
6,"hsa-miR-3922-5p","CAAGGCC",5,"targetscan","MIMAT0019227","hsa-miR-3922-5p","RWDD2B","10069","ENSG00000156253","-0.28","predicted"
6,"hsa-miR-3922-5p","CAAGGCC",5,"targetscan","MIMAT0019227","hsa-miR-3922-5p","NAIF1","203245","ENSG00000171169","-0.28","predicted"
6,"hsa-miR-3922-5p","CAAGGCC",5,"targetscan","MIMAT0019227","hsa-miR-3922-5p","",NA,"ENSG00000258729","-0.28","predicted"
6,"hsa-miR-3922-5p","CAAGGCC",5,"targetscan","MIMAT0019227","hsa-miR-3922-5p","FNDC10","643988","ENSG00000228594","-0.28","predicted"
6,"hsa-miR-3922-5p","CAAGGCC",5,"targetscan","MIMAT0019227","hsa-miR-3922-5p","RP13-512J5.1",NA,"ENSG00000255767","-0.28","predicted"
6,"hsa-miR-3922-5p","CAAGGCC",5,"targetscan","MIMAT0019227","hsa-miR-3922-5p","MAGEB2","4113","ENSG00000099399","-0.281","predicted"
6,"hsa-miR-3922-5p","CAAGGCC",5,"targetscan","MIMAT0019227","hsa-miR-3922-5p","DHX37","57647","ENSG00000150990","-0.281","predicted"
6,"hsa-miR-3922-5p","CAAGGCC",5,"targetscan","MIMAT0019227","hsa-miR-3922-5p","LYRM9","201229","ENSG00000232859","-0.281","predicted"
6,"hsa-miR-3922-5p","CAAGGCC",5,"targetscan","MIMAT0019227","hsa-miR-3922-5p","TLX2","3196","ENSG00000115297","-0.281","predicted"
6,"hsa-miR-3922-5p","CAAGGCC",5,"targetscan","MIMAT0019227","hsa-miR-3922-5p","ZNF500","26048","ENSG00000103199","-0.281","predicted"
6,"hsa-miR-3922-5p","CAAGGCC",5,"targetscan","MIMAT0019227","hsa-miR-3922-5p","",NA,"ENSG00000230000","-0.281","predicted"
6,"hsa-miR-3922-5p","CAAGGCC",5,"targetscan","MIMAT0019227","hsa-miR-3922-5p","CERT1","10087","ENSG00000113163","-0.281","predicted"
6,"hsa-miR-3922-5p","CAAGGCC",5,"targetscan","MIMAT0019227","hsa-miR-3922-5p","MARCHF5","54708","ENSG00000198060","-0.281","predicted"
6,"hsa-miR-3922-5p","CAAGGCC",5,"targetscan","MIMAT0019227","hsa-miR-3922-5p","IFRD2","7866","ENSG00000214706","-0.282","predicted"
6,"hsa-miR-3922-5p","CAAGGCC",5,"targetscan","MIMAT0019227","hsa-miR-3922-5p","NODAL","4838","ENSG00000156574","-0.282","predicted"
6,"hsa-miR-3922-5p","CAAGGCC",5,"targetscan","MIMAT0019227","hsa-miR-3922-5p","TP53TG3B","24150","ENSG00000261509","-0.282","predicted"
6,"hsa-miR-3922-5p","CAAGGCC",5,"targetscan","MIMAT0019227","hsa-miR-3922-5p","TP53TG3B","729264","ENSG00000261509","-0.282","predicted"
6,"hsa-miR-3922-5p","CAAGGCC",5,"targetscan","MIMAT0019227","hsa-miR-3922-5p","TP53TG3B","729355","ENSG00000261509","-0.282","predicted"
6,"hsa-miR-3922-5p","CAAGGCC",5,"targetscan","MIMAT0019227","hsa-miR-3922-5p","TP53TG3C","24150","ENSG00000205457","-0.282","predicted"
6,"hsa-miR-3922-5p","CAAGGCC",5,"targetscan","MIMAT0019227","hsa-miR-3922-5p","TP53TG3C","653550","ENSG00000205457","-0.282","predicted"
6,"hsa-miR-3922-5p","CAAGGCC",5,"targetscan","MIMAT0019227","hsa-miR-3922-5p","TP53TG3C","729264","ENSG00000205457","-0.282","predicted"
6,"hsa-miR-3922-5p","CAAGGCC",5,"targetscan","MIMAT0019227","hsa-miR-3922-5p","TP53TG3C","729355","ENSG00000205457","-0.282","predicted"
6,"hsa-miR-3922-5p","CAAGGCC",5,"targetscan","MIMAT0019227","hsa-miR-3922-5p","TP53TG3","24150","ENSG00000183632","-0.282","predicted"
6,"hsa-miR-3922-5p","CAAGGCC",5,"targetscan","MIMAT0019227","hsa-miR-3922-5p","TP53TG3","729264","ENSG00000183632","-0.282","predicted"
6,"hsa-miR-3922-5p","CAAGGCC",5,"targetscan","MIMAT0019227","hsa-miR-3922-5p","TP53TG3","729355","ENSG00000183632","-0.282","predicted"
6,"hsa-miR-3922-5p","CAAGGCC",5,"targetscan","MIMAT0019227","hsa-miR-3922-5p","TP53TG3B","102723655","ENSG00000261509","-0.282","predicted"
6,"hsa-miR-3922-5p","CAAGGCC",5,"targetscan","MIMAT0019227","hsa-miR-3922-5p","TP53TG3B","102723713","ENSG00000261509","-0.282","predicted"
6,"hsa-miR-3922-5p","CAAGGCC",5,"targetscan","MIMAT0019227","hsa-miR-3922-5p","TP53TG3C","102723655","ENSG00000205457","-0.282","predicted"
6,"hsa-miR-3922-5p","CAAGGCC",5,"targetscan","MIMAT0019227","hsa-miR-3922-5p","TP53TG3C","102723713","ENSG00000205457","-0.282","predicted"
6,"hsa-miR-3922-5p","CAAGGCC",5,"targetscan","MIMAT0019227","hsa-miR-3922-5p","TP53TG3","102723655","ENSG00000183632","-0.282","predicted"
6,"hsa-miR-3922-5p","CAAGGCC",5,"targetscan","MIMAT0019227","hsa-miR-3922-5p","TP53TG3","102723713","ENSG00000183632","-0.282","predicted"
6,"hsa-miR-3922-5p","CAAGGCC",5,"targetscan","MIMAT0019227","hsa-miR-3922-5p","SHC1","6464","ENSG00000160691","-0.283","predicted"
6,"hsa-miR-3922-5p","CAAGGCC",5,"targetscan","MIMAT0019227","hsa-miR-3922-5p","TNPO1","3842","ENSG00000083312","-0.283","predicted"
6,"hsa-miR-3922-5p","CAAGGCC",5,"targetscan","MIMAT0019227","hsa-miR-3922-5p","FASLG","356","ENSG00000117560","-0.283","predicted"
6,"hsa-miR-3922-5p","CAAGGCC",5,"targetscan","MIMAT0019227","hsa-miR-3922-5p","FGF17","8822","ENSG00000158815","-0.283","predicted"
6,"hsa-miR-3922-5p","CAAGGCC",5,"targetscan","MIMAT0019227","hsa-miR-3922-5p","TAB2","23118","ENSG00000055208","-0.283","predicted"
6,"hsa-miR-3922-5p","CAAGGCC",5,"targetscan","MIMAT0019227","hsa-miR-3922-5p","CCDC47","57003","ENSG00000108588","-0.283","predicted"
6,"hsa-miR-3922-5p","CAAGGCC",5,"targetscan","MIMAT0019227","hsa-miR-3922-5p","ARRDC4","91947","ENSG00000140450","-0.283","predicted"
6,"hsa-miR-3922-5p","CAAGGCC",5,"targetscan","MIMAT0019227","hsa-miR-3922-5p","CCL21","6366","ENSG00000137077","-0.283","predicted"
6,"hsa-miR-3922-5p","CAAGGCC",5,"targetscan","MIMAT0019227","hsa-miR-3922-5p","LARP4","113251","ENSG00000161813","-0.284","predicted"
6,"hsa-miR-3922-5p","CAAGGCC",5,"targetscan","MIMAT0019227","hsa-miR-3922-5p","CYCS","54205","ENSG00000172115","-0.284","predicted"
6,"hsa-miR-3922-5p","CAAGGCC",5,"targetscan","MIMAT0019227","hsa-miR-3922-5p","SYCP2L","221711","ENSG00000153157","-0.284","predicted"
6,"hsa-miR-3922-5p","CAAGGCC",5,"targetscan","MIMAT0019227","hsa-miR-3922-5p","C19orf48P",NA,"ENSG00000167747","-0.284","predicted"
6,"hsa-miR-3922-5p","CAAGGCC",5,"targetscan","MIMAT0019227","hsa-miR-3922-5p","TMEM219","124446","ENSG00000149932","-0.285","predicted"
6,"hsa-miR-3922-5p","CAAGGCC",5,"targetscan","MIMAT0019227","hsa-miR-3922-5p","MRPL15","29088","ENSG00000137547","-0.285","predicted"
6,"hsa-miR-3922-5p","CAAGGCC",5,"targetscan","MIMAT0019227","hsa-miR-3922-5p","MAPK11","5600","ENSG00000185386","-0.286","predicted"
6,"hsa-miR-3922-5p","CAAGGCC",5,"targetscan","MIMAT0019227","hsa-miR-3922-5p","ANG","283","ENSG00000214274","-0.286","predicted"
6,"hsa-miR-3922-5p","CAAGGCC",5,"targetscan","MIMAT0019227","hsa-miR-3922-5p","KIF3C","3797","ENSG00000084731","-0.286","predicted"
6,"hsa-miR-3922-5p","CAAGGCC",5,"targetscan","MIMAT0019227","hsa-miR-3922-5p","CLCN6","1185","ENSG00000011021","-0.287","predicted"
6,"hsa-miR-3922-5p","CAAGGCC",5,"targetscan","MIMAT0019227","hsa-miR-3922-5p","ZNF230","7773","ENSG00000159882","-0.287","predicted"
6,"hsa-miR-3922-5p","CAAGGCC",5,"targetscan","MIMAT0019227","hsa-miR-3922-5p","TAB2","23118","ENSG00000055208","-0.287","predicted"
6,"hsa-miR-3922-5p","CAAGGCC",5,"targetscan","MIMAT0019227","hsa-miR-3922-5p","CDKL1","8814","ENSG00000100490","-0.287","predicted"
6,"hsa-miR-3922-5p","CAAGGCC",5,"targetscan","MIMAT0019227","hsa-miR-3922-5p","DKK3","27122","ENSG00000050165","-0.288","predicted"
6,"hsa-miR-3922-5p","CAAGGCC",5,"targetscan","MIMAT0019227","hsa-miR-3922-5p","SLC25A45","283130","ENSG00000162241","-0.288","predicted"
6,"hsa-miR-3922-5p","CAAGGCC",5,"targetscan","MIMAT0019227","hsa-miR-3922-5p","ZNF589","51385","ENSG00000164048","-0.288","predicted"
6,"hsa-miR-3922-5p","CAAGGCC",5,"targetscan","MIMAT0019227","hsa-miR-3922-5p","","284390","ENSG00000267179","-0.289","predicted"
6,"hsa-miR-3922-5p","CAAGGCC",5,"targetscan","MIMAT0019227","hsa-miR-3922-5p","AGAP3","116988","ENSG00000133612","-0.29","predicted"
6,"hsa-miR-3922-5p","CAAGGCC",5,"targetscan","MIMAT0019227","hsa-miR-3922-5p","SLC33A1","9197","ENSG00000169359","-0.292","predicted"
6,"hsa-miR-3922-5p","CAAGGCC",5,"targetscan","MIMAT0019227","hsa-miR-3922-5p","HOOK1","51361","ENSG00000134709","-0.292","predicted"
6,"hsa-miR-3922-5p","CAAGGCC",5,"targetscan","MIMAT0019227","hsa-miR-3922-5p","AQP3","360","ENSG00000165272","-0.292","predicted"
6,"hsa-miR-3922-5p","CAAGGCC",5,"targetscan","MIMAT0019227","hsa-miR-3922-5p","",NA,"ENSG00000173862","-0.292","predicted"
6,"hsa-miR-3922-5p","CAAGGCC",5,"targetscan","MIMAT0019227","hsa-miR-3922-5p","INSYN2A","642938","ENSG00000188916","-0.292","predicted"
6,"hsa-miR-3922-5p","CAAGGCC",5,"targetscan","MIMAT0019227","hsa-miR-3922-5p","LINC01547","84536","ENSG00000183250","-0.292","predicted"
6,"hsa-miR-3922-5p","CAAGGCC",5,"targetscan","MIMAT0019227","hsa-miR-3922-5p","AFG3L2","10939","ENSG00000141385","-0.293","predicted"
6,"hsa-miR-3922-5p","CAAGGCC",5,"targetscan","MIMAT0019227","hsa-miR-3922-5p","GATA5","140628","ENSG00000130700","-0.293","predicted"
6,"hsa-miR-3922-5p","CAAGGCC",5,"targetscan","MIMAT0019227","hsa-miR-3922-5p","CWC27","10283","ENSG00000153015","-0.294","predicted"
6,"hsa-miR-3922-5p","CAAGGCC",5,"targetscan","MIMAT0019227","hsa-miR-3922-5p","ATG7","10533","ENSG00000197548","-0.294","predicted"
6,"hsa-miR-3922-5p","CAAGGCC",5,"targetscan","MIMAT0019227","hsa-miR-3922-5p","ARPP19","10776","ENSG00000128989","-0.294","predicted"
6,"hsa-miR-3922-5p","CAAGGCC",5,"targetscan","MIMAT0019227","hsa-miR-3922-5p","SPSB1","80176","ENSG00000171621","-0.294","predicted"
6,"hsa-miR-3922-5p","CAAGGCC",5,"targetscan","MIMAT0019227","hsa-miR-3922-5p","DENND6A","201627","ENSG00000174839","-0.294","predicted"
6,"hsa-miR-3922-5p","CAAGGCC",5,"targetscan","MIMAT0019227","hsa-miR-3922-5p","SDHAF1","644096","ENSG00000205138","-0.294","predicted"
6,"hsa-miR-3922-5p","CAAGGCC",5,"targetscan","MIMAT0019227","hsa-miR-3922-5p","AMIGO1","57463","ENSG00000181754","-0.294","predicted"
6,"hsa-miR-3922-5p","CAAGGCC",5,"targetscan","MIMAT0019227","hsa-miR-3922-5p","MIEN1","84299","ENSG00000141741","-0.294","predicted"
6,"hsa-miR-3922-5p","CAAGGCC",5,"targetscan","MIMAT0019227","hsa-miR-3922-5p","LY6K","54742","ENSG00000160886","-0.295","predicted"
6,"hsa-miR-3922-5p","CAAGGCC",5,"targetscan","MIMAT0019227","hsa-miR-3922-5p","ZNF576","79177","ENSG00000124444","-0.295","predicted"
6,"hsa-miR-3922-5p","CAAGGCC",5,"targetscan","MIMAT0019227","hsa-miR-3922-5p","LIPH","200879","ENSG00000163898","-0.295","predicted"
6,"hsa-miR-3922-5p","CAAGGCC",5,"targetscan","MIMAT0019227","hsa-miR-3922-5p","DHRS4L2","317749","ENSG00000187630","-0.295","predicted"
6,"hsa-miR-3922-5p","CAAGGCC",5,"targetscan","MIMAT0019227","hsa-miR-3922-5p","",NA,"ENSG00000230000","-0.295","predicted"
6,"hsa-miR-3922-5p","CAAGGCC",5,"targetscan","MIMAT0019227","hsa-miR-3922-5p","PPP3CC","5533","ENSG00000120910","-0.296","predicted"
6,"hsa-miR-3922-5p","CAAGGCC",5,"targetscan","MIMAT0019227","hsa-miR-3922-5p","CHRAC1","54108","ENSG00000104472","-0.297","predicted"
6,"hsa-miR-3922-5p","CAAGGCC",5,"targetscan","MIMAT0019227","hsa-miR-3922-5p","ALDH4A1","8659","ENSG00000159423","-0.298","predicted"
6,"hsa-miR-3922-5p","CAAGGCC",5,"targetscan","MIMAT0019227","hsa-miR-3922-5p","KDELR2","11014","ENSG00000136240","-0.298","predicted"
6,"hsa-miR-3922-5p","CAAGGCC",5,"targetscan","MIMAT0019227","hsa-miR-3922-5p","LSM10","84967","ENSG00000181817","-0.298","predicted"
6,"hsa-miR-3922-5p","CAAGGCC",5,"targetscan","MIMAT0019227","hsa-miR-3922-5p","KRT77","374454","ENSG00000189182","-0.298","predicted"
6,"hsa-miR-3922-5p","CAAGGCC",5,"targetscan","MIMAT0019227","hsa-miR-3922-5p","GRAPL","400581","ENSG00000189152","-0.298","predicted"
6,"hsa-miR-3922-5p","CAAGGCC",5,"targetscan","MIMAT0019227","hsa-miR-3922-5p","TRPC5","7224","ENSG00000072315","-0.298","predicted"
6,"hsa-miR-3922-5p","CAAGGCC",5,"targetscan","MIMAT0019227","hsa-miR-3922-5p","NECTIN4","81607","ENSG00000143217","-0.298","predicted"
6,"hsa-miR-3922-5p","CAAGGCC",5,"targetscan","MIMAT0019227","hsa-miR-3922-5p","JOSD1","9929","ENSG00000100221","-0.299","predicted"
6,"hsa-miR-3922-5p","CAAGGCC",5,"targetscan","MIMAT0019227","hsa-miR-3922-5p","THUMPD1","55623","ENSG00000066654","-0.299","predicted"
6,"hsa-miR-3922-5p","CAAGGCC",5,"targetscan","MIMAT0019227","hsa-miR-3922-5p","FAM124B","79843","ENSG00000124019","-0.299","predicted"
6,"hsa-miR-3922-5p","CAAGGCC",5,"targetscan","MIMAT0019227","hsa-miR-3922-5p","LIN28B","389421","ENSG00000187772","-0.299","predicted"
6,"hsa-miR-3922-5p","CAAGGCC",5,"targetscan","MIMAT0019227","hsa-miR-3922-5p","HSPB3","8988","ENSG00000169271","-0.3","predicted"
6,"hsa-miR-3922-5p","CAAGGCC",5,"targetscan","MIMAT0019227","hsa-miR-3922-5p","MEX3C","51320","ENSG00000176624","-0.3","predicted"
6,"hsa-miR-3922-5p","CAAGGCC",5,"targetscan","MIMAT0019227","hsa-miR-3922-5p","GIPC2","54810","ENSG00000137960","-0.301","predicted"
6,"hsa-miR-3922-5p","CAAGGCC",5,"targetscan","MIMAT0019227","hsa-miR-3922-5p","ZNF436-AS1","148898","ENSG00000249087","-0.301","predicted"
6,"hsa-miR-3922-5p","CAAGGCC",5,"targetscan","MIMAT0019227","hsa-miR-3922-5p","PARS2","25973","ENSG00000162396","-0.302","predicted"
6,"hsa-miR-3922-5p","CAAGGCC",5,"targetscan","MIMAT0019227","hsa-miR-3922-5p","PI4K2B","55300","ENSG00000038210","-0.303","predicted"
6,"hsa-miR-3922-5p","CAAGGCC",5,"targetscan","MIMAT0019227","hsa-miR-3922-5p","DDI1","414301","ENSG00000170967","-0.303","predicted"
6,"hsa-miR-3922-5p","CAAGGCC",5,"targetscan","MIMAT0019227","hsa-miR-3922-5p","FXYD7","53822","ENSG00000221946","-0.303","predicted"
6,"hsa-miR-3922-5p","CAAGGCC",5,"targetscan","MIMAT0019227","hsa-miR-3922-5p","DDB2","1643","ENSG00000134574","-0.304","predicted"
6,"hsa-miR-3922-5p","CAAGGCC",5,"targetscan","MIMAT0019227","hsa-miR-3922-5p","GPR39","2863","ENSG00000183840","-0.304","predicted"
6,"hsa-miR-3922-5p","CAAGGCC",5,"targetscan","MIMAT0019227","hsa-miR-3922-5p","AZIN1","51582","ENSG00000155096","-0.304","predicted"
6,"hsa-miR-3922-5p","CAAGGCC",5,"targetscan","MIMAT0019227","hsa-miR-3922-5p","INTS2","57508","ENSG00000108506","-0.304","predicted"
6,"hsa-miR-3922-5p","CAAGGCC",5,"targetscan","MIMAT0019227","hsa-miR-3922-5p","PEX26","55670","ENSG00000215193","-0.304","predicted"
6,"hsa-miR-3922-5p","CAAGGCC",5,"targetscan","MIMAT0019227","hsa-miR-3922-5p","CRABP1","1381","ENSG00000166426","-0.305","predicted"
6,"hsa-miR-3922-5p","CAAGGCC",5,"targetscan","MIMAT0019227","hsa-miR-3922-5p","CDH18","1016","ENSG00000145526","-0.305","predicted"
6,"hsa-miR-3922-5p","CAAGGCC",5,"targetscan","MIMAT0019227","hsa-miR-3922-5p","ZFP3","124961","ENSG00000180787","-0.306","predicted"
6,"hsa-miR-3922-5p","CAAGGCC",5,"targetscan","MIMAT0019227","hsa-miR-3922-5p","MORN4","118812","ENSG00000171160","-0.306","predicted"
6,"hsa-miR-3922-5p","CAAGGCC",5,"targetscan","MIMAT0019227","hsa-miR-3922-5p","COMTD1","118881","ENSG00000165644","-0.306","predicted"
6,"hsa-miR-3922-5p","CAAGGCC",5,"targetscan","MIMAT0019227","hsa-miR-3922-5p","LRRC41","10489","ENSG00000132128","-0.307","predicted"
6,"hsa-miR-3922-5p","CAAGGCC",5,"targetscan","MIMAT0019227","hsa-miR-3922-5p","RRAGC","64121","ENSG00000116954","-0.307","predicted"
6,"hsa-miR-3922-5p","CAAGGCC",5,"targetscan","MIMAT0019227","hsa-miR-3922-5p","LURAP1","541468","ENSG00000171357","-0.307","predicted"
6,"hsa-miR-3922-5p","CAAGGCC",5,"targetscan","MIMAT0019227","hsa-miR-3922-5p","MAPK13","5603","ENSG00000156711","-0.307","predicted"
6,"hsa-miR-3922-5p","CAAGGCC",5,"targetscan","MIMAT0019227","hsa-miR-3922-5p","FADS6","283985","ENSG00000172782","-0.307","predicted"
6,"hsa-miR-3922-5p","CAAGGCC",5,"targetscan","MIMAT0019227","hsa-miR-3922-5p","ADD3-AS1","100505933","ENSG00000203876","-0.307","predicted"
6,"hsa-miR-3922-5p","CAAGGCC",5,"targetscan","MIMAT0019227","hsa-miR-3922-5p","CCDC22","28952","ENSG00000101997","-0.308","predicted"
6,"hsa-miR-3922-5p","CAAGGCC",5,"targetscan","MIMAT0019227","hsa-miR-3922-5p","RHBDD1","84236","ENSG00000144468","-0.308","predicted"
6,"hsa-miR-3922-5p","CAAGGCC",5,"targetscan","MIMAT0019227","hsa-miR-3922-5p","SRXN1","140809","ENSG00000271303","-0.31","predicted"
6,"hsa-miR-3922-5p","CAAGGCC",5,"targetscan","MIMAT0019227","hsa-miR-3922-5p","C2orf72","257407","ENSG00000204128","-0.31","predicted"
6,"hsa-miR-3922-5p","CAAGGCC",5,"targetscan","MIMAT0019227","hsa-miR-3922-5p","LYNX1","66004","ENSG00000180155","-0.31","predicted"
6,"hsa-miR-3922-5p","CAAGGCC",5,"targetscan","MIMAT0019227","hsa-miR-3922-5p","SPOUT1","51490","ENSG00000198917","-0.31","predicted"
6,"hsa-miR-3922-5p","CAAGGCC",5,"targetscan","MIMAT0019227","hsa-miR-3922-5p","",NA,"ENSG00000270299","-0.31","predicted"
6,"hsa-miR-3922-5p","CAAGGCC",5,"targetscan","MIMAT0019227","hsa-miR-3922-5p","VAPA","9218","ENSG00000101558","-0.311","predicted"
6,"hsa-miR-3922-5p","CAAGGCC",5,"targetscan","MIMAT0019227","hsa-miR-3922-5p","DENND6B","414918","ENSG00000205593","-0.311","predicted"
6,"hsa-miR-3922-5p","CAAGGCC",5,"targetscan","MIMAT0019227","hsa-miR-3922-5p","ZXDB","158586","ENSG00000198455","-0.311","predicted"
6,"hsa-miR-3922-5p","CAAGGCC",5,"targetscan","MIMAT0019227","hsa-miR-3922-5p","ATG7","10533","ENSG00000197548","-0.312","predicted"
6,"hsa-miR-3922-5p","CAAGGCC",5,"targetscan","MIMAT0019227","hsa-miR-3922-5p","RNGTT","8732","ENSG00000111880","-0.312","predicted"
6,"hsa-miR-3922-5p","CAAGGCC",5,"targetscan","MIMAT0019227","hsa-miR-3922-5p","MAU2","23383","ENSG00000129933","-0.312","predicted"
6,"hsa-miR-3922-5p","CAAGGCC",5,"targetscan","MIMAT0019227","hsa-miR-3922-5p","MAPK4","5596","ENSG00000141639","-0.313","predicted"
6,"hsa-miR-3922-5p","CAAGGCC",5,"targetscan","MIMAT0019227","hsa-miR-3922-5p","ABHD4","63874","ENSG00000100439","-0.313","predicted"
6,"hsa-miR-3922-5p","CAAGGCC",5,"targetscan","MIMAT0019227","hsa-miR-3922-5p","PIK3R6",NA,"ENSG00000174083","-0.313","predicted"
6,"hsa-miR-3922-5p","CAAGGCC",5,"targetscan","MIMAT0019227","hsa-miR-3922-5p","SYBU-AS1",NA,"ENSG00000248050","-0.313","predicted"
6,"hsa-miR-3922-5p","CAAGGCC",5,"targetscan","MIMAT0019227","hsa-miR-3922-5p","AK4","205","ENSG00000162433","-0.314","predicted"
6,"hsa-miR-3922-5p","CAAGGCC",5,"targetscan","MIMAT0019227","hsa-miR-3922-5p","IPO9","55705","ENSG00000198700","-0.314","predicted"
6,"hsa-miR-3922-5p","CAAGGCC",5,"targetscan","MIMAT0019227","hsa-miR-3922-5p","POMGNT1","55624","ENSG00000085998","-0.314","predicted"
6,"hsa-miR-3922-5p","CAAGGCC",5,"targetscan","MIMAT0019227","hsa-miR-3922-5p","NIT2","56954","ENSG00000114021","-0.314","predicted"
6,"hsa-miR-3922-5p","CAAGGCC",5,"targetscan","MIMAT0019227","hsa-miR-3922-5p","AP2S1","1175","ENSG00000042753","-0.315","predicted"
6,"hsa-miR-3922-5p","CAAGGCC",5,"targetscan","MIMAT0019227","hsa-miR-3922-5p","SRSF6","6431","ENSG00000124193","-0.315","predicted"
6,"hsa-miR-3922-5p","CAAGGCC",5,"targetscan","MIMAT0019227","hsa-miR-3922-5p","TMEM74B","55321","ENSG00000125895","-0.315","predicted"
6,"hsa-miR-3922-5p","CAAGGCC",5,"targetscan","MIMAT0019227","hsa-miR-3922-5p","ATG16L2","89849","ENSG00000168010","-0.315","predicted"
6,"hsa-miR-3922-5p","CAAGGCC",5,"targetscan","MIMAT0019227","hsa-miR-3922-5p","SYNE4","163183","ENSG00000181392","-0.315","predicted"
6,"hsa-miR-3922-5p","CAAGGCC",5,"targetscan","MIMAT0019227","hsa-miR-3922-5p","PNO1","56902","ENSG00000115946","-0.315","predicted"
6,"hsa-miR-3922-5p","CAAGGCC",5,"targetscan","MIMAT0019227","hsa-miR-3922-5p","DHRS4","10901","ENSG00000157326","-0.315","predicted"
6,"hsa-miR-3922-5p","CAAGGCC",5,"targetscan","MIMAT0019227","hsa-miR-3922-5p","PSME3IP1","80011","ENSG00000172775","-0.315","predicted"
6,"hsa-miR-3922-5p","CAAGGCC",5,"targetscan","MIMAT0019227","hsa-miR-3922-5p","RAB26","25837","ENSG00000167964","-0.316","predicted"
6,"hsa-miR-3922-5p","CAAGGCC",5,"targetscan","MIMAT0019227","hsa-miR-3922-5p","TOR1A","1861","ENSG00000136827","-0.316","predicted"
6,"hsa-miR-3922-5p","CAAGGCC",5,"targetscan","MIMAT0019227","hsa-miR-3922-5p","VSX1","30813","ENSG00000100987","-0.316","predicted"
6,"hsa-miR-3922-5p","CAAGGCC",5,"targetscan","MIMAT0019227","hsa-miR-3922-5p","RNF130","55819","ENSG00000113269","-0.316","predicted"
6,"hsa-miR-3922-5p","CAAGGCC",5,"targetscan","MIMAT0019227","hsa-miR-3922-5p","TIGIT","201633","ENSG00000181847","-0.316","predicted"
6,"hsa-miR-3922-5p","CAAGGCC",5,"targetscan","MIMAT0019227","hsa-miR-3922-5p","ALPL","249","ENSG00000162551","-0.317","predicted"
6,"hsa-miR-3922-5p","CAAGGCC",5,"targetscan","MIMAT0019227","hsa-miR-3922-5p","QDPR","5860","ENSG00000151552","-0.317","predicted"
6,"hsa-miR-3922-5p","CAAGGCC",5,"targetscan","MIMAT0019227","hsa-miR-3922-5p","UBE2N","7334","ENSG00000177889","-0.317","predicted"
6,"hsa-miR-3922-5p","CAAGGCC",5,"targetscan","MIMAT0019227","hsa-miR-3922-5p","NPNT","255743","ENSG00000168743","-0.317","predicted"
6,"hsa-miR-3922-5p","CAAGGCC",5,"targetscan","MIMAT0019227","hsa-miR-3922-5p","SYNJ2","8871","ENSG00000078269","-0.317","predicted"
6,"hsa-miR-3922-5p","CAAGGCC",5,"targetscan","MIMAT0019227","hsa-miR-3922-5p","CLEC4F","165530","ENSG00000152672","-0.317","predicted"
6,"hsa-miR-3922-5p","CAAGGCC",5,"targetscan","MIMAT0019227","hsa-miR-3922-5p","CYP4F31P",NA,"ENSG00000178206","-0.317","predicted"
6,"hsa-miR-3922-5p","CAAGGCC",5,"targetscan","MIMAT0019227","hsa-miR-3922-5p","DNMBP","23268","ENSG00000107554","-0.318","predicted"
6,"hsa-miR-3922-5p","CAAGGCC",5,"targetscan","MIMAT0019227","hsa-miR-3922-5p","CACUL1","143384","ENSG00000151893","-0.318","predicted"
6,"hsa-miR-3922-5p","CAAGGCC",5,"targetscan","MIMAT0019227","hsa-miR-3922-5p","NME6","10201","ENSG00000172113","-0.319","predicted"
6,"hsa-miR-3922-5p","CAAGGCC",5,"targetscan","MIMAT0019227","hsa-miR-3922-5p","RCE1","9986","ENSG00000173653","-0.32","predicted"
6,"hsa-miR-3922-5p","CAAGGCC",5,"targetscan","MIMAT0019227","hsa-miR-3922-5p","RPRD1A","55197","ENSG00000141425","-0.32","predicted"
6,"hsa-miR-3922-5p","CAAGGCC",5,"targetscan","MIMAT0019227","hsa-miR-3922-5p","SAXO1","158297","ENSG00000155875","-0.32","predicted"
6,"hsa-miR-3922-5p","CAAGGCC",5,"targetscan","MIMAT0019227","hsa-miR-3922-5p","RSRC1","51319","ENSG00000174891","-0.321","predicted"
6,"hsa-miR-3922-5p","CAAGGCC",5,"targetscan","MIMAT0019227","hsa-miR-3922-5p","PABIR2","159090","ENSG00000156504","-0.321","predicted"
6,"hsa-miR-3922-5p","CAAGGCC",5,"targetscan","MIMAT0019227","hsa-miR-3922-5p","VAX2","25806","ENSG00000116035","-0.323","predicted"
6,"hsa-miR-3922-5p","CAAGGCC",5,"targetscan","MIMAT0019227","hsa-miR-3922-5p","PRR18","285800","ENSG00000176381","-0.323","predicted"
6,"hsa-miR-3922-5p","CAAGGCC",5,"targetscan","MIMAT0019227","hsa-miR-3922-5p","PFN2","5217","ENSG00000070087","-0.325","predicted"
6,"hsa-miR-3922-5p","CAAGGCC",5,"targetscan","MIMAT0019227","hsa-miR-3922-5p","SLC45A1","50651","ENSG00000162426","-0.325","predicted"
6,"hsa-miR-3922-5p","CAAGGCC",5,"targetscan","MIMAT0019227","hsa-miR-3922-5p","PLGRKT","55848","ENSG00000107020","-0.325","predicted"
6,"hsa-miR-3922-5p","CAAGGCC",5,"targetscan","MIMAT0019227","hsa-miR-3922-5p","INTS11","54973","ENSG00000127054","-0.325","predicted"
6,"hsa-miR-3922-5p","CAAGGCC",5,"targetscan","MIMAT0019227","hsa-miR-3922-5p","PTPRG","5793","ENSG00000144724","-0.326","predicted"
6,"hsa-miR-3922-5p","CAAGGCC",5,"targetscan","MIMAT0019227","hsa-miR-3922-5p","ZBTB42","100128927","ENSG00000179627","-0.326","predicted"
6,"hsa-miR-3922-5p","CAAGGCC",5,"targetscan","MIMAT0019227","hsa-miR-3922-5p","MTMR2","8898","ENSG00000087053","-0.326","predicted"
6,"hsa-miR-3922-5p","CAAGGCC",5,"targetscan","MIMAT0019227","hsa-miR-3922-5p","FAM203B","728071","ENSG00000230567","-0.326","predicted"
6,"hsa-miR-3922-5p","CAAGGCC",5,"targetscan","MIMAT0019227","hsa-miR-3922-5p","HGH1","51236","ENSG00000235173","-0.326","predicted"
6,"hsa-miR-3922-5p","CAAGGCC",5,"targetscan","MIMAT0019227","hsa-miR-3922-5p","PYCARD","29108","ENSG00000103490","-0.327","predicted"
6,"hsa-miR-3922-5p","CAAGGCC",5,"targetscan","MIMAT0019227","hsa-miR-3922-5p","LEPROT","54741","ENSG00000213625","-0.327","predicted"
6,"hsa-miR-3922-5p","CAAGGCC",5,"targetscan","MIMAT0019227","hsa-miR-3922-5p","ENO2","2026","ENSG00000111674","-0.327","predicted"
6,"hsa-miR-3922-5p","CAAGGCC",5,"targetscan","MIMAT0019227","hsa-miR-3922-5p","RD3","343035","ENSG00000198570","-0.328","predicted"
6,"hsa-miR-3922-5p","CAAGGCC",5,"targetscan","MIMAT0019227","hsa-miR-3922-5p","CRYGS","1427","ENSG00000213139","-0.329","predicted"
6,"hsa-miR-3922-5p","CAAGGCC",5,"targetscan","MIMAT0019227","hsa-miR-3922-5p","HSD17B8","7923","ENSG00000204228","-0.329","predicted"
6,"hsa-miR-3922-5p","CAAGGCC",5,"targetscan","MIMAT0019227","hsa-miR-3922-5p","DCTN4","51164","ENSG00000132912","-0.329","predicted"
6,"hsa-miR-3922-5p","CAAGGCC",5,"targetscan","MIMAT0019227","hsa-miR-3922-5p","FAM169B","283777","ENSG00000185087","-0.329","predicted"
6,"hsa-miR-3922-5p","CAAGGCC",5,"targetscan","MIMAT0019227","hsa-miR-3922-5p","SLC36A2","153201","ENSG00000186335","-0.33","predicted"
6,"hsa-miR-3922-5p","CAAGGCC",5,"targetscan","MIMAT0019227","hsa-miR-3922-5p","GRID1","2894","ENSG00000182771","-0.331","predicted"
6,"hsa-miR-3922-5p","CAAGGCC",5,"targetscan","MIMAT0019227","hsa-miR-3922-5p","UQCC1","55245","ENSG00000101019","-0.332","predicted"
6,"hsa-miR-3922-5p","CAAGGCC",5,"targetscan","MIMAT0019227","hsa-miR-3922-5p","SAA1","6288","ENSG00000173432","-0.333","predicted"
6,"hsa-miR-3922-5p","CAAGGCC",5,"targetscan","MIMAT0019227","hsa-miR-3922-5p","TPT1","7178","ENSG00000133112","-0.333","predicted"
6,"hsa-miR-3922-5p","CAAGGCC",5,"targetscan","MIMAT0019227","hsa-miR-3922-5p","HOXB4","3214","ENSG00000182742","-0.333","predicted"
6,"hsa-miR-3922-5p","CAAGGCC",5,"targetscan","MIMAT0019227","hsa-miR-3922-5p","RNF13","11342","ENSG00000082996","-0.334","predicted"
6,"hsa-miR-3922-5p","CAAGGCC",5,"targetscan","MIMAT0019227","hsa-miR-3922-5p","CACNG4","27092","ENSG00000075461","-0.334","predicted"
6,"hsa-miR-3922-5p","CAAGGCC",5,"targetscan","MIMAT0019227","hsa-miR-3922-5p","REPIN1","29803","ENSG00000214022","-0.334","predicted"
6,"hsa-miR-3922-5p","CAAGGCC",5,"targetscan","MIMAT0019227","hsa-miR-3922-5p","GLCCI1","113263","ENSG00000106415","-0.335","predicted"
6,"hsa-miR-3922-5p","CAAGGCC",5,"targetscan","MIMAT0019227","hsa-miR-3922-5p","RAB11A","8766","ENSG00000103769","-0.335","predicted"
6,"hsa-miR-3922-5p","CAAGGCC",5,"targetscan","MIMAT0019227","hsa-miR-3922-5p","GMPR2","51292","ENSG00000100938","-0.335","predicted"
6,"hsa-miR-3922-5p","CAAGGCC",5,"targetscan","MIMAT0019227","hsa-miR-3922-5p","DEFB118","117285","ENSG00000131068","-0.335","predicted"
6,"hsa-miR-3922-5p","CAAGGCC",5,"targetscan","MIMAT0019227","hsa-miR-3922-5p","MSRB3","253827","ENSG00000174099","-0.335","predicted"
6,"hsa-miR-3922-5p","CAAGGCC",5,"targetscan","MIMAT0019227","hsa-miR-3922-5p","EGLN3","112399","ENSG00000129521","-0.336","predicted"
6,"hsa-miR-3922-5p","CAAGGCC",5,"targetscan","MIMAT0019227","hsa-miR-3922-5p","SLBP","7884","ENSG00000163950","-0.336","predicted"
6,"hsa-miR-3922-5p","CAAGGCC",5,"targetscan","MIMAT0019227","hsa-miR-3922-5p","RNF169","254225","ENSG00000166439","-0.337","predicted"
6,"hsa-miR-3922-5p","CAAGGCC",5,"targetscan","MIMAT0019227","hsa-miR-3922-5p","FAM151B","167555","ENSG00000152380","-0.337","predicted"
6,"hsa-miR-3922-5p","CAAGGCC",5,"targetscan","MIMAT0019227","hsa-miR-3922-5p","ZFX","7543","ENSG00000005889","-0.338","predicted"
6,"hsa-miR-3922-5p","CAAGGCC",5,"targetscan","MIMAT0019227","hsa-miR-3922-5p","ZIK1","284307","ENSG00000171649","-0.338","predicted"
6,"hsa-miR-3922-5p","CAAGGCC",5,"targetscan","MIMAT0019227","hsa-miR-3922-5p","PRKAG3","53632","ENSG00000115592","-0.338","predicted"
6,"hsa-miR-3922-5p","CAAGGCC",5,"targetscan","MIMAT0019227","hsa-miR-3922-5p","GADD45GIP1","90480","ENSG00000179271","-0.339","predicted"
6,"hsa-miR-3922-5p","CAAGGCC",5,"targetscan","MIMAT0019227","hsa-miR-3922-5p","METTL14","57721","ENSG00000145388","-0.339","predicted"
6,"hsa-miR-3922-5p","CAAGGCC",5,"targetscan","MIMAT0019227","hsa-miR-3922-5p","MRGPRE","116534","ENSG00000184350","-0.34","predicted"
6,"hsa-miR-3922-5p","CAAGGCC",5,"targetscan","MIMAT0019227","hsa-miR-3922-5p","SLC5A9","200010","ENSG00000117834","-0.341","predicted"
6,"hsa-miR-3922-5p","CAAGGCC",5,"targetscan","MIMAT0019227","hsa-miR-3922-5p","TP53TG3D","24150","ENSG00000205456","-0.341","predicted"
6,"hsa-miR-3922-5p","CAAGGCC",5,"targetscan","MIMAT0019227","hsa-miR-3922-5p","TP53TG3D","729264","ENSG00000205456","-0.341","predicted"
6,"hsa-miR-3922-5p","CAAGGCC",5,"targetscan","MIMAT0019227","hsa-miR-3922-5p","TP53TG3D","729355","ENSG00000205456","-0.341","predicted"
6,"hsa-miR-3922-5p","CAAGGCC",5,"targetscan","MIMAT0019227","hsa-miR-3922-5p","TP53TG3D","102723655","ENSG00000205456","-0.341","predicted"
6,"hsa-miR-3922-5p","CAAGGCC",5,"targetscan","MIMAT0019227","hsa-miR-3922-5p","TP53TG3D","102723713","ENSG00000205456","-0.341","predicted"
6,"hsa-miR-3922-5p","CAAGGCC",5,"targetscan","MIMAT0019227","hsa-miR-3922-5p","AC008443.1",NA,"ENSG00000268397","-0.341","predicted"
6,"hsa-miR-3922-5p","CAAGGCC",5,"targetscan","MIMAT0019227","hsa-miR-3922-5p","CNOT6L","246175","ENSG00000138767","-0.342","predicted"
6,"hsa-miR-3922-5p","CAAGGCC",5,"targetscan","MIMAT0019227","hsa-miR-3922-5p","YTHDF3","253943","ENSG00000185728","-0.342","predicted"
6,"hsa-miR-3922-5p","CAAGGCC",5,"targetscan","MIMAT0019227","hsa-miR-3922-5p","LCMT2","9836","ENSG00000168806","-0.343","predicted"
6,"hsa-miR-3922-5p","CAAGGCC",5,"targetscan","MIMAT0019227","hsa-miR-3922-5p","AC003102.1",NA,"ENSG00000214921","-0.343","predicted"
6,"hsa-miR-3922-5p","CAAGGCC",5,"targetscan","MIMAT0019227","hsa-miR-3922-5p","SPMIP7","100130988","ENSG00000164500","-0.343","predicted"
6,"hsa-miR-3922-5p","CAAGGCC",5,"targetscan","MIMAT0019227","hsa-miR-3922-5p","C15orf61","145853","ENSG00000189227","-0.344","predicted"
6,"hsa-miR-3922-5p","CAAGGCC",5,"targetscan","MIMAT0019227","hsa-miR-3922-5p","UQCR11","10975","ENSG00000127540","-0.344","predicted"
6,"hsa-miR-3922-5p","CAAGGCC",5,"targetscan","MIMAT0019227","hsa-miR-3922-5p","RP6-24A23.6",NA,"ENSG00000260548","-0.344","predicted"
6,"hsa-miR-3922-5p","CAAGGCC",5,"targetscan","MIMAT0019227","hsa-miR-3922-5p","ATRIP","84126","ENSG00000164053","-0.345","predicted"
6,"hsa-miR-3922-5p","CAAGGCC",5,"targetscan","MIMAT0019227","hsa-miR-3922-5p","TTC31","64427","ENSG00000115282","-0.345","predicted"
6,"hsa-miR-3922-5p","CAAGGCC",5,"targetscan","MIMAT0019227","hsa-miR-3922-5p","CMTM8","152189","ENSG00000170293","-0.345","predicted"
6,"hsa-miR-3922-5p","CAAGGCC",5,"targetscan","MIMAT0019227","hsa-miR-3922-5p","MATCAP1","653319","ENSG00000196123","-0.345","predicted"
6,"hsa-miR-3922-5p","CAAGGCC",5,"targetscan","MIMAT0019227","hsa-miR-3922-5p","BARX2","8538","ENSG00000043039","-0.346","predicted"
6,"hsa-miR-3922-5p","CAAGGCC",5,"targetscan","MIMAT0019227","hsa-miR-3922-5p","HEATR1","55127","ENSG00000119285","-0.346","predicted"
6,"hsa-miR-3922-5p","CAAGGCC",5,"targetscan","MIMAT0019227","hsa-miR-3922-5p","IGLON5","402665","ENSG00000142549","-0.346","predicted"
6,"hsa-miR-3922-5p","CAAGGCC",5,"targetscan","MIMAT0019227","hsa-miR-3922-5p","TMEM33","55161","ENSG00000109133","-0.347","predicted"
6,"hsa-miR-3922-5p","CAAGGCC",5,"targetscan","MIMAT0019227","hsa-miR-3922-5p","ZNHIT6","54680","ENSG00000117174","-0.348","predicted"
6,"hsa-miR-3922-5p","CAAGGCC",5,"targetscan","MIMAT0019227","hsa-miR-3922-5p","SMDT1","91689","ENSG00000183172","-0.348","predicted"
6,"hsa-miR-3922-5p","CAAGGCC",5,"targetscan","MIMAT0019227","hsa-miR-3922-5p","MYO1A","4640","ENSG00000166866","-0.351","predicted"
6,"hsa-miR-3922-5p","CAAGGCC",5,"targetscan","MIMAT0019227","hsa-miR-3922-5p","DDX54","79039","ENSG00000123064","-0.352","predicted"
6,"hsa-miR-3922-5p","CAAGGCC",5,"targetscan","MIMAT0019227","hsa-miR-3922-5p","SUOX","6821","ENSG00000139531","-0.352","predicted"
6,"hsa-miR-3922-5p","CAAGGCC",5,"targetscan","MIMAT0019227","hsa-miR-3922-5p","ZNF812P",NA,"ENSG00000224689","-0.352","predicted"
6,"hsa-miR-3922-5p","CAAGGCC",5,"targetscan","MIMAT0019227","hsa-miR-3922-5p","CABP2","51475","ENSG00000167791","-0.353","predicted"
6,"hsa-miR-3922-5p","CAAGGCC",5,"targetscan","MIMAT0019227","hsa-miR-3922-5p","CHCHD4","131474","ENSG00000163528","-0.354","predicted"
6,"hsa-miR-3922-5p","CAAGGCC",5,"targetscan","MIMAT0019227","hsa-miR-3922-5p","CENPX","201254","ENSG00000169689","-0.357","predicted"
6,"hsa-miR-3922-5p","CAAGGCC",5,"targetscan","MIMAT0019227","hsa-miR-3922-5p","SELENBP1","8991","ENSG00000143416","-0.358","predicted"
6,"hsa-miR-3922-5p","CAAGGCC",5,"targetscan","MIMAT0019227","hsa-miR-3922-5p","PPM1D","8493","ENSG00000170836","-0.359","predicted"
6,"hsa-miR-3922-5p","CAAGGCC",5,"targetscan","MIMAT0019227","hsa-miR-3922-5p","INCA1","388324","ENSG00000196388","-0.36","predicted"
6,"hsa-miR-3922-5p","CAAGGCC",5,"targetscan","MIMAT0019227","hsa-miR-3922-5p","FGF5","2250","ENSG00000138675","-0.361","predicted"
6,"hsa-miR-3922-5p","CAAGGCC",5,"targetscan","MIMAT0019227","hsa-miR-3922-5p","MED22","6837","ENSG00000148297","-0.361","predicted"
6,"hsa-miR-3922-5p","CAAGGCC",5,"targetscan","MIMAT0019227","hsa-miR-3922-5p","EMILIN3","90187","ENSG00000183798","-0.361","predicted"
6,"hsa-miR-3922-5p","CAAGGCC",5,"targetscan","MIMAT0019227","hsa-miR-3922-5p","CSAD","51380","ENSG00000139631","-0.361","predicted"
6,"hsa-miR-3922-5p","CAAGGCC",5,"targetscan","MIMAT0019227","hsa-miR-3922-5p","DSC3","1825","ENSG00000134762","-0.362","predicted"
6,"hsa-miR-3922-5p","CAAGGCC",5,"targetscan","MIMAT0019227","hsa-miR-3922-5p","CNGA2","1260","ENSG00000183862","-0.363","predicted"
6,"hsa-miR-3922-5p","CAAGGCC",5,"targetscan","MIMAT0019227","hsa-miR-3922-5p","NLRP4","147945","ENSG00000160505","-0.363","predicted"
6,"hsa-miR-3922-5p","CAAGGCC",5,"targetscan","MIMAT0019227","hsa-miR-3922-5p","ZFY","7544","ENSG00000067646","-0.364","predicted"
6,"hsa-miR-3922-5p","CAAGGCC",5,"targetscan","MIMAT0019227","hsa-miR-3922-5p","ESYT2","57488","ENSG00000117868","-0.365","predicted"
6,"hsa-miR-3922-5p","CAAGGCC",5,"targetscan","MIMAT0019227","hsa-miR-3922-5p","GNA11","2767","ENSG00000088256","-0.365","predicted"
6,"hsa-miR-3922-5p","CAAGGCC",5,"targetscan","MIMAT0019227","hsa-miR-3922-5p","LCE1C","353133","ENSG00000197084","-0.365","predicted"
6,"hsa-miR-3922-5p","CAAGGCC",5,"targetscan","MIMAT0019227","hsa-miR-3922-5p","IL3","3562","ENSG00000164399","-0.366","predicted"
6,"hsa-miR-3922-5p","CAAGGCC",5,"targetscan","MIMAT0019227","hsa-miR-3922-5p","PSMC4","5704","ENSG00000013275","-0.366","predicted"
6,"hsa-miR-3922-5p","CAAGGCC",5,"targetscan","MIMAT0019227","hsa-miR-3922-5p","C1GALT1","56913","ENSG00000106392","-0.367","predicted"
6,"hsa-miR-3922-5p","CAAGGCC",5,"targetscan","MIMAT0019227","hsa-miR-3922-5p","PLEK","5341","ENSG00000115956","-0.367","predicted"
6,"hsa-miR-3922-5p","CAAGGCC",5,"targetscan","MIMAT0019227","hsa-miR-3922-5p","CNPY3","10695","ENSG00000137161","-0.368","predicted"
6,"hsa-miR-3922-5p","CAAGGCC",5,"targetscan","MIMAT0019227","hsa-miR-3922-5p","TEX56P",NA,"ENSG00000185689","-0.368","predicted"
6,"hsa-miR-3922-5p","CAAGGCC",5,"targetscan","MIMAT0019227","hsa-miR-3922-5p","TIMM10B","26515","ENSG00000132286","-0.369","predicted"
6,"hsa-miR-3922-5p","CAAGGCC",5,"targetscan","MIMAT0019227","hsa-miR-3922-5p","KCNMB4","27345","ENSG00000135643","-0.369","predicted"
6,"hsa-miR-3922-5p","CAAGGCC",5,"targetscan","MIMAT0019227","hsa-miR-3922-5p","DNAJA4","55466","ENSG00000140403","-0.369","predicted"
6,"hsa-miR-3922-5p","CAAGGCC",5,"targetscan","MIMAT0019227","hsa-miR-3922-5p","GTF2B","2959","ENSG00000137947","-0.37","predicted"
6,"hsa-miR-3922-5p","CAAGGCC",5,"targetscan","MIMAT0019227","hsa-miR-3922-5p","AGER","177","ENSG00000204305","-0.37","predicted"
6,"hsa-miR-3922-5p","CAAGGCC",5,"targetscan","MIMAT0019227","hsa-miR-3922-5p","OSBPL2","9885","ENSG00000130703","-0.37","predicted"
6,"hsa-miR-3922-5p","CAAGGCC",5,"targetscan","MIMAT0019227","hsa-miR-3922-5p","ELMOD3","84173","ENSG00000115459","-0.372","predicted"
6,"hsa-miR-3922-5p","CAAGGCC",5,"targetscan","MIMAT0019227","hsa-miR-3922-5p","RHNO1","83695","ENSG00000171792","-0.372","predicted"
6,"hsa-miR-3922-5p","CAAGGCC",5,"targetscan","MIMAT0019227","hsa-miR-3922-5p","TRIM23","373","ENSG00000113595","-0.373","predicted"
6,"hsa-miR-3922-5p","CAAGGCC",5,"targetscan","MIMAT0019227","hsa-miR-3922-5p","ARL15","54622","ENSG00000185305","-0.373","predicted"
6,"hsa-miR-3922-5p","CAAGGCC",5,"targetscan","MIMAT0019227","hsa-miR-3922-5p","TCEAL4","79921","ENSG00000133142","-0.373","predicted"
6,"hsa-miR-3922-5p","CAAGGCC",5,"targetscan","MIMAT0019227","hsa-miR-3922-5p","CCDC103","388389","ENSG00000167131","-0.374","predicted"
6,"hsa-miR-3922-5p","CAAGGCC",5,"targetscan","MIMAT0019227","hsa-miR-3922-5p","CRIP1","1396","ENSG00000213145","-0.374","predicted"
6,"hsa-miR-3922-5p","CAAGGCC",5,"targetscan","MIMAT0019227","hsa-miR-3922-5p","BRIX1","55299","ENSG00000113460","-0.374","predicted"
6,"hsa-miR-3922-5p","CAAGGCC",5,"targetscan","MIMAT0019227","hsa-miR-3922-5p","P4HA3","283208","ENSG00000149380","-0.375","predicted"
6,"hsa-miR-3922-5p","CAAGGCC",5,"targetscan","MIMAT0019227","hsa-miR-3922-5p","NPC2","10577","ENSG00000119655","-0.375","predicted"
6,"hsa-miR-3922-5p","CAAGGCC",5,"targetscan","MIMAT0019227","hsa-miR-3922-5p","LRRC74B","400891","ENSG00000187905","-0.375","predicted"
6,"hsa-miR-3922-5p","CAAGGCC",5,"targetscan","MIMAT0019227","hsa-miR-3922-5p","MRTFA","57591","ENSG00000196588","-0.375","predicted"
6,"hsa-miR-3922-5p","CAAGGCC",5,"targetscan","MIMAT0019227","hsa-miR-3922-5p","TSKU","25987","ENSG00000182704","-0.378","predicted"
6,"hsa-miR-3922-5p","CAAGGCC",5,"targetscan","MIMAT0019227","hsa-miR-3922-5p","TMEM217","221468","ENSG00000172738","-0.378","predicted"
6,"hsa-miR-3922-5p","CAAGGCC",5,"targetscan","MIMAT0019227","hsa-miR-3922-5p","IRX5","10265","ENSG00000176842","-0.381","predicted"
6,"hsa-miR-3922-5p","CAAGGCC",5,"targetscan","MIMAT0019227","hsa-miR-3922-5p","TMEM82","388595","ENSG00000162460","-0.382","predicted"
6,"hsa-miR-3922-5p","CAAGGCC",5,"targetscan","MIMAT0019227","hsa-miR-3922-5p","BUB1B","701","ENSG00000156970","-0.383","predicted"
6,"hsa-miR-3922-5p","CAAGGCC",5,"targetscan","MIMAT0019227","hsa-miR-3922-5p","ZDHHC22","283576","ENSG00000177108","-0.383","predicted"
6,"hsa-miR-3922-5p","CAAGGCC",5,"targetscan","MIMAT0019227","hsa-miR-3922-5p","KRT32","3882","ENSG00000108759","-0.385","predicted"
6,"hsa-miR-3922-5p","CAAGGCC",5,"targetscan","MIMAT0019227","hsa-miR-3922-5p","POLM","27434","ENSG00000122678","-0.385","predicted"
6,"hsa-miR-3922-5p","CAAGGCC",5,"targetscan","MIMAT0019227","hsa-miR-3922-5p","TMEM38A","79041","ENSG00000072954","-0.386","predicted"
6,"hsa-miR-3922-5p","CAAGGCC",5,"targetscan","MIMAT0019227","hsa-miR-3922-5p","EDN3","1908","ENSG00000124205","-0.387","predicted"
6,"hsa-miR-3922-5p","CAAGGCC",5,"targetscan","MIMAT0019227","hsa-miR-3922-5p","GSTT1",NA,"ENSG00000184674","-0.389","predicted"
6,"hsa-miR-3922-5p","CAAGGCC",5,"targetscan","MIMAT0019227","hsa-miR-3922-5p","ZNF571","51276","ENSG00000180479","-0.39","predicted"
6,"hsa-miR-3922-5p","CAAGGCC",5,"targetscan","MIMAT0019227","hsa-miR-3922-5p","OCLM","10896","ENSG00000262180","-0.39","predicted"
6,"hsa-miR-3922-5p","CAAGGCC",5,"targetscan","MIMAT0019227","hsa-miR-3922-5p","RXRB","6257","ENSG00000204231","-0.392","predicted"
6,"hsa-miR-3922-5p","CAAGGCC",5,"targetscan","MIMAT0019227","hsa-miR-3922-5p","ALG1","56052","ENSG00000033011","-0.394","predicted"
6,"hsa-miR-3922-5p","CAAGGCC",5,"targetscan","MIMAT0019227","hsa-miR-3922-5p","C10orf105","414152","ENSG00000214688","-0.395","predicted"
6,"hsa-miR-3922-5p","CAAGGCC",5,"targetscan","MIMAT0019227","hsa-miR-3922-5p","VPS33A","65082","ENSG00000139719","-0.396","predicted"
6,"hsa-miR-3922-5p","CAAGGCC",5,"targetscan","MIMAT0019227","hsa-miR-3922-5p","LRMDA","83938","ENSG00000148655","-0.397","predicted"
6,"hsa-miR-3922-5p","CAAGGCC",5,"targetscan","MIMAT0019227","hsa-miR-3922-5p","VTCN1","79679","ENSG00000134258","-0.399","predicted"
6,"hsa-miR-3922-5p","CAAGGCC",5,"targetscan","MIMAT0019227","hsa-miR-3922-5p","HEXIM2","124790","ENSG00000168517","-0.399","predicted"
6,"hsa-miR-3922-5p","CAAGGCC",5,"targetscan","MIMAT0019227","hsa-miR-3922-5p","CLDN4","1364","ENSG00000189143","-0.402","predicted"
6,"hsa-miR-3922-5p","CAAGGCC",5,"targetscan","MIMAT0019227","hsa-miR-3922-5p","FAM216B","144809","ENSG00000179813","-0.402","predicted"
6,"hsa-miR-3922-5p","CAAGGCC",5,"targetscan","MIMAT0019227","hsa-miR-3922-5p","TES","26136","ENSG00000135269","-0.403","predicted"
6,"hsa-miR-3922-5p","CAAGGCC",5,"targetscan","MIMAT0019227","hsa-miR-3922-5p","SPMIP8","374739","ENSG00000159648","-0.403","predicted"
6,"hsa-miR-3922-5p","CAAGGCC",5,"targetscan","MIMAT0019227","hsa-miR-3922-5p","EMILIN3","90187","ENSG00000183798","-0.404","predicted"
6,"hsa-miR-3922-5p","CAAGGCC",5,"targetscan","MIMAT0019227","hsa-miR-3922-5p","MKS1","54903","ENSG00000011143","-0.404","predicted"
6,"hsa-miR-3922-5p","CAAGGCC",5,"targetscan","MIMAT0019227","hsa-miR-3922-5p","TEDDM1","127670","ENSG00000203730","-0.404","predicted"
6,"hsa-miR-3922-5p","CAAGGCC",5,"targetscan","MIMAT0019227","hsa-miR-3922-5p","GP2","2813","ENSG00000169347","-0.405","predicted"
6,"hsa-miR-3922-5p","CAAGGCC",5,"targetscan","MIMAT0019227","hsa-miR-3922-5p","INIP","58493","ENSG00000148153","-0.406","predicted"
6,"hsa-miR-3922-5p","CAAGGCC",5,"targetscan","MIMAT0019227","hsa-miR-3922-5p","ARSI","340075","ENSG00000183876","-0.406","predicted"
6,"hsa-miR-3922-5p","CAAGGCC",5,"targetscan","MIMAT0019227","hsa-miR-3922-5p","PLA2G4C","8605","ENSG00000105499","-0.407","predicted"
6,"hsa-miR-3922-5p","CAAGGCC",5,"targetscan","MIMAT0019227","hsa-miR-3922-5p","KRTAP5-8","57830","ENSG00000241233","-0.407","predicted"
6,"hsa-miR-3922-5p","CAAGGCC",5,"targetscan","MIMAT0019227","hsa-miR-3922-5p","MRPS33","51650","ENSG00000090263","-0.414","predicted"
6,"hsa-miR-3922-5p","CAAGGCC",5,"targetscan","MIMAT0019227","hsa-miR-3922-5p","ENSA","2029","ENSG00000143420","-0.414","predicted"
6,"hsa-miR-3922-5p","CAAGGCC",5,"targetscan","MIMAT0019227","hsa-miR-3922-5p","EFCC1","79825","ENSG00000114654","-0.417","predicted"
6,"hsa-miR-3922-5p","CAAGGCC",5,"targetscan","MIMAT0019227","hsa-miR-3922-5p","TPRXL","348825","ENSG00000180438","-0.417","predicted"
6,"hsa-miR-3922-5p","CAAGGCC",5,"targetscan","MIMAT0019227","hsa-miR-3922-5p","KIFBP","26128","ENSG00000198954","-0.417","predicted"
6,"hsa-miR-3922-5p","CAAGGCC",5,"targetscan","MIMAT0019227","hsa-miR-3922-5p","LINC02872","401535","ENSG00000204446","-0.418","predicted"
6,"hsa-miR-3922-5p","CAAGGCC",5,"targetscan","MIMAT0019227","hsa-miR-3922-5p","RGS14","10636","ENSG00000169220","-0.421","predicted"
6,"hsa-miR-3922-5p","CAAGGCC",5,"targetscan","MIMAT0019227","hsa-miR-3922-5p","ICA1L","130026","ENSG00000163596","-0.422","predicted"
6,"hsa-miR-3922-5p","CAAGGCC",5,"targetscan","MIMAT0019227","hsa-miR-3922-5p","RP11-379H8.1",NA,"ENSG00000261086","-0.424","predicted"
6,"hsa-miR-3922-5p","CAAGGCC",5,"targetscan","MIMAT0019227","hsa-miR-3922-5p","ARSJ","79642","ENSG00000180801","-0.425","predicted"
6,"hsa-miR-3922-5p","CAAGGCC",5,"targetscan","MIMAT0019227","hsa-miR-3922-5p","ZNF586","54807","ENSG00000083828","-0.425","predicted"
6,"hsa-miR-3922-5p","CAAGGCC",5,"targetscan","MIMAT0019227","hsa-miR-3922-5p","TNFRSF10A","8797","ENSG00000104689","-0.427","predicted"
6,"hsa-miR-3922-5p","CAAGGCC",5,"targetscan","MIMAT0019227","hsa-miR-3922-5p","TPM2","7169","ENSG00000198467","-0.428","predicted"
6,"hsa-miR-3922-5p","CAAGGCC",5,"targetscan","MIMAT0019227","hsa-miR-3922-5p","HMBS","3145","ENSG00000256269","-0.428","predicted"
6,"hsa-miR-3922-5p","CAAGGCC",5,"targetscan","MIMAT0019227","hsa-miR-3922-5p","HSPB3","8988","ENSG00000169271","-0.429","predicted"
6,"hsa-miR-3922-5p","CAAGGCC",5,"targetscan","MIMAT0019227","hsa-miR-3922-5p","RAB10","10890","ENSG00000084733","-0.429","predicted"
6,"hsa-miR-3922-5p","CAAGGCC",5,"targetscan","MIMAT0019227","hsa-miR-3922-5p","ZNF667","63934","ENSG00000198046","-0.429","predicted"
6,"hsa-miR-3922-5p","CAAGGCC",5,"targetscan","MIMAT0019227","hsa-miR-3922-5p","PRKD2","25865","ENSG00000105287","-0.431","predicted"
6,"hsa-miR-3922-5p","CAAGGCC",5,"targetscan","MIMAT0019227","hsa-miR-3922-5p","KIR2DL4","3805","ENSG00000189013","-0.431","predicted"
6,"hsa-miR-3922-5p","CAAGGCC",5,"targetscan","MIMAT0019227","hsa-miR-3922-5p","OTOA","146183","ENSG00000155719","-0.431","predicted"
6,"hsa-miR-3922-5p","CAAGGCC",5,"targetscan","MIMAT0019227","hsa-miR-3922-5p","CYP4F11","57834","ENSG00000171903","-0.433","predicted"
6,"hsa-miR-3922-5p","CAAGGCC",5,"targetscan","MIMAT0019227","hsa-miR-3922-5p","",NA,"ENSG00000204422","-0.435","predicted"
6,"hsa-miR-3922-5p","CAAGGCC",5,"targetscan","MIMAT0019227","hsa-miR-3922-5p","ABHD15","116236","ENSG00000168792","-0.437","predicted"
6,"hsa-miR-3922-5p","CAAGGCC",5,"targetscan","MIMAT0019227","hsa-miR-3922-5p","MOCS2","4338","ENSG00000164172","-0.438","predicted"
6,"hsa-miR-3922-5p","CAAGGCC",5,"targetscan","MIMAT0019227","hsa-miR-3922-5p","GID4","79018","ENSG00000141034","-0.439","predicted"
6,"hsa-miR-3922-5p","CAAGGCC",5,"targetscan","MIMAT0019227","hsa-miR-3922-5p","KCNJ8","3764","ENSG00000121361","-0.44","predicted"
6,"hsa-miR-3922-5p","CAAGGCC",5,"targetscan","MIMAT0019227","hsa-miR-3922-5p","DCUN1D5","84259","ENSG00000137692","-0.441","predicted"
6,"hsa-miR-3922-5p","CAAGGCC",5,"targetscan","MIMAT0019227","hsa-miR-3922-5p","FBXL9P",NA,"ENSG00000125122","-0.441","predicted"
6,"hsa-miR-3922-5p","CAAGGCC",5,"targetscan","MIMAT0019227","hsa-miR-3922-5p","COASY","80347","ENSG00000068120","-0.442","predicted"
6,"hsa-miR-3922-5p","CAAGGCC",5,"targetscan","MIMAT0019227","hsa-miR-3922-5p","ASAH2B","653308","ENSG00000204147","-0.443","predicted"
6,"hsa-miR-3922-5p","CAAGGCC",5,"targetscan","MIMAT0019227","hsa-miR-3922-5p","BLCAP","10904","ENSG00000166619","-0.446","predicted"
6,"hsa-miR-3922-5p","CAAGGCC",5,"targetscan","MIMAT0019227","hsa-miR-3922-5p","ZNF205","7755","ENSG00000122386","-0.446","predicted"
6,"hsa-miR-3922-5p","CAAGGCC",5,"targetscan","MIMAT0019227","hsa-miR-3922-5p","ZNF396","252884","ENSG00000186496","-0.446","predicted"
6,"hsa-miR-3922-5p","CAAGGCC",5,"targetscan","MIMAT0019227","hsa-miR-3922-5p","SSPN","8082","ENSG00000123096","-0.447","predicted"
6,"hsa-miR-3922-5p","CAAGGCC",5,"targetscan","MIMAT0019227","hsa-miR-3922-5p","ZNF74","7625","ENSG00000185252","-0.448","predicted"
6,"hsa-miR-3922-5p","CAAGGCC",5,"targetscan","MIMAT0019227","hsa-miR-3922-5p","TLCD2","727910","ENSG00000185561","-0.448","predicted"
6,"hsa-miR-3922-5p","CAAGGCC",5,"targetscan","MIMAT0019227","hsa-miR-3922-5p","GADD45B","4616","ENSG00000099860","-0.448","predicted"
6,"hsa-miR-3922-5p","CAAGGCC",5,"targetscan","MIMAT0019227","hsa-miR-3922-5p","TMEM223","79064","ENSG00000168569","-0.45","predicted"
6,"hsa-miR-3922-5p","CAAGGCC",5,"targetscan","MIMAT0019227","hsa-miR-3922-5p","TP53","7157","ENSG00000141510","-0.453","predicted"
6,"hsa-miR-3922-5p","CAAGGCC",5,"targetscan","MIMAT0019227","hsa-miR-3922-5p","EML3","256364","ENSG00000149499","-0.453","predicted"
6,"hsa-miR-3922-5p","CAAGGCC",5,"targetscan","MIMAT0019227","hsa-miR-3922-5p","NOP9","161424","ENSG00000196943","-0.455","predicted"
6,"hsa-miR-3922-5p","CAAGGCC",5,"targetscan","MIMAT0019227","hsa-miR-3922-5p","NIP7","51388","ENSG00000132603","-0.456","predicted"
6,"hsa-miR-3922-5p","CAAGGCC",5,"targetscan","MIMAT0019227","hsa-miR-3922-5p","MIEF1","54471","ENSG00000100335","-0.456","predicted"
6,"hsa-miR-3922-5p","CAAGGCC",5,"targetscan","MIMAT0019227","hsa-miR-3922-5p","PPP2R1A","5518","ENSG00000105568","-0.458","predicted"
6,"hsa-miR-3922-5p","CAAGGCC",5,"targetscan","MIMAT0019227","hsa-miR-3922-5p","ABCG5","64240","ENSG00000138075","-0.458","predicted"
6,"hsa-miR-3922-5p","CAAGGCC",5,"targetscan","MIMAT0019227","hsa-miR-3922-5p","HNRNPF","3185","ENSG00000169813","-0.459","predicted"
6,"hsa-miR-3922-5p","CAAGGCC",5,"targetscan","MIMAT0019227","hsa-miR-3922-5p","MTRES1","51250","ENSG00000130349","-0.459","predicted"
6,"hsa-miR-3922-5p","CAAGGCC",5,"targetscan","MIMAT0019227","hsa-miR-3922-5p","KCNK17","89822","ENSG00000124780","-0.461","predicted"
6,"hsa-miR-3922-5p","CAAGGCC",5,"targetscan","MIMAT0019227","hsa-miR-3922-5p","",NA,"ENSG00000111780","-0.461","predicted"
6,"hsa-miR-3922-5p","CAAGGCC",5,"targetscan","MIMAT0019227","hsa-miR-3922-5p","TERF2IP","54386","ENSG00000166848","-0.465","predicted"
6,"hsa-miR-3922-5p","CAAGGCC",5,"targetscan","MIMAT0019227","hsa-miR-3922-5p","NMNAT3","349565","ENSG00000163864","-0.465","predicted"
6,"hsa-miR-3922-5p","CAAGGCC",5,"targetscan","MIMAT0019227","hsa-miR-3922-5p","STX2","2054","ENSG00000111450","-0.471","predicted"
6,"hsa-miR-3922-5p","CAAGGCC",5,"targetscan","MIMAT0019227","hsa-miR-3922-5p","BTF3L4","91408","ENSG00000134717","-0.471","predicted"
6,"hsa-miR-3922-5p","CAAGGCC",5,"targetscan","MIMAT0019227","hsa-miR-3922-5p","TBX22","50945","ENSG00000122145","-0.475","predicted"
6,"hsa-miR-3922-5p","CAAGGCC",5,"targetscan","MIMAT0019227","hsa-miR-3922-5p","ZNF589","51385","ENSG00000164048","-0.475","predicted"
6,"hsa-miR-3922-5p","CAAGGCC",5,"targetscan","MIMAT0019227","hsa-miR-3922-5p","B4GAT1","11041","ENSG00000174684","-0.479","predicted"
6,"hsa-miR-3922-5p","CAAGGCC",5,"targetscan","MIMAT0019227","hsa-miR-3922-5p","CD47","961","ENSG00000196776","-0.48","predicted"
6,"hsa-miR-3922-5p","CAAGGCC",5,"targetscan","MIMAT0019227","hsa-miR-3922-5p","CPB1","1360","ENSG00000153002","-0.48","predicted"
6,"hsa-miR-3922-5p","CAAGGCC",5,"targetscan","MIMAT0019227","hsa-miR-3922-5p","GAGE1","2543","ENSG00000205777","-0.481","predicted"
6,"hsa-miR-3922-5p","CAAGGCC",5,"targetscan","MIMAT0019227","hsa-miR-3922-5p","MTERF1","7978","ENSG00000127989","-0.481","predicted"
6,"hsa-miR-3922-5p","CAAGGCC",5,"targetscan","MIMAT0019227","hsa-miR-3922-5p","IL1F10","84639","ENSG00000136697","-0.483","predicted"
6,"hsa-miR-3922-5p","CAAGGCC",5,"targetscan","MIMAT0019227","hsa-miR-3922-5p","NABP1","64859","ENSG00000173559","-0.484","predicted"
6,"hsa-miR-3922-5p","CAAGGCC",5,"targetscan","MIMAT0019227","hsa-miR-3922-5p","GATC","283459","ENSG00000257218","-0.484","predicted"
6,"hsa-miR-3922-5p","CAAGGCC",5,"targetscan","MIMAT0019227","hsa-miR-3922-5p","KIR3DL3","115653","ENSG00000242019","-0.485","predicted"
6,"hsa-miR-3922-5p","CAAGGCC",5,"targetscan","MIMAT0019227","hsa-miR-3922-5p","FLI1","2313","ENSG00000151702","-0.486","predicted"
6,"hsa-miR-3922-5p","CAAGGCC",5,"targetscan","MIMAT0019227","hsa-miR-3922-5p","KLHL34","257240","ENSG00000185915","-0.494","predicted"
6,"hsa-miR-3922-5p","CAAGGCC",5,"targetscan","MIMAT0019227","hsa-miR-3922-5p","PPP1R21","129285","ENSG00000162869","-0.497","predicted"
6,"hsa-miR-3922-5p","CAAGGCC",5,"targetscan","MIMAT0019227","hsa-miR-3922-5p","KRTAP2-1","81872","ENSG00000212725","-0.5","predicted"
6,"hsa-miR-3922-5p","CAAGGCC",5,"targetscan","MIMAT0019227","hsa-miR-3922-5p","RRP9","9136","ENSG00000114767","-0.505","predicted"
6,"hsa-miR-3922-5p","CAAGGCC",5,"targetscan","MIMAT0019227","hsa-miR-3922-5p","DPPA2","151871","ENSG00000163530","-0.506","predicted"
6,"hsa-miR-3922-5p","CAAGGCC",5,"targetscan","MIMAT0019227","hsa-miR-3922-5p","TMEM37","140738","ENSG00000171227","-0.511","predicted"
6,"hsa-miR-3922-5p","CAAGGCC",5,"targetscan","MIMAT0019227","hsa-miR-3922-5p","AGO2","27161","ENSG00000123908","-0.512","predicted"
6,"hsa-miR-3922-5p","CAAGGCC",5,"targetscan","MIMAT0019227","hsa-miR-3922-5p","ERG","2078","ENSG00000157554","-0.515","predicted"
6,"hsa-miR-3922-5p","CAAGGCC",5,"targetscan","MIMAT0019227","hsa-miR-3922-5p","MGST2","4258","ENSG00000085871","-0.517","predicted"
6,"hsa-miR-3922-5p","CAAGGCC",5,"targetscan","MIMAT0019227","hsa-miR-3922-5p","PGS1","9489","ENSG00000087157","-0.518","predicted"
6,"hsa-miR-3922-5p","CAAGGCC",5,"targetscan","MIMAT0019227","hsa-miR-3922-5p","NF2","4771","ENSG00000186575","-0.52","predicted"
6,"hsa-miR-3922-5p","CAAGGCC",5,"targetscan","MIMAT0019227","hsa-miR-3922-5p","NAGS","162417","ENSG00000161653","-0.521","predicted"
6,"hsa-miR-3922-5p","CAAGGCC",5,"targetscan","MIMAT0019227","hsa-miR-3922-5p","ANKH","56172","ENSG00000154122","-0.525","predicted"
6,"hsa-miR-3922-5p","CAAGGCC",5,"targetscan","MIMAT0019227","hsa-miR-3922-5p","NAP1L1","4673","ENSG00000187109","-0.527","predicted"
6,"hsa-miR-3922-5p","CAAGGCC",5,"targetscan","MIMAT0019227","hsa-miR-3922-5p","AGR2","10551","ENSG00000106541","-0.528","predicted"
6,"hsa-miR-3922-5p","CAAGGCC",5,"targetscan","MIMAT0019227","hsa-miR-3922-5p","RFK","55312","ENSG00000135002","-0.533","predicted"
6,"hsa-miR-3922-5p","CAAGGCC",5,"targetscan","MIMAT0019227","hsa-miR-3922-5p","TPD52L1","7164","ENSG00000111907","-0.536","predicted"
6,"hsa-miR-3922-5p","CAAGGCC",5,"targetscan","MIMAT0019227","hsa-miR-3922-5p","HDDC3","374659","ENSG00000184508","-0.54","predicted"
6,"hsa-miR-3922-5p","CAAGGCC",5,"targetscan","MIMAT0019227","hsa-miR-3922-5p","RFK","55312","ENSG00000135002","-0.544","predicted"
6,"hsa-miR-3922-5p","CAAGGCC",5,"targetscan","MIMAT0019227","hsa-miR-3922-5p","HNRNPH1","3187","ENSG00000169045","-0.552","predicted"
6,"hsa-miR-3922-5p","CAAGGCC",5,"targetscan","MIMAT0019227","hsa-miR-3922-5p","CHRNA1","1134","ENSG00000138435","-0.552","predicted"
6,"hsa-miR-3922-5p","CAAGGCC",5,"targetscan","MIMAT0019227","hsa-miR-3922-5p","CCL13","6357","ENSG00000181374","-0.552","predicted"
6,"hsa-miR-3922-5p","CAAGGCC",5,"targetscan","MIMAT0019227","hsa-miR-3922-5p","RP11-268J15.5",NA,"ENSG00000116883","-0.552","predicted"
6,"hsa-miR-3922-5p","CAAGGCC",5,"targetscan","MIMAT0019227","hsa-miR-3922-5p","BBLN","79095","ENSG00000171159","-0.555","predicted"
6,"hsa-miR-3922-5p","CAAGGCC",5,"targetscan","MIMAT0019227","hsa-miR-3922-5p","C1orf210","149466","ENSG00000253313","-0.56","predicted"
6,"hsa-miR-3922-5p","CAAGGCC",5,"targetscan","MIMAT0019227","hsa-miR-3922-5p","BTG1","694","ENSG00000133639","-0.57","predicted"
6,"hsa-miR-3922-5p","CAAGGCC",5,"targetscan","MIMAT0019227","hsa-miR-3922-5p","RNF214","257160","ENSG00000167257","-0.583","predicted"
6,"hsa-miR-3922-5p","CAAGGCC",5,"targetscan","MIMAT0019227","hsa-miR-3922-5p","COQ2","27235","ENSG00000173085","-0.584","predicted"
6,"hsa-miR-3922-5p","CAAGGCC",5,"targetscan","MIMAT0019227","hsa-miR-3922-5p","STPG1","90529","ENSG00000001460","-0.596","predicted"
6,"hsa-miR-3922-5p","CAAGGCC",5,"targetscan","MIMAT0019227","hsa-miR-3922-5p","GALT","2592","ENSG00000213930","-0.604","predicted"
6,"hsa-miR-3922-5p","CAAGGCC",5,"targetscan","MIMAT0019227","hsa-miR-3922-5p","COX15","1355","ENSG00000014919","-0.605","predicted"
6,"hsa-miR-3922-5p","CAAGGCC",5,"targetscan","MIMAT0019227","hsa-miR-3922-5p","H2AC13","8329","ENSG00000196747","-0.61","predicted"
6,"hsa-miR-3922-5p","CAAGGCC",5,"targetscan","MIMAT0019227","hsa-miR-3922-5p","NUDT10","170685","ENSG00000122824","-0.633","predicted"
6,"hsa-miR-3922-5p","CAAGGCC",5,"targetscan","MIMAT0019227","hsa-miR-3922-5p","HILPDA","29923","ENSG00000135245","-0.634","predicted"
6,"hsa-miR-3922-5p","CAAGGCC",5,"targetscan","MIMAT0019227","hsa-miR-3922-5p","SMIM19","114926","ENSG00000176209","-0.642","predicted"
6,"hsa-miR-3922-5p","CAAGGCC",5,"targetscan","MIMAT0019227","hsa-miR-3922-5p","ZNF195","7748","ENSG00000005801","-0.644","predicted"
6,"hsa-miR-3922-5p","CAAGGCC",5,"targetscan","MIMAT0019227","hsa-miR-3922-5p","MB21D2","151963","ENSG00000180611","-0.65","predicted"
6,"hsa-miR-3922-5p","CAAGGCC",5,"targetscan","MIMAT0019227","hsa-miR-3922-5p","COPB1","1315","ENSG00000129083","-0.684","predicted"
6,"hsa-miR-3922-5p","CAAGGCC",5,"targetscan","MIMAT0019227","hsa-miR-3922-5p","GALT","2592","ENSG00000213930","-0.698","predicted"
6,"hsa-miR-3922-5p","CAAGGCC",5,"targetscan","MIMAT0019227","hsa-miR-3922-5p","FAM163B","642968","ENSG00000196990","-0.718","predicted"
6,"hsa-miR-3922-5p","CAAGGCC",5,"targetscan","MIMAT0019227","hsa-miR-3922-5p","ARL15","54622","ENSG00000185305","-0.729","predicted"
6,"hsa-miR-3922-5p","CAAGGCC",5,"targetscan","MIMAT0019227","hsa-miR-3922-5p","HBE1","3046","ENSG00000213931","-0.735","predicted"
6,"hsa-miR-3922-5p","CAAGGCC",5,"targetscan","MIMAT0019227","hsa-miR-3922-5p","HBB","3043","ENSG00000244734","-0.755","predicted"
6,"hsa-miR-3922-5p","CAAGGCC",5,"targetscan","MIMAT0019227","hsa-miR-3922-5p","FKBP3","2287","ENSG00000100442","-0.815","predicted"
6,"hsa-miR-3922-5p","CAAGGCC",5,"targetscan","MIMAT0019227","hsa-miR-3922-5p","C12orf57","113246","ENSG00000111678","-0.828","predicted"
