"sequence_rank","queried_miRNA","circRNA_seed_2_8","circRNA_weighted_seed_score","database","mature_mirna_acc","mature_mirna_id","target_symbol","target_entrez","target_ensembl","score","type"
2,"hsa-miR-5197-5p","AAUGGCA",6,"targetscan","MIMAT0021130","hsa-miR-5197-5p","CHSY1","22856","ENSG00000131873","-0.178","predicted"
2,"hsa-miR-5197-5p","AAUGGCA",6,"targetscan","MIMAT0021130","hsa-miR-5197-5p","ADH6","130","ENSG00000172955","-0.178","predicted"
2,"hsa-miR-5197-5p","AAUGGCA",6,"targetscan","MIMAT0021130","hsa-miR-5197-5p","DNAJA1","3301","ENSG00000086061","-0.178","predicted"
2,"hsa-miR-5197-5p","AAUGGCA",6,"targetscan","MIMAT0021130","hsa-miR-5197-5p","FOXN2","3344","ENSG00000170802","-0.178","predicted"
2,"hsa-miR-5197-5p","AAUGGCA",6,"targetscan","MIMAT0021130","hsa-miR-5197-5p","LETM1","3954","ENSG00000168924","-0.178","predicted"
2,"hsa-miR-5197-5p","AAUGGCA",6,"targetscan","MIMAT0021130","hsa-miR-5197-5p","EXD2","55218","ENSG00000081177","-0.178","predicted"
2,"hsa-miR-5197-5p","AAUGGCA",6,"targetscan","MIMAT0021130","hsa-miR-5197-5p","YOD1","55432","ENSG00000180667","-0.178","predicted"
2,"hsa-miR-5197-5p","AAUGGCA",6,"targetscan","MIMAT0021130","hsa-miR-5197-5p","CREBZF","58487","ENSG00000137504","-0.178","predicted"
2,"hsa-miR-5197-5p","AAUGGCA",6,"targetscan","MIMAT0021130","hsa-miR-5197-5p","SMIM14","201895","ENSG00000163683","-0.178","predicted"
2,"hsa-miR-5197-5p","AAUGGCA",6,"targetscan","MIMAT0021130","hsa-miR-5197-5p","TIPRL","261726","ENSG00000143155","-0.178","predicted"
2,"hsa-miR-5197-5p","AAUGGCA",6,"targetscan","MIMAT0021130","hsa-miR-5197-5p","SLC30A9","10463","ENSG00000014824","-0.178","predicted"
2,"hsa-miR-5197-5p","AAUGGCA",6,"targetscan","MIMAT0021130","hsa-miR-5197-5p","MAB21L4","79919","ENSG00000172478","-0.178","predicted"
2,"hsa-miR-5197-5p","AAUGGCA",6,"targetscan","MIMAT0021130","hsa-miR-5197-5p","DELE1","9812","ENSG00000081791","-0.178","predicted"
2,"hsa-miR-5197-5p","AAUGGCA",6,"targetscan","MIMAT0021130","hsa-miR-5197-5p","BTG3","10950","ENSG00000154640","-0.179","predicted"
2,"hsa-miR-5197-5p","AAUGGCA",6,"targetscan","MIMAT0021130","hsa-miR-5197-5p","CDK4","1019","ENSG00000135446","-0.179","predicted"
2,"hsa-miR-5197-5p","AAUGGCA",6,"targetscan","MIMAT0021130","hsa-miR-5197-5p","DTL","51514","ENSG00000143476","-0.179","predicted"
2,"hsa-miR-5197-5p","AAUGGCA",6,"targetscan","MIMAT0021130","hsa-miR-5197-5p","IGSF3","3321","ENSG00000143061","-0.179","predicted"
2,"hsa-miR-5197-5p","AAUGGCA",6,"targetscan","MIMAT0021130","hsa-miR-5197-5p","PON3","5446","ENSG00000105852","-0.179","predicted"
2,"hsa-miR-5197-5p","AAUGGCA",6,"targetscan","MIMAT0021130","hsa-miR-5197-5p","IST1","9798","ENSG00000182149","-0.179","predicted"
2,"hsa-miR-5197-5p","AAUGGCA",6,"targetscan","MIMAT0021130","hsa-miR-5197-5p","SRSF10","10772","ENSG00000188529","-0.179","predicted"
2,"hsa-miR-5197-5p","AAUGGCA",6,"targetscan","MIMAT0021130","hsa-miR-5197-5p","ZC3H4","23211","ENSG00000130749","-0.179","predicted"
2,"hsa-miR-5197-5p","AAUGGCA",6,"targetscan","MIMAT0021130","hsa-miR-5197-5p","NAPEPLD","222236","ENSG00000161048","-0.179","predicted"
2,"hsa-miR-5197-5p","AAUGGCA",6,"targetscan","MIMAT0021130","hsa-miR-5197-5p","CX3CL1","6376","ENSG00000006210","-0.179","predicted"
2,"hsa-miR-5197-5p","AAUGGCA",6,"targetscan","MIMAT0021130","hsa-miR-5197-5p","CABLES2","81928","ENSG00000149679","-0.179","predicted"
2,"hsa-miR-5197-5p","AAUGGCA",6,"targetscan","MIMAT0021130","hsa-miR-5197-5p","PRCD","768206","ENSG00000214140","-0.179","predicted"
2,"hsa-miR-5197-5p","AAUGGCA",6,"targetscan","MIMAT0021130","hsa-miR-5197-5p","NFATC2IP","84901","ENSG00000176953","-0.18","predicted"
2,"hsa-miR-5197-5p","AAUGGCA",6,"targetscan","MIMAT0021130","hsa-miR-5197-5p","RPL15","6138","ENSG00000174748","-0.18","predicted"
2,"hsa-miR-5197-5p","AAUGGCA",6,"targetscan","MIMAT0021130","hsa-miR-5197-5p","SOCS2","8835","ENSG00000120833","-0.18","predicted"
2,"hsa-miR-5197-5p","AAUGGCA",6,"targetscan","MIMAT0021130","hsa-miR-5197-5p","MFSD1","64747","ENSG00000118855","-0.18","predicted"
2,"hsa-miR-5197-5p","AAUGGCA",6,"targetscan","MIMAT0021130","hsa-miR-5197-5p","GPATCH11","253635","ENSG00000152133","-0.18","predicted"
2,"hsa-miR-5197-5p","AAUGGCA",6,"targetscan","MIMAT0021130","hsa-miR-5197-5p","NQO2","4835","ENSG00000124588","-0.18","predicted"
2,"hsa-miR-5197-5p","AAUGGCA",6,"targetscan","MIMAT0021130","hsa-miR-5197-5p","FTO","79068","ENSG00000140718","-0.18","predicted"
2,"hsa-miR-5197-5p","AAUGGCA",6,"targetscan","MIMAT0021130","hsa-miR-5197-5p","OSGEP","55644","ENSG00000092094","-0.18","predicted"
2,"hsa-miR-5197-5p","AAUGGCA",6,"targetscan","MIMAT0021130","hsa-miR-5197-5p","ZNF620","253639","ENSG00000177842","-0.18","predicted"
2,"hsa-miR-5197-5p","AAUGGCA",6,"targetscan","MIMAT0021130","hsa-miR-5197-5p","RPF2","84154","ENSG00000197498","-0.18","predicted"
2,"hsa-miR-5197-5p","AAUGGCA",6,"targetscan","MIMAT0021130","hsa-miR-5197-5p","WT1","7490","ENSG00000184937","-0.181","predicted"
2,"hsa-miR-5197-5p","AAUGGCA",6,"targetscan","MIMAT0021130","hsa-miR-5197-5p","CDR1","1038","ENSG00000184258","-0.181","predicted"
2,"hsa-miR-5197-5p","AAUGGCA",6,"targetscan","MIMAT0021130","hsa-miR-5197-5p","CHRNA5","1138","ENSG00000169684","-0.181","predicted"
2,"hsa-miR-5197-5p","AAUGGCA",6,"targetscan","MIMAT0021130","hsa-miR-5197-5p","SRSF6","6431","ENSG00000124193","-0.181","predicted"
2,"hsa-miR-5197-5p","AAUGGCA",6,"targetscan","MIMAT0021130","hsa-miR-5197-5p","SUPT3H","8464","ENSG00000196284","-0.181","predicted"
2,"hsa-miR-5197-5p","AAUGGCA",6,"targetscan","MIMAT0021130","hsa-miR-5197-5p","BCL10","8915","ENSG00000142867","-0.181","predicted"
2,"hsa-miR-5197-5p","AAUGGCA",6,"targetscan","MIMAT0021130","hsa-miR-5197-5p","ZNF280C","55609","ENSG00000056277","-0.181","predicted"
2,"hsa-miR-5197-5p","AAUGGCA",6,"targetscan","MIMAT0021130","hsa-miR-5197-5p","NSUN7","79730","ENSG00000179299","-0.181","predicted"
2,"hsa-miR-5197-5p","AAUGGCA",6,"targetscan","MIMAT0021130","hsa-miR-5197-5p","ARL5B","221079","ENSG00000165997","-0.181","predicted"
2,"hsa-miR-5197-5p","AAUGGCA",6,"targetscan","MIMAT0021130","hsa-miR-5197-5p","RBM14","10432","ENSG00000239306","-0.181","predicted"
2,"hsa-miR-5197-5p","AAUGGCA",6,"targetscan","MIMAT0021130","hsa-miR-5197-5p","TIMP4","7079","ENSG00000157150","-0.181","predicted"
2,"hsa-miR-5197-5p","AAUGGCA",6,"targetscan","MIMAT0021130","hsa-miR-5197-5p","LBX1","10660","ENSG00000138136","-0.181","predicted"
2,"hsa-miR-5197-5p","AAUGGCA",6,"targetscan","MIMAT0021130","hsa-miR-5197-5p","ACP3","55","ENSG00000014257","-0.181","predicted"
2,"hsa-miR-5197-5p","AAUGGCA",6,"targetscan","MIMAT0021130","hsa-miR-5197-5p","H2AC11","8969","ENSG00000196787","-0.181","predicted"
2,"hsa-miR-5197-5p","AAUGGCA",6,"targetscan","MIMAT0021130","hsa-miR-5197-5p","RPIA","22934","ENSG00000153574","-0.182","predicted"
2,"hsa-miR-5197-5p","AAUGGCA",6,"targetscan","MIMAT0021130","hsa-miR-5197-5p","TRIM23","373","ENSG00000113595","-0.182","predicted"
2,"hsa-miR-5197-5p","AAUGGCA",6,"targetscan","MIMAT0021130","hsa-miR-5197-5p","NR5A2","2494","ENSG00000116833","-0.182","predicted"
2,"hsa-miR-5197-5p","AAUGGCA",6,"targetscan","MIMAT0021130","hsa-miR-5197-5p","IL11","3589","ENSG00000095752","-0.182","predicted"
2,"hsa-miR-5197-5p","AAUGGCA",6,"targetscan","MIMAT0021130","hsa-miR-5197-5p","OPRK1","4986","ENSG00000082556","-0.182","predicted"
2,"hsa-miR-5197-5p","AAUGGCA",6,"targetscan","MIMAT0021130","hsa-miR-5197-5p","PROX1","5629","ENSG00000117707","-0.182","predicted"
2,"hsa-miR-5197-5p","AAUGGCA",6,"targetscan","MIMAT0021130","hsa-miR-5197-5p","UBE2N","7334","ENSG00000177889","-0.182","predicted"
2,"hsa-miR-5197-5p","AAUGGCA",6,"targetscan","MIMAT0021130","hsa-miR-5197-5p","ABCA8","10351","ENSG00000141338","-0.182","predicted"
2,"hsa-miR-5197-5p","AAUGGCA",6,"targetscan","MIMAT0021130","hsa-miR-5197-5p","DCUN1D4","23142","ENSG00000109184","-0.182","predicted"
2,"hsa-miR-5197-5p","AAUGGCA",6,"targetscan","MIMAT0021130","hsa-miR-5197-5p","NDFIP2","54602","ENSG00000102471","-0.182","predicted"
2,"hsa-miR-5197-5p","AAUGGCA",6,"targetscan","MIMAT0021130","hsa-miR-5197-5p","NDC1","55706","ENSG00000058804","-0.182","predicted"
2,"hsa-miR-5197-5p","AAUGGCA",6,"targetscan","MIMAT0021130","hsa-miR-5197-5p","OXNAD1","92106","ENSG00000154814","-0.182","predicted"
2,"hsa-miR-5197-5p","AAUGGCA",6,"targetscan","MIMAT0021130","hsa-miR-5197-5p","ZDHHC13","54503","ENSG00000177054","-0.182","predicted"
2,"hsa-miR-5197-5p","AAUGGCA",6,"targetscan","MIMAT0021130","hsa-miR-5197-5p","GOSR2","9570","ENSG00000108433","-0.182","predicted"
2,"hsa-miR-5197-5p","AAUGGCA",6,"targetscan","MIMAT0021130","hsa-miR-5197-5p","DCAF11","80344","ENSG00000100897","-0.182","predicted"
2,"hsa-miR-5197-5p","AAUGGCA",6,"targetscan","MIMAT0021130","hsa-miR-5197-5p","THBS2","7058","ENSG00000186340","-0.182","predicted"
2,"hsa-miR-5197-5p","AAUGGCA",6,"targetscan","MIMAT0021130","hsa-miR-5197-5p","POLR3F","10621","ENSG00000132664","-0.182","predicted"
2,"hsa-miR-5197-5p","AAUGGCA",6,"targetscan","MIMAT0021130","hsa-miR-5197-5p","ZNF527","84503","ENSG00000189164","-0.182","predicted"
2,"hsa-miR-5197-5p","AAUGGCA",6,"targetscan","MIMAT0021130","hsa-miR-5197-5p","JCAD","57608","ENSG00000165757","-0.182","predicted"
2,"hsa-miR-5197-5p","AAUGGCA",6,"targetscan","MIMAT0021130","hsa-miR-5197-5p","MSC-AS1","100132891","ENSG00000235531","-0.182","predicted"
2,"hsa-miR-5197-5p","AAUGGCA",6,"targetscan","MIMAT0021130","hsa-miR-5197-5p","PNN","5411","ENSG00000100941","-0.183","predicted"
2,"hsa-miR-5197-5p","AAUGGCA",6,"targetscan","MIMAT0021130","hsa-miR-5197-5p","CALU","813","ENSG00000128595","-0.183","predicted"
2,"hsa-miR-5197-5p","AAUGGCA",6,"targetscan","MIMAT0021130","hsa-miR-5197-5p","GUCY1A2","2977","ENSG00000152402","-0.183","predicted"
2,"hsa-miR-5197-5p","AAUGGCA",6,"targetscan","MIMAT0021130","hsa-miR-5197-5p","LEPR","3953","ENSG00000116678","-0.183","predicted"
2,"hsa-miR-5197-5p","AAUGGCA",6,"targetscan","MIMAT0021130","hsa-miR-5197-5p","ZNF28","7576","ENSG00000198538","-0.183","predicted"
2,"hsa-miR-5197-5p","AAUGGCA",6,"targetscan","MIMAT0021130","hsa-miR-5197-5p","DZIP1","22873","ENSG00000134874","-0.183","predicted"
2,"hsa-miR-5197-5p","AAUGGCA",6,"targetscan","MIMAT0021130","hsa-miR-5197-5p","ERP44","23071","ENSG00000023318","-0.183","predicted"
2,"hsa-miR-5197-5p","AAUGGCA",6,"targetscan","MIMAT0021130","hsa-miR-5197-5p","RRM2B","50484","ENSG00000048392","-0.183","predicted"
2,"hsa-miR-5197-5p","AAUGGCA",6,"targetscan","MIMAT0021130","hsa-miR-5197-5p","PARP6","56965","ENSG00000137817","-0.183","predicted"
2,"hsa-miR-5197-5p","AAUGGCA",6,"targetscan","MIMAT0021130","hsa-miR-5197-5p","FBXL17","64839","ENSG00000145743","-0.183","predicted"
2,"hsa-miR-5197-5p","AAUGGCA",6,"targetscan","MIMAT0021130","hsa-miR-5197-5p","PAQR3","152559","ENSG00000163291","-0.183","predicted"
2,"hsa-miR-5197-5p","AAUGGCA",6,"targetscan","MIMAT0021130","hsa-miR-5197-5p","SLC13A5","284111","ENSG00000141485","-0.183","predicted"
2,"hsa-miR-5197-5p","AAUGGCA",6,"targetscan","MIMAT0021130","hsa-miR-5197-5p","KMO","8564","ENSG00000117009","-0.183","predicted"
2,"hsa-miR-5197-5p","AAUGGCA",6,"targetscan","MIMAT0021130","hsa-miR-5197-5p","FAT1","2195","ENSG00000083857","-0.183","predicted"
2,"hsa-miR-5197-5p","AAUGGCA",6,"targetscan","MIMAT0021130","hsa-miR-5197-5p","NUDT4","11163","ENSG00000173598","-0.183","predicted"
2,"hsa-miR-5197-5p","AAUGGCA",6,"targetscan","MIMAT0021130","hsa-miR-5197-5p","SLC7A6OS","84138","ENSG00000103061","-0.183","predicted"
2,"hsa-miR-5197-5p","AAUGGCA",6,"targetscan","MIMAT0021130","hsa-miR-5197-5p","RPS19","6223","ENSG00000105372","-0.183","predicted"
2,"hsa-miR-5197-5p","AAUGGCA",6,"targetscan","MIMAT0021130","hsa-miR-5197-5p","","","ENSG00000111780","-0.183","predicted"
2,"hsa-miR-5197-5p","AAUGGCA",6,"targetscan","MIMAT0021130","hsa-miR-5197-5p","RTL8C","8933","ENSG00000134590","-0.183","predicted"
2,"hsa-miR-5197-5p","AAUGGCA",6,"targetscan","MIMAT0021130","hsa-miR-5197-5p","MIR4280HG","117751736","ENSG00000233828","-0.183","predicted"
2,"hsa-miR-5197-5p","AAUGGCA",6,"targetscan","MIMAT0021130","hsa-miR-5197-5p","PTMS","5763","ENSG00000159335","-0.184","predicted"
2,"hsa-miR-5197-5p","AAUGGCA",6,"targetscan","MIMAT0021130","hsa-miR-5197-5p","SUCO","51430","ENSG00000094975","-0.184","predicted"
2,"hsa-miR-5197-5p","AAUGGCA",6,"targetscan","MIMAT0021130","hsa-miR-5197-5p","EXOC2","55770","ENSG00000112685","-0.184","predicted"
2,"hsa-miR-5197-5p","AAUGGCA",6,"targetscan","MIMAT0021130","hsa-miR-5197-5p","SERAC1","84947","ENSG00000122335","-0.184","predicted"
2,"hsa-miR-5197-5p","AAUGGCA",6,"targetscan","MIMAT0021130","hsa-miR-5197-5p","TICRR","90381","ENSG00000140534","-0.184","predicted"
2,"hsa-miR-5197-5p","AAUGGCA",6,"targetscan","MIMAT0021130","hsa-miR-5197-5p","SOCS4","122809","ENSG00000180008","-0.184","predicted"
2,"hsa-miR-5197-5p","AAUGGCA",6,"targetscan","MIMAT0021130","hsa-miR-5197-5p","TMEM192","201931","ENSG00000170088","-0.184","predicted"
2,"hsa-miR-5197-5p","AAUGGCA",6,"targetscan","MIMAT0021130","hsa-miR-5197-5p","TPCN2","219931","ENSG00000162341","-0.184","predicted"
2,"hsa-miR-5197-5p","AAUGGCA",6,"targetscan","MIMAT0021130","hsa-miR-5197-5p","ALG6","29929","ENSG00000088035","-0.184","predicted"
2,"hsa-miR-5197-5p","AAUGGCA",6,"targetscan","MIMAT0021130","hsa-miR-5197-5p","ST6GALNAC6","30815","ENSG00000160408","-0.184","predicted"
2,"hsa-miR-5197-5p","AAUGGCA",6,"targetscan","MIMAT0021130","hsa-miR-5197-5p","ZKSCAN4","387032","ENSG00000187626","-0.184","predicted"
2,"hsa-miR-5197-5p","AAUGGCA",6,"targetscan","MIMAT0021130","hsa-miR-5197-5p","PDCD1LG2","80380","ENSG00000197646","-0.184","predicted"
2,"hsa-miR-5197-5p","AAUGGCA",6,"targetscan","MIMAT0021130","hsa-miR-5197-5p","NAA11","84779","ENSG00000156269","-0.184","predicted"
2,"hsa-miR-5197-5p","AAUGGCA",6,"targetscan","MIMAT0021130","hsa-miR-5197-5p","COMTD1","118881","ENSG00000165644","-0.184","predicted"
2,"hsa-miR-5197-5p","AAUGGCA",6,"targetscan","MIMAT0021130","hsa-miR-5197-5p","CCDC71L","168455","ENSG00000253276","-0.184","predicted"
2,"hsa-miR-5197-5p","AAUGGCA",6,"targetscan","MIMAT0021130","hsa-miR-5197-5p","HACD3","51495","ENSG00000074696","-0.184","predicted"
2,"hsa-miR-5197-5p","AAUGGCA",6,"targetscan","MIMAT0021130","hsa-miR-5197-5p","PLCG1","5335","ENSG00000124181","-0.185","predicted"
2,"hsa-miR-5197-5p","AAUGGCA",6,"targetscan","MIMAT0021130","hsa-miR-5197-5p","ARPP19","10776","ENSG00000128989","-0.185","predicted"
2,"hsa-miR-5197-5p","AAUGGCA",6,"targetscan","MIMAT0021130","hsa-miR-5197-5p","CBX1","10951","ENSG00000108468","-0.185","predicted"
2,"hsa-miR-5197-5p","AAUGGCA",6,"targetscan","MIMAT0021130","hsa-miR-5197-5p","LMO3","55885","ENSG00000048540","-0.185","predicted"
2,"hsa-miR-5197-5p","AAUGGCA",6,"targetscan","MIMAT0021130","hsa-miR-5197-5p","PRICKLE1","144165","ENSG00000139174","-0.185","predicted"
2,"hsa-miR-5197-5p","AAUGGCA",6,"targetscan","MIMAT0021130","hsa-miR-5197-5p","USP54","159195","ENSG00000166348","-0.185","predicted"
2,"hsa-miR-5197-5p","AAUGGCA",6,"targetscan","MIMAT0021130","hsa-miR-5197-5p","MSRB3","253827","ENSG00000174099","-0.185","predicted"
2,"hsa-miR-5197-5p","AAUGGCA",6,"targetscan","MIMAT0021130","hsa-miR-5197-5p","ELK4","2005","ENSG00000158711","-0.185","predicted"
2,"hsa-miR-5197-5p","AAUGGCA",6,"targetscan","MIMAT0021130","hsa-miR-5197-5p","TTLL7","79739","ENSG00000137941","-0.185","predicted"
2,"hsa-miR-5197-5p","AAUGGCA",6,"targetscan","MIMAT0021130","hsa-miR-5197-5p","CLNK","116449","ENSG00000109684","-0.185","predicted"
2,"hsa-miR-5197-5p","AAUGGCA",6,"targetscan","MIMAT0021130","hsa-miR-5197-5p","SPATC1","375686","ENSG00000186583","-0.185","predicted"
2,"hsa-miR-5197-5p","AAUGGCA",6,"targetscan","MIMAT0021130","hsa-miR-5197-5p","ZNF486","90649","ENSG00000256229","-0.185","predicted"
2,"hsa-miR-5197-5p","AAUGGCA",6,"targetscan","MIMAT0021130","hsa-miR-5197-5p","AP000695.1","","ENSG00000267976","-0.185","predicted"
2,"hsa-miR-5197-5p","AAUGGCA",6,"targetscan","MIMAT0021130","hsa-miR-5197-5p","PDE8B","8622","ENSG00000113231","-0.186","predicted"
2,"hsa-miR-5197-5p","AAUGGCA",6,"targetscan","MIMAT0021130","hsa-miR-5197-5p","CDK5R1","8851","ENSG00000176749","-0.186","predicted"
2,"hsa-miR-5197-5p","AAUGGCA",6,"targetscan","MIMAT0021130","hsa-miR-5197-5p","SEC22A","26984","ENSG00000121542","-0.186","predicted"
2,"hsa-miR-5197-5p","AAUGGCA",6,"targetscan","MIMAT0021130","hsa-miR-5197-5p","MFSD6","54842","ENSG00000151690","-0.186","predicted"
2,"hsa-miR-5197-5p","AAUGGCA",6,"targetscan","MIMAT0021130","hsa-miR-5197-5p","MTMR9","66036","ENSG00000104643","-0.186","predicted"
2,"hsa-miR-5197-5p","AAUGGCA",6,"targetscan","MIMAT0021130","hsa-miR-5197-5p","CDCA3","83461","ENSG00000111665","-0.186","predicted"
2,"hsa-miR-5197-5p","AAUGGCA",6,"targetscan","MIMAT0021130","hsa-miR-5197-5p","MAP1LC3C","440738","ENSG00000197769","-0.186","predicted"
2,"hsa-miR-5197-5p","AAUGGCA",6,"targetscan","MIMAT0021130","hsa-miR-5197-5p","UBE2QL1","134111","ENSG00000215218","-0.186","predicted"
2,"hsa-miR-5197-5p","AAUGGCA",6,"targetscan","MIMAT0021130","hsa-miR-5197-5p","ZSCAN9","7746","ENSG00000137185","-0.186","predicted"
2,"hsa-miR-5197-5p","AAUGGCA",6,"targetscan","MIMAT0021130","hsa-miR-5197-5p","AIG1","51390","ENSG00000146416","-0.186","predicted"
2,"hsa-miR-5197-5p","AAUGGCA",6,"targetscan","MIMAT0021130","hsa-miR-5197-5p","KCNK10","54207","ENSG00000100433","-0.186","predicted"
2,"hsa-miR-5197-5p","AAUGGCA",6,"targetscan","MIMAT0021130","hsa-miR-5197-5p","TLR8","51311","ENSG00000101916","-0.186","predicted"
2,"hsa-miR-5197-5p","AAUGGCA",6,"targetscan","MIMAT0021130","hsa-miR-5197-5p","KLF4","9314","ENSG00000136826","-0.187","predicted"
2,"hsa-miR-5197-5p","AAUGGCA",6,"targetscan","MIMAT0021130","hsa-miR-5197-5p","HCCS","3052","ENSG00000004961","-0.187","predicted"
2,"hsa-miR-5197-5p","AAUGGCA",6,"targetscan","MIMAT0021130","hsa-miR-5197-5p","SYP","6855","ENSG00000102003","-0.187","predicted"
2,"hsa-miR-5197-5p","AAUGGCA",6,"targetscan","MIMAT0021130","hsa-miR-5197-5p","PDHX","8050","ENSG00000110435","-0.187","predicted"
2,"hsa-miR-5197-5p","AAUGGCA",6,"targetscan","MIMAT0021130","hsa-miR-5197-5p","NSMAF","8439","ENSG00000035681","-0.187","predicted"
2,"hsa-miR-5197-5p","AAUGGCA",6,"targetscan","MIMAT0021130","hsa-miR-5197-5p","TPGS2","25941","ENSG00000134779","-0.187","predicted"
2,"hsa-miR-5197-5p","AAUGGCA",6,"targetscan","MIMAT0021130","hsa-miR-5197-5p","ARMC1","55156","ENSG00000104442","-0.187","predicted"
2,"hsa-miR-5197-5p","AAUGGCA",6,"targetscan","MIMAT0021130","hsa-miR-5197-5p","ETNK1","55500","ENSG00000139163","-0.187","predicted"
2,"hsa-miR-5197-5p","AAUGGCA",6,"targetscan","MIMAT0021130","hsa-miR-5197-5p","THEM4","117145","ENSG00000159445","-0.187","predicted"
2,"hsa-miR-5197-5p","AAUGGCA",6,"targetscan","MIMAT0021130","hsa-miR-5197-5p","ADCYAP1R1","117","ENSG00000078549","-0.187","predicted"
2,"hsa-miR-5197-5p","AAUGGCA",6,"targetscan","MIMAT0021130","hsa-miR-5197-5p","LSM5","23658","ENSG00000106355","-0.187","predicted"
2,"hsa-miR-5197-5p","AAUGGCA",6,"targetscan","MIMAT0021130","hsa-miR-5197-5p","SYTL5","94122","ENSG00000147041","-0.187","predicted"
2,"hsa-miR-5197-5p","AAUGGCA",6,"targetscan","MIMAT0021130","hsa-miR-5197-5p","PLA2G12A","81579","ENSG00000123739","-0.187","predicted"
2,"hsa-miR-5197-5p","AAUGGCA",6,"targetscan","MIMAT0021130","hsa-miR-5197-5p","CHMP4C","92421","ENSG00000164695","-0.187","predicted"
2,"hsa-miR-5197-5p","AAUGGCA",6,"targetscan","MIMAT0021130","hsa-miR-5197-5p","TMIGD3","57413","ENSG00000121933","-0.187","predicted"
2,"hsa-miR-5197-5p","AAUGGCA",6,"targetscan","MIMAT0021130","hsa-miR-5197-5p","PATJ","10207","ENSG00000132849","-0.187","predicted"
2,"hsa-miR-5197-5p","AAUGGCA",6,"targetscan","MIMAT0021130","hsa-miR-5197-5p","LINC01164","399827","ENSG00000189275","-0.187","predicted"
2,"hsa-miR-5197-5p","AAUGGCA",6,"targetscan","MIMAT0021130","hsa-miR-5197-5p","CSNK1A1","1452","ENSG00000113712","-0.188","predicted"
2,"hsa-miR-5197-5p","AAUGGCA",6,"targetscan","MIMAT0021130","hsa-miR-5197-5p","PSMC2","5701","ENSG00000161057","-0.188","predicted"
2,"hsa-miR-5197-5p","AAUGGCA",6,"targetscan","MIMAT0021130","hsa-miR-5197-5p","SMARCD2","6603","ENSG00000108604","-0.188","predicted"
2,"hsa-miR-5197-5p","AAUGGCA",6,"targetscan","MIMAT0021130","hsa-miR-5197-5p","BCL10","8915","ENSG00000142867","-0.188","predicted"
2,"hsa-miR-5197-5p","AAUGGCA",6,"targetscan","MIMAT0021130","hsa-miR-5197-5p","CCNE2","9134","ENSG00000175305","-0.188","predicted"
2,"hsa-miR-5197-5p","AAUGGCA",6,"targetscan","MIMAT0021130","hsa-miR-5197-5p","SOCS6","9306","ENSG00000170677","-0.188","predicted"
2,"hsa-miR-5197-5p","AAUGGCA",6,"targetscan","MIMAT0021130","hsa-miR-5197-5p","CAPN11","11131","ENSG00000137225","-0.188","predicted"
2,"hsa-miR-5197-5p","AAUGGCA",6,"targetscan","MIMAT0021130","hsa-miR-5197-5p","NPHP3","27031","ENSG00000113971","-0.188","predicted"
2,"hsa-miR-5197-5p","AAUGGCA",6,"targetscan","MIMAT0021130","hsa-miR-5197-5p","C16orf87","388272","ENSG00000155330","-0.188","predicted"
2,"hsa-miR-5197-5p","AAUGGCA",6,"targetscan","MIMAT0021130","hsa-miR-5197-5p","SDC2","6383","ENSG00000169439","-0.188","predicted"
2,"hsa-miR-5197-5p","AAUGGCA",6,"targetscan","MIMAT0021130","hsa-miR-5197-5p","SKP1","6500","ENSG00000113558","-0.188","predicted"
2,"hsa-miR-5197-5p","AAUGGCA",6,"targetscan","MIMAT0021130","hsa-miR-5197-5p","DTWD2","285605","ENSG00000169570","-0.188","predicted"
2,"hsa-miR-5197-5p","AAUGGCA",6,"targetscan","MIMAT0021130","hsa-miR-5197-5p","ADGRB3","577","ENSG00000135298","-0.188","predicted"
2,"hsa-miR-5197-5p","AAUGGCA",6,"targetscan","MIMAT0021130","hsa-miR-5197-5p","ELOC","6921","ENSG00000154582","-0.188","predicted"
2,"hsa-miR-5197-5p","AAUGGCA",6,"targetscan","MIMAT0021130","hsa-miR-5197-5p","CLCN3","1182","ENSG00000109572","-0.189","predicted"
2,"hsa-miR-5197-5p","AAUGGCA",6,"targetscan","MIMAT0021130","hsa-miR-5197-5p","PPP6C","5537","ENSG00000119414","-0.189","predicted"
2,"hsa-miR-5197-5p","AAUGGCA",6,"targetscan","MIMAT0021130","hsa-miR-5197-5p","CELF2","10659","ENSG00000048740","-0.189","predicted"
2,"hsa-miR-5197-5p","AAUGGCA",6,"targetscan","MIMAT0021130","hsa-miR-5197-5p","PLEK2","26499","ENSG00000100558","-0.189","predicted"
2,"hsa-miR-5197-5p","AAUGGCA",6,"targetscan","MIMAT0021130","hsa-miR-5197-5p","CACNG4","27092","ENSG00000075461","-0.189","predicted"
2,"hsa-miR-5197-5p","AAUGGCA",6,"targetscan","MIMAT0021130","hsa-miR-5197-5p","DNAAF2","55172","ENSG00000165506","-0.189","predicted"
2,"hsa-miR-5197-5p","AAUGGCA",6,"targetscan","MIMAT0021130","hsa-miR-5197-5p","NABP1","64859","ENSG00000173559","-0.189","predicted"
2,"hsa-miR-5197-5p","AAUGGCA",6,"targetscan","MIMAT0021130","hsa-miR-5197-5p","SPATS2","65244","ENSG00000123352","-0.189","predicted"
2,"hsa-miR-5197-5p","AAUGGCA",6,"targetscan","MIMAT0021130","hsa-miR-5197-5p","YIPF4","84272","ENSG00000119820","-0.189","predicted"
2,"hsa-miR-5197-5p","AAUGGCA",6,"targetscan","MIMAT0021130","hsa-miR-5197-5p","SNX18","112574","ENSG00000178996","-0.189","predicted"
2,"hsa-miR-5197-5p","AAUGGCA",6,"targetscan","MIMAT0021130","hsa-miR-5197-5p","MBLAC2","153364","ENSG00000176055","-0.189","predicted"
2,"hsa-miR-5197-5p","AAUGGCA",6,"targetscan","MIMAT0021130","hsa-miR-5197-5p","ARID2","196528","ENSG00000189079","-0.189","predicted"
2,"hsa-miR-5197-5p","AAUGGCA",6,"targetscan","MIMAT0021130","hsa-miR-5197-5p","GABRA2","2555","ENSG00000151834","-0.189","predicted"
2,"hsa-miR-5197-5p","AAUGGCA",6,"targetscan","MIMAT0021130","hsa-miR-5197-5p","PRR13","54458","ENSG00000205352","-0.189","predicted"
2,"hsa-miR-5197-5p","AAUGGCA",6,"targetscan","MIMAT0021130","hsa-miR-5197-5p","GPR158","57512","ENSG00000151025","-0.189","predicted"
2,"hsa-miR-5197-5p","AAUGGCA",6,"targetscan","MIMAT0021130","hsa-miR-5197-5p","GPR174","84636","ENSG00000147138","-0.189","predicted"
2,"hsa-miR-5197-5p","AAUGGCA",6,"targetscan","MIMAT0021130","hsa-miR-5197-5p","GAPT","202309","ENSG00000175857","-0.189","predicted"
2,"hsa-miR-5197-5p","AAUGGCA",6,"targetscan","MIMAT0021130","hsa-miR-5197-5p","UQCC3","790955","ENSG00000204922","-0.189","predicted"
2,"hsa-miR-5197-5p","AAUGGCA",6,"targetscan","MIMAT0021130","hsa-miR-5197-5p","OOSP2","219990","ENSG00000149507","-0.189","predicted"
2,"hsa-miR-5197-5p","AAUGGCA",6,"targetscan","MIMAT0021130","hsa-miR-5197-5p","TPD52","7163","ENSG00000076554","-0.19","predicted"
2,"hsa-miR-5197-5p","AAUGGCA",6,"targetscan","MIMAT0021130","hsa-miR-5197-5p","CCNE2","9134","ENSG00000175305","-0.19","predicted"
2,"hsa-miR-5197-5p","AAUGGCA",6,"targetscan","MIMAT0021130","hsa-miR-5197-5p","AKAP7","9465","ENSG00000118507","-0.19","predicted"
2,"hsa-miR-5197-5p","AAUGGCA",6,"targetscan","MIMAT0021130","hsa-miR-5197-5p","WARS2","10352","ENSG00000116874","-0.19","predicted"
2,"hsa-miR-5197-5p","AAUGGCA",6,"targetscan","MIMAT0021130","hsa-miR-5197-5p","DUSP10","11221","ENSG00000143507","-0.19","predicted"
2,"hsa-miR-5197-5p","AAUGGCA",6,"targetscan","MIMAT0021130","hsa-miR-5197-5p","PLEKHA5","54477","ENSG00000052126","-0.19","predicted"
2,"hsa-miR-5197-5p","AAUGGCA",6,"targetscan","MIMAT0021130","hsa-miR-5197-5p","NMNAT1","64802","ENSG00000173614","-0.19","predicted"
2,"hsa-miR-5197-5p","AAUGGCA",6,"targetscan","MIMAT0021130","hsa-miR-5197-5p","SSX7","280658","ENSG00000187754","-0.19","predicted"
2,"hsa-miR-5197-5p","AAUGGCA",6,"targetscan","MIMAT0021130","hsa-miR-5197-5p","GLRB","2743","ENSG00000109738","-0.19","predicted"
2,"hsa-miR-5197-5p","AAUGGCA",6,"targetscan","MIMAT0021130","hsa-miR-5197-5p","PLCXD3","345557","ENSG00000182836","-0.19","predicted"
2,"hsa-miR-5197-5p","AAUGGCA",6,"targetscan","MIMAT0021130","hsa-miR-5197-5p","TMEM108","66000","ENSG00000144868","-0.19","predicted"
2,"hsa-miR-5197-5p","AAUGGCA",6,"targetscan","MIMAT0021130","hsa-miR-5197-5p","ZNF716","441234","ENSG00000182111","-0.19","predicted"
2,"hsa-miR-5197-5p","AAUGGCA",6,"targetscan","MIMAT0021130","hsa-miR-5197-5p","C3orf80","401097","ENSG00000180044","-0.19","predicted"
2,"hsa-miR-5197-5p","AAUGGCA",6,"targetscan","MIMAT0021130","hsa-miR-5197-5p","GSTO2","119391","ENSG00000065621","-0.19","predicted"
2,"hsa-miR-5197-5p","AAUGGCA",6,"targetscan","MIMAT0021130","hsa-miR-5197-5p","C7orf76","401388","ENSG00000197851","-0.19","predicted"
2,"hsa-miR-5197-5p","AAUGGCA",6,"targetscan","MIMAT0021130","hsa-miR-5197-5p","GOT2","2806","ENSG00000125166","-0.19","predicted"
2,"hsa-miR-5197-5p","AAUGGCA",6,"targetscan","MIMAT0021130","hsa-miR-5197-5p","ZNF91","7644","ENSG00000167232","-0.19","predicted"
2,"hsa-miR-5197-5p","AAUGGCA",6,"targetscan","MIMAT0021130","hsa-miR-5197-5p","PRTFDC1","56952","ENSG00000099256","-0.19","predicted"
2,"hsa-miR-5197-5p","AAUGGCA",6,"targetscan","MIMAT0021130","hsa-miR-5197-5p","RASGEF1B","153020","ENSG00000138670","-0.19","predicted"
2,"hsa-miR-5197-5p","AAUGGCA",6,"targetscan","MIMAT0021130","hsa-miR-5197-5p","RNF152","220441","ENSG00000176641","-0.19","predicted"
2,"hsa-miR-5197-5p","AAUGGCA",6,"targetscan","MIMAT0021130","hsa-miR-5197-5p","TPD52","124188259","ENSG00000076554","-0.19","predicted"
2,"hsa-miR-5197-5p","AAUGGCA",6,"targetscan","MIMAT0021130","hsa-miR-5197-5p","API5","8539","ENSG00000166181","-0.191","predicted"
2,"hsa-miR-5197-5p","AAUGGCA",6,"targetscan","MIMAT0021130","hsa-miR-5197-5p","JAK1","3716","ENSG00000162434","-0.191","predicted"
2,"hsa-miR-5197-5p","AAUGGCA",6,"targetscan","MIMAT0021130","hsa-miR-5197-5p","RDX","5962","ENSG00000137710","-0.191","predicted"
2,"hsa-miR-5197-5p","AAUGGCA",6,"targetscan","MIMAT0021130","hsa-miR-5197-5p","NRIP1","8204","ENSG00000180530","-0.191","predicted"
2,"hsa-miR-5197-5p","AAUGGCA",6,"targetscan","MIMAT0021130","hsa-miR-5197-5p","SYNCRIP","10492","ENSG00000135316","-0.191","predicted"
2,"hsa-miR-5197-5p","AAUGGCA",6,"targetscan","MIMAT0021130","hsa-miR-5197-5p","TRIM17","51127","ENSG00000162931","-0.191","predicted"
2,"hsa-miR-5197-5p","AAUGGCA",6,"targetscan","MIMAT0021130","hsa-miR-5197-5p","DNAJA4","55466","ENSG00000140403","-0.191","predicted"
2,"hsa-miR-5197-5p","AAUGGCA",6,"targetscan","MIMAT0021130","hsa-miR-5197-5p","PDGFC","56034","ENSG00000145431","-0.191","predicted"
2,"hsa-miR-5197-5p","AAUGGCA",6,"targetscan","MIMAT0021130","hsa-miR-5197-5p","SPCS3","60559","ENSG00000129128","-0.191","predicted"
2,"hsa-miR-5197-5p","AAUGGCA",6,"targetscan","MIMAT0021130","hsa-miR-5197-5p","ELOVL7","79993","ENSG00000164181","-0.191","predicted"
2,"hsa-miR-5197-5p","AAUGGCA",6,"targetscan","MIMAT0021130","hsa-miR-5197-5p","METRNL","284207","ENSG00000176845","-0.191","predicted"
2,"hsa-miR-5197-5p","AAUGGCA",6,"targetscan","MIMAT0021130","hsa-miR-5197-5p","FKBP4","2288","ENSG00000004478","-0.191","predicted"
2,"hsa-miR-5197-5p","AAUGGCA",6,"targetscan","MIMAT0021130","hsa-miR-5197-5p","SLN","6588","ENSG00000170290","-0.191","predicted"
2,"hsa-miR-5197-5p","AAUGGCA",6,"targetscan","MIMAT0021130","hsa-miR-5197-5p","RIMKLB","57494","ENSG00000166532","-0.191","predicted"
2,"hsa-miR-5197-5p","AAUGGCA",6,"targetscan","MIMAT0021130","hsa-miR-5197-5p","TIGD2","166815","ENSG00000180346","-0.191","predicted"
2,"hsa-miR-5197-5p","AAUGGCA",6,"targetscan","MIMAT0021130","hsa-miR-5197-5p","RTN4RL2","349667","ENSG00000186907","-0.191","predicted"
2,"hsa-miR-5197-5p","AAUGGCA",6,"targetscan","MIMAT0021130","hsa-miR-5197-5p","CDK4","1019","ENSG00000135446","-0.192","predicted"
2,"hsa-miR-5197-5p","AAUGGCA",6,"targetscan","MIMAT0021130","hsa-miR-5197-5p","INSIG2","51141","ENSG00000125629","-0.192","predicted"
2,"hsa-miR-5197-5p","AAUGGCA",6,"targetscan","MIMAT0021130","hsa-miR-5197-5p","ACVR1","90","ENSG00000115170","-0.192","predicted"
2,"hsa-miR-5197-5p","AAUGGCA",6,"targetscan","MIMAT0021130","hsa-miR-5197-5p","ZNF708","7562","ENSG00000182141","-0.192","predicted"
2,"hsa-miR-5197-5p","AAUGGCA",6,"targetscan","MIMAT0021130","hsa-miR-5197-5p","LSM3","27258","ENSG00000170860","-0.192","predicted"
2,"hsa-miR-5197-5p","AAUGGCA",6,"targetscan","MIMAT0021130","hsa-miR-5197-5p","CALN1","83698","ENSG00000183166","-0.192","predicted"
2,"hsa-miR-5197-5p","AAUGGCA",6,"targetscan","MIMAT0021130","hsa-miR-5197-5p","SCIN","85477","ENSG00000006747","-0.192","predicted"
2,"hsa-miR-5197-5p","AAUGGCA",6,"targetscan","MIMAT0021130","hsa-miR-5197-5p","GATC","283459","ENSG00000257218","-0.192","predicted"
2,"hsa-miR-5197-5p","AAUGGCA",6,"targetscan","MIMAT0021130","hsa-miR-5197-5p","YTHDC2","64848","ENSG00000047188","-0.192","predicted"
2,"hsa-miR-5197-5p","AAUGGCA",6,"targetscan","MIMAT0021130","hsa-miR-5197-5p","PSPC1","55269","ENSG00000121390","-0.192","predicted"
2,"hsa-miR-5197-5p","AAUGGCA",6,"targetscan","MIMAT0021130","hsa-miR-5197-5p","TTC19","54902","ENSG00000011295","-0.192","predicted"
2,"hsa-miR-5197-5p","AAUGGCA",6,"targetscan","MIMAT0021130","hsa-miR-5197-5p","FN3KRP","79672","ENSG00000141560","-0.192","predicted"
2,"hsa-miR-5197-5p","AAUGGCA",6,"targetscan","MIMAT0021130","hsa-miR-5197-5p","ZNF283","284349","ENSG00000167637","-0.192","predicted"
2,"hsa-miR-5197-5p","AAUGGCA",6,"targetscan","MIMAT0021130","hsa-miR-5197-5p","PCBD2","84105","ENSG00000132570","-0.192","predicted"
2,"hsa-miR-5197-5p","AAUGGCA",6,"targetscan","MIMAT0021130","hsa-miR-5197-5p","PRCD","768206","ENSG00000214140","-0.192","predicted"
2,"hsa-miR-5197-5p","AAUGGCA",6,"targetscan","MIMAT0021130","hsa-miR-5197-5p","HIKESHI","51501","ENSG00000149196","-0.192","predicted"
2,"hsa-miR-5197-5p","AAUGGCA",6,"targetscan","MIMAT0021130","hsa-miR-5197-5p","TENT2","167153","ENSG00000164329","-0.192","predicted"
2,"hsa-miR-5197-5p","AAUGGCA",6,"targetscan","MIMAT0021130","hsa-miR-5197-5p","SMIM43","132332","ENSG00000164112","-0.192","predicted"
2,"hsa-miR-5197-5p","AAUGGCA",6,"targetscan","MIMAT0021130","hsa-miR-5197-5p","LINC01619","256021","ENSG00000257242","-0.192","predicted"
2,"hsa-miR-5197-5p","AAUGGCA",6,"targetscan","MIMAT0021130","hsa-miR-5197-5p","ISY1","57461","ENSG00000240682","-0.193","predicted"
2,"hsa-miR-5197-5p","AAUGGCA",6,"targetscan","MIMAT0021130","hsa-miR-5197-5p","BMPR2","659","ENSG00000204217","-0.193","predicted"
2,"hsa-miR-5197-5p","AAUGGCA",6,"targetscan","MIMAT0021130","hsa-miR-5197-5p","SOX5","6660","ENSG00000134532","-0.193","predicted"
2,"hsa-miR-5197-5p","AAUGGCA",6,"targetscan","MIMAT0021130","hsa-miR-5197-5p","FECH","2235","ENSG00000066926","-0.193","predicted"
2,"hsa-miR-5197-5p","AAUGGCA",6,"targetscan","MIMAT0021130","hsa-miR-5197-5p","PPP2R5C","5527","ENSG00000078304","-0.193","predicted"
2,"hsa-miR-5197-5p","AAUGGCA",6,"targetscan","MIMAT0021130","hsa-miR-5197-5p","SCML1","6322","ENSG00000047634","-0.193","predicted"
2,"hsa-miR-5197-5p","AAUGGCA",6,"targetscan","MIMAT0021130","hsa-miR-5197-5p","SFMBT1","51460","ENSG00000163935","-0.193","predicted"
2,"hsa-miR-5197-5p","AAUGGCA",6,"targetscan","MIMAT0021130","hsa-miR-5197-5p","RAB23","51715","ENSG00000112210","-0.193","predicted"
2,"hsa-miR-5197-5p","AAUGGCA",6,"targetscan","MIMAT0021130","hsa-miR-5197-5p","SIRPA","140885","ENSG00000198053","-0.193","predicted"
2,"hsa-miR-5197-5p","AAUGGCA",6,"targetscan","MIMAT0021130","hsa-miR-5197-5p","SREK1IP1","285672","ENSG00000153006","-0.193","predicted"
2,"hsa-miR-5197-5p","AAUGGCA",6,"targetscan","MIMAT0021130","hsa-miR-5197-5p","BCL2L11","10018","ENSG00000153094","-0.194","predicted"
2,"hsa-miR-5197-5p","AAUGGCA",6,"targetscan","MIMAT0021130","hsa-miR-5197-5p","CNGB1","1258","ENSG00000070729","-0.194","predicted"
2,"hsa-miR-5197-5p","AAUGGCA",6,"targetscan","MIMAT0021130","hsa-miR-5197-5p","FRZB","2487","ENSG00000162998","-0.194","predicted"
2,"hsa-miR-5197-5p","AAUGGCA",6,"targetscan","MIMAT0021130","hsa-miR-5197-5p","KDM5B","10765","ENSG00000117139","-0.194","predicted"
2,"hsa-miR-5197-5p","AAUGGCA",6,"targetscan","MIMAT0021130","hsa-miR-5197-5p","MKRN2","23609","ENSG00000075975","-0.194","predicted"
2,"hsa-miR-5197-5p","AAUGGCA",6,"targetscan","MIMAT0021130","hsa-miR-5197-5p","RUNDC3B","154661","ENSG00000105784","-0.194","predicted"
2,"hsa-miR-5197-5p","AAUGGCA",6,"targetscan","MIMAT0021130","hsa-miR-5197-5p","AVPR1A","552","ENSG00000166148","-0.194","predicted"
2,"hsa-miR-5197-5p","AAUGGCA",6,"targetscan","MIMAT0021130","hsa-miR-5197-5p","TMPRSS11BNL","401136","ENSG00000226894","-0.194","predicted"
2,"hsa-miR-5197-5p","AAUGGCA",6,"targetscan","MIMAT0021130","hsa-miR-5197-5p","NUDT5","11164","ENSG00000165609","-0.194","predicted"
2,"hsa-miR-5197-5p","AAUGGCA",6,"targetscan","MIMAT0021130","hsa-miR-5197-5p","AC008443.1","","ENSG00000268397","-0.194","predicted"
2,"hsa-miR-5197-5p","AAUGGCA",6,"targetscan","MIMAT0021130","hsa-miR-5197-5p","AL590235.1","","ENSG00000268781","-0.194","predicted"
2,"hsa-miR-5197-5p","AAUGGCA",6,"targetscan","MIMAT0021130","hsa-miR-5197-5p","RECK","8434","ENSG00000122707","-0.195","predicted"
2,"hsa-miR-5197-5p","AAUGGCA",6,"targetscan","MIMAT0021130","hsa-miR-5197-5p","RDX","5962","ENSG00000137710","-0.195","predicted"
2,"hsa-miR-5197-5p","AAUGGCA",6,"targetscan","MIMAT0021130","hsa-miR-5197-5p","HBEGF","1839","ENSG00000113070","-0.195","predicted"
2,"hsa-miR-5197-5p","AAUGGCA",6,"targetscan","MIMAT0021130","hsa-miR-5197-5p","IAPP","3375","ENSG00000121351","-0.195","predicted"
2,"hsa-miR-5197-5p","AAUGGCA",6,"targetscan","MIMAT0021130","hsa-miR-5197-5p","NET1","10276","ENSG00000173848","-0.195","predicted"
2,"hsa-miR-5197-5p","AAUGGCA",6,"targetscan","MIMAT0021130","hsa-miR-5197-5p","C2orf49","79074","ENSG00000135974","-0.195","predicted"
2,"hsa-miR-5197-5p","AAUGGCA",6,"targetscan","MIMAT0021130","hsa-miR-5197-5p","DHX40","79665","ENSG00000108406","-0.195","predicted"
2,"hsa-miR-5197-5p","AAUGGCA",6,"targetscan","MIMAT0021130","hsa-miR-5197-5p","NHLRC3","387921","ENSG00000188811","-0.195","predicted"
2,"hsa-miR-5197-5p","AAUGGCA",6,"targetscan","MIMAT0021130","hsa-miR-5197-5p","LRRC55","219527","ENSG00000183908","-0.195","predicted"
2,"hsa-miR-5197-5p","AAUGGCA",6,"targetscan","MIMAT0021130","hsa-miR-5197-5p","NIPA2","81614","ENSG00000140157","-0.195","predicted"
2,"hsa-miR-5197-5p","AAUGGCA",6,"targetscan","MIMAT0021130","hsa-miR-5197-5p","CA7","766","ENSG00000168748","-0.195","predicted"
2,"hsa-miR-5197-5p","AAUGGCA",6,"targetscan","MIMAT0021130","hsa-miR-5197-5p","GPR12","2835","ENSG00000132975","-0.195","predicted"
2,"hsa-miR-5197-5p","AAUGGCA",6,"targetscan","MIMAT0021130","hsa-miR-5197-5p","ZNF211","10520","ENSG00000121417","-0.195","predicted"
2,"hsa-miR-5197-5p","AAUGGCA",6,"targetscan","MIMAT0021130","hsa-miR-5197-5p","PNISR","25957","ENSG00000132424","-0.195","predicted"
2,"hsa-miR-5197-5p","AAUGGCA",6,"targetscan","MIMAT0021130","hsa-miR-5197-5p","ISCA2","122961","ENSG00000165898","-0.195","predicted"
2,"hsa-miR-5197-5p","AAUGGCA",6,"targetscan","MIMAT0021130","hsa-miR-5197-5p","APOOL","139322","ENSG00000155008","-0.195","predicted"
2,"hsa-miR-5197-5p","AAUGGCA",6,"targetscan","MIMAT0021130","hsa-miR-5197-5p","RDX","5962","ENSG00000137710","-0.196","predicted"
2,"hsa-miR-5197-5p","AAUGGCA",6,"targetscan","MIMAT0021130","hsa-miR-5197-5p","CRK","1398","ENSG00000167193","-0.196","predicted"
2,"hsa-miR-5197-5p","AAUGGCA",6,"targetscan","MIMAT0021130","hsa-miR-5197-5p","DHODH","1723","ENSG00000102967","-0.196","predicted"
2,"hsa-miR-5197-5p","AAUGGCA",6,"targetscan","MIMAT0021130","hsa-miR-5197-5p","ING2","3622","ENSG00000168556","-0.196","predicted"
2,"hsa-miR-5197-5p","AAUGGCA",6,"targetscan","MIMAT0021130","hsa-miR-5197-5p","IREB2","3658","ENSG00000136381","-0.196","predicted"
2,"hsa-miR-5197-5p","AAUGGCA",6,"targetscan","MIMAT0021130","hsa-miR-5197-5p","NEK1","4750","ENSG00000137601","-0.196","predicted"
2,"hsa-miR-5197-5p","AAUGGCA",6,"targetscan","MIMAT0021130","hsa-miR-5197-5p","PKP2","5318","ENSG00000057294","-0.196","predicted"
2,"hsa-miR-5197-5p","AAUGGCA",6,"targetscan","MIMAT0021130","hsa-miR-5197-5p","ATP8A1","10396","ENSG00000124406","-0.196","predicted"
2,"hsa-miR-5197-5p","AAUGGCA",6,"targetscan","MIMAT0021130","hsa-miR-5197-5p","ZNF248","57209","ENSG00000198105","-0.196","predicted"
2,"hsa-miR-5197-5p","AAUGGCA",6,"targetscan","MIMAT0021130","hsa-miR-5197-5p","NDFIP1","80762","ENSG00000131507","-0.196","predicted"
2,"hsa-miR-5197-5p","AAUGGCA",6,"targetscan","MIMAT0021130","hsa-miR-5197-5p","ATG5","9474","ENSG00000057663","-0.196","predicted"
2,"hsa-miR-5197-5p","AAUGGCA",6,"targetscan","MIMAT0021130","hsa-miR-5197-5p","LOXL3","84695","ENSG00000115318","-0.196","predicted"
2,"hsa-miR-5197-5p","AAUGGCA",6,"targetscan","MIMAT0021130","hsa-miR-5197-5p","PLPP7","84814","ENSG00000160539","-0.196","predicted"
2,"hsa-miR-5197-5p","AAUGGCA",6,"targetscan","MIMAT0021130","hsa-miR-5197-5p","TLCD3A","79850","ENSG00000167695","-0.196","predicted"
2,"hsa-miR-5197-5p","AAUGGCA",6,"targetscan","MIMAT0021130","hsa-miR-5197-5p","RBM47","54502","ENSG00000163694","-0.197","predicted"
2,"hsa-miR-5197-5p","AAUGGCA",6,"targetscan","MIMAT0021130","hsa-miR-5197-5p","MED28","80306","ENSG00000118579","-0.197","predicted"
2,"hsa-miR-5197-5p","AAUGGCA",6,"targetscan","MIMAT0021130","hsa-miR-5197-5p","LIMS1","3987","ENSG00000169756","-0.197","predicted"
2,"hsa-miR-5197-5p","AAUGGCA",6,"targetscan","MIMAT0021130","hsa-miR-5197-5p","AP3M1","26985","ENSG00000185009","-0.197","predicted"
2,"hsa-miR-5197-5p","AAUGGCA",6,"targetscan","MIMAT0021130","hsa-miR-5197-5p","MOAP1","64112","ENSG00000165943","-0.197","predicted"
2,"hsa-miR-5197-5p","AAUGGCA",6,"targetscan","MIMAT0021130","hsa-miR-5197-5p","TMEM156","80008","ENSG00000121895","-0.197","predicted"
2,"hsa-miR-5197-5p","AAUGGCA",6,"targetscan","MIMAT0021130","hsa-miR-5197-5p","TIMM23","653252","ENSG00000138297","-0.197","predicted"
2,"hsa-miR-5197-5p","AAUGGCA",6,"targetscan","MIMAT0021130","hsa-miR-5197-5p","ZIK1","284307","ENSG00000171649","-0.197","predicted"
2,"hsa-miR-5197-5p","AAUGGCA",6,"targetscan","MIMAT0021130","hsa-miR-5197-5p","LRCH1","23143","ENSG00000136141","-0.197","predicted"
2,"hsa-miR-5197-5p","AAUGGCA",6,"targetscan","MIMAT0021130","hsa-miR-5197-5p","TMEM184C","55751","ENSG00000164168","-0.197","predicted"
2,"hsa-miR-5197-5p","AAUGGCA",6,"targetscan","MIMAT0021130","hsa-miR-5197-5p","LYRM2","57226","ENSG00000083099","-0.197","predicted"
2,"hsa-miR-5197-5p","AAUGGCA",6,"targetscan","MIMAT0021130","hsa-miR-5197-5p","SIGLECL1","284369","ENSG00000179213","-0.197","predicted"
2,"hsa-miR-5197-5p","AAUGGCA",6,"targetscan","MIMAT0021130","hsa-miR-5197-5p","DTWD2","285605","ENSG00000169570","-0.197","predicted"
2,"hsa-miR-5197-5p","AAUGGCA",6,"targetscan","MIMAT0021130","hsa-miR-5197-5p","DNAH1","25981","ENSG00000114841","-0.197","predicted"
2,"hsa-miR-5197-5p","AAUGGCA",6,"targetscan","MIMAT0021130","hsa-miR-5197-5p","MTURN","222166","ENSG00000180354","-0.197","predicted"
2,"hsa-miR-5197-5p","AAUGGCA",6,"targetscan","MIMAT0021130","hsa-miR-5197-5p","CPA3","1359","ENSG00000163751","-0.198","predicted"
2,"hsa-miR-5197-5p","AAUGGCA",6,"targetscan","MIMAT0021130","hsa-miR-5197-5p","CRH","1392","ENSG00000147571","-0.198","predicted"
2,"hsa-miR-5197-5p","AAUGGCA",6,"targetscan","MIMAT0021130","hsa-miR-5197-5p","FECH","2235","ENSG00000066926","-0.198","predicted"
2,"hsa-miR-5197-5p","AAUGGCA",6,"targetscan","MIMAT0021130","hsa-miR-5197-5p","NDUFA9","4704","ENSG00000139180","-0.198","predicted"
2,"hsa-miR-5197-5p","AAUGGCA",6,"targetscan","MIMAT0021130","hsa-miR-5197-5p","RANGAP1","5905","ENSG00000100401","-0.198","predicted"
2,"hsa-miR-5197-5p","AAUGGCA",6,"targetscan","MIMAT0021130","hsa-miR-5197-5p","SLCO3A1","28232","ENSG00000176463","-0.198","predicted"
2,"hsa-miR-5197-5p","AAUGGCA",6,"targetscan","MIMAT0021130","hsa-miR-5197-5p","MTMR9","66036","ENSG00000104643","-0.198","predicted"
2,"hsa-miR-5197-5p","AAUGGCA",6,"targetscan","MIMAT0021130","hsa-miR-5197-5p","PTCHD3","374308","ENSG00000182077","-0.198","predicted"
2,"hsa-miR-5197-5p","AAUGGCA",6,"targetscan","MIMAT0021130","hsa-miR-5197-5p","ZNF704","619279","ENSG00000164684","-0.198","predicted"
2,"hsa-miR-5197-5p","AAUGGCA",6,"targetscan","MIMAT0021130","hsa-miR-5197-5p","SHOX","6473","ENSG00000185960","-0.198","predicted"
2,"hsa-miR-5197-5p","AAUGGCA",6,"targetscan","MIMAT0021130","hsa-miR-5197-5p","SSX5","6758","ENSG00000165583","-0.198","predicted"
2,"hsa-miR-5197-5p","AAUGGCA",6,"targetscan","MIMAT0021130","hsa-miR-5197-5p","","","ENSG00000197665","-0.198","predicted"
2,"hsa-miR-5197-5p","AAUGGCA",6,"targetscan","MIMAT0021130","hsa-miR-5197-5p","","","ENSG00000228157","-0.198","predicted"
2,"hsa-miR-5197-5p","AAUGGCA",6,"targetscan","MIMAT0021130","hsa-miR-5197-5p","POLR1F","221830","ENSG00000105849","-0.198","predicted"
2,"hsa-miR-5197-5p","AAUGGCA",6,"targetscan","MIMAT0021130","hsa-miR-5197-5p","RAB21","23011","ENSG00000080371","-0.199","predicted"
2,"hsa-miR-5197-5p","AAUGGCA",6,"targetscan","MIMAT0021130","hsa-miR-5197-5p","FOXG1","2290","ENSG00000176165","-0.199","predicted"
2,"hsa-miR-5197-5p","AAUGGCA",6,"targetscan","MIMAT0021130","hsa-miR-5197-5p","PTPRG","5793","ENSG00000144724","-0.199","predicted"
2,"hsa-miR-5197-5p","AAUGGCA",6,"targetscan","MIMAT0021130","hsa-miR-5197-5p","SRSF2","6427","ENSG00000161547","-0.199","predicted"
2,"hsa-miR-5197-5p","AAUGGCA",6,"targetscan","MIMAT0021130","hsa-miR-5197-5p","ZNF90","7643","ENSG00000213988","-0.199","predicted"
2,"hsa-miR-5197-5p","AAUGGCA",6,"targetscan","MIMAT0021130","hsa-miR-5197-5p","PLA2R1","22925","ENSG00000153246","-0.199","predicted"
2,"hsa-miR-5197-5p","AAUGGCA",6,"targetscan","MIMAT0021130","hsa-miR-5197-5p","ZNF331","55422","ENSG00000130844","-0.199","predicted"
2,"hsa-miR-5197-5p","AAUGGCA",6,"targetscan","MIMAT0021130","hsa-miR-5197-5p","ZNF277","11179","ENSG00000198839","-0.199","predicted"
2,"hsa-miR-5197-5p","AAUGGCA",6,"targetscan","MIMAT0021130","hsa-miR-5197-5p","PPP1R15A","23645","ENSG00000087074","-0.199","predicted"
2,"hsa-miR-5197-5p","AAUGGCA",6,"targetscan","MIMAT0021130","hsa-miR-5197-5p","CCN4","8840","ENSG00000104415","-0.199","predicted"
2,"hsa-miR-5197-5p","AAUGGCA",6,"targetscan","MIMAT0021130","hsa-miR-5197-5p","NRAS","4893","ENSG00000213281","-0.2","predicted"
2,"hsa-miR-5197-5p","AAUGGCA",6,"targetscan","MIMAT0021130","hsa-miR-5197-5p","NETO2","81831","ENSG00000171208","-0.2","predicted"
2,"hsa-miR-5197-5p","AAUGGCA",6,"targetscan","MIMAT0021130","hsa-miR-5197-5p","PRKCI","5584","ENSG00000163558","-0.2","predicted"
2,"hsa-miR-5197-5p","AAUGGCA",6,"targetscan","MIMAT0021130","hsa-miR-5197-5p","RAD51","5888","ENSG00000051180","-0.2","predicted"
2,"hsa-miR-5197-5p","AAUGGCA",6,"targetscan","MIMAT0021130","hsa-miR-5197-5p","PRPF4B","8899","ENSG00000112739","-0.2","predicted"
2,"hsa-miR-5197-5p","AAUGGCA",6,"targetscan","MIMAT0021130","hsa-miR-5197-5p","CDK19","23097","ENSG00000155111","-0.2","predicted"
2,"hsa-miR-5197-5p","AAUGGCA",6,"targetscan","MIMAT0021130","hsa-miR-5197-5p","CEP68","23177","ENSG00000011523","-0.2","predicted"
2,"hsa-miR-5197-5p","AAUGGCA",6,"targetscan","MIMAT0021130","hsa-miR-5197-5p","ENOSF1","55556","ENSG00000132199","-0.2","predicted"
2,"hsa-miR-5197-5p","AAUGGCA",6,"targetscan","MIMAT0021130","hsa-miR-5197-5p","TM9SF3","56889","ENSG00000077147","-0.2","predicted"
2,"hsa-miR-5197-5p","AAUGGCA",6,"targetscan","MIMAT0021130","hsa-miR-5197-5p","TMEM135","65084","ENSG00000166575","-0.2","predicted"
2,"hsa-miR-5197-5p","AAUGGCA",6,"targetscan","MIMAT0021130","hsa-miR-5197-5p","KCNG3","170850","ENSG00000171126","-0.2","predicted"
2,"hsa-miR-5197-5p","AAUGGCA",6,"targetscan","MIMAT0021130","hsa-miR-5197-5p","CCDC148","130940","ENSG00000153237","-0.2","predicted"
2,"hsa-miR-5197-5p","AAUGGCA",6,"targetscan","MIMAT0021130","hsa-miR-5197-5p","GLYATL1","92292","ENSG00000166840","-0.2","predicted"
2,"hsa-miR-5197-5p","AAUGGCA",6,"targetscan","MIMAT0021130","hsa-miR-5197-5p","NDNF","79625","ENSG00000173376","-0.2","predicted"
2,"hsa-miR-5197-5p","AAUGGCA",6,"targetscan","MIMAT0021130","hsa-miR-5197-5p","PINX1","54984","ENSG00000258724","-0.2","predicted"
2,"hsa-miR-5197-5p","AAUGGCA",6,"targetscan","MIMAT0021130","hsa-miR-5197-5p","RBM8A","101060541","ENSG00000131795","-0.201","predicted"
2,"hsa-miR-5197-5p","AAUGGCA",6,"targetscan","MIMAT0021130","hsa-miR-5197-5p","FASTKD2","22868","ENSG00000118246","-0.201","predicted"
2,"hsa-miR-5197-5p","AAUGGCA",6,"targetscan","MIMAT0021130","hsa-miR-5197-5p","FCRLA","84824","ENSG00000132185","-0.201","predicted"
2,"hsa-miR-5197-5p","AAUGGCA",6,"targetscan","MIMAT0021130","hsa-miR-5197-5p","PDE7A","5150","ENSG00000205268","-0.201","predicted"
2,"hsa-miR-5197-5p","AAUGGCA",6,"targetscan","MIMAT0021130","hsa-miR-5197-5p","ZNF681","148213","ENSG00000196172","-0.201","predicted"
2,"hsa-miR-5197-5p","AAUGGCA",6,"targetscan","MIMAT0021130","hsa-miR-5197-5p","SKIDA1","387640","ENSG00000180592","-0.201","predicted"
2,"hsa-miR-5197-5p","AAUGGCA",6,"targetscan","MIMAT0021130","hsa-miR-5197-5p","VCX2","51480","ENSG00000177504","-0.201","predicted"
2,"hsa-miR-5197-5p","AAUGGCA",6,"targetscan","MIMAT0021130","hsa-miR-5197-5p","GGN","199720","ENSG00000179168","-0.201","predicted"
2,"hsa-miR-5197-5p","AAUGGCA",6,"targetscan","MIMAT0021130","hsa-miR-5197-5p","UMAD1","729852","ENSG00000219545","-0.201","predicted"
2,"hsa-miR-5197-5p","AAUGGCA",6,"targetscan","MIMAT0021130","hsa-miR-5197-5p","ALDH3A2","224","ENSG00000072210","-0.202","predicted"
2,"hsa-miR-5197-5p","AAUGGCA",6,"targetscan","MIMAT0021130","hsa-miR-5197-5p","LIMS1","3987","ENSG00000169756","-0.202","predicted"
2,"hsa-miR-5197-5p","AAUGGCA",6,"targetscan","MIMAT0021130","hsa-miR-5197-5p","RBBP8","5932","ENSG00000101773","-0.202","predicted"
2,"hsa-miR-5197-5p","AAUGGCA",6,"targetscan","MIMAT0021130","hsa-miR-5197-5p","NINL","22981","ENSG00000101004","-0.202","predicted"
2,"hsa-miR-5197-5p","AAUGGCA",6,"targetscan","MIMAT0021130","hsa-miR-5197-5p","MED4","29079","ENSG00000136146","-0.202","predicted"
2,"hsa-miR-5197-5p","AAUGGCA",6,"targetscan","MIMAT0021130","hsa-miR-5197-5p","SLC50A1","55974","ENSG00000169241","-0.202","predicted"
2,"hsa-miR-5197-5p","AAUGGCA",6,"targetscan","MIMAT0021130","hsa-miR-5197-5p","ZNF555","148254","ENSG00000186300","-0.202","predicted"
2,"hsa-miR-5197-5p","AAUGGCA",6,"targetscan","MIMAT0021130","hsa-miR-5197-5p","GLYATL3","389396","ENSG00000203972","-0.202","predicted"
2,"hsa-miR-5197-5p","AAUGGCA",6,"targetscan","MIMAT0021130","hsa-miR-5197-5p","SLC12A8","84561","ENSG00000221955","-0.202","predicted"
2,"hsa-miR-5197-5p","AAUGGCA",6,"targetscan","MIMAT0021130","hsa-miR-5197-5p","CAMLG","819","ENSG00000164615","-0.202","predicted"
2,"hsa-miR-5197-5p","AAUGGCA",6,"targetscan","MIMAT0021130","hsa-miR-5197-5p","ZNF256","10172","ENSG00000152454","-0.202","predicted"
2,"hsa-miR-5197-5p","AAUGGCA",6,"targetscan","MIMAT0021130","hsa-miR-5197-5p","ZNF100","163227","ENSG00000197020","-0.202","predicted"
2,"hsa-miR-5197-5p","AAUGGCA",6,"targetscan","MIMAT0021130","hsa-miR-5197-5p","CPLANE1","65250","ENSG00000197603","-0.202","predicted"
2,"hsa-miR-5197-5p","AAUGGCA",6,"targetscan","MIMAT0021130","hsa-miR-5197-5p","MDM4","4194","ENSG00000198625","-0.203","predicted"
2,"hsa-miR-5197-5p","AAUGGCA",6,"targetscan","MIMAT0021130","hsa-miR-5197-5p","SCRG1","11341","ENSG00000164106","-0.203","predicted"
2,"hsa-miR-5197-5p","AAUGGCA",6,"targetscan","MIMAT0021130","hsa-miR-5197-5p","CAV3","859","ENSG00000182533","-0.203","predicted"
2,"hsa-miR-5197-5p","AAUGGCA",6,"targetscan","MIMAT0021130","hsa-miR-5197-5p","ZNF675","171392","ENSG00000197372","-0.203","predicted"
2,"hsa-miR-5197-5p","AAUGGCA",6,"targetscan","MIMAT0021130","hsa-miR-5197-5p","ANKRD45","339416","ENSG00000183831","-0.203","predicted"
2,"hsa-miR-5197-5p","AAUGGCA",6,"targetscan","MIMAT0021130","hsa-miR-5197-5p","LSM8","51691","ENSG00000128534","-0.203","predicted"
2,"hsa-miR-5197-5p","AAUGGCA",6,"targetscan","MIMAT0021130","hsa-miR-5197-5p","TAFA2","338811","ENSG00000198673","-0.203","predicted"
2,"hsa-miR-5197-5p","AAUGGCA",6,"targetscan","MIMAT0021130","hsa-miR-5197-5p","HIST1H2AM","","ENSG00000233224","-0.203","predicted"
2,"hsa-miR-5197-5p","AAUGGCA",6,"targetscan","MIMAT0021130","hsa-miR-5197-5p","CREB1","1385","ENSG00000118260","-0.204","predicted"
2,"hsa-miR-5197-5p","AAUGGCA",6,"targetscan","MIMAT0021130","hsa-miR-5197-5p","HES6","55502","ENSG00000144485","-0.204","predicted"
2,"hsa-miR-5197-5p","AAUGGCA",6,"targetscan","MIMAT0021130","hsa-miR-5197-5p","WDFY1","57590","ENSG00000085449","-0.204","predicted"
2,"hsa-miR-5197-5p","AAUGGCA",6,"targetscan","MIMAT0021130","hsa-miR-5197-5p","GSG1L","146395","ENSG00000169181","-0.204","predicted"
2,"hsa-miR-5197-5p","AAUGGCA",6,"targetscan","MIMAT0021130","hsa-miR-5197-5p","RBM12B","389677","ENSG00000183808","-0.204","predicted"
2,"hsa-miR-5197-5p","AAUGGCA",6,"targetscan","MIMAT0021130","hsa-miR-5197-5p","WASL","8976","ENSG00000106299","-0.204","predicted"
2,"hsa-miR-5197-5p","AAUGGCA",6,"targetscan","MIMAT0021130","hsa-miR-5197-5p","ARL6","84100","ENSG00000113966","-0.204","predicted"
2,"hsa-miR-5197-5p","AAUGGCA",6,"targetscan","MIMAT0021130","hsa-miR-5197-5p","DRICH1","51233","ENSG00000189269","-0.204","predicted"
2,"hsa-miR-5197-5p","AAUGGCA",6,"targetscan","MIMAT0021130","hsa-miR-5197-5p","","","ENSG00000269883","-0.204","predicted"
2,"hsa-miR-5197-5p","AAUGGCA",6,"targetscan","MIMAT0021130","hsa-miR-5197-5p","PGF","5228","ENSG00000119630","-0.205","predicted"
2,"hsa-miR-5197-5p","AAUGGCA",6,"targetscan","MIMAT0021130","hsa-miR-5197-5p","TRAM1","23471","ENSG00000067167","-0.205","predicted"
2,"hsa-miR-5197-5p","AAUGGCA",6,"targetscan","MIMAT0021130","hsa-miR-5197-5p","PDSS1","23590","ENSG00000148459","-0.205","predicted"
2,"hsa-miR-5197-5p","AAUGGCA",6,"targetscan","MIMAT0021130","hsa-miR-5197-5p","MYPN","84665","ENSG00000138347","-0.205","predicted"
2,"hsa-miR-5197-5p","AAUGGCA",6,"targetscan","MIMAT0021130","hsa-miR-5197-5p","SLC30A9","10463","ENSG00000014824","-0.205","predicted"
2,"hsa-miR-5197-5p","AAUGGCA",6,"targetscan","MIMAT0021130","hsa-miR-5197-5p","CCDC127","133957","ENSG00000164366","-0.205","predicted"
2,"hsa-miR-5197-5p","AAUGGCA",6,"targetscan","MIMAT0021130","hsa-miR-5197-5p","KCNJ5-AS1","219833","ENSG00000174370","-0.205","predicted"
2,"hsa-miR-5197-5p","AAUGGCA",6,"targetscan","MIMAT0021130","hsa-miR-5197-5p","LRRFIP1","9208","ENSG00000124831","-0.206","predicted"
2,"hsa-miR-5197-5p","AAUGGCA",6,"targetscan","MIMAT0021130","hsa-miR-5197-5p","EXO1","9156","ENSG00000174371","-0.206","predicted"
2,"hsa-miR-5197-5p","AAUGGCA",6,"targetscan","MIMAT0021130","hsa-miR-5197-5p","MTHFD1L","25902","ENSG00000120254","-0.206","predicted"
2,"hsa-miR-5197-5p","AAUGGCA",6,"targetscan","MIMAT0021130","hsa-miR-5197-5p","FAM98A","25940","ENSG00000119812","-0.206","predicted"
2,"hsa-miR-5197-5p","AAUGGCA",6,"targetscan","MIMAT0021130","hsa-miR-5197-5p","TMCO1","54499","ENSG00000143183","-0.206","predicted"
2,"hsa-miR-5197-5p","AAUGGCA",6,"targetscan","MIMAT0021130","hsa-miR-5197-5p","NAPEPLD","222236","ENSG00000161048","-0.206","predicted"
2,"hsa-miR-5197-5p","AAUGGCA",6,"targetscan","MIMAT0021130","hsa-miR-5197-5p","PPP2R5E","5529","ENSG00000154001","-0.206","predicted"
2,"hsa-miR-5197-5p","AAUGGCA",6,"targetscan","MIMAT0021130","hsa-miR-5197-5p","GSAP","54103","ENSG00000186088","-0.206","predicted"
2,"hsa-miR-5197-5p","AAUGGCA",6,"targetscan","MIMAT0021130","hsa-miR-5197-5p","MARCO","8685","ENSG00000019169","-0.206","predicted"
2,"hsa-miR-5197-5p","AAUGGCA",6,"targetscan","MIMAT0021130","hsa-miR-5197-5p","ZNF143","7702","ENSG00000166478","-0.207","predicted"
2,"hsa-miR-5197-5p","AAUGGCA",6,"targetscan","MIMAT0021130","hsa-miR-5197-5p","ZKSCAN8","7745","ENSG00000198315","-0.207","predicted"
2,"hsa-miR-5197-5p","AAUGGCA",6,"targetscan","MIMAT0021130","hsa-miR-5197-5p","PLEK2","26499","ENSG00000100558","-0.207","predicted"
2,"hsa-miR-5197-5p","AAUGGCA",6,"targetscan","MIMAT0021130","hsa-miR-5197-5p","ENOSF1","55556","ENSG00000132199","-0.207","predicted"
2,"hsa-miR-5197-5p","AAUGGCA",6,"targetscan","MIMAT0021130","hsa-miR-5197-5p","DYRK4","8798","ENSG00000010219","-0.207","predicted"
2,"hsa-miR-5197-5p","AAUGGCA",6,"targetscan","MIMAT0021130","hsa-miR-5197-5p","TXNL1","9352","ENSG00000091164","-0.207","predicted"
2,"hsa-miR-5197-5p","AAUGGCA",6,"targetscan","MIMAT0021130","hsa-miR-5197-5p","PTPN20","26095","ENSG00000204179","-0.207","predicted"
2,"hsa-miR-5197-5p","AAUGGCA",6,"targetscan","MIMAT0021130","hsa-miR-5197-5p","DRC7","84229","ENSG00000159625","-0.207","predicted"
2,"hsa-miR-5197-5p","AAUGGCA",6,"targetscan","MIMAT0021130","hsa-miR-5197-5p","RTL8B","441518","ENSG00000212747","-0.207","predicted"
2,"hsa-miR-5197-5p","AAUGGCA",6,"targetscan","MIMAT0021130","hsa-miR-5197-5p","AFG1L","246269","ENSG00000135537","-0.207","predicted"
2,"hsa-miR-5197-5p","AAUGGCA",6,"targetscan","MIMAT0021130","hsa-miR-5197-5p","UTP25","27042","ENSG00000117597","-0.207","predicted"
2,"hsa-miR-5197-5p","AAUGGCA",6,"targetscan","MIMAT0021130","hsa-miR-5197-5p","PTPN20B","","ENSG00000183675","-0.207","predicted"
2,"hsa-miR-5197-5p","AAUGGCA",6,"targetscan","MIMAT0021130","hsa-miR-5197-5p","CD40LG","959","ENSG00000102245","-0.208","predicted"
2,"hsa-miR-5197-5p","AAUGGCA",6,"targetscan","MIMAT0021130","hsa-miR-5197-5p","FOXG1","2290","ENSG00000176165","-0.208","predicted"
2,"hsa-miR-5197-5p","AAUGGCA",6,"targetscan","MIMAT0021130","hsa-miR-5197-5p","MMP19","4327","ENSG00000123342","-0.208","predicted"
2,"hsa-miR-5197-5p","AAUGGCA",6,"targetscan","MIMAT0021130","hsa-miR-5197-5p","BFAR","51283","ENSG00000103429","-0.208","predicted"
2,"hsa-miR-5197-5p","AAUGGCA",6,"targetscan","MIMAT0021130","hsa-miR-5197-5p","MEX3C","51320","ENSG00000176624","-0.208","predicted"
2,"hsa-miR-5197-5p","AAUGGCA",6,"targetscan","MIMAT0021130","hsa-miR-5197-5p","TMEM106C","79022","ENSG00000134291","-0.208","predicted"
2,"hsa-miR-5197-5p","AAUGGCA",6,"targetscan","MIMAT0021130","hsa-miR-5197-5p","FBXO11","80204","ENSG00000138081","-0.208","predicted"
2,"hsa-miR-5197-5p","AAUGGCA",6,"targetscan","MIMAT0021130","hsa-miR-5197-5p","CCER1","196477","ENSG00000197651","-0.208","predicted"
2,"hsa-miR-5197-5p","AAUGGCA",6,"targetscan","MIMAT0021130","hsa-miR-5197-5p","ANO6","196527","ENSG00000177119","-0.208","predicted"
2,"hsa-miR-5197-5p","AAUGGCA",6,"targetscan","MIMAT0021130","hsa-miR-5197-5p","CD3G","917","ENSG00000160654","-0.208","predicted"
2,"hsa-miR-5197-5p","AAUGGCA",6,"targetscan","MIMAT0021130","hsa-miR-5197-5p","FABP2","2169","ENSG00000145384","-0.208","predicted"
2,"hsa-miR-5197-5p","AAUGGCA",6,"targetscan","MIMAT0021130","hsa-miR-5197-5p","C10orf90","118611","ENSG00000154493","-0.208","predicted"
2,"hsa-miR-5197-5p","AAUGGCA",6,"targetscan","MIMAT0021130","hsa-miR-5197-5p","HCFC2","29915","ENSG00000111727","-0.208","predicted"
2,"hsa-miR-5197-5p","AAUGGCA",6,"targetscan","MIMAT0021130","hsa-miR-5197-5p","SMU1","55234","ENSG00000122692","-0.208","predicted"
2,"hsa-miR-5197-5p","AAUGGCA",6,"targetscan","MIMAT0021130","hsa-miR-5197-5p","GARRE1","9710","ENSG00000166398","-0.208","predicted"
2,"hsa-miR-5197-5p","AAUGGCA",6,"targetscan","MIMAT0021130","hsa-miR-5197-5p","UBE2K","3093","ENSG00000078140","-0.209","predicted"
2,"hsa-miR-5197-5p","AAUGGCA",6,"targetscan","MIMAT0021130","hsa-miR-5197-5p","P2RY6","5031","ENSG00000171631","-0.209","predicted"
2,"hsa-miR-5197-5p","AAUGGCA",6,"targetscan","MIMAT0021130","hsa-miR-5197-5p","CCDC144A","9720","ENSG00000170160","-0.209","predicted"
2,"hsa-miR-5197-5p","AAUGGCA",6,"targetscan","MIMAT0021130","hsa-miR-5197-5p","CHMP2B","25978","ENSG00000083937","-0.209","predicted"
2,"hsa-miR-5197-5p","AAUGGCA",6,"targetscan","MIMAT0021130","hsa-miR-5197-5p","IMPACT","55364","ENSG00000154059","-0.209","predicted"
2,"hsa-miR-5197-5p","AAUGGCA",6,"targetscan","MIMAT0021130","hsa-miR-5197-5p","CAAP1","79886","ENSG00000120159","-0.209","predicted"
2,"hsa-miR-5197-5p","AAUGGCA",6,"targetscan","MIMAT0021130","hsa-miR-5197-5p","ANKRD22","118932","ENSG00000152766","-0.209","predicted"
2,"hsa-miR-5197-5p","AAUGGCA",6,"targetscan","MIMAT0021130","hsa-miR-5197-5p","THEMIS","387357","ENSG00000172673","-0.209","predicted"
2,"hsa-miR-5197-5p","AAUGGCA",6,"targetscan","MIMAT0021130","hsa-miR-5197-5p","POSTN","10631","ENSG00000133110","-0.209","predicted"
2,"hsa-miR-5197-5p","AAUGGCA",6,"targetscan","MIMAT0021130","hsa-miR-5197-5p","UBE2QL1","134111","ENSG00000215218","-0.209","predicted"
2,"hsa-miR-5197-5p","AAUGGCA",6,"targetscan","MIMAT0021130","hsa-miR-5197-5p","ANKRD36","375248","ENSG00000135976","-0.209","predicted"
2,"hsa-miR-5197-5p","AAUGGCA",6,"targetscan","MIMAT0021130","hsa-miR-5197-5p","AQR","9716","ENSG00000021776","-0.209","predicted"
2,"hsa-miR-5197-5p","AAUGGCA",6,"targetscan","MIMAT0021130","hsa-miR-5197-5p","ZNF639","51193","ENSG00000121864","-0.209","predicted"
2,"hsa-miR-5197-5p","AAUGGCA",6,"targetscan","MIMAT0021130","hsa-miR-5197-5p","CFHR5","81494","ENSG00000134389","-0.209","predicted"
2,"hsa-miR-5197-5p","AAUGGCA",6,"targetscan","MIMAT0021130","hsa-miR-5197-5p","KCNE4","23704","ENSG00000152049","-0.209","predicted"
2,"hsa-miR-5197-5p","AAUGGCA",6,"targetscan","MIMAT0021130","hsa-miR-5197-5p","PYHIN1","149628","ENSG00000163564","-0.209","predicted"
2,"hsa-miR-5197-5p","AAUGGCA",6,"targetscan","MIMAT0021130","hsa-miR-5197-5p","MMUT","4594","ENSG00000146085","-0.209","predicted"
2,"hsa-miR-5197-5p","AAUGGCA",6,"targetscan","MIMAT0021130","hsa-miR-5197-5p","VCF1","84923","ENSG00000133193","-0.209","predicted"
2,"hsa-miR-5197-5p","AAUGGCA",6,"targetscan","MIMAT0021130","hsa-miR-5197-5p","CD28","940","ENSG00000178562","-0.21","predicted"
2,"hsa-miR-5197-5p","AAUGGCA",6,"targetscan","MIMAT0021130","hsa-miR-5197-5p","LSM6","11157","ENSG00000164167","-0.21","predicted"
2,"hsa-miR-5197-5p","AAUGGCA",6,"targetscan","MIMAT0021130","hsa-miR-5197-5p","COMMD10","51397","ENSG00000145781","-0.21","predicted"
2,"hsa-miR-5197-5p","AAUGGCA",6,"targetscan","MIMAT0021130","hsa-miR-5197-5p","SLC25A36","55186","ENSG00000114120","-0.21","predicted"
2,"hsa-miR-5197-5p","AAUGGCA",6,"targetscan","MIMAT0021130","hsa-miR-5197-5p","SLC25A40","55972","ENSG00000075303","-0.21","predicted"
2,"hsa-miR-5197-5p","AAUGGCA",6,"targetscan","MIMAT0021130","hsa-miR-5197-5p","KLHL42","57542","ENSG00000087448","-0.21","predicted"
2,"hsa-miR-5197-5p","AAUGGCA",6,"targetscan","MIMAT0021130","hsa-miR-5197-5p","SLITRK4","139065","ENSG00000179542","-0.21","predicted"
2,"hsa-miR-5197-5p","AAUGGCA",6,"targetscan","MIMAT0021130","hsa-miR-5197-5p","RASSF6","166824","ENSG00000169435","-0.21","predicted"
2,"hsa-miR-5197-5p","AAUGGCA",6,"targetscan","MIMAT0021130","hsa-miR-5197-5p","FRMD3","257019","ENSG00000172159","-0.21","predicted"
2,"hsa-miR-5197-5p","AAUGGCA",6,"targetscan","MIMAT0021130","hsa-miR-5197-5p","NETO1","81832","ENSG00000166342","-0.21","predicted"
2,"hsa-miR-5197-5p","AAUGGCA",6,"targetscan","MIMAT0021130","hsa-miR-5197-5p","CLEC9A","283420","ENSG00000197992","-0.21","predicted"
2,"hsa-miR-5197-5p","AAUGGCA",6,"targetscan","MIMAT0021130","hsa-miR-5197-5p","GET3","439","ENSG00000198356","-0.21","predicted"
2,"hsa-miR-5197-5p","AAUGGCA",6,"targetscan","MIMAT0021130","hsa-miR-5197-5p","EFNB1","1947","ENSG00000090776","-0.211","predicted"
2,"hsa-miR-5197-5p","AAUGGCA",6,"targetscan","MIMAT0021130","hsa-miR-5197-5p","PBLD","64081","ENSG00000108187","-0.211","predicted"
2,"hsa-miR-5197-5p","AAUGGCA",6,"targetscan","MIMAT0021130","hsa-miR-5197-5p","ARL14EP","120534","ENSG00000152219","-0.211","predicted"
2,"hsa-miR-5197-5p","AAUGGCA",6,"targetscan","MIMAT0021130","hsa-miR-5197-5p","RNF32","140545","ENSG00000105982","-0.211","predicted"
2,"hsa-miR-5197-5p","AAUGGCA",6,"targetscan","MIMAT0021130","hsa-miR-5197-5p","EMP2","2013","ENSG00000213853","-0.211","predicted"
2,"hsa-miR-5197-5p","AAUGGCA",6,"targetscan","MIMAT0021130","hsa-miR-5197-5p","CNTD1","124817","ENSG00000176563","-0.211","predicted"
2,"hsa-miR-5197-5p","AAUGGCA",6,"targetscan","MIMAT0021130","hsa-miR-5197-5p","YWHAZ","7534","ENSG00000164924","-0.212","predicted"
2,"hsa-miR-5197-5p","AAUGGCA",6,"targetscan","MIMAT0021130","hsa-miR-5197-5p","HOXA9","3205","ENSG00000078399","-0.212","predicted"
2,"hsa-miR-5197-5p","AAUGGCA",6,"targetscan","MIMAT0021130","hsa-miR-5197-5p","EBAG9","9166","ENSG00000147654","-0.212","predicted"
2,"hsa-miR-5197-5p","AAUGGCA",6,"targetscan","MIMAT0021130","hsa-miR-5197-5p","JAKMIP2","9832","ENSG00000176049","-0.212","predicted"
2,"hsa-miR-5197-5p","AAUGGCA",6,"targetscan","MIMAT0021130","hsa-miR-5197-5p","SDAD1","55153","ENSG00000198301","-0.212","predicted"
2,"hsa-miR-5197-5p","AAUGGCA",6,"targetscan","MIMAT0021130","hsa-miR-5197-5p","DCUN1D3","123879","ENSG00000188215","-0.212","predicted"
2,"hsa-miR-5197-5p","AAUGGCA",6,"targetscan","MIMAT0021130","hsa-miR-5197-5p","CNGA1","1259","ENSG00000198515","-0.212","predicted"
2,"hsa-miR-5197-5p","AAUGGCA",6,"targetscan","MIMAT0021130","hsa-miR-5197-5p","ZNF780B","163131","ENSG00000128000","-0.212","predicted"
2,"hsa-miR-5197-5p","AAUGGCA",6,"targetscan","MIMAT0021130","hsa-miR-5197-5p","ATM","472","ENSG00000149311","-0.213","predicted"
2,"hsa-miR-5197-5p","AAUGGCA",6,"targetscan","MIMAT0021130","hsa-miR-5197-5p","BMPR1A","657","ENSG00000107779","-0.213","predicted"
2,"hsa-miR-5197-5p","AAUGGCA",6,"targetscan","MIMAT0021130","hsa-miR-5197-5p","GMFB","2764","ENSG00000197045","-0.213","predicted"
2,"hsa-miR-5197-5p","AAUGGCA",6,"targetscan","MIMAT0021130","hsa-miR-5197-5p","ARPP19","10776","ENSG00000128989","-0.213","predicted"
2,"hsa-miR-5197-5p","AAUGGCA",6,"targetscan","MIMAT0021130","hsa-miR-5197-5p","BTBD3","22903","ENSG00000132640","-0.213","predicted"
2,"hsa-miR-5197-5p","AAUGGCA",6,"targetscan","MIMAT0021130","hsa-miR-5197-5p","C1QC","714","ENSG00000159189","-0.213","predicted"
2,"hsa-miR-5197-5p","AAUGGCA",6,"targetscan","MIMAT0021130","hsa-miR-5197-5p","THBS2","7058","ENSG00000186340","-0.213","predicted"
2,"hsa-miR-5197-5p","AAUGGCA",6,"targetscan","MIMAT0021130","hsa-miR-5197-5p","TMBIM4","51643","ENSG00000155957","-0.213","predicted"
2,"hsa-miR-5197-5p","AAUGGCA",6,"targetscan","MIMAT0021130","hsa-miR-5197-5p","DAB1","1600","ENSG00000173406","-0.213","predicted"
2,"hsa-miR-5197-5p","AAUGGCA",6,"targetscan","MIMAT0021130","hsa-miR-5197-5p","TEX12","56158","ENSG00000150783","-0.213","predicted"
2,"hsa-miR-5197-5p","AAUGGCA",6,"targetscan","MIMAT0021130","hsa-miR-5197-5p","ZNF681","148213","ENSG00000196172","-0.213","predicted"
2,"hsa-miR-5197-5p","AAUGGCA",6,"targetscan","MIMAT0021130","hsa-miR-5197-5p","CCDC50","152137","ENSG00000152492","-0.213","predicted"
2,"hsa-miR-5197-5p","AAUGGCA",6,"targetscan","MIMAT0021130","hsa-miR-5197-5p","FOXC2","2303","ENSG00000176692","-0.213","predicted"
2,"hsa-miR-5197-5p","AAUGGCA",6,"targetscan","MIMAT0021130","hsa-miR-5197-5p","OSBPL8","114882","ENSG00000091039","-0.214","predicted"
2,"hsa-miR-5197-5p","AAUGGCA",6,"targetscan","MIMAT0021130","hsa-miR-5197-5p","KHK","3795","ENSG00000138030","-0.214","predicted"
2,"hsa-miR-5197-5p","AAUGGCA",6,"targetscan","MIMAT0021130","hsa-miR-5197-5p","HTRA1","5654","ENSG00000166033","-0.214","predicted"
2,"hsa-miR-5197-5p","AAUGGCA",6,"targetscan","MIMAT0021130","hsa-miR-5197-5p","RALA","5898","ENSG00000006451","-0.214","predicted"
2,"hsa-miR-5197-5p","AAUGGCA",6,"targetscan","MIMAT0021130","hsa-miR-5197-5p","SRSF4","6429","ENSG00000116350","-0.214","predicted"
2,"hsa-miR-5197-5p","AAUGGCA",6,"targetscan","MIMAT0021130","hsa-miR-5197-5p","AP1M1","8907","ENSG00000072958","-0.214","predicted"
2,"hsa-miR-5197-5p","AAUGGCA",6,"targetscan","MIMAT0021130","hsa-miR-5197-5p","PAX8","7849","ENSG00000125618","-0.214","predicted"
2,"hsa-miR-5197-5p","AAUGGCA",6,"targetscan","MIMAT0021130","hsa-miR-5197-5p","ATP11AUN","400165","ENSG00000197595","-0.214","predicted"
2,"hsa-miR-5197-5p","AAUGGCA",6,"targetscan","MIMAT0021130","hsa-miR-5197-5p","BVES","11149","ENSG00000112276","-0.215","predicted"
2,"hsa-miR-5197-5p","AAUGGCA",6,"targetscan","MIMAT0021130","hsa-miR-5197-5p","LHX9","56956","ENSG00000143355","-0.215","predicted"
2,"hsa-miR-5197-5p","AAUGGCA",6,"targetscan","MIMAT0021130","hsa-miR-5197-5p","SLA2","84174","ENSG00000101082","-0.215","predicted"
2,"hsa-miR-5197-5p","AAUGGCA",6,"targetscan","MIMAT0021130","hsa-miR-5197-5p","SLITRK4","139065","ENSG00000179542","-0.215","predicted"
2,"hsa-miR-5197-5p","AAUGGCA",6,"targetscan","MIMAT0021130","hsa-miR-5197-5p","ATP6V1C2","245973","ENSG00000143882","-0.215","predicted"
2,"hsa-miR-5197-5p","AAUGGCA",6,"targetscan","MIMAT0021130","hsa-miR-5197-5p","ZBTB34","403341","ENSG00000177125","-0.215","predicted"
2,"hsa-miR-5197-5p","AAUGGCA",6,"targetscan","MIMAT0021130","hsa-miR-5197-5p","CRBN","51185","ENSG00000113851","-0.215","predicted"
2,"hsa-miR-5197-5p","AAUGGCA",6,"targetscan","MIMAT0021130","hsa-miR-5197-5p","DMRTB1","63948","ENSG00000143006","-0.215","predicted"
2,"hsa-miR-5197-5p","AAUGGCA",6,"targetscan","MIMAT0021130","hsa-miR-5197-5p","MAN1A1","4121","ENSG00000111885","-0.216","predicted"
2,"hsa-miR-5197-5p","AAUGGCA",6,"targetscan","MIMAT0021130","hsa-miR-5197-5p","ANKRD28","23243","ENSG00000206560","-0.216","predicted"
2,"hsa-miR-5197-5p","AAUGGCA",6,"targetscan","MIMAT0021130","hsa-miR-5197-5p","GALNT12","79695","ENSG00000119514","-0.216","predicted"
2,"hsa-miR-5197-5p","AAUGGCA",6,"targetscan","MIMAT0021130","hsa-miR-5197-5p","RAPGEF5","9771","ENSG00000136237","-0.216","predicted"
2,"hsa-miR-5197-5p","AAUGGCA",6,"targetscan","MIMAT0021130","hsa-miR-5197-5p","SERINC1","57515","ENSG00000111897","-0.216","predicted"
2,"hsa-miR-5197-5p","AAUGGCA",6,"targetscan","MIMAT0021130","hsa-miR-5197-5p","PPCDC","60490","ENSG00000138621","-0.216","predicted"
2,"hsa-miR-5197-5p","AAUGGCA",6,"targetscan","MIMAT0021130","hsa-miR-5197-5p","PRXL2B","127281","ENSG00000157870","-0.216","predicted"
2,"hsa-miR-5197-5p","AAUGGCA",6,"targetscan","MIMAT0021130","hsa-miR-5197-5p","SLC66A3","130814","ENSG00000162976","-0.216","predicted"
2,"hsa-miR-5197-5p","AAUGGCA",6,"targetscan","MIMAT0021130","hsa-miR-5197-5p","LINC02873","283171","ENSG00000175728","-0.216","predicted"
2,"hsa-miR-5197-5p","AAUGGCA",6,"targetscan","MIMAT0021130","hsa-miR-5197-5p","NOTCH1","4851","ENSG00000148400","-0.217","predicted"
2,"hsa-miR-5197-5p","AAUGGCA",6,"targetscan","MIMAT0021130","hsa-miR-5197-5p","KCNJ2","3759","ENSG00000123700","-0.217","predicted"
2,"hsa-miR-5197-5p","AAUGGCA",6,"targetscan","MIMAT0021130","hsa-miR-5197-5p","HSDL2","84263","ENSG00000119471","-0.217","predicted"
2,"hsa-miR-5197-5p","AAUGGCA",6,"targetscan","MIMAT0021130","hsa-miR-5197-5p","DUSP6","1848","ENSG00000139318","-0.217","predicted"
2,"hsa-miR-5197-5p","AAUGGCA",6,"targetscan","MIMAT0021130","hsa-miR-5197-5p","MAP3K4","4216","ENSG00000085511","-0.217","predicted"
2,"hsa-miR-5197-5p","AAUGGCA",6,"targetscan","MIMAT0021130","hsa-miR-5197-5p","LYVE1","10894","ENSG00000133800","-0.217","predicted"
2,"hsa-miR-5197-5p","AAUGGCA",6,"targetscan","MIMAT0021130","hsa-miR-5197-5p","LEF1","51176","ENSG00000138795","-0.217","predicted"
2,"hsa-miR-5197-5p","AAUGGCA",6,"targetscan","MIMAT0021130","hsa-miR-5197-5p","LRRC36","55282","ENSG00000159708","-0.217","predicted"
2,"hsa-miR-5197-5p","AAUGGCA",6,"targetscan","MIMAT0021130","hsa-miR-5197-5p","KIF27","55582","ENSG00000165115","-0.217","predicted"
2,"hsa-miR-5197-5p","AAUGGCA",6,"targetscan","MIMAT0021130","hsa-miR-5197-5p","SGPP1","81537","ENSG00000126821","-0.217","predicted"
2,"hsa-miR-5197-5p","AAUGGCA",6,"targetscan","MIMAT0021130","hsa-miR-5197-5p","TRIM59","286827","ENSG00000213186","-0.217","predicted"
2,"hsa-miR-5197-5p","AAUGGCA",6,"targetscan","MIMAT0021130","hsa-miR-5197-5p","ARL16","339231","ENSG00000214087","-0.217","predicted"
2,"hsa-miR-5197-5p","AAUGGCA",6,"targetscan","MIMAT0021130","hsa-miR-5197-5p","TCP11L1","55346","ENSG00000176148","-0.217","predicted"
2,"hsa-miR-5197-5p","AAUGGCA",6,"targetscan","MIMAT0021130","hsa-miR-5197-5p","ZNF43","7594","ENSG00000198521","-0.217","predicted"
2,"hsa-miR-5197-5p","AAUGGCA",6,"targetscan","MIMAT0021130","hsa-miR-5197-5p","VCX","26609","ENSG00000182583","-0.217","predicted"
2,"hsa-miR-5197-5p","AAUGGCA",6,"targetscan","MIMAT0021130","hsa-miR-5197-5p","LCMT2","9836","ENSG00000168806","-0.217","predicted"
2,"hsa-miR-5197-5p","AAUGGCA",6,"targetscan","MIMAT0021130","hsa-miR-5197-5p","TADA1","117143","ENSG00000152382","-0.217","predicted"
2,"hsa-miR-5197-5p","AAUGGCA",6,"targetscan","MIMAT0021130","hsa-miR-5197-5p","CNOT6L","246175","ENSG00000138767","-0.217","predicted"
2,"hsa-miR-5197-5p","AAUGGCA",6,"targetscan","MIMAT0021130","hsa-miR-5197-5p","HSPE1-MOB4","100529241","ENSG00000270757","-0.217","predicted"
2,"hsa-miR-5197-5p","AAUGGCA",6,"targetscan","MIMAT0021130","hsa-miR-5197-5p","HIST1H2AH","","ENSG00000184825","-0.217","predicted"
2,"hsa-miR-5197-5p","AAUGGCA",6,"targetscan","MIMAT0021130","hsa-miR-5197-5p","ATP6V0E1","8992","ENSG00000113732","-0.218","predicted"
2,"hsa-miR-5197-5p","AAUGGCA",6,"targetscan","MIMAT0021130","hsa-miR-5197-5p","SLC35A1","10559","ENSG00000164414","-0.218","predicted"
2,"hsa-miR-5197-5p","AAUGGCA",6,"targetscan","MIMAT0021130","hsa-miR-5197-5p","CSNK1A1","1452","ENSG00000113712","-0.218","predicted"
2,"hsa-miR-5197-5p","AAUGGCA",6,"targetscan","MIMAT0021130","hsa-miR-5197-5p","FGF2","2247","ENSG00000138685","-0.218","predicted"
2,"hsa-miR-5197-5p","AAUGGCA",6,"targetscan","MIMAT0021130","hsa-miR-5197-5p","SAA1","6288","ENSG00000173432","-0.218","predicted"
2,"hsa-miR-5197-5p","AAUGGCA",6,"targetscan","MIMAT0021130","hsa-miR-5197-5p","SLC25A12","8604","ENSG00000115840","-0.218","predicted"
2,"hsa-miR-5197-5p","AAUGGCA",6,"targetscan","MIMAT0021130","hsa-miR-5197-5p","ZNF793","390927","ENSG00000188227","-0.218","predicted"
2,"hsa-miR-5197-5p","AAUGGCA",6,"targetscan","MIMAT0021130","hsa-miR-5197-5p","ZNF577","84765","ENSG00000161551","-0.218","predicted"
2,"hsa-miR-5197-5p","AAUGGCA",6,"targetscan","MIMAT0021130","hsa-miR-5197-5p","GYPC","2995","ENSG00000136732","-0.218","predicted"
2,"hsa-miR-5197-5p","AAUGGCA",6,"targetscan","MIMAT0021130","hsa-miR-5197-5p","GIMAP1","170575","ENSG00000213203","-0.218","predicted"
2,"hsa-miR-5197-5p","AAUGGCA",6,"targetscan","MIMAT0021130","hsa-miR-5197-5p","CDC42","998","ENSG00000070831","-0.219","predicted"
2,"hsa-miR-5197-5p","AAUGGCA",6,"targetscan","MIMAT0021130","hsa-miR-5197-5p","TIMM8A","1678","ENSG00000126953","-0.219","predicted"
2,"hsa-miR-5197-5p","AAUGGCA",6,"targetscan","MIMAT0021130","hsa-miR-5197-5p","DLD","1738","ENSG00000091140","-0.219","predicted"
2,"hsa-miR-5197-5p","AAUGGCA",6,"targetscan","MIMAT0021130","hsa-miR-5197-5p","SDHC","6391","ENSG00000143252","-0.219","predicted"
2,"hsa-miR-5197-5p","AAUGGCA",6,"targetscan","MIMAT0021130","hsa-miR-5197-5p","RHOXF2B","727940","ENSG00000203989","-0.219","predicted"
2,"hsa-miR-5197-5p","AAUGGCA",6,"targetscan","MIMAT0021130","hsa-miR-5197-5p","TSEN15","116461","ENSG00000198860","-0.219","predicted"
2,"hsa-miR-5197-5p","AAUGGCA",6,"targetscan","MIMAT0021130","hsa-miR-5197-5p","DUX4L5","","ENSG00000259063","-0.219","predicted"
2,"hsa-miR-5197-5p","AAUGGCA",6,"targetscan","MIMAT0021130","hsa-miR-5197-5p","ALDOA","226","ENSG00000149925","-0.22","predicted"
2,"hsa-miR-5197-5p","AAUGGCA",6,"targetscan","MIMAT0021130","hsa-miR-5197-5p","PHKB","5257","ENSG00000102893","-0.22","predicted"
2,"hsa-miR-5197-5p","AAUGGCA",6,"targetscan","MIMAT0021130","hsa-miR-5197-5p","ZFAND5","7763","ENSG00000107372","-0.22","predicted"
2,"hsa-miR-5197-5p","AAUGGCA",6,"targetscan","MIMAT0021130","hsa-miR-5197-5p","PPM1D","8493","ENSG00000170836","-0.22","predicted"
2,"hsa-miR-5197-5p","AAUGGCA",6,"targetscan","MIMAT0021130","hsa-miR-5197-5p","TEX2","55852","ENSG00000136478","-0.22","predicted"
2,"hsa-miR-5197-5p","AAUGGCA",6,"targetscan","MIMAT0021130","hsa-miR-5197-5p","PLEKHA1","59338","ENSG00000107679","-0.22","predicted"
2,"hsa-miR-5197-5p","AAUGGCA",6,"targetscan","MIMAT0021130","hsa-miR-5197-5p","EPB41L4A","64097","ENSG00000129595","-0.22","predicted"
2,"hsa-miR-5197-5p","AAUGGCA",6,"targetscan","MIMAT0021130","hsa-miR-5197-5p","ARPC4","10093","ENSG00000241553","-0.22","predicted"
2,"hsa-miR-5197-5p","AAUGGCA",6,"targetscan","MIMAT0021130","hsa-miR-5197-5p","PATE3","100169851","ENSG00000236027","-0.22","predicted"
2,"hsa-miR-5197-5p","AAUGGCA",6,"targetscan","MIMAT0021130","hsa-miR-5197-5p","MS4A7","58475","ENSG00000166927","-0.22","predicted"
2,"hsa-miR-5197-5p","AAUGGCA",6,"targetscan","MIMAT0021130","hsa-miR-5197-5p","GANC","2595","ENSG00000214013","-0.22","predicted"
2,"hsa-miR-5197-5p","AAUGGCA",6,"targetscan","MIMAT0021130","hsa-miR-5197-5p","SURF2","6835","ENSG00000148291","-0.22","predicted"
2,"hsa-miR-5197-5p","AAUGGCA",6,"targetscan","MIMAT0021130","hsa-miR-5197-5p","PPP5D1P","","ENSG00000230510","-0.22","predicted"
2,"hsa-miR-5197-5p","AAUGGCA",6,"targetscan","MIMAT0021130","hsa-miR-5197-5p","GGA2","23062","ENSG00000103365","-0.221","predicted"
2,"hsa-miR-5197-5p","AAUGGCA",6,"targetscan","MIMAT0021130","hsa-miR-5197-5p","SLC25A31","83447","ENSG00000151475","-0.221","predicted"
2,"hsa-miR-5197-5p","AAUGGCA",6,"targetscan","MIMAT0021130","hsa-miR-5197-5p","VCX3B","425054","ENSG00000205642","-0.221","predicted"
2,"hsa-miR-5197-5p","AAUGGCA",6,"targetscan","MIMAT0021130","hsa-miR-5197-5p","XG","7499","ENSG00000124343","-0.221","predicted"
2,"hsa-miR-5197-5p","AAUGGCA",6,"targetscan","MIMAT0021130","hsa-miR-5197-5p","VCX3A","51481","ENSG00000169059","-0.221","predicted"
2,"hsa-miR-5197-5p","AAUGGCA",6,"targetscan","MIMAT0021130","hsa-miR-5197-5p","COX16","51241","ENSG00000133983","-0.221","predicted"
2,"hsa-miR-5197-5p","AAUGGCA",6,"targetscan","MIMAT0021130","hsa-miR-5197-5p","RPS3","6188","ENSG00000149273","-0.221","predicted"
2,"hsa-miR-5197-5p","AAUGGCA",6,"targetscan","MIMAT0021130","hsa-miR-5197-5p","DAOA","267012","ENSG00000182346","-0.221","predicted"
2,"hsa-miR-5197-5p","AAUGGCA",6,"targetscan","MIMAT0021130","hsa-miR-5197-5p","DIPK1C","125704","ENSG00000187773","-0.221","predicted"
2,"hsa-miR-5197-5p","AAUGGCA",6,"targetscan","MIMAT0021130","hsa-miR-5197-5p","GALNT1","2589","ENSG00000141429","-0.222","predicted"
2,"hsa-miR-5197-5p","AAUGGCA",6,"targetscan","MIMAT0021130","hsa-miR-5197-5p","BPY2","9083","ENSG00000183753","-0.222","predicted"
2,"hsa-miR-5197-5p","AAUGGCA",6,"targetscan","MIMAT0021130","hsa-miR-5197-5p","TMED7","51014","ENSG00000134970","-0.222","predicted"
2,"hsa-miR-5197-5p","AAUGGCA",6,"targetscan","MIMAT0021130","hsa-miR-5197-5p","CNEP1R1","255919","ENSG00000205423","-0.222","predicted"
2,"hsa-miR-5197-5p","AAUGGCA",6,"targetscan","MIMAT0021130","hsa-miR-5197-5p","C6orf226","441150","ENSG00000221821","-0.222","predicted"
2,"hsa-miR-5197-5p","AAUGGCA",6,"targetscan","MIMAT0021130","hsa-miR-5197-5p","RTTN","25914","ENSG00000176225","-0.222","predicted"
2,"hsa-miR-5197-5p","AAUGGCA",6,"targetscan","MIMAT0021130","hsa-miR-5197-5p","LDAH","60526","ENSG00000118961","-0.222","predicted"
2,"hsa-miR-5197-5p","AAUGGCA",6,"targetscan","MIMAT0021130","hsa-miR-5197-5p","PPDPFL","492307","ENSG00000168333","-0.222","predicted"
2,"hsa-miR-5197-5p","AAUGGCA",6,"targetscan","MIMAT0021130","hsa-miR-5197-5p","CLXN","79645","ENSG00000034239","-0.222","predicted"
2,"hsa-miR-5197-5p","AAUGGCA",6,"targetscan","MIMAT0021130","hsa-miR-5197-5p","CRHR2","1395","ENSG00000106113","-0.223","predicted"
2,"hsa-miR-5197-5p","AAUGGCA",6,"targetscan","MIMAT0021130","hsa-miR-5197-5p","IMPA1","3612","ENSG00000133731","-0.223","predicted"
2,"hsa-miR-5197-5p","AAUGGCA",6,"targetscan","MIMAT0021130","hsa-miR-5197-5p","STRN","6801","ENSG00000115808","-0.223","predicted"
2,"hsa-miR-5197-5p","AAUGGCA",6,"targetscan","MIMAT0021130","hsa-miR-5197-5p","ZNF140","7699","ENSG00000196387","-0.223","predicted"
2,"hsa-miR-5197-5p","AAUGGCA",6,"targetscan","MIMAT0021130","hsa-miR-5197-5p","SUPT3H","8464","ENSG00000196284","-0.223","predicted"
2,"hsa-miR-5197-5p","AAUGGCA",6,"targetscan","MIMAT0021130","hsa-miR-5197-5p","RASSF8","11228","ENSG00000123094","-0.223","predicted"
2,"hsa-miR-5197-5p","AAUGGCA",6,"targetscan","MIMAT0021130","hsa-miR-5197-5p","ALAS1","211","ENSG00000023330","-0.223","predicted"
2,"hsa-miR-5197-5p","AAUGGCA",6,"targetscan","MIMAT0021130","hsa-miR-5197-5p","CNR1","1268","ENSG00000118432","-0.223","predicted"
2,"hsa-miR-5197-5p","AAUGGCA",6,"targetscan","MIMAT0021130","hsa-miR-5197-5p","GPR6","2830","ENSG00000146360","-0.223","predicted"
2,"hsa-miR-5197-5p","AAUGGCA",6,"targetscan","MIMAT0021130","hsa-miR-5197-5p","ELAC1","55520","ENSG00000141642","-0.223","predicted"
2,"hsa-miR-5197-5p","AAUGGCA",6,"targetscan","MIMAT0021130","hsa-miR-5197-5p","LOC283731","283731","ENSG00000248540","-0.223","predicted"
2,"hsa-miR-5197-5p","AAUGGCA",6,"targetscan","MIMAT0021130","hsa-miR-5197-5p","TWIST2","117581","ENSG00000233608","-0.224","predicted"
2,"hsa-miR-5197-5p","AAUGGCA",6,"targetscan","MIMAT0021130","hsa-miR-5197-5p","SEC62","7095","ENSG00000008952","-0.224","predicted"
2,"hsa-miR-5197-5p","AAUGGCA",6,"targetscan","MIMAT0021130","hsa-miR-5197-5p","GOLGA7","51125","ENSG00000147533","-0.224","predicted"
2,"hsa-miR-5197-5p","AAUGGCA",6,"targetscan","MIMAT0021130","hsa-miR-5197-5p","ZNF430","80264","ENSG00000118620","-0.224","predicted"
2,"hsa-miR-5197-5p","AAUGGCA",6,"targetscan","MIMAT0021130","hsa-miR-5197-5p","COX7C","1350","ENSG00000127184","-0.224","predicted"
2,"hsa-miR-5197-5p","AAUGGCA",6,"targetscan","MIMAT0021130","hsa-miR-5197-5p","ASAH2B","653308","ENSG00000204147","-0.224","predicted"
2,"hsa-miR-5197-5p","AAUGGCA",6,"targetscan","MIMAT0021130","hsa-miR-5197-5p","GPALPP1","55425","ENSG00000133114","-0.224","predicted"
2,"hsa-miR-5197-5p","AAUGGCA",6,"targetscan","MIMAT0021130","hsa-miR-5197-5p","SLC31A2","1318","ENSG00000136867","-0.225","predicted"
2,"hsa-miR-5197-5p","AAUGGCA",6,"targetscan","MIMAT0021130","hsa-miR-5197-5p","PLAGL2","5326","ENSG00000126003","-0.225","predicted"
2,"hsa-miR-5197-5p","AAUGGCA",6,"targetscan","MIMAT0021130","hsa-miR-5197-5p","PRSS16","10279","ENSG00000112812","-0.225","predicted"
2,"hsa-miR-5197-5p","AAUGGCA",6,"targetscan","MIMAT0021130","hsa-miR-5197-5p","PCOLCE2","26577","ENSG00000163710","-0.225","predicted"
2,"hsa-miR-5197-5p","AAUGGCA",6,"targetscan","MIMAT0021130","hsa-miR-5197-5p","TCF7L2","6934","ENSG00000148737","-0.225","predicted"
2,"hsa-miR-5197-5p","AAUGGCA",6,"targetscan","MIMAT0021130","hsa-miR-5197-5p","RNF146","81847","ENSG00000118518","-0.225","predicted"
2,"hsa-miR-5197-5p","AAUGGCA",6,"targetscan","MIMAT0021130","hsa-miR-5197-5p","NAV3","89795","ENSG00000067798","-0.225","predicted"
2,"hsa-miR-5197-5p","AAUGGCA",6,"targetscan","MIMAT0021130","hsa-miR-5197-5p","ATP5MC1","516","ENSG00000159199","-0.225","predicted"
2,"hsa-miR-5197-5p","AAUGGCA",6,"targetscan","MIMAT0021130","hsa-miR-5197-5p","LINC02453","643770","ENSG00000245017","-0.225","predicted"
2,"hsa-miR-5197-5p","AAUGGCA",6,"targetscan","MIMAT0021130","hsa-miR-5197-5p","LL22NC03-63E9.3","648691","ENSG00000220891","-0.225","predicted"
2,"hsa-miR-5197-5p","AAUGGCA",6,"targetscan","MIMAT0021130","hsa-miR-5197-5p","SMARCE1","6605","ENSG00000073584","-0.226","predicted"
2,"hsa-miR-5197-5p","AAUGGCA",6,"targetscan","MIMAT0021130","hsa-miR-5197-5p","ARL6IP6","151188","ENSG00000177917","-0.226","predicted"
2,"hsa-miR-5197-5p","AAUGGCA",6,"targetscan","MIMAT0021130","hsa-miR-5197-5p","NHLRC3","387921","ENSG00000188811","-0.226","predicted"
2,"hsa-miR-5197-5p","AAUGGCA",6,"targetscan","MIMAT0021130","hsa-miR-5197-5p","C11orf68","83638","ENSG00000175573","-0.226","predicted"
2,"hsa-miR-5197-5p","AAUGGCA",6,"targetscan","MIMAT0021130","hsa-miR-5197-5p","NKAIN3","286183","ENSG00000185942","-0.226","predicted"
2,"hsa-miR-5197-5p","AAUGGCA",6,"targetscan","MIMAT0021130","hsa-miR-5197-5p","ZNF724","440519","ENSG00000196081","-0.226","predicted"
2,"hsa-miR-5197-5p","AAUGGCA",6,"targetscan","MIMAT0021130","hsa-miR-5197-5p","ANKRD27","84079","ENSG00000105186","-0.227","predicted"
2,"hsa-miR-5197-5p","AAUGGCA",6,"targetscan","MIMAT0021130","hsa-miR-5197-5p","ABCF1","23","ENSG00000204574","-0.227","predicted"
2,"hsa-miR-5197-5p","AAUGGCA",6,"targetscan","MIMAT0021130","hsa-miR-5197-5p","HMGN2","3151","ENSG00000198830","-0.227","predicted"
2,"hsa-miR-5197-5p","AAUGGCA",6,"targetscan","MIMAT0021130","hsa-miR-5197-5p","YWHAE","7531","ENSG00000108953","-0.227","predicted"
2,"hsa-miR-5197-5p","AAUGGCA",6,"targetscan","MIMAT0021130","hsa-miR-5197-5p","PRR3","80742","ENSG00000204576","-0.227","predicted"
2,"hsa-miR-5197-5p","AAUGGCA",6,"targetscan","MIMAT0021130","hsa-miR-5197-5p","MCOLN3","55283","ENSG00000055732","-0.227","predicted"
2,"hsa-miR-5197-5p","AAUGGCA",6,"targetscan","MIMAT0021130","hsa-miR-5197-5p","UQCC1","55245","ENSG00000101019","-0.227","predicted"
2,"hsa-miR-5197-5p","AAUGGCA",6,"targetscan","MIMAT0021130","hsa-miR-5197-5p","GPRASP3","80823","ENSG00000198908","-0.227","predicted"
2,"hsa-miR-5197-5p","AAUGGCA",6,"targetscan","MIMAT0021130","hsa-miR-5197-5p","AC012360.2","","ENSG00000268809","-0.227","predicted"
2,"hsa-miR-5197-5p","AAUGGCA",6,"targetscan","MIMAT0021130","hsa-miR-5197-5p","RBMS1","5937","ENSG00000153250","-0.228","predicted"
2,"hsa-miR-5197-5p","AAUGGCA",6,"targetscan","MIMAT0021130","hsa-miR-5197-5p","SRI","6717","ENSG00000075142","-0.228","predicted"
2,"hsa-miR-5197-5p","AAUGGCA",6,"targetscan","MIMAT0021130","hsa-miR-5197-5p","ARL6IP5","10550","ENSG00000144746","-0.228","predicted"
2,"hsa-miR-5197-5p","AAUGGCA",6,"targetscan","MIMAT0021130","hsa-miR-5197-5p","RACK1","10399","ENSG00000204628","-0.228","predicted"
2,"hsa-miR-5197-5p","AAUGGCA",6,"targetscan","MIMAT0021130","hsa-miR-5197-5p","SPARC","6678","ENSG00000113140","-0.229","predicted"
2,"hsa-miR-5197-5p","AAUGGCA",6,"targetscan","MIMAT0021130","hsa-miR-5197-5p","FECH","2235","ENSG00000066926","-0.229","predicted"
2,"hsa-miR-5197-5p","AAUGGCA",6,"targetscan","MIMAT0021130","hsa-miR-5197-5p","ZNF644","84146","ENSG00000122482","-0.229","predicted"
2,"hsa-miR-5197-5p","AAUGGCA",6,"targetscan","MIMAT0021130","hsa-miR-5197-5p","BPY2B","442867","ENSG00000183795","-0.229","predicted"
2,"hsa-miR-5197-5p","AAUGGCA",6,"targetscan","MIMAT0021130","hsa-miR-5197-5p","BPY2C","442868","ENSG00000185894","-0.229","predicted"
2,"hsa-miR-5197-5p","AAUGGCA",6,"targetscan","MIMAT0021130","hsa-miR-5197-5p","GBE1","2632","ENSG00000114480","-0.229","predicted"
2,"hsa-miR-5197-5p","AAUGGCA",6,"targetscan","MIMAT0021130","hsa-miR-5197-5p","FAM72A","729533","ENSG00000196550","-0.229","predicted"
2,"hsa-miR-5197-5p","AAUGGCA",6,"targetscan","MIMAT0021130","hsa-miR-5197-5p","SLC8A3","6547","ENSG00000100678","-0.229","predicted"
2,"hsa-miR-5197-5p","AAUGGCA",6,"targetscan","MIMAT0021130","hsa-miR-5197-5p","SIL1","64374","ENSG00000120725","-0.229","predicted"
2,"hsa-miR-5197-5p","AAUGGCA",6,"targetscan","MIMAT0021130","hsa-miR-5197-5p","BRINP1","1620","ENSG00000078725","-0.229","predicted"
2,"hsa-miR-5197-5p","AAUGGCA",6,"targetscan","MIMAT0021130","hsa-miR-5197-5p","PXYLP1","92370","ENSG00000155893","-0.229","predicted"
2,"hsa-miR-5197-5p","AAUGGCA",6,"targetscan","MIMAT0021130","hsa-miR-5197-5p","HNRNPD","3184","ENSG00000138668","-0.23","predicted"
2,"hsa-miR-5197-5p","AAUGGCA",6,"targetscan","MIMAT0021130","hsa-miR-5197-5p","MMP2","4313","ENSG00000087245","-0.23","predicted"
2,"hsa-miR-5197-5p","AAUGGCA",6,"targetscan","MIMAT0021130","hsa-miR-5197-5p","MOB4","25843","ENSG00000115540","-0.23","predicted"
2,"hsa-miR-5197-5p","AAUGGCA",6,"targetscan","MIMAT0021130","hsa-miR-5197-5p","CHMP3","51652","ENSG00000115561","-0.23","predicted"
2,"hsa-miR-5197-5p","AAUGGCA",6,"targetscan","MIMAT0021130","hsa-miR-5197-5p","DEPDC1B","55789","ENSG00000035499","-0.23","predicted"
2,"hsa-miR-5197-5p","AAUGGCA",6,"targetscan","MIMAT0021130","hsa-miR-5197-5p","GREM2","64388","ENSG00000180875","-0.23","predicted"
2,"hsa-miR-5197-5p","AAUGGCA",6,"targetscan","MIMAT0021130","hsa-miR-5197-5p","SSH2","85464","ENSG00000141298","-0.23","predicted"
2,"hsa-miR-5197-5p","AAUGGCA",6,"targetscan","MIMAT0021130","hsa-miR-5197-5p","FAM72B","653820","ENSG00000188610","-0.23","predicted"
2,"hsa-miR-5197-5p","AAUGGCA",6,"targetscan","MIMAT0021130","hsa-miR-5197-5p","EMP2","2013","ENSG00000213853","-0.23","predicted"
2,"hsa-miR-5197-5p","AAUGGCA",6,"targetscan","MIMAT0021130","hsa-miR-5197-5p","RBMX2","51634","ENSG00000134597","-0.23","predicted"
2,"hsa-miR-5197-5p","AAUGGCA",6,"targetscan","MIMAT0021130","hsa-miR-5197-5p","ANKEF1","63926","ENSG00000132623","-0.23","predicted"
2,"hsa-miR-5197-5p","AAUGGCA",6,"targetscan","MIMAT0021130","hsa-miR-5197-5p","NKX2-4","644524","ENSG00000125816","-0.23","predicted"
2,"hsa-miR-5197-5p","AAUGGCA",6,"targetscan","MIMAT0021130","hsa-miR-5197-5p","C1orf74","148304","ENSG00000162757","-0.23","predicted"
2,"hsa-miR-5197-5p","AAUGGCA",6,"targetscan","MIMAT0021130","hsa-miR-5197-5p","FAM72D","728833","ENSG00000215784","-0.23","predicted"
2,"hsa-miR-5197-5p","AAUGGCA",6,"targetscan","MIMAT0021130","hsa-miR-5197-5p","RNF103-CHMP3","100526767","ENSG00000249884","-0.23","predicted"
2,"hsa-miR-5197-5p","AAUGGCA",6,"targetscan","MIMAT0021130","hsa-miR-5197-5p","DUX4L4","441056","ENSG00000258834","-0.23","predicted"
2,"hsa-miR-5197-5p","AAUGGCA",6,"targetscan","MIMAT0021130","hsa-miR-5197-5p","DUX4","","ENSG00000258389","-0.23","predicted"
2,"hsa-miR-5197-5p","AAUGGCA",6,"targetscan","MIMAT0021130","hsa-miR-5197-5p","DUX4L6","","ENSG00000258697","-0.23","predicted"
2,"hsa-miR-5197-5p","AAUGGCA",6,"targetscan","MIMAT0021130","hsa-miR-5197-5p","DUX4L7","","ENSG00000258755","-0.23","predicted"
2,"hsa-miR-5197-5p","AAUGGCA",6,"targetscan","MIMAT0021130","hsa-miR-5197-5p","DUX4L3","","ENSG00000259034","-0.23","predicted"
2,"hsa-miR-5197-5p","AAUGGCA",6,"targetscan","MIMAT0021130","hsa-miR-5197-5p","MYD88","4615","ENSG00000172936","-0.231","predicted"
2,"hsa-miR-5197-5p","AAUGGCA",6,"targetscan","MIMAT0021130","hsa-miR-5197-5p","TKTL2","84076","ENSG00000151005","-0.231","predicted"
2,"hsa-miR-5197-5p","AAUGGCA",6,"targetscan","MIMAT0021130","hsa-miR-5197-5p","GFRA2","2675","ENSG00000168546","-0.231","predicted"
2,"hsa-miR-5197-5p","AAUGGCA",6,"targetscan","MIMAT0021130","hsa-miR-5197-5p","MICOS10","440574","ENSG00000173436","-0.231","predicted"
2,"hsa-miR-5197-5p","AAUGGCA",6,"targetscan","MIMAT0021130","hsa-miR-5197-5p","LOH12CR2","503693","ENSG00000205791","-0.231","predicted"
2,"hsa-miR-5197-5p","AAUGGCA",6,"targetscan","MIMAT0021130","hsa-miR-5197-5p","HDHD2","84064","ENSG00000167220","-0.232","predicted"
2,"hsa-miR-5197-5p","AAUGGCA",6,"targetscan","MIMAT0021130","hsa-miR-5197-5p","GAGE1","2543","ENSG00000205777","-0.232","predicted"
2,"hsa-miR-5197-5p","AAUGGCA",6,"targetscan","MIMAT0021130","hsa-miR-5197-5p","TCEAL1","9338","ENSG00000172465","-0.232","predicted"
2,"hsa-miR-5197-5p","AAUGGCA",6,"targetscan","MIMAT0021130","hsa-miR-5197-5p","FLVCR1","28982","ENSG00000162769","-0.232","predicted"
2,"hsa-miR-5197-5p","AAUGGCA",6,"targetscan","MIMAT0021130","hsa-miR-5197-5p","PSPC1","55269","ENSG00000121390","-0.232","predicted"
2,"hsa-miR-5197-5p","AAUGGCA",6,"targetscan","MIMAT0021130","hsa-miR-5197-5p","CCDC89","220388","ENSG00000179071","-0.232","predicted"
2,"hsa-miR-5197-5p","AAUGGCA",6,"targetscan","MIMAT0021130","hsa-miR-5197-5p","GPX7","2882","ENSG00000116157","-0.233","predicted"
2,"hsa-miR-5197-5p","AAUGGCA",6,"targetscan","MIMAT0021130","hsa-miR-5197-5p","STAM2","10254","ENSG00000115145","-0.233","predicted"
2,"hsa-miR-5197-5p","AAUGGCA",6,"targetscan","MIMAT0021130","hsa-miR-5197-5p","ANKRD10","55608","ENSG00000088448","-0.233","predicted"
2,"hsa-miR-5197-5p","AAUGGCA",6,"targetscan","MIMAT0021130","hsa-miR-5197-5p","FYTTD1","84248","ENSG00000122068","-0.233","predicted"
2,"hsa-miR-5197-5p","AAUGGCA",6,"targetscan","MIMAT0021130","hsa-miR-5197-5p","KCTD20","222658","ENSG00000112078","-0.233","predicted"
2,"hsa-miR-5197-5p","AAUGGCA",6,"targetscan","MIMAT0021130","hsa-miR-5197-5p","CCDC178","374864","ENSG00000166960","-0.233","predicted"
2,"hsa-miR-5197-5p","AAUGGCA",6,"targetscan","MIMAT0021130","hsa-miR-5197-5p","KDM8","79831","ENSG00000155666","-0.233","predicted"
2,"hsa-miR-5197-5p","AAUGGCA",6,"targetscan","MIMAT0021130","hsa-miR-5197-5p","DCN","1634","ENSG00000011465","-0.233","predicted"
2,"hsa-miR-5197-5p","AAUGGCA",6,"targetscan","MIMAT0021130","hsa-miR-5197-5p","ARHGAP18","93663","ENSG00000146376","-0.233","predicted"
2,"hsa-miR-5197-5p","AAUGGCA",6,"targetscan","MIMAT0021130","hsa-miR-5197-5p","ZNF714","148206","ENSG00000160352","-0.233","predicted"
2,"hsa-miR-5197-5p","AAUGGCA",6,"targetscan","MIMAT0021130","hsa-miR-5197-5p","VSX2","338917","ENSG00000119614","-0.233","predicted"
2,"hsa-miR-5197-5p","AAUGGCA",6,"targetscan","MIMAT0021130","hsa-miR-5197-5p","OR1L8","138881","ENSG00000171496","-0.233","predicted"
2,"hsa-miR-5197-5p","AAUGGCA",6,"targetscan","MIMAT0021130","hsa-miR-5197-5p","CD99","4267","ENSG00000002586","-0.234","predicted"
2,"hsa-miR-5197-5p","AAUGGCA",6,"targetscan","MIMAT0021130","hsa-miR-5197-5p","RNF152","220441","ENSG00000176641","-0.234","predicted"
2,"hsa-miR-5197-5p","AAUGGCA",6,"targetscan","MIMAT0021130","hsa-miR-5197-5p","ALDH3A2","224","ENSG00000072210","-0.235","predicted"
2,"hsa-miR-5197-5p","AAUGGCA",6,"targetscan","MIMAT0021130","hsa-miR-5197-5p","FABP7","2173","ENSG00000164434","-0.235","predicted"
2,"hsa-miR-5197-5p","AAUGGCA",6,"targetscan","MIMAT0021130","hsa-miR-5197-5p","MAGEA11","4110","ENSG00000185247","-0.235","predicted"
2,"hsa-miR-5197-5p","AAUGGCA",6,"targetscan","MIMAT0021130","hsa-miR-5197-5p","NDUFB11","54539","ENSG00000147123","-0.235","predicted"
2,"hsa-miR-5197-5p","AAUGGCA",6,"targetscan","MIMAT0021130","hsa-miR-5197-5p","NIPAL1","152519","ENSG00000163293","-0.235","predicted"
2,"hsa-miR-5197-5p","AAUGGCA",6,"targetscan","MIMAT0021130","hsa-miR-5197-5p","MOCS2","4338","ENSG00000164172","-0.235","predicted"
2,"hsa-miR-5197-5p","AAUGGCA",6,"targetscan","MIMAT0021130","hsa-miR-5197-5p","CDK4","1019","ENSG00000135446","-0.236","predicted"
2,"hsa-miR-5197-5p","AAUGGCA",6,"targetscan","MIMAT0021130","hsa-miR-5197-5p","EBP","10682","ENSG00000147155","-0.236","predicted"
2,"hsa-miR-5197-5p","AAUGGCA",6,"targetscan","MIMAT0021130","hsa-miR-5197-5p","GEN1","348654","ENSG00000178295","-0.236","predicted"
2,"hsa-miR-5197-5p","AAUGGCA",6,"targetscan","MIMAT0021130","hsa-miR-5197-5p","CTNNA2","1496","ENSG00000066032","-0.236","predicted"
2,"hsa-miR-5197-5p","AAUGGCA",6,"targetscan","MIMAT0021130","hsa-miR-5197-5p","CD164","8763","ENSG00000135535","-0.237","predicted"
2,"hsa-miR-5197-5p","AAUGGCA",6,"targetscan","MIMAT0021130","hsa-miR-5197-5p","C21orf62","56245","ENSG00000205929","-0.237","predicted"
2,"hsa-miR-5197-5p","AAUGGCA",6,"targetscan","MIMAT0021130","hsa-miR-5197-5p","SSBP4","170463","ENSG00000130511","-0.237","predicted"
2,"hsa-miR-5197-5p","AAUGGCA",6,"targetscan","MIMAT0021130","hsa-miR-5197-5p","AKTIP","64400","ENSG00000166971","-0.237","predicted"
2,"hsa-miR-5197-5p","AAUGGCA",6,"targetscan","MIMAT0021130","hsa-miR-5197-5p","PPP1R13B","23368","ENSG00000088808","-0.237","predicted"
2,"hsa-miR-5197-5p","AAUGGCA",6,"targetscan","MIMAT0021130","hsa-miR-5197-5p","SFXN3","81855","ENSG00000107819","-0.237","predicted"
2,"hsa-miR-5197-5p","AAUGGCA",6,"targetscan","MIMAT0021130","hsa-miR-5197-5p","ZNF684","127396","ENSG00000117010","-0.237","predicted"
2,"hsa-miR-5197-5p","AAUGGCA",6,"targetscan","MIMAT0021130","hsa-miR-5197-5p","SINHCAF","58516","ENSG00000139146","-0.237","predicted"
2,"hsa-miR-5197-5p","AAUGGCA",6,"targetscan","MIMAT0021130","hsa-miR-5197-5p","ATF6","22926","ENSG00000118217","-0.238","predicted"
2,"hsa-miR-5197-5p","AAUGGCA",6,"targetscan","MIMAT0021130","hsa-miR-5197-5p","GAL3ST4","79690","ENSG00000197093","-0.238","predicted"
2,"hsa-miR-5197-5p","AAUGGCA",6,"targetscan","MIMAT0021130","hsa-miR-5197-5p","GALNTL6","442117","ENSG00000174473","-0.238","predicted"
2,"hsa-miR-5197-5p","AAUGGCA",6,"targetscan","MIMAT0021130","hsa-miR-5197-5p","RGS1","5996","ENSG00000090104","-0.238","predicted"
2,"hsa-miR-5197-5p","AAUGGCA",6,"targetscan","MIMAT0021130","hsa-miR-5197-5p","PPEF1","5475","ENSG00000086717","-0.238","predicted"
2,"hsa-miR-5197-5p","AAUGGCA",6,"targetscan","MIMAT0021130","hsa-miR-5197-5p","MRPL15","29088","ENSG00000137547","-0.238","predicted"
2,"hsa-miR-5197-5p","AAUGGCA",6,"targetscan","MIMAT0021130","hsa-miR-5197-5p","DMRTA1","63951","ENSG00000176399","-0.238","predicted"
2,"hsa-miR-5197-5p","AAUGGCA",6,"targetscan","MIMAT0021130","hsa-miR-5197-5p","EIF3A","8661","ENSG00000107581","-0.239","predicted"
2,"hsa-miR-5197-5p","AAUGGCA",6,"targetscan","MIMAT0021130","hsa-miR-5197-5p","SEH1L","81929","ENSG00000085415","-0.239","predicted"
2,"hsa-miR-5197-5p","AAUGGCA",6,"targetscan","MIMAT0021130","hsa-miR-5197-5p","CPNE2","221184","ENSG00000140848","-0.239","predicted"
2,"hsa-miR-5197-5p","AAUGGCA",6,"targetscan","MIMAT0021130","hsa-miR-5197-5p","ZNF565","147929","ENSG00000196357","-0.239","predicted"
2,"hsa-miR-5197-5p","AAUGGCA",6,"targetscan","MIMAT0021130","hsa-miR-5197-5p","CNRIP1","25927","ENSG00000119865","-0.239","predicted"
2,"hsa-miR-5197-5p","AAUGGCA",6,"targetscan","MIMAT0021130","hsa-miR-5197-5p","ZNF225","7768","ENSG00000256294","-0.239","predicted"
2,"hsa-miR-5197-5p","AAUGGCA",6,"targetscan","MIMAT0021130","hsa-miR-5197-5p","ELOA2","51224","ENSG00000206181","-0.239","predicted"
2,"hsa-miR-5197-5p","AAUGGCA",6,"targetscan","MIMAT0021130","hsa-miR-5197-5p","AK4","205","ENSG00000162433","-0.24","predicted"
2,"hsa-miR-5197-5p","AAUGGCA",6,"targetscan","MIMAT0021130","hsa-miR-5197-5p","CDKN2C","1031","ENSG00000123080","-0.24","predicted"
2,"hsa-miR-5197-5p","AAUGGCA",6,"targetscan","MIMAT0021130","hsa-miR-5197-5p","ERG","2078","ENSG00000157554","-0.24","predicted"
2,"hsa-miR-5197-5p","AAUGGCA",6,"targetscan","MIMAT0021130","hsa-miR-5197-5p","GNGT1","2792","ENSG00000127928","-0.24","predicted"
2,"hsa-miR-5197-5p","AAUGGCA",6,"targetscan","MIMAT0021130","hsa-miR-5197-5p","HOMER1","9456","ENSG00000152413","-0.24","predicted"
2,"hsa-miR-5197-5p","AAUGGCA",6,"targetscan","MIMAT0021130","hsa-miR-5197-5p","RAPGEF4","11069","ENSG00000091428","-0.24","predicted"
2,"hsa-miR-5197-5p","AAUGGCA",6,"targetscan","MIMAT0021130","hsa-miR-5197-5p","STK38L","23012","ENSG00000211455","-0.24","predicted"
2,"hsa-miR-5197-5p","AAUGGCA",6,"targetscan","MIMAT0021130","hsa-miR-5197-5p","SLC25A36","55186","ENSG00000114120","-0.24","predicted"
2,"hsa-miR-5197-5p","AAUGGCA",6,"targetscan","MIMAT0021130","hsa-miR-5197-5p","KLHL4","56062","ENSG00000102271","-0.24","predicted"
2,"hsa-miR-5197-5p","AAUGGCA",6,"targetscan","MIMAT0021130","hsa-miR-5197-5p","CP","1356","ENSG00000047457","-0.24","predicted"
2,"hsa-miR-5197-5p","AAUGGCA",6,"targetscan","MIMAT0021130","hsa-miR-5197-5p","DUSP19","142679","ENSG00000162999","-0.24","predicted"
2,"hsa-miR-5197-5p","AAUGGCA",6,"targetscan","MIMAT0021130","hsa-miR-5197-5p","FOXL2NB","401089","ENSG00000206262","-0.24","predicted"
2,"hsa-miR-5197-5p","AAUGGCA",6,"targetscan","MIMAT0021130","hsa-miR-5197-5p","RETREG1","54463","ENSG00000154153","-0.24","predicted"
2,"hsa-miR-5197-5p","AAUGGCA",6,"targetscan","MIMAT0021130","hsa-miR-5197-5p","MAPK1IP1L","93487","ENSG00000168175","-0.241","predicted"
2,"hsa-miR-5197-5p","AAUGGCA",6,"targetscan","MIMAT0021130","hsa-miR-5197-5p","KBTBD3","143879","ENSG00000182359","-0.241","predicted"
2,"hsa-miR-5197-5p","AAUGGCA",6,"targetscan","MIMAT0021130","hsa-miR-5197-5p","DHX29","54505","ENSG00000067248","-0.241","predicted"
2,"hsa-miR-5197-5p","AAUGGCA",6,"targetscan","MIMAT0021130","hsa-miR-5197-5p","TARS3","123283","ENSG00000185418","-0.241","predicted"
2,"hsa-miR-5197-5p","AAUGGCA",6,"targetscan","MIMAT0021130","hsa-miR-5197-5p","HMGA2","8091","ENSG00000149948","-0.242","predicted"
2,"hsa-miR-5197-5p","AAUGGCA",6,"targetscan","MIMAT0021130","hsa-miR-5197-5p","ASTN1","460","ENSG00000152092","-0.242","predicted"
2,"hsa-miR-5197-5p","AAUGGCA",6,"targetscan","MIMAT0021130","hsa-miR-5197-5p","SNRPF","6636","ENSG00000139343","-0.242","predicted"
2,"hsa-miR-5197-5p","AAUGGCA",6,"targetscan","MIMAT0021130","hsa-miR-5197-5p","CKAP2","26586","ENSG00000136108","-0.242","predicted"
2,"hsa-miR-5197-5p","AAUGGCA",6,"targetscan","MIMAT0021130","hsa-miR-5197-5p","NDUFAF4","29078","ENSG00000123545","-0.242","predicted"
2,"hsa-miR-5197-5p","AAUGGCA",6,"targetscan","MIMAT0021130","hsa-miR-5197-5p","SLC25A51","92014","ENSG00000122696","-0.242","predicted"
2,"hsa-miR-5197-5p","AAUGGCA",6,"targetscan","MIMAT0021130","hsa-miR-5197-5p","PGBD2","267002","ENSG00000185220","-0.242","predicted"
2,"hsa-miR-5197-5p","AAUGGCA",6,"targetscan","MIMAT0021130","hsa-miR-5197-5p","CLEC7A","64581","ENSG00000172243","-0.242","predicted"
2,"hsa-miR-5197-5p","AAUGGCA",6,"targetscan","MIMAT0021130","hsa-miR-5197-5p","MINDY3","80013","ENSG00000148481","-0.242","predicted"
2,"hsa-miR-5197-5p","AAUGGCA",6,"targetscan","MIMAT0021130","hsa-miR-5197-5p","MTA1","9112","ENSG00000182979","-0.243","predicted"
2,"hsa-miR-5197-5p","AAUGGCA",6,"targetscan","MIMAT0021130","hsa-miR-5197-5p","MPPED2","744","ENSG00000066382","-0.243","predicted"
2,"hsa-miR-5197-5p","AAUGGCA",6,"targetscan","MIMAT0021130","hsa-miR-5197-5p","ASAP1","50807","ENSG00000153317","-0.243","predicted"
2,"hsa-miR-5197-5p","AAUGGCA",6,"targetscan","MIMAT0021130","hsa-miR-5197-5p","CPZ","8532","ENSG00000109625","-0.243","predicted"
2,"hsa-miR-5197-5p","AAUGGCA",6,"targetscan","MIMAT0021130","hsa-miR-5197-5p","CELSR1","9620","ENSG00000075275","-0.243","predicted"
2,"hsa-miR-5197-5p","AAUGGCA",6,"targetscan","MIMAT0021130","hsa-miR-5197-5p","MYOZ2","51778","ENSG00000172399","-0.243","predicted"
2,"hsa-miR-5197-5p","AAUGGCA",6,"targetscan","MIMAT0021130","hsa-miR-5197-5p","TEX9","374618","ENSG00000151575","-0.243","predicted"
2,"hsa-miR-5197-5p","AAUGGCA",6,"targetscan","MIMAT0021130","hsa-miR-5197-5p","PPT1","5538","ENSG00000131238","-0.244","predicted"
2,"hsa-miR-5197-5p","AAUGGCA",6,"targetscan","MIMAT0021130","hsa-miR-5197-5p","KDM5B","10765","ENSG00000117139","-0.244","predicted"
2,"hsa-miR-5197-5p","AAUGGCA",6,"targetscan","MIMAT0021130","hsa-miR-5197-5p","SHC4","399694","ENSG00000185634","-0.244","predicted"
2,"hsa-miR-5197-5p","AAUGGCA",6,"targetscan","MIMAT0021130","hsa-miR-5197-5p","ZNF554","115196","ENSG00000172006","-0.244","predicted"
2,"hsa-miR-5197-5p","AAUGGCA",6,"targetscan","MIMAT0021130","hsa-miR-5197-5p","BBIP1","92482","ENSG00000214413","-0.244","predicted"
2,"hsa-miR-5197-5p","AAUGGCA",6,"targetscan","MIMAT0021130","hsa-miR-5197-5p","KRTAP19-7","337974","ENSG00000244362","-0.244","predicted"
2,"hsa-miR-5197-5p","AAUGGCA",6,"targetscan","MIMAT0021130","hsa-miR-5197-5p","RTF1","23168","ENSG00000137815","-0.245","predicted"
2,"hsa-miR-5197-5p","AAUGGCA",6,"targetscan","MIMAT0021130","hsa-miR-5197-5p","SUSD5","26032","ENSG00000173705","-0.245","predicted"
2,"hsa-miR-5197-5p","AAUGGCA",6,"targetscan","MIMAT0021130","hsa-miR-5197-5p","POPDC3","64208","ENSG00000132429","-0.245","predicted"
2,"hsa-miR-5197-5p","AAUGGCA",6,"targetscan","MIMAT0021130","hsa-miR-5197-5p","CCDC126","90693","ENSG00000169193","-0.245","predicted"
2,"hsa-miR-5197-5p","AAUGGCA",6,"targetscan","MIMAT0021130","hsa-miR-5197-5p","DEFB105A","245908","ENSG00000186562","-0.245","predicted"
2,"hsa-miR-5197-5p","AAUGGCA",6,"targetscan","MIMAT0021130","hsa-miR-5197-5p","DEFB105A","504180","ENSG00000186562","-0.245","predicted"
2,"hsa-miR-5197-5p","AAUGGCA",6,"targetscan","MIMAT0021130","hsa-miR-5197-5p","AFDN","4301","ENSG00000130396","-0.245","predicted"
2,"hsa-miR-5197-5p","AAUGGCA",6,"targetscan","MIMAT0021130","hsa-miR-5197-5p","HOXA13","3209","ENSG00000106031","-0.246","predicted"
2,"hsa-miR-5197-5p","AAUGGCA",6,"targetscan","MIMAT0021130","hsa-miR-5197-5p","FAM120A","23196","ENSG00000048828","-0.246","predicted"
2,"hsa-miR-5197-5p","AAUGGCA",6,"targetscan","MIMAT0021130","hsa-miR-5197-5p","MFF","56947","ENSG00000168958","-0.246","predicted"
2,"hsa-miR-5197-5p","AAUGGCA",6,"targetscan","MIMAT0021130","hsa-miR-5197-5p","BCL2L12","83596","ENSG00000126453","-0.246","predicted"
2,"hsa-miR-5197-5p","AAUGGCA",6,"targetscan","MIMAT0021130","hsa-miR-5197-5p","PACRGL","133015","ENSG00000163138","-0.246","predicted"
2,"hsa-miR-5197-5p","AAUGGCA",6,"targetscan","MIMAT0021130","hsa-miR-5197-5p","MB","4151","ENSG00000198125","-0.247","predicted"
2,"hsa-miR-5197-5p","AAUGGCA",6,"targetscan","MIMAT0021130","hsa-miR-5197-5p","MYOG","4656","ENSG00000122180","-0.247","predicted"
2,"hsa-miR-5197-5p","AAUGGCA",6,"targetscan","MIMAT0021130","hsa-miR-5197-5p","BAG3","9531","ENSG00000151929","-0.247","predicted"
2,"hsa-miR-5197-5p","AAUGGCA",6,"targetscan","MIMAT0021130","hsa-miR-5197-5p","ZNF436","80818","ENSG00000125945","-0.247","predicted"
2,"hsa-miR-5197-5p","AAUGGCA",6,"targetscan","MIMAT0021130","hsa-miR-5197-5p","IL15RA","3601","ENSG00000134470","-0.247","predicted"
2,"hsa-miR-5197-5p","AAUGGCA",6,"targetscan","MIMAT0021130","hsa-miR-5197-5p","MAGI2","9863","ENSG00000187391","-0.247","predicted"
2,"hsa-miR-5197-5p","AAUGGCA",6,"targetscan","MIMAT0021130","hsa-miR-5197-5p","TIMM8A","1678","ENSG00000126953","-0.248","predicted"
2,"hsa-miR-5197-5p","AAUGGCA",6,"targetscan","MIMAT0021130","hsa-miR-5197-5p","TMEM168","64418","ENSG00000146802","-0.248","predicted"
2,"hsa-miR-5197-5p","AAUGGCA",6,"targetscan","MIMAT0021130","hsa-miR-5197-5p","TCHP","84260","ENSG00000139437","-0.248","predicted"
2,"hsa-miR-5197-5p","AAUGGCA",6,"targetscan","MIMAT0021130","hsa-miR-5197-5p","TIRAP","114609","ENSG00000150455","-0.248","predicted"
2,"hsa-miR-5197-5p","AAUGGCA",6,"targetscan","MIMAT0021130","hsa-miR-5197-5p","SLX4IP","128710","ENSG00000149346","-0.248","predicted"
2,"hsa-miR-5197-5p","AAUGGCA",6,"targetscan","MIMAT0021130","hsa-miR-5197-5p","C3orf80","401097","ENSG00000180044","-0.248","predicted"
2,"hsa-miR-5197-5p","AAUGGCA",6,"targetscan","MIMAT0021130","hsa-miR-5197-5p","CNGB3","54714","ENSG00000170289","-0.248","predicted"
2,"hsa-miR-5197-5p","AAUGGCA",6,"targetscan","MIMAT0021130","hsa-miR-5197-5p","RP11-10A14.4","","ENSG00000253426","-0.248","predicted"
2,"hsa-miR-5197-5p","AAUGGCA",6,"targetscan","MIMAT0021130","hsa-miR-5197-5p","PIERCE1","138162","ENSG00000160345","-0.248","predicted"
2,"hsa-miR-5197-5p","AAUGGCA",6,"targetscan","MIMAT0021130","hsa-miR-5197-5p","HADHB","3032","ENSG00000138029","-0.249","predicted"
2,"hsa-miR-5197-5p","AAUGGCA",6,"targetscan","MIMAT0021130","hsa-miR-5197-5p","MATN3","4148","ENSG00000132031","-0.249","predicted"
2,"hsa-miR-5197-5p","AAUGGCA",6,"targetscan","MIMAT0021130","hsa-miR-5197-5p","FEM1C","56929","ENSG00000145780","-0.249","predicted"
2,"hsa-miR-5197-5p","AAUGGCA",6,"targetscan","MIMAT0021130","hsa-miR-5197-5p","ACVR1C","130399","ENSG00000123612","-0.249","predicted"
2,"hsa-miR-5197-5p","AAUGGCA",6,"targetscan","MIMAT0021130","hsa-miR-5197-5p","FBXO36","130888","ENSG00000153832","-0.249","predicted"
2,"hsa-miR-5197-5p","AAUGGCA",6,"targetscan","MIMAT0021130","hsa-miR-5197-5p","TMPRSS11BNL","401136","ENSG00000226894","-0.249","predicted"
2,"hsa-miR-5197-5p","AAUGGCA",6,"targetscan","MIMAT0021130","hsa-miR-5197-5p","LSM5","23658","ENSG00000106355","-0.249","predicted"
2,"hsa-miR-5197-5p","AAUGGCA",6,"targetscan","MIMAT0021130","hsa-miR-5197-5p","NOL9","79707","ENSG00000162408","-0.249","predicted"
2,"hsa-miR-5197-5p","AAUGGCA",6,"targetscan","MIMAT0021130","hsa-miR-5197-5p","GPR150","285601","ENSG00000178015","-0.249","predicted"
2,"hsa-miR-5197-5p","AAUGGCA",6,"targetscan","MIMAT0021130","hsa-miR-5197-5p","COL1A2","1278","ENSG00000164692","-0.25","predicted"
2,"hsa-miR-5197-5p","AAUGGCA",6,"targetscan","MIMAT0021130","hsa-miR-5197-5p","GCFC2","6936","ENSG00000005436","-0.25","predicted"
2,"hsa-miR-5197-5p","AAUGGCA",6,"targetscan","MIMAT0021130","hsa-miR-5197-5p","LHFPL2","10184","ENSG00000145685","-0.25","predicted"
2,"hsa-miR-5197-5p","AAUGGCA",6,"targetscan","MIMAT0021130","hsa-miR-5197-5p","CETN2","1069","ENSG00000147400","-0.25","predicted"
2,"hsa-miR-5197-5p","AAUGGCA",6,"targetscan","MIMAT0021130","hsa-miR-5197-5p","DR1","1810","ENSG00000117505","-0.251","predicted"
2,"hsa-miR-5197-5p","AAUGGCA",6,"targetscan","MIMAT0021130","hsa-miR-5197-5p","PDE8A","5151","ENSG00000073417","-0.251","predicted"
2,"hsa-miR-5197-5p","AAUGGCA",6,"targetscan","MIMAT0021130","hsa-miR-5197-5p","FBXO45","200933","ENSG00000174013","-0.252","predicted"
2,"hsa-miR-5197-5p","AAUGGCA",6,"targetscan","MIMAT0021130","hsa-miR-5197-5p","ARHGAP8","23779","ENSG00000241484","-0.252","predicted"
2,"hsa-miR-5197-5p","AAUGGCA",6,"targetscan","MIMAT0021130","hsa-miR-5197-5p","MAF","4094","ENSG00000178573","-0.252","predicted"
2,"hsa-miR-5197-5p","AAUGGCA",6,"targetscan","MIMAT0021130","hsa-miR-5197-5p","SEC31B","25956","ENSG00000075826","-0.252","predicted"
2,"hsa-miR-5197-5p","AAUGGCA",6,"targetscan","MIMAT0021130","hsa-miR-5197-5p","GLT6D1","360203","ENSG00000204007","-0.252","predicted"
2,"hsa-miR-5197-5p","AAUGGCA",6,"targetscan","MIMAT0021130","hsa-miR-5197-5p","SPX","80763","ENSG00000134548","-0.252","predicted"
2,"hsa-miR-5197-5p","AAUGGCA",6,"targetscan","MIMAT0021130","hsa-miR-5197-5p","PNPT1","87178","ENSG00000138035","-0.253","predicted"
2,"hsa-miR-5197-5p","AAUGGCA",6,"targetscan","MIMAT0021130","hsa-miR-5197-5p","VPS37A","137492","ENSG00000155975","-0.253","predicted"
2,"hsa-miR-5197-5p","AAUGGCA",6,"targetscan","MIMAT0021130","hsa-miR-5197-5p","HTN1","3346","ENSG00000126550","-0.253","predicted"
2,"hsa-miR-5197-5p","AAUGGCA",6,"targetscan","MIMAT0021130","hsa-miR-5197-5p","FAM72C","","ENSG00000203817","-0.253","predicted"
2,"hsa-miR-5197-5p","AAUGGCA",6,"targetscan","MIMAT0021130","hsa-miR-5197-5p","BCL2L2","599","ENSG00000129473","-0.254","predicted"
2,"hsa-miR-5197-5p","AAUGGCA",6,"targetscan","MIMAT0021130","hsa-miR-5197-5p","TTF1","7270","ENSG00000125482","-0.254","predicted"
2,"hsa-miR-5197-5p","AAUGGCA",6,"targetscan","MIMAT0021130","hsa-miR-5197-5p","PDE5A","8654","ENSG00000138735","-0.254","predicted"
2,"hsa-miR-5197-5p","AAUGGCA",6,"targetscan","MIMAT0021130","hsa-miR-5197-5p","ARL8B","55207","ENSG00000134108","-0.254","predicted"
2,"hsa-miR-5197-5p","AAUGGCA",6,"targetscan","MIMAT0021130","hsa-miR-5197-5p","NHP2","55651","ENSG00000145912","-0.254","predicted"
2,"hsa-miR-5197-5p","AAUGGCA",6,"targetscan","MIMAT0021130","hsa-miR-5197-5p","RGS21","431704","ENSG00000253148","-0.254","predicted"
2,"hsa-miR-5197-5p","AAUGGCA",6,"targetscan","MIMAT0021130","hsa-miR-5197-5p","DEFB105B","245908","ENSG00000186599","-0.254","predicted"
2,"hsa-miR-5197-5p","AAUGGCA",6,"targetscan","MIMAT0021130","hsa-miR-5197-5p","DEFB105B","504180","ENSG00000186599","-0.254","predicted"
2,"hsa-miR-5197-5p","AAUGGCA",6,"targetscan","MIMAT0021130","hsa-miR-5197-5p","DEFB105B","124906747","ENSG00000186599","-0.254","predicted"
2,"hsa-miR-5197-5p","AAUGGCA",6,"targetscan","MIMAT0021130","hsa-miR-5197-5p","DEK","7913","ENSG00000124795","-0.255","predicted"
2,"hsa-miR-5197-5p","AAUGGCA",6,"targetscan","MIMAT0021130","hsa-miR-5197-5p","PDE8B","8622","ENSG00000113231","-0.255","predicted"
2,"hsa-miR-5197-5p","AAUGGCA",6,"targetscan","MIMAT0021130","hsa-miR-5197-5p","PHACTR2","9749","ENSG00000112419","-0.255","predicted"
2,"hsa-miR-5197-5p","AAUGGCA",6,"targetscan","MIMAT0021130","hsa-miR-5197-5p","DYNC1LI1","51143","ENSG00000144635","-0.255","predicted"
2,"hsa-miR-5197-5p","AAUGGCA",6,"targetscan","MIMAT0021130","hsa-miR-5197-5p","NRG4","145957","ENSG00000169752","-0.255","predicted"
2,"hsa-miR-5197-5p","AAUGGCA",6,"targetscan","MIMAT0021130","hsa-miR-5197-5p","ANKRD31","256006","ENSG00000145700","-0.255","predicted"
2,"hsa-miR-5197-5p","AAUGGCA",6,"targetscan","MIMAT0021130","hsa-miR-5197-5p","TTC14","151613","ENSG00000163728","-0.255","predicted"
2,"hsa-miR-5197-5p","AAUGGCA",6,"targetscan","MIMAT0021130","hsa-miR-5197-5p","BRF2","55290","ENSG00000104221","-0.255","predicted"
2,"hsa-miR-5197-5p","AAUGGCA",6,"targetscan","MIMAT0021130","hsa-miR-5197-5p","SEM1","7979","ENSG00000127922","-0.255","predicted"
2,"hsa-miR-5197-5p","AAUGGCA",6,"targetscan","MIMAT0021130","hsa-miR-5197-5p","DUT","1854","ENSG00000128951","-0.256","predicted"
2,"hsa-miR-5197-5p","AAUGGCA",6,"targetscan","MIMAT0021130","hsa-miR-5197-5p","SUPT16H","11198","ENSG00000092201","-0.256","predicted"
2,"hsa-miR-5197-5p","AAUGGCA",6,"targetscan","MIMAT0021130","hsa-miR-5197-5p","SNX18","112574","ENSG00000178996","-0.256","predicted"
2,"hsa-miR-5197-5p","AAUGGCA",6,"targetscan","MIMAT0021130","hsa-miR-5197-5p","DPP4","1803","ENSG00000197635","-0.256","predicted"
2,"hsa-miR-5197-5p","AAUGGCA",6,"targetscan","MIMAT0021130","hsa-miR-5197-5p","TMBIM4","51643","ENSG00000155957","-0.256","predicted"
2,"hsa-miR-5197-5p","AAUGGCA",6,"targetscan","MIMAT0021130","hsa-miR-5197-5p","PFN1","5216","ENSG00000108518","-0.258","predicted"
2,"hsa-miR-5197-5p","AAUGGCA",6,"targetscan","MIMAT0021130","hsa-miR-5197-5p","DCLRE1B","64858","ENSG00000118655","-0.258","predicted"
2,"hsa-miR-5197-5p","AAUGGCA",6,"targetscan","MIMAT0021130","hsa-miR-5197-5p","TCEANC2","127428","ENSG00000116205","-0.258","predicted"
2,"hsa-miR-5197-5p","AAUGGCA",6,"targetscan","MIMAT0021130","hsa-miR-5197-5p","TAFA1","407738","ENSG00000183662","-0.258","predicted"
2,"hsa-miR-5197-5p","AAUGGCA",6,"targetscan","MIMAT0021130","hsa-miR-5197-5p","C1orf186","","ENSG00000196533","-0.258","predicted"
2,"hsa-miR-5197-5p","AAUGGCA",6,"targetscan","MIMAT0021130","hsa-miR-5197-5p","TMED8","283578","ENSG00000100580","-0.259","predicted"
2,"hsa-miR-5197-5p","AAUGGCA",6,"targetscan","MIMAT0021130","hsa-miR-5197-5p","CRIPT","9419","ENSG00000119878","-0.259","predicted"
2,"hsa-miR-5197-5p","AAUGGCA",6,"targetscan","MIMAT0021130","hsa-miR-5197-5p","GIMAP8","155038","ENSG00000171115","-0.259","predicted"
2,"hsa-miR-5197-5p","AAUGGCA",6,"targetscan","MIMAT0021130","hsa-miR-5197-5p","NUDT11","55190","ENSG00000196368","-0.26","predicted"
2,"hsa-miR-5197-5p","AAUGGCA",6,"targetscan","MIMAT0021130","hsa-miR-5197-5p","CT55","54967","ENSG00000169551","-0.26","predicted"
2,"hsa-miR-5197-5p","AAUGGCA",6,"targetscan","MIMAT0021130","hsa-miR-5197-5p","IAPP","3375","ENSG00000121351","-0.261","predicted"
2,"hsa-miR-5197-5p","AAUGGCA",6,"targetscan","MIMAT0021130","hsa-miR-5197-5p","SRSF1","6426","ENSG00000136450","-0.261","predicted"
2,"hsa-miR-5197-5p","AAUGGCA",6,"targetscan","MIMAT0021130","hsa-miR-5197-5p","MRPL42","28977","ENSG00000198015","-0.261","predicted"
2,"hsa-miR-5197-5p","AAUGGCA",6,"targetscan","MIMAT0021130","hsa-miR-5197-5p","NUP43","348995","ENSG00000120253","-0.261","predicted"
2,"hsa-miR-5197-5p","AAUGGCA",6,"targetscan","MIMAT0021130","hsa-miR-5197-5p","CENPW","387103","ENSG00000203760","-0.261","predicted"
2,"hsa-miR-5197-5p","AAUGGCA",6,"targetscan","MIMAT0021130","hsa-miR-5197-5p","ZNF559","84527","ENSG00000188321","-0.262","predicted"
2,"hsa-miR-5197-5p","AAUGGCA",6,"targetscan","MIMAT0021130","hsa-miR-5197-5p","FDX1","2230","ENSG00000137714","-0.262","predicted"
2,"hsa-miR-5197-5p","AAUGGCA",6,"targetscan","MIMAT0021130","hsa-miR-5197-5p","MXD1","4084","ENSG00000059728","-0.262","predicted"
2,"hsa-miR-5197-5p","AAUGGCA",6,"targetscan","MIMAT0021130","hsa-miR-5197-5p","SNX7","51375","ENSG00000162627","-0.262","predicted"
2,"hsa-miR-5197-5p","AAUGGCA",6,"targetscan","MIMAT0021130","hsa-miR-5197-5p","NABP1","64859","ENSG00000173559","-0.262","predicted"
2,"hsa-miR-5197-5p","AAUGGCA",6,"targetscan","MIMAT0021130","hsa-miR-5197-5p","ARGFX","503582","ENSG00000186103","-0.262","predicted"
2,"hsa-miR-5197-5p","AAUGGCA",6,"targetscan","MIMAT0021130","hsa-miR-5197-5p","LTV1","84946","ENSG00000135521","-0.262","predicted"
2,"hsa-miR-5197-5p","AAUGGCA",6,"targetscan","MIMAT0021130","hsa-miR-5197-5p","MC2R","4158","ENSG00000185231","-0.263","predicted"
2,"hsa-miR-5197-5p","AAUGGCA",6,"targetscan","MIMAT0021130","hsa-miR-5197-5p","SMIM13","221710","ENSG00000224531","-0.263","predicted"
2,"hsa-miR-5197-5p","AAUGGCA",6,"targetscan","MIMAT0021130","hsa-miR-5197-5p","TMEM116","89894","ENSG00000198270","-0.263","predicted"
2,"hsa-miR-5197-5p","AAUGGCA",6,"targetscan","MIMAT0021130","hsa-miR-5197-5p","ARL14EPL","644100","ENSG00000268223","-0.263","predicted"
2,"hsa-miR-5197-5p","AAUGGCA",6,"targetscan","MIMAT0021130","hsa-miR-5197-5p","ONECUT1","3175","ENSG00000169856","-0.264","predicted"
2,"hsa-miR-5197-5p","AAUGGCA",6,"targetscan","MIMAT0021130","hsa-miR-5197-5p","UPK1A","11045","ENSG00000105668","-0.264","predicted"
2,"hsa-miR-5197-5p","AAUGGCA",6,"targetscan","MIMAT0021130","hsa-miR-5197-5p","IKBIP","121457","ENSG00000166130","-0.265","predicted"
2,"hsa-miR-5197-5p","AAUGGCA",6,"targetscan","MIMAT0021130","hsa-miR-5197-5p","VAMP4","8674","ENSG00000117533","-0.266","predicted"
2,"hsa-miR-5197-5p","AAUGGCA",6,"targetscan","MIMAT0021130","hsa-miR-5197-5p","PSMA2","5683","ENSG00000106588","-0.266","predicted"
2,"hsa-miR-5197-5p","AAUGGCA",6,"targetscan","MIMAT0021130","hsa-miR-5197-5p","ZNHIT6","54680","ENSG00000117174","-0.266","predicted"
2,"hsa-miR-5197-5p","AAUGGCA",6,"targetscan","MIMAT0021130","hsa-miR-5197-5p","PIGX","54965","ENSG00000163964","-0.266","predicted"
2,"hsa-miR-5197-5p","AAUGGCA",6,"targetscan","MIMAT0021130","hsa-miR-5197-5p","DIAPH3","81624","ENSG00000139734","-0.266","predicted"
2,"hsa-miR-5197-5p","AAUGGCA",6,"targetscan","MIMAT0021130","hsa-miR-5197-5p","HORMAD1","84072","ENSG00000143452","-0.266","predicted"
2,"hsa-miR-5197-5p","AAUGGCA",6,"targetscan","MIMAT0021130","hsa-miR-5197-5p","CNPPD1","27013","ENSG00000115649","-0.266","predicted"
2,"hsa-miR-5197-5p","AAUGGCA",6,"targetscan","MIMAT0021130","hsa-miR-5197-5p","TMEM182","130827","ENSG00000170417","-0.266","predicted"
2,"hsa-miR-5197-5p","AAUGGCA",6,"targetscan","MIMAT0021130","hsa-miR-5197-5p","MAP3K15","389840","ENSG00000180815","-0.267","predicted"
2,"hsa-miR-5197-5p","AAUGGCA",6,"targetscan","MIMAT0021130","hsa-miR-5197-5p","UQCRB","7381","ENSG00000156467","-0.267","predicted"
2,"hsa-miR-5197-5p","AAUGGCA",6,"targetscan","MIMAT0021130","hsa-miR-5197-5p","GPR88","54112","ENSG00000181656","-0.267","predicted"
2,"hsa-miR-5197-5p","AAUGGCA",6,"targetscan","MIMAT0021130","hsa-miR-5197-5p","ATF2","1386","ENSG00000115966","-0.268","predicted"
2,"hsa-miR-5197-5p","AAUGGCA",6,"targetscan","MIMAT0021130","hsa-miR-5197-5p","ROR2","4920","ENSG00000169071","-0.268","predicted"
2,"hsa-miR-5197-5p","AAUGGCA",6,"targetscan","MIMAT0021130","hsa-miR-5197-5p","NABP1","64859","ENSG00000173559","-0.268","predicted"
2,"hsa-miR-5197-5p","AAUGGCA",6,"targetscan","MIMAT0021130","hsa-miR-5197-5p","GCC1","79571","ENSG00000179562","-0.268","predicted"
2,"hsa-miR-5197-5p","AAUGGCA",6,"targetscan","MIMAT0021130","hsa-miR-5197-5p","ZNF468","90333","ENSG00000204604","-0.268","predicted"
2,"hsa-miR-5197-5p","AAUGGCA",6,"targetscan","MIMAT0021130","hsa-miR-5197-5p","ANTXR2","118429","ENSG00000163297","-0.268","predicted"
2,"hsa-miR-5197-5p","AAUGGCA",6,"targetscan","MIMAT0021130","hsa-miR-5197-5p","ST13","6767","ENSG00000100380","-0.268","predicted"
2,"hsa-miR-5197-5p","AAUGGCA",6,"targetscan","MIMAT0021130","hsa-miR-5197-5p","DCAF6","55827","ENSG00000143164","-0.269","predicted"
2,"hsa-miR-5197-5p","AAUGGCA",6,"targetscan","MIMAT0021130","hsa-miR-5197-5p","PPIL1","51645","ENSG00000137168","-0.269","predicted"
2,"hsa-miR-5197-5p","AAUGGCA",6,"targetscan","MIMAT0021130","hsa-miR-5197-5p","ZCCHC4","29063","ENSG00000168228","-0.269","predicted"
2,"hsa-miR-5197-5p","AAUGGCA",6,"targetscan","MIMAT0021130","hsa-miR-5197-5p","AC069547.2","","ENSG00000269700","-0.269","predicted"
2,"hsa-miR-5197-5p","AAUGGCA",6,"targetscan","MIMAT0021130","hsa-miR-5197-5p","RPL31","6160","ENSG00000071082","-0.27","predicted"
2,"hsa-miR-5197-5p","AAUGGCA",6,"targetscan","MIMAT0021130","hsa-miR-5197-5p","NPHP3","27031","ENSG00000113971","-0.27","predicted"
2,"hsa-miR-5197-5p","AAUGGCA",6,"targetscan","MIMAT0021130","hsa-miR-5197-5p","NT5C3A","51251","ENSG00000122643","-0.27","predicted"
2,"hsa-miR-5197-5p","AAUGGCA",6,"targetscan","MIMAT0021130","hsa-miR-5197-5p","CDC42SE1","56882","ENSG00000197622","-0.27","predicted"
2,"hsa-miR-5197-5p","AAUGGCA",6,"targetscan","MIMAT0021130","hsa-miR-5197-5p","SMIM8","57150","ENSG00000111850","-0.27","predicted"
2,"hsa-miR-5197-5p","AAUGGCA",6,"targetscan","MIMAT0021130","hsa-miR-5197-5p","LTB4R2","56413","ENSG00000272658","-0.27","predicted"
2,"hsa-miR-5197-5p","AAUGGCA",6,"targetscan","MIMAT0021130","hsa-miR-5197-5p","SMIM8","63914","ENSG00000111850","-0.27","predicted"
2,"hsa-miR-5197-5p","AAUGGCA",6,"targetscan","MIMAT0021130","hsa-miR-5197-5p","RANBP9","10048","ENSG00000010017","-0.271","predicted"
2,"hsa-miR-5197-5p","AAUGGCA",6,"targetscan","MIMAT0021130","hsa-miR-5197-5p","SLC25A26","115286","ENSG00000144741","-0.271","predicted"
2,"hsa-miR-5197-5p","AAUGGCA",6,"targetscan","MIMAT0021130","hsa-miR-5197-5p","SNRPD2","6633","ENSG00000125743","-0.271","predicted"
2,"hsa-miR-5197-5p","AAUGGCA",6,"targetscan","MIMAT0021130","hsa-miR-5197-5p","BLOC1S4","55330","ENSG00000186222","-0.271","predicted"
2,"hsa-miR-5197-5p","AAUGGCA",6,"targetscan","MIMAT0021130","hsa-miR-5197-5p","SH3BGRL2","83699","ENSG00000198478","-0.271","predicted"
2,"hsa-miR-5197-5p","AAUGGCA",6,"targetscan","MIMAT0021130","hsa-miR-5197-5p","KCNRG","283518","ENSG00000198553","-0.271","predicted"
2,"hsa-miR-5197-5p","AAUGGCA",6,"targetscan","MIMAT0021130","hsa-miR-5197-5p","CD55","1604","ENSG00000196352","-0.272","predicted"
2,"hsa-miR-5197-5p","AAUGGCA",6,"targetscan","MIMAT0021130","hsa-miR-5197-5p","TIPRL","261726","ENSG00000143155","-0.272","predicted"
2,"hsa-miR-5197-5p","AAUGGCA",6,"targetscan","MIMAT0021130","hsa-miR-5197-5p","CALHM4","221301","ENSG00000164451","-0.272","predicted"
2,"hsa-miR-5197-5p","AAUGGCA",6,"targetscan","MIMAT0021130","hsa-miR-5197-5p","MTARC1","64757","ENSG00000186205","-0.272","predicted"
2,"hsa-miR-5197-5p","AAUGGCA",6,"targetscan","MIMAT0021130","hsa-miR-5197-5p","TCF19","6941","ENSG00000137310","-0.273","predicted"
2,"hsa-miR-5197-5p","AAUGGCA",6,"targetscan","MIMAT0021130","hsa-miR-5197-5p","SNX14","57231","ENSG00000135317","-0.273","predicted"
2,"hsa-miR-5197-5p","AAUGGCA",6,"targetscan","MIMAT0021130","hsa-miR-5197-5p","CRISP1","167","ENSG00000124812","-0.274","predicted"
2,"hsa-miR-5197-5p","AAUGGCA",6,"targetscan","MIMAT0021130","hsa-miR-5197-5p","EID1","23741","ENSG00000255302","-0.274","predicted"
2,"hsa-miR-5197-5p","AAUGGCA",6,"targetscan","MIMAT0021130","hsa-miR-5197-5p","ABHD12B","145447","ENSG00000131969","-0.274","predicted"
2,"hsa-miR-5197-5p","AAUGGCA",6,"targetscan","MIMAT0021130","hsa-miR-5197-5p","CRISP2","7180","ENSG00000124490","-0.274","predicted"
2,"hsa-miR-5197-5p","AAUGGCA",6,"targetscan","MIMAT0021130","hsa-miR-5197-5p","METTL1","4234","ENSG00000037897","-0.274","predicted"
2,"hsa-miR-5197-5p","AAUGGCA",6,"targetscan","MIMAT0021130","hsa-miR-5197-5p","GLS","2744","ENSG00000115419","-0.275","predicted"
2,"hsa-miR-5197-5p","AAUGGCA",6,"targetscan","MIMAT0021130","hsa-miR-5197-5p","GMFB","2764","ENSG00000197045","-0.275","predicted"
2,"hsa-miR-5197-5p","AAUGGCA",6,"targetscan","MIMAT0021130","hsa-miR-5197-5p","DSG4","147409","ENSG00000175065","-0.275","predicted"
2,"hsa-miR-5197-5p","AAUGGCA",6,"targetscan","MIMAT0021130","hsa-miR-5197-5p","KIAA1191","57179","ENSG00000122203","-0.276","predicted"
2,"hsa-miR-5197-5p","AAUGGCA",6,"targetscan","MIMAT0021130","hsa-miR-5197-5p","KLHL23","151230","ENSG00000213160","-0.276","predicted"
2,"hsa-miR-5197-5p","AAUGGCA",6,"targetscan","MIMAT0021130","hsa-miR-5197-5p","KLHL23","100526832","ENSG00000213160","-0.276","predicted"
2,"hsa-miR-5197-5p","AAUGGCA",6,"targetscan","MIMAT0021130","hsa-miR-5197-5p","NAP1L1","4673","ENSG00000187109","-0.277","predicted"
2,"hsa-miR-5197-5p","AAUGGCA",6,"targetscan","MIMAT0021130","hsa-miR-5197-5p","BOC","91653","ENSG00000144857","-0.277","predicted"
2,"hsa-miR-5197-5p","AAUGGCA",6,"targetscan","MIMAT0021130","hsa-miR-5197-5p","CALB1","793","ENSG00000104327","-0.277","predicted"
2,"hsa-miR-5197-5p","AAUGGCA",6,"targetscan","MIMAT0021130","hsa-miR-5197-5p","C9orf38","","ENSG00000215066","-0.277","predicted"
2,"hsa-miR-5197-5p","AAUGGCA",6,"targetscan","MIMAT0021130","hsa-miR-5197-5p","TAFA1","407738","ENSG00000183662","-0.277","predicted"
2,"hsa-miR-5197-5p","AAUGGCA",6,"targetscan","MIMAT0021130","hsa-miR-5197-5p","ATP5F1E","514","ENSG00000124172","-0.277","predicted"
2,"hsa-miR-5197-5p","AAUGGCA",6,"targetscan","MIMAT0021130","hsa-miR-5197-5p","RP11-1102P16.1","","ENSG00000253379","-0.277","predicted"
2,"hsa-miR-5197-5p","AAUGGCA",6,"targetscan","MIMAT0021130","hsa-miR-5197-5p","IFNA2","3440","ENSG00000188379","-0.278","predicted"
2,"hsa-miR-5197-5p","AAUGGCA",6,"targetscan","MIMAT0021130","hsa-miR-5197-5p","PRCP","5547","ENSG00000137509","-0.278","predicted"
2,"hsa-miR-5197-5p","AAUGGCA",6,"targetscan","MIMAT0021130","hsa-miR-5197-5p","PPP1R3A","5506","ENSG00000154415","-0.279","predicted"
2,"hsa-miR-5197-5p","AAUGGCA",6,"targetscan","MIMAT0021130","hsa-miR-5197-5p","GIMAP6","474344","ENSG00000133561","-0.279","predicted"
2,"hsa-miR-5197-5p","AAUGGCA",6,"targetscan","MIMAT0021130","hsa-miR-5197-5p","MSANTD2","79684","ENSG00000120458","-0.279","predicted"
2,"hsa-miR-5197-5p","AAUGGCA",6,"targetscan","MIMAT0021130","hsa-miR-5197-5p","PCLAF","9768","ENSG00000166803","-0.279","predicted"
2,"hsa-miR-5197-5p","AAUGGCA",6,"targetscan","MIMAT0021130","hsa-miR-5197-5p","CFAP97D1","284067","ENSG00000231256","-0.279","predicted"
2,"hsa-miR-5197-5p","AAUGGCA",6,"targetscan","MIMAT0021130","hsa-miR-5197-5p","ABRAXAS2","23172","ENSG00000165660","-0.279","predicted"
2,"hsa-miR-5197-5p","AAUGGCA",6,"targetscan","MIMAT0021130","hsa-miR-5197-5p","HNRNPL","3191","ENSG00000104824","-0.28","predicted"
2,"hsa-miR-5197-5p","AAUGGCA",6,"targetscan","MIMAT0021130","hsa-miR-5197-5p","OTC","5009","ENSG00000036473","-0.281","predicted"
2,"hsa-miR-5197-5p","AAUGGCA",6,"targetscan","MIMAT0021130","hsa-miR-5197-5p","USP3","9960","ENSG00000140455","-0.281","predicted"
2,"hsa-miR-5197-5p","AAUGGCA",6,"targetscan","MIMAT0021130","hsa-miR-5197-5p","TMEM70","54968","ENSG00000175606","-0.281","predicted"
2,"hsa-miR-5197-5p","AAUGGCA",6,"targetscan","MIMAT0021130","hsa-miR-5197-5p","FEZ2","9637","ENSG00000171055","-0.281","predicted"
2,"hsa-miR-5197-5p","AAUGGCA",6,"targetscan","MIMAT0021130","hsa-miR-5197-5p","GMFB","2764","ENSG00000197045","-0.282","predicted"
2,"hsa-miR-5197-5p","AAUGGCA",6,"targetscan","MIMAT0021130","hsa-miR-5197-5p","KCNU1","157855","ENSG00000215262","-0.282","predicted"
2,"hsa-miR-5197-5p","AAUGGCA",6,"targetscan","MIMAT0021130","hsa-miR-5197-5p","FAM162B","221303","ENSG00000183807","-0.282","predicted"
2,"hsa-miR-5197-5p","AAUGGCA",6,"targetscan","MIMAT0021130","hsa-miR-5197-5p","MRPL48","51642","ENSG00000175581","-0.282","predicted"
2,"hsa-miR-5197-5p","AAUGGCA",6,"targetscan","MIMAT0021130","hsa-miR-5197-5p","ZG16","653808","ENSG00000174992","-0.282","predicted"
2,"hsa-miR-5197-5p","AAUGGCA",6,"targetscan","MIMAT0021130","hsa-miR-5197-5p","ADH6","130","ENSG00000172955","-0.283","predicted"
2,"hsa-miR-5197-5p","AAUGGCA",6,"targetscan","MIMAT0021130","hsa-miR-5197-5p","CA8","767","ENSG00000178538","-0.283","predicted"
2,"hsa-miR-5197-5p","AAUGGCA",6,"targetscan","MIMAT0021130","hsa-miR-5197-5p","PON1","5444","ENSG00000005421","-0.283","predicted"
2,"hsa-miR-5197-5p","AAUGGCA",6,"targetscan","MIMAT0021130","hsa-miR-5197-5p","TSEN54","283989","ENSG00000182173","-0.283","predicted"
2,"hsa-miR-5197-5p","AAUGGCA",6,"targetscan","MIMAT0021130","hsa-miR-5197-5p","PCDHB5","26167","ENSG00000113209","-0.283","predicted"
2,"hsa-miR-5197-5p","AAUGGCA",6,"targetscan","MIMAT0021130","hsa-miR-5197-5p","CENPA","1058","ENSG00000115163","-0.284","predicted"
2,"hsa-miR-5197-5p","AAUGGCA",6,"targetscan","MIMAT0021130","hsa-miR-5197-5p","BCL10","8915","ENSG00000142867","-0.284","predicted"
2,"hsa-miR-5197-5p","AAUGGCA",6,"targetscan","MIMAT0021130","hsa-miR-5197-5p","A1CF","29974","ENSG00000148584","-0.284","predicted"
2,"hsa-miR-5197-5p","AAUGGCA",6,"targetscan","MIMAT0021130","hsa-miR-5197-5p","ELF5","2001","ENSG00000135374","-0.284","predicted"
2,"hsa-miR-5197-5p","AAUGGCA",6,"targetscan","MIMAT0021130","hsa-miR-5197-5p","EED","8726","ENSG00000074266","-0.285","predicted"
2,"hsa-miR-5197-5p","AAUGGCA",6,"targetscan","MIMAT0021130","hsa-miR-5197-5p","ZCCHC8","55596","ENSG00000033030","-0.285","predicted"
2,"hsa-miR-5197-5p","AAUGGCA",6,"targetscan","MIMAT0021130","hsa-miR-5197-5p","LCP2","3937","ENSG00000043462","-0.285","predicted"
2,"hsa-miR-5197-5p","AAUGGCA",6,"targetscan","MIMAT0021130","hsa-miR-5197-5p","WDR72","256764","ENSG00000166415","-0.285","predicted"
2,"hsa-miR-5197-5p","AAUGGCA",6,"targetscan","MIMAT0021130","hsa-miR-5197-5p","ARL9","132946","ENSG00000196503","-0.285","predicted"
2,"hsa-miR-5197-5p","AAUGGCA",6,"targetscan","MIMAT0021130","hsa-miR-5197-5p","STMP1","647087","ENSG00000243317","-0.285","predicted"
2,"hsa-miR-5197-5p","AAUGGCA",6,"targetscan","MIMAT0021130","hsa-miR-5197-5p","ST7-OT4","338069","ENSG00000214188","-0.285","predicted"
2,"hsa-miR-5197-5p","AAUGGCA",6,"targetscan","MIMAT0021130","hsa-miR-5197-5p","CD3D","915","ENSG00000167286","-0.286","predicted"
2,"hsa-miR-5197-5p","AAUGGCA",6,"targetscan","MIMAT0021130","hsa-miR-5197-5p","HSDL2","84263","ENSG00000119471","-0.287","predicted"
2,"hsa-miR-5197-5p","AAUGGCA",6,"targetscan","MIMAT0021130","hsa-miR-5197-5p","PSTPIP2","9050","ENSG00000152229","-0.287","predicted"
2,"hsa-miR-5197-5p","AAUGGCA",6,"targetscan","MIMAT0021130","hsa-miR-5197-5p","CD226","10666","ENSG00000150637","-0.287","predicted"
2,"hsa-miR-5197-5p","AAUGGCA",6,"targetscan","MIMAT0021130","hsa-miR-5197-5p","RNF186","54546","ENSG00000178828","-0.287","predicted"
2,"hsa-miR-5197-5p","AAUGGCA",6,"targetscan","MIMAT0021130","hsa-miR-5197-5p","LYRM7","90624","ENSG00000186687","-0.287","predicted"
2,"hsa-miR-5197-5p","AAUGGCA",6,"targetscan","MIMAT0021130","hsa-miR-5197-5p","ANKS3","124401","ENSG00000168096","-0.287","predicted"
2,"hsa-miR-5197-5p","AAUGGCA",6,"targetscan","MIMAT0021130","hsa-miR-5197-5p","PTBP3","9991","ENSG00000119314","-0.289","predicted"
2,"hsa-miR-5197-5p","AAUGGCA",6,"targetscan","MIMAT0021130","hsa-miR-5197-5p","TSGA10","80705","ENSG00000135951","-0.289","predicted"
2,"hsa-miR-5197-5p","AAUGGCA",6,"targetscan","MIMAT0021130","hsa-miR-5197-5p","CCDC178","374864","ENSG00000166960","-0.289","predicted"
2,"hsa-miR-5197-5p","AAUGGCA",6,"targetscan","MIMAT0021130","hsa-miR-5197-5p","TM7SF3","51768","ENSG00000064115","-0.289","predicted"
2,"hsa-miR-5197-5p","AAUGGCA",6,"targetscan","MIMAT0021130","hsa-miR-5197-5p","GASK1B","51313","ENSG00000164125","-0.289","predicted"
2,"hsa-miR-5197-5p","AAUGGCA",6,"targetscan","MIMAT0021130","hsa-miR-5197-5p","CIBAR2","339145","ENSG00000153789","-0.289","predicted"
2,"hsa-miR-5197-5p","AAUGGCA",6,"targetscan","MIMAT0021130","hsa-miR-5197-5p","HS3ST5","222537","ENSG00000249853","-0.29","predicted"
2,"hsa-miR-5197-5p","AAUGGCA",6,"targetscan","MIMAT0021130","hsa-miR-5197-5p","VSTM4","196740","ENSG00000165633","-0.29","predicted"
2,"hsa-miR-5197-5p","AAUGGCA",6,"targetscan","MIMAT0021130","hsa-miR-5197-5p","DUX4L2","","ENSG00000259128","-0.29","predicted"
2,"hsa-miR-5197-5p","AAUGGCA",6,"targetscan","MIMAT0021130","hsa-miR-5197-5p","MOB1B","92597","ENSG00000173542","-0.291","predicted"
2,"hsa-miR-5197-5p","AAUGGCA",6,"targetscan","MIMAT0021130","hsa-miR-5197-5p","GPX8","493869","ENSG00000164294","-0.291","predicted"
2,"hsa-miR-5197-5p","AAUGGCA",6,"targetscan","MIMAT0021130","hsa-miR-5197-5p","PRR5-ARHGAP8","553158","ENSG00000248405","-0.291","predicted"
2,"hsa-miR-5197-5p","AAUGGCA",6,"targetscan","MIMAT0021130","hsa-miR-5197-5p","VDAC2","7417","ENSG00000165637","-0.292","predicted"
2,"hsa-miR-5197-5p","AAUGGCA",6,"targetscan","MIMAT0021130","hsa-miR-5197-5p","OSTF1","26578","ENSG00000134996","-0.292","predicted"
2,"hsa-miR-5197-5p","AAUGGCA",6,"targetscan","MIMAT0021130","hsa-miR-5197-5p","HDDC2","51020","ENSG00000111906","-0.292","predicted"
2,"hsa-miR-5197-5p","AAUGGCA",6,"targetscan","MIMAT0021130","hsa-miR-5197-5p","RTCB","51493","ENSG00000100220","-0.293","predicted"
2,"hsa-miR-5197-5p","AAUGGCA",6,"targetscan","MIMAT0021130","hsa-miR-5197-5p","PPCS","79717","ENSG00000127125","-0.293","predicted"
2,"hsa-miR-5197-5p","AAUGGCA",6,"targetscan","MIMAT0021130","hsa-miR-5197-5p","MRPS10","55173","ENSG00000048544","-0.294","predicted"
2,"hsa-miR-5197-5p","AAUGGCA",6,"targetscan","MIMAT0021130","hsa-miR-5197-5p","RBP3","","ENSG00000107618","-0.294","predicted"
2,"hsa-miR-5197-5p","AAUGGCA",6,"targetscan","MIMAT0021130","hsa-miR-5197-5p","PFDN1","5201","ENSG00000113068","-0.295","predicted"
2,"hsa-miR-5197-5p","AAUGGCA",6,"targetscan","MIMAT0021130","hsa-miR-5197-5p","TFDP2","7029","ENSG00000114126","-0.295","predicted"
2,"hsa-miR-5197-5p","AAUGGCA",6,"targetscan","MIMAT0021130","hsa-miR-5197-5p","SAYSD1","55776","ENSG00000112167","-0.295","predicted"
2,"hsa-miR-5197-5p","AAUGGCA",6,"targetscan","MIMAT0021130","hsa-miR-5197-5p","TMSB4Y","9087","ENSG00000154620","-0.295","predicted"
2,"hsa-miR-5197-5p","AAUGGCA",6,"targetscan","MIMAT0021130","hsa-miR-5197-5p","CALCB","797","ENSG00000175868","-0.296","predicted"
2,"hsa-miR-5197-5p","AAUGGCA",6,"targetscan","MIMAT0021130","hsa-miR-5197-5p","VMA21","203547","ENSG00000160131","-0.296","predicted"
2,"hsa-miR-5197-5p","AAUGGCA",6,"targetscan","MIMAT0021130","hsa-miR-5197-5p","LIN28B","389421","ENSG00000187772","-0.296","predicted"
2,"hsa-miR-5197-5p","AAUGGCA",6,"targetscan","MIMAT0021130","hsa-miR-5197-5p","CTSS","1520","ENSG00000163131","-0.296","predicted"
2,"hsa-miR-5197-5p","AAUGGCA",6,"targetscan","MIMAT0021130","hsa-miR-5197-5p","RPP14","11102","ENSG00000163684","-0.297","predicted"
2,"hsa-miR-5197-5p","AAUGGCA",6,"targetscan","MIMAT0021130","hsa-miR-5197-5p","ZBTB11","27107","ENSG00000066422","-0.297","predicted"
2,"hsa-miR-5197-5p","AAUGGCA",6,"targetscan","MIMAT0021130","hsa-miR-5197-5p","CYB5R4","51167","ENSG00000065615","-0.298","predicted"
2,"hsa-miR-5197-5p","AAUGGCA",6,"targetscan","MIMAT0021130","hsa-miR-5197-5p","IPO11","51194","ENSG00000086200","-0.298","predicted"
2,"hsa-miR-5197-5p","AAUGGCA",6,"targetscan","MIMAT0021130","hsa-miR-5197-5p","UTY","7404","ENSG00000183878","-0.298","predicted"
2,"hsa-miR-5197-5p","AAUGGCA",6,"targetscan","MIMAT0021130","hsa-miR-5197-5p","RPL19","6143","ENSG00000108298","-0.298","predicted"
2,"hsa-miR-5197-5p","AAUGGCA",6,"targetscan","MIMAT0021130","hsa-miR-5197-5p","CYB5R4","123956252","ENSG00000065615","-0.298","predicted"
2,"hsa-miR-5197-5p","AAUGGCA",6,"targetscan","MIMAT0021130","hsa-miR-5197-5p","SLC25A21-AS1","100129794","ENSG00000258708","-0.298","predicted"
2,"hsa-miR-5197-5p","AAUGGCA",6,"targetscan","MIMAT0021130","hsa-miR-5197-5p","RBMXL1","494115","ENSG00000213516","-0.299","predicted"
2,"hsa-miR-5197-5p","AAUGGCA",6,"targetscan","MIMAT0021130","hsa-miR-5197-5p","LGALSL","29094","ENSG00000119862","-0.3","predicted"
2,"hsa-miR-5197-5p","AAUGGCA",6,"targetscan","MIMAT0021130","hsa-miR-5197-5p","SPAM1","6677","ENSG00000106304","-0.3","predicted"
2,"hsa-miR-5197-5p","AAUGGCA",6,"targetscan","MIMAT0021130","hsa-miR-5197-5p","LBX1","10660","ENSG00000138136","-0.301","predicted"
2,"hsa-miR-5197-5p","AAUGGCA",6,"targetscan","MIMAT0021130","hsa-miR-5197-5p","STYX","6815","ENSG00000198252","-0.302","predicted"
2,"hsa-miR-5197-5p","AAUGGCA",6,"targetscan","MIMAT0021130","hsa-miR-5197-5p","SRD5A1","6715","ENSG00000145545","-0.303","predicted"
2,"hsa-miR-5197-5p","AAUGGCA",6,"targetscan","MIMAT0021130","hsa-miR-5197-5p","ARHGAP42","143872","ENSG00000165895","-0.303","predicted"
2,"hsa-miR-5197-5p","AAUGGCA",6,"targetscan","MIMAT0021130","hsa-miR-5197-5p","PARS2","25973","ENSG00000162396","-0.304","predicted"
2,"hsa-miR-5197-5p","AAUGGCA",6,"targetscan","MIMAT0021130","hsa-miR-5197-5p","KPNA3","3839","ENSG00000102753","-0.305","predicted"
2,"hsa-miR-5197-5p","AAUGGCA",6,"targetscan","MIMAT0021130","hsa-miR-5197-5p","MRC2","9902","ENSG00000011028","-0.305","predicted"
2,"hsa-miR-5197-5p","AAUGGCA",6,"targetscan","MIMAT0021130","hsa-miR-5197-5p","WWC3","55841","ENSG00000047644","-0.305","predicted"
2,"hsa-miR-5197-5p","AAUGGCA",6,"targetscan","MIMAT0021130","hsa-miR-5197-5p","SERAC1","84947","ENSG00000122335","-0.305","predicted"
2,"hsa-miR-5197-5p","AAUGGCA",6,"targetscan","MIMAT0021130","hsa-miR-5197-5p","MYL12B","103910","ENSG00000118680","-0.305","predicted"
2,"hsa-miR-5197-5p","AAUGGCA",6,"targetscan","MIMAT0021130","hsa-miR-5197-5p","VSX1","30813","ENSG00000100987","-0.305","predicted"
2,"hsa-miR-5197-5p","AAUGGCA",6,"targetscan","MIMAT0021130","hsa-miR-5197-5p","JCHAIN","3512","ENSG00000132465","-0.305","predicted"
2,"hsa-miR-5197-5p","AAUGGCA",6,"targetscan","MIMAT0021130","hsa-miR-5197-5p","CRH","1392","ENSG00000147571","-0.307","predicted"
2,"hsa-miR-5197-5p","AAUGGCA",6,"targetscan","MIMAT0021130","hsa-miR-5197-5p","UBE2L6","9246","ENSG00000156587","-0.307","predicted"
2,"hsa-miR-5197-5p","AAUGGCA",6,"targetscan","MIMAT0021130","hsa-miR-5197-5p","CFAP68","64776","ENSG00000137720","-0.307","predicted"
2,"hsa-miR-5197-5p","AAUGGCA",6,"targetscan","MIMAT0021130","hsa-miR-5197-5p","MOB1B","92597","ENSG00000173542","-0.308","predicted"
2,"hsa-miR-5197-5p","AAUGGCA",6,"targetscan","MIMAT0021130","hsa-miR-5197-5p","CCDC68","80323","ENSG00000166510","-0.309","predicted"
2,"hsa-miR-5197-5p","AAUGGCA",6,"targetscan","MIMAT0021130","hsa-miR-5197-5p","SRD5A1","6715","ENSG00000145545","-0.31","predicted"
2,"hsa-miR-5197-5p","AAUGGCA",6,"targetscan","MIMAT0021130","hsa-miR-5197-5p","CTDSPL2","51496","ENSG00000137770","-0.31","predicted"
2,"hsa-miR-5197-5p","AAUGGCA",6,"targetscan","MIMAT0021130","hsa-miR-5197-5p","DCN","1634","ENSG00000011465","-0.31","predicted"
2,"hsa-miR-5197-5p","AAUGGCA",6,"targetscan","MIMAT0021130","hsa-miR-5197-5p","BPNT2","54928","ENSG00000104331","-0.31","predicted"
2,"hsa-miR-5197-5p","AAUGGCA",6,"targetscan","MIMAT0021130","hsa-miR-5197-5p","CCL22","6367","ENSG00000102962","-0.311","predicted"
2,"hsa-miR-5197-5p","AAUGGCA",6,"targetscan","MIMAT0021130","hsa-miR-5197-5p","TMEM255A","55026","ENSG00000125355","-0.311","predicted"
2,"hsa-miR-5197-5p","AAUGGCA",6,"targetscan","MIMAT0021130","hsa-miR-5197-5p","NIT2","56954","ENSG00000114021","-0.311","predicted"
2,"hsa-miR-5197-5p","AAUGGCA",6,"targetscan","MIMAT0021130","hsa-miR-5197-5p","TMEM252","169693","ENSG00000181778","-0.311","predicted"
2,"hsa-miR-5197-5p","AAUGGCA",6,"targetscan","MIMAT0021130","hsa-miR-5197-5p","PAPSS2","9060","ENSG00000198682","-0.312","predicted"
2,"hsa-miR-5197-5p","AAUGGCA",6,"targetscan","MIMAT0021130","hsa-miR-5197-5p","PRDX2","7001","ENSG00000167815","-0.312","predicted"
2,"hsa-miR-5197-5p","AAUGGCA",6,"targetscan","MIMAT0021130","hsa-miR-5197-5p","ZMYM2","7750","ENSG00000121741","-0.312","predicted"
2,"hsa-miR-5197-5p","AAUGGCA",6,"targetscan","MIMAT0021130","hsa-miR-5197-5p","TTR","7276","ENSG00000118271","-0.312","predicted"
2,"hsa-miR-5197-5p","AAUGGCA",6,"targetscan","MIMAT0021130","hsa-miR-5197-5p","DPPA3","359787","ENSG00000187569","-0.312","predicted"
2,"hsa-miR-5197-5p","AAUGGCA",6,"targetscan","MIMAT0021130","hsa-miR-5197-5p","HERC4","26091","ENSG00000148634","-0.313","predicted"
2,"hsa-miR-5197-5p","AAUGGCA",6,"targetscan","MIMAT0021130","hsa-miR-5197-5p","TUBA4A","7277","ENSG00000127824","-0.313","predicted"
2,"hsa-miR-5197-5p","AAUGGCA",6,"targetscan","MIMAT0021130","hsa-miR-5197-5p","GPALPP1","55425","ENSG00000133114","-0.313","predicted"
2,"hsa-miR-5197-5p","AAUGGCA",6,"targetscan","MIMAT0021130","hsa-miR-5197-5p","DAP","1611","ENSG00000112977","-0.314","predicted"
2,"hsa-miR-5197-5p","AAUGGCA",6,"targetscan","MIMAT0021130","hsa-miR-5197-5p","ZNF138","7697","ENSG00000197008","-0.314","predicted"
2,"hsa-miR-5197-5p","AAUGGCA",6,"targetscan","MIMAT0021130","hsa-miR-5197-5p","DGUOK","1716","ENSG00000114956","-0.314","predicted"
2,"hsa-miR-5197-5p","AAUGGCA",6,"targetscan","MIMAT0021130","hsa-miR-5197-5p","OTC","5009","ENSG00000036473","-0.315","predicted"
2,"hsa-miR-5197-5p","AAUGGCA",6,"targetscan","MIMAT0021130","hsa-miR-5197-5p","IFNA6","3443","ENSG00000120235","-0.315","predicted"
2,"hsa-miR-5197-5p","AAUGGCA",6,"targetscan","MIMAT0021130","hsa-miR-5197-5p","IFNA21","3452","ENSG00000137080","-0.316","predicted"
2,"hsa-miR-5197-5p","AAUGGCA",6,"targetscan","MIMAT0021130","hsa-miR-5197-5p","ATG12","9140","ENSG00000145782","-0.316","predicted"
2,"hsa-miR-5197-5p","AAUGGCA",6,"targetscan","MIMAT0021130","hsa-miR-5197-5p","GCA","25801","ENSG00000115271","-0.317","predicted"
2,"hsa-miR-5197-5p","AAUGGCA",6,"targetscan","MIMAT0021130","hsa-miR-5197-5p","ZNF711","7552","ENSG00000147180","-0.317","predicted"
2,"hsa-miR-5197-5p","AAUGGCA",6,"targetscan","MIMAT0021130","hsa-miR-5197-5p","FBXO8","26269","ENSG00000164117","-0.317","predicted"
2,"hsa-miR-5197-5p","AAUGGCA",6,"targetscan","MIMAT0021130","hsa-miR-5197-5p","DGAT2","84649","ENSG00000062282","-0.317","predicted"
2,"hsa-miR-5197-5p","AAUGGCA",6,"targetscan","MIMAT0021130","hsa-miR-5197-5p","PKD1L1-AS1","80099","ENSG00000136275","-0.317","predicted"
2,"hsa-miR-5197-5p","AAUGGCA",6,"targetscan","MIMAT0021130","hsa-miR-5197-5p","PITPNC1","26207","ENSG00000154217","-0.318","predicted"
2,"hsa-miR-5197-5p","AAUGGCA",6,"targetscan","MIMAT0021130","hsa-miR-5197-5p","SHOC2","8036","ENSG00000108061","-0.319","predicted"
2,"hsa-miR-5197-5p","AAUGGCA",6,"targetscan","MIMAT0021130","hsa-miR-5197-5p","PHF10","55274","ENSG00000130024","-0.319","predicted"
2,"hsa-miR-5197-5p","AAUGGCA",6,"targetscan","MIMAT0021130","hsa-miR-5197-5p","DAZAP2","9802","ENSG00000183283","-0.321","predicted"
2,"hsa-miR-5197-5p","AAUGGCA",6,"targetscan","MIMAT0021130","hsa-miR-5197-5p","SEC31A","22872","ENSG00000138674","-0.321","predicted"
2,"hsa-miR-5197-5p","AAUGGCA",6,"targetscan","MIMAT0021130","hsa-miR-5197-5p","TMEM50A","23585","ENSG00000183726","-0.321","predicted"
2,"hsa-miR-5197-5p","AAUGGCA",6,"targetscan","MIMAT0021130","hsa-miR-5197-5p","CPNE6","9362","ENSG00000100884","-0.322","predicted"
2,"hsa-miR-5197-5p","AAUGGCA",6,"targetscan","MIMAT0021130","hsa-miR-5197-5p","STEAP2","261729","ENSG00000157214","-0.322","predicted"
2,"hsa-miR-5197-5p","AAUGGCA",6,"targetscan","MIMAT0021130","hsa-miR-5197-5p","ADK","132","ENSG00000156110","-0.322","predicted"
2,"hsa-miR-5197-5p","AAUGGCA",6,"targetscan","MIMAT0021130","hsa-miR-5197-5p","TMEM233","387890","ENSG00000224982","-0.322","predicted"
2,"hsa-miR-5197-5p","AAUGGCA",6,"targetscan","MIMAT0021130","hsa-miR-5197-5p","SLC25A16","8034","ENSG00000122912","-0.323","predicted"
2,"hsa-miR-5197-5p","AAUGGCA",6,"targetscan","MIMAT0021130","hsa-miR-5197-5p","ARL15","54622","ENSG00000185305","-0.323","predicted"
2,"hsa-miR-5197-5p","AAUGGCA",6,"targetscan","MIMAT0021130","hsa-miR-5197-5p","SMIM14","201895","ENSG00000163683","-0.325","predicted"
2,"hsa-miR-5197-5p","AAUGGCA",6,"targetscan","MIMAT0021130","hsa-miR-5197-5p","RHOXF2","84528","ENSG00000131721","-0.325","predicted"
2,"hsa-miR-5197-5p","AAUGGCA",6,"targetscan","MIMAT0021130","hsa-miR-5197-5p","ZNF599","148103","ENSG00000153896","-0.327","predicted"
2,"hsa-miR-5197-5p","AAUGGCA",6,"targetscan","MIMAT0021130","hsa-miR-5197-5p","ZNF91","7644","ENSG00000167232","-0.327","predicted"
2,"hsa-miR-5197-5p","AAUGGCA",6,"targetscan","MIMAT0021130","hsa-miR-5197-5p","PAX4","5078","ENSG00000106331","-0.327","predicted"
2,"hsa-miR-5197-5p","AAUGGCA",6,"targetscan","MIMAT0021130","hsa-miR-5197-5p","PCDHB3","56132","ENSG00000113205","-0.327","predicted"
2,"hsa-miR-5197-5p","AAUGGCA",6,"targetscan","MIMAT0021130","hsa-miR-5197-5p","ASAH2B","653308","ENSG00000204147","-0.327","predicted"
2,"hsa-miR-5197-5p","AAUGGCA",6,"targetscan","MIMAT0021130","hsa-miR-5197-5p","FGF13","2258","ENSG00000129682","-0.328","predicted"
2,"hsa-miR-5197-5p","AAUGGCA",6,"targetscan","MIMAT0021130","hsa-miR-5197-5p","TRIM52","84851","ENSG00000183718","-0.328","predicted"
2,"hsa-miR-5197-5p","AAUGGCA",6,"targetscan","MIMAT0021130","hsa-miR-5197-5p","ADAM17","6868","ENSG00000151694","-0.329","predicted"
2,"hsa-miR-5197-5p","AAUGGCA",6,"targetscan","MIMAT0021130","hsa-miR-5197-5p","ZNF675","171392","ENSG00000197372","-0.329","predicted"
2,"hsa-miR-5197-5p","AAUGGCA",6,"targetscan","MIMAT0021130","hsa-miR-5197-5p","GLUL","2752","ENSG00000135821","-0.331","predicted"
2,"hsa-miR-5197-5p","AAUGGCA",6,"targetscan","MIMAT0021130","hsa-miR-5197-5p","PFN2","5217","ENSG00000070087","-0.331","predicted"
2,"hsa-miR-5197-5p","AAUGGCA",6,"targetscan","MIMAT0021130","hsa-miR-5197-5p","SAFB2","9667","ENSG00000130254","-0.331","predicted"
2,"hsa-miR-5197-5p","AAUGGCA",6,"targetscan","MIMAT0021130","hsa-miR-5197-5p","SKAP2","8935","ENSG00000005020","-0.332","predicted"
2,"hsa-miR-5197-5p","AAUGGCA",6,"targetscan","MIMAT0021130","hsa-miR-5197-5p","SPRTN","83932","ENSG00000010072","-0.332","predicted"
2,"hsa-miR-5197-5p","AAUGGCA",6,"targetscan","MIMAT0021130","hsa-miR-5197-5p","DNAJC9","23234","ENSG00000213551","-0.333","predicted"
2,"hsa-miR-5197-5p","AAUGGCA",6,"targetscan","MIMAT0021130","hsa-miR-5197-5p","CYP20A1","57404","ENSG00000119004","-0.333","predicted"
2,"hsa-miR-5197-5p","AAUGGCA",6,"targetscan","MIMAT0021130","hsa-miR-5197-5p","DERL2","51009","ENSG00000072849","-0.333","predicted"
2,"hsa-miR-5197-5p","AAUGGCA",6,"targetscan","MIMAT0021130","hsa-miR-5197-5p","TRIM6","117854","ENSG00000121236","-0.334","predicted"
2,"hsa-miR-5197-5p","AAUGGCA",6,"targetscan","MIMAT0021130","hsa-miR-5197-5p","","","ENSG00000224132","-0.334","predicted"
2,"hsa-miR-5197-5p","AAUGGCA",6,"targetscan","MIMAT0021130","hsa-miR-5197-5p","BCL2","596","ENSG00000171791","-0.335","predicted"
2,"hsa-miR-5197-5p","AAUGGCA",6,"targetscan","MIMAT0021130","hsa-miR-5197-5p","SOCS4","122809","ENSG00000180008","-0.336","predicted"
2,"hsa-miR-5197-5p","AAUGGCA",6,"targetscan","MIMAT0021130","hsa-miR-5197-5p","PBOV1","59351","ENSG00000254440","-0.336","predicted"
2,"hsa-miR-5197-5p","AAUGGCA",6,"targetscan","MIMAT0021130","hsa-miR-5197-5p","HS6ST2","90161","ENSG00000171004","-0.337","predicted"
2,"hsa-miR-5197-5p","AAUGGCA",6,"targetscan","MIMAT0021130","hsa-miR-5197-5p","CTAGE8","100142659","ENSG00000244693","-0.337","predicted"
2,"hsa-miR-5197-5p","AAUGGCA",6,"targetscan","MIMAT0021130","hsa-miR-5197-5p","CMPK1","51727","ENSG00000162368","-0.338","predicted"
2,"hsa-miR-5197-5p","AAUGGCA",6,"targetscan","MIMAT0021130","hsa-miR-5197-5p","DAOA","267012","ENSG00000182346","-0.339","predicted"
2,"hsa-miR-5197-5p","AAUGGCA",6,"targetscan","MIMAT0021130","hsa-miR-5197-5p","PAFAH1B2","5049","ENSG00000168092","-0.34","predicted"
2,"hsa-miR-5197-5p","AAUGGCA",6,"targetscan","MIMAT0021130","hsa-miR-5197-5p","MICOS13","125988","ENSG00000174917","-0.34","predicted"
2,"hsa-miR-5197-5p","AAUGGCA",6,"targetscan","MIMAT0021130","hsa-miR-5197-5p","ZNF24","7572","ENSG00000172466","-0.341","predicted"
2,"hsa-miR-5197-5p","AAUGGCA",6,"targetscan","MIMAT0021130","hsa-miR-5197-5p","CENPU","79682","ENSG00000151725","-0.341","predicted"
2,"hsa-miR-5197-5p","AAUGGCA",6,"targetscan","MIMAT0021130","hsa-miR-5197-5p","SLC25A52","147407","ENSG00000141437","-0.342","predicted"
2,"hsa-miR-5197-5p","AAUGGCA",6,"targetscan","MIMAT0021130","hsa-miR-5197-5p","ETFRF1","144363","ENSG00000205707","-0.342","predicted"
2,"hsa-miR-5197-5p","AAUGGCA",6,"targetscan","MIMAT0021130","hsa-miR-5197-5p","SELENOK","58515","ENSG00000113811","-0.342","predicted"
2,"hsa-miR-5197-5p","AAUGGCA",6,"targetscan","MIMAT0021130","hsa-miR-5197-5p","MBNL1","4154","ENSG00000152601","-0.343","predicted"
2,"hsa-miR-5197-5p","AAUGGCA",6,"targetscan","MIMAT0021130","hsa-miR-5197-5p","CTAGE9","643854","ENSG00000236761","-0.343","predicted"
2,"hsa-miR-5197-5p","AAUGGCA",6,"targetscan","MIMAT0021130","hsa-miR-5197-5p","SLC38A8","146167","ENSG00000166558","-0.344","predicted"
2,"hsa-miR-5197-5p","AAUGGCA",6,"targetscan","MIMAT0021130","hsa-miR-5197-5p","","","ENSG00000176515","-0.344","predicted"
2,"hsa-miR-5197-5p","AAUGGCA",6,"targetscan","MIMAT0021130","hsa-miR-5197-5p","VAMP7","6845","ENSG00000124333","-0.345","predicted"
2,"hsa-miR-5197-5p","AAUGGCA",6,"targetscan","MIMAT0021130","hsa-miR-5197-5p","PIR","8544","ENSG00000087842","-0.345","predicted"
2,"hsa-miR-5197-5p","AAUGGCA",6,"targetscan","MIMAT0021130","hsa-miR-5197-5p","TPD52L3","89882","ENSG00000170777","-0.345","predicted"
2,"hsa-miR-5197-5p","AAUGGCA",6,"targetscan","MIMAT0021130","hsa-miR-5197-5p","CERS5","91012","ENSG00000139624","-0.345","predicted"
2,"hsa-miR-5197-5p","AAUGGCA",6,"targetscan","MIMAT0021130","hsa-miR-5197-5p","NCOA6","23054","ENSG00000198646","-0.346","predicted"
2,"hsa-miR-5197-5p","AAUGGCA",6,"targetscan","MIMAT0021130","hsa-miR-5197-5p","C8orf34-AS1","","ENSG00000248801","-0.346","predicted"
2,"hsa-miR-5197-5p","AAUGGCA",6,"targetscan","MIMAT0021130","hsa-miR-5197-5p","CA1","759","ENSG00000133742","-0.348","predicted"
2,"hsa-miR-5197-5p","AAUGGCA",6,"targetscan","MIMAT0021130","hsa-miR-5197-5p","RHBDF1","64285","ENSG00000007384","-0.348","predicted"
2,"hsa-miR-5197-5p","AAUGGCA",6,"targetscan","MIMAT0021130","hsa-miR-5197-5p","KRTAP13-4","284827","ENSG00000186971","-0.348","predicted"
2,"hsa-miR-5197-5p","AAUGGCA",6,"targetscan","MIMAT0021130","hsa-miR-5197-5p","G6PD","2539","ENSG00000160211","-0.35","predicted"
2,"hsa-miR-5197-5p","AAUGGCA",6,"targetscan","MIMAT0021130","hsa-miR-5197-5p","TERF1","7013","ENSG00000147601","-0.35","predicted"
2,"hsa-miR-5197-5p","AAUGGCA",6,"targetscan","MIMAT0021130","hsa-miR-5197-5p","PARP2","10038","ENSG00000129484","-0.351","predicted"
2,"hsa-miR-5197-5p","AAUGGCA",6,"targetscan","MIMAT0021130","hsa-miR-5197-5p","MBOAT2","129642","ENSG00000143797","-0.351","predicted"
2,"hsa-miR-5197-5p","AAUGGCA",6,"targetscan","MIMAT0021130","hsa-miR-5197-5p","CPA2","1358","ENSG00000158516","-0.351","predicted"
2,"hsa-miR-5197-5p","AAUGGCA",6,"targetscan","MIMAT0021130","hsa-miR-5197-5p","CILK1","22858","ENSG00000112144","-0.351","predicted"
2,"hsa-miR-5197-5p","AAUGGCA",6,"targetscan","MIMAT0021130","hsa-miR-5197-5p","PABIR2","159090","ENSG00000156504","-0.352","predicted"
2,"hsa-miR-5197-5p","AAUGGCA",6,"targetscan","MIMAT0021130","hsa-miR-5197-5p","RPUSD4","84881","ENSG00000165526","-0.354","predicted"
2,"hsa-miR-5197-5p","AAUGGCA",6,"targetscan","MIMAT0021130","hsa-miR-5197-5p","IL7R","3575","ENSG00000168685","-0.355","predicted"
2,"hsa-miR-5197-5p","AAUGGCA",6,"targetscan","MIMAT0021130","hsa-miR-5197-5p","STC1","6781","ENSG00000159167","-0.355","predicted"
2,"hsa-miR-5197-5p","AAUGGCA",6,"targetscan","MIMAT0021130","hsa-miR-5197-5p","NAA11","84779","ENSG00000156269","-0.355","predicted"
2,"hsa-miR-5197-5p","AAUGGCA",6,"targetscan","MIMAT0021130","hsa-miR-5197-5p","NUBP2","10101","ENSG00000095906","-0.356","predicted"
2,"hsa-miR-5197-5p","AAUGGCA",6,"targetscan","MIMAT0021130","hsa-miR-5197-5p","MAPKAPK2","9261","ENSG00000162889","-0.357","predicted"
2,"hsa-miR-5197-5p","AAUGGCA",6,"targetscan","MIMAT0021130","hsa-miR-5197-5p","KLHL38","340359","ENSG00000175946","-0.357","predicted"
2,"hsa-miR-5197-5p","AAUGGCA",6,"targetscan","MIMAT0021130","hsa-miR-5197-5p","PRKD1","5587","ENSG00000184304","-0.358","predicted"
2,"hsa-miR-5197-5p","AAUGGCA",6,"targetscan","MIMAT0021130","hsa-miR-5197-5p","PRKAA1","5562","ENSG00000132356","-0.359","predicted"
2,"hsa-miR-5197-5p","AAUGGCA",6,"targetscan","MIMAT0021130","hsa-miR-5197-5p","GID4","79018","ENSG00000141034","-0.359","predicted"
2,"hsa-miR-5197-5p","AAUGGCA",6,"targetscan","MIMAT0021130","hsa-miR-5197-5p","PRRG4","79056","ENSG00000135378","-0.36","predicted"
2,"hsa-miR-5197-5p","AAUGGCA",6,"targetscan","MIMAT0021130","hsa-miR-5197-5p","DCTN3","11258","ENSG00000137100","-0.362","predicted"
2,"hsa-miR-5197-5p","AAUGGCA",6,"targetscan","MIMAT0021130","hsa-miR-5197-5p","CNOT10","25904","ENSG00000182973","-0.362","predicted"
2,"hsa-miR-5197-5p","AAUGGCA",6,"targetscan","MIMAT0021130","hsa-miR-5197-5p","ABRACL","58527","ENSG00000146386","-0.362","predicted"
2,"hsa-miR-5197-5p","AAUGGCA",6,"targetscan","MIMAT0021130","hsa-miR-5197-5p","ICA1","3382","ENSG00000003147","-0.362","predicted"
2,"hsa-miR-5197-5p","AAUGGCA",6,"targetscan","MIMAT0021130","hsa-miR-5197-5p","FAM180B","399888","ENSG00000196666","-0.362","predicted"
2,"hsa-miR-5197-5p","AAUGGCA",6,"targetscan","MIMAT0021130","hsa-miR-5197-5p","CLDND1","56650","ENSG00000080822","-0.363","predicted"
2,"hsa-miR-5197-5p","AAUGGCA",6,"targetscan","MIMAT0021130","hsa-miR-5197-5p","SLC35G2","80723","ENSG00000168917","-0.363","predicted"
2,"hsa-miR-5197-5p","AAUGGCA",6,"targetscan","MIMAT0021130","hsa-miR-5197-5p","VIPR1","7433","ENSG00000114812","-0.363","predicted"
2,"hsa-miR-5197-5p","AAUGGCA",6,"targetscan","MIMAT0021130","hsa-miR-5197-5p","CILP","8483","ENSG00000138615","-0.363","predicted"
2,"hsa-miR-5197-5p","AAUGGCA",6,"targetscan","MIMAT0021130","hsa-miR-5197-5p","ANXA8L1","","ENSG00000150165","-0.363","predicted"
2,"hsa-miR-5197-5p","AAUGGCA",6,"targetscan","MIMAT0021130","hsa-miR-5197-5p","ANXA8","","ENSG00000165390","-0.363","predicted"
2,"hsa-miR-5197-5p","AAUGGCA",6,"targetscan","MIMAT0021130","hsa-miR-5197-5p","ANXA8L2","","ENSG00000186807","-0.363","predicted"
2,"hsa-miR-5197-5p","AAUGGCA",6,"targetscan","MIMAT0021130","hsa-miR-5197-5p","MTURN","222166","ENSG00000180354","-0.364","predicted"
2,"hsa-miR-5197-5p","AAUGGCA",6,"targetscan","MIMAT0021130","hsa-miR-5197-5p","ASB4","51666","ENSG00000005981","-0.365","predicted"
2,"hsa-miR-5197-5p","AAUGGCA",6,"targetscan","MIMAT0021130","hsa-miR-5197-5p","TMEM161B","153396","ENSG00000164180","-0.365","predicted"
2,"hsa-miR-5197-5p","AAUGGCA",6,"targetscan","MIMAT0021130","hsa-miR-5197-5p","ASIC5","51802","ENSG00000256394","-0.365","predicted"
2,"hsa-miR-5197-5p","AAUGGCA",6,"targetscan","MIMAT0021130","hsa-miR-5197-5p","SIX1","6495","ENSG00000126778","-0.367","predicted"
2,"hsa-miR-5197-5p","AAUGGCA",6,"targetscan","MIMAT0021130","hsa-miR-5197-5p","ZNF561-AS1","","ENSG00000267106","-0.367","predicted"
2,"hsa-miR-5197-5p","AAUGGCA",6,"targetscan","MIMAT0021130","hsa-miR-5197-5p","ADCYAP1","116","ENSG00000141433","-0.369","predicted"
2,"hsa-miR-5197-5p","AAUGGCA",6,"targetscan","MIMAT0021130","hsa-miR-5197-5p","COMMD3-BMI1","100532731","ENSG00000269897","-0.369","predicted"
2,"hsa-miR-5197-5p","AAUGGCA",6,"targetscan","MIMAT0021130","hsa-miR-5197-5p","ABCG2","9429","ENSG00000118777","-0.37","predicted"
2,"hsa-miR-5197-5p","AAUGGCA",6,"targetscan","MIMAT0021130","hsa-miR-5197-5p","BLOC1S6","26258","ENSG00000104164","-0.37","predicted"
2,"hsa-miR-5197-5p","AAUGGCA",6,"targetscan","MIMAT0021130","hsa-miR-5197-5p","GPAT4","137964","ENSG00000158669","-0.37","predicted"
2,"hsa-miR-5197-5p","AAUGGCA",6,"targetscan","MIMAT0021130","hsa-miR-5197-5p","RBM22","55696","ENSG00000086589","-0.371","predicted"
2,"hsa-miR-5197-5p","AAUGGCA",6,"targetscan","MIMAT0021130","hsa-miR-5197-5p","BOLA2B","552900","ENSG00000169627","-0.371","predicted"
2,"hsa-miR-5197-5p","AAUGGCA",6,"targetscan","MIMAT0021130","hsa-miR-5197-5p","BOLA2","552900","ENSG00000183336","-0.371","predicted"
2,"hsa-miR-5197-5p","AAUGGCA",6,"targetscan","MIMAT0021130","hsa-miR-5197-5p","BOLA2B","654483","ENSG00000169627","-0.371","predicted"
2,"hsa-miR-5197-5p","AAUGGCA",6,"targetscan","MIMAT0021130","hsa-miR-5197-5p","SMIM19","114926","ENSG00000176209","-0.371","predicted"
2,"hsa-miR-5197-5p","AAUGGCA",6,"targetscan","MIMAT0021130","hsa-miR-5197-5p","ZFP69B","65243","ENSG00000187801","-0.371","predicted"
2,"hsa-miR-5197-5p","AAUGGCA",6,"targetscan","MIMAT0021130","hsa-miR-5197-5p","BOLA2","124907841","ENSG00000183336","-0.371","predicted"
2,"hsa-miR-5197-5p","AAUGGCA",6,"targetscan","MIMAT0021130","hsa-miR-5197-5p","TSC22D1","8848","ENSG00000102804","-0.372","predicted"
2,"hsa-miR-5197-5p","AAUGGCA",6,"targetscan","MIMAT0021130","hsa-miR-5197-5p","BNIP3L","665","ENSG00000104765","-0.373","predicted"
2,"hsa-miR-5197-5p","AAUGGCA",6,"targetscan","MIMAT0021130","hsa-miR-5197-5p","KNG1","3827","ENSG00000113889","-0.376","predicted"
2,"hsa-miR-5197-5p","AAUGGCA",6,"targetscan","MIMAT0021130","hsa-miR-5197-5p","FYTTD1","84248","ENSG00000122068","-0.376","predicted"
2,"hsa-miR-5197-5p","AAUGGCA",6,"targetscan","MIMAT0021130","hsa-miR-5197-5p","SLC25A48","153328","ENSG00000145832","-0.376","predicted"
2,"hsa-miR-5197-5p","AAUGGCA",6,"targetscan","MIMAT0021130","hsa-miR-5197-5p","RRBP1","6238","ENSG00000125844","-0.378","predicted"
2,"hsa-miR-5197-5p","AAUGGCA",6,"targetscan","MIMAT0021130","hsa-miR-5197-5p","CCDC15","80071","ENSG00000149548","-0.378","predicted"
2,"hsa-miR-5197-5p","AAUGGCA",6,"targetscan","MIMAT0021130","hsa-miR-5197-5p","GBP2","2634","ENSG00000162645","-0.379","predicted"
2,"hsa-miR-5197-5p","AAUGGCA",6,"targetscan","MIMAT0021130","hsa-miR-5197-5p","RNF4","6047","ENSG00000063978","-0.379","predicted"
2,"hsa-miR-5197-5p","AAUGGCA",6,"targetscan","MIMAT0021130","hsa-miR-5197-5p","AP1AR","55435","ENSG00000138660","-0.379","predicted"
2,"hsa-miR-5197-5p","AAUGGCA",6,"targetscan","MIMAT0021130","hsa-miR-5197-5p","ZNF135","7694","ENSG00000176293","-0.38","predicted"
2,"hsa-miR-5197-5p","AAUGGCA",6,"targetscan","MIMAT0021130","hsa-miR-5197-5p","TMEM50B","757","ENSG00000142188","-0.381","predicted"
2,"hsa-miR-5197-5p","AAUGGCA",6,"targetscan","MIMAT0021130","hsa-miR-5197-5p","TMSB4X","7114","ENSG00000205542","-0.381","predicted"
2,"hsa-miR-5197-5p","AAUGGCA",6,"targetscan","MIMAT0021130","hsa-miR-5197-5p","OARD1","221443","ENSG00000124596","-0.381","predicted"
2,"hsa-miR-5197-5p","AAUGGCA",6,"targetscan","MIMAT0021130","hsa-miR-5197-5p","CHIC1","53344","ENSG00000204116","-0.381","predicted"
2,"hsa-miR-5197-5p","AAUGGCA",6,"targetscan","MIMAT0021130","hsa-miR-5197-5p","CX3CR1","1524","ENSG00000168329","-0.381","predicted"
2,"hsa-miR-5197-5p","AAUGGCA",6,"targetscan","MIMAT0021130","hsa-miR-5197-5p","ZFP36L2","678","ENSG00000152518","-0.384","predicted"
2,"hsa-miR-5197-5p","AAUGGCA",6,"targetscan","MIMAT0021130","hsa-miR-5197-5p","HOXA11","3207","ENSG00000005073","-0.384","predicted"
2,"hsa-miR-5197-5p","AAUGGCA",6,"targetscan","MIMAT0021130","hsa-miR-5197-5p","APOBEC1","339","ENSG00000111701","-0.384","predicted"
2,"hsa-miR-5197-5p","AAUGGCA",6,"targetscan","MIMAT0021130","hsa-miR-5197-5p","CAMTA2","23125","ENSG00000108509","-0.385","predicted"
2,"hsa-miR-5197-5p","AAUGGCA",6,"targetscan","MIMAT0021130","hsa-miR-5197-5p","GLRX","2745","ENSG00000173221","-0.388","predicted"
2,"hsa-miR-5197-5p","AAUGGCA",6,"targetscan","MIMAT0021130","hsa-miR-5197-5p","LRRC31","79782","ENSG00000114248","-0.388","predicted"
2,"hsa-miR-5197-5p","AAUGGCA",6,"targetscan","MIMAT0021130","hsa-miR-5197-5p","PHKB","5257","ENSG00000102893","-0.392","predicted"
2,"hsa-miR-5197-5p","AAUGGCA",6,"targetscan","MIMAT0021130","hsa-miR-5197-5p","C19orf12","83636","ENSG00000131943","-0.393","predicted"
2,"hsa-miR-5197-5p","AAUGGCA",6,"targetscan","MIMAT0021130","hsa-miR-5197-5p","ATP6V0E1","8992","ENSG00000113732","-0.394","predicted"
2,"hsa-miR-5197-5p","AAUGGCA",6,"targetscan","MIMAT0021130","hsa-miR-5197-5p","CRYBG3","131544","ENSG00000080200","-0.394","predicted"
2,"hsa-miR-5197-5p","AAUGGCA",6,"targetscan","MIMAT0021130","hsa-miR-5197-5p","PET100","100131801","ENSG00000229833","-0.395","predicted"
2,"hsa-miR-5197-5p","AAUGGCA",6,"targetscan","MIMAT0021130","hsa-miR-5197-5p","ZFAND4","93550","ENSG00000172671","-0.397","predicted"
2,"hsa-miR-5197-5p","AAUGGCA",6,"targetscan","MIMAT0021130","hsa-miR-5197-5p","BMI1","648","ENSG00000168283","-0.4","predicted"
2,"hsa-miR-5197-5p","AAUGGCA",6,"targetscan","MIMAT0021130","hsa-miR-5197-5p","CSTF1","1477","ENSG00000101138","-0.401","predicted"
2,"hsa-miR-5197-5p","AAUGGCA",6,"targetscan","MIMAT0021130","hsa-miR-5197-5p","DEPDC4","120863","ENSG00000166153","-0.401","predicted"
2,"hsa-miR-5197-5p","AAUGGCA",6,"targetscan","MIMAT0021130","hsa-miR-5197-5p","NEMF","9147","ENSG00000165525","-0.403","predicted"
2,"hsa-miR-5197-5p","AAUGGCA",6,"targetscan","MIMAT0021130","hsa-miR-5197-5p","HMGB4","127540","ENSG00000176256","-0.405","predicted"
2,"hsa-miR-5197-5p","AAUGGCA",6,"targetscan","MIMAT0021130","hsa-miR-5197-5p","NREP","9315","ENSG00000134986","-0.408","predicted"
2,"hsa-miR-5197-5p","AAUGGCA",6,"targetscan","MIMAT0021130","hsa-miR-5197-5p","PCYOX1","51449","ENSG00000116005","-0.408","predicted"
2,"hsa-miR-5197-5p","AAUGGCA",6,"targetscan","MIMAT0021130","hsa-miR-5197-5p","FGF20","26281","ENSG00000078579","-0.41","predicted"
2,"hsa-miR-5197-5p","AAUGGCA",6,"targetscan","MIMAT0021130","hsa-miR-5197-5p","GBP1","2633","ENSG00000117228","-0.41","predicted"
2,"hsa-miR-5197-5p","AAUGGCA",6,"targetscan","MIMAT0021130","hsa-miR-5197-5p","TTC8","123016","ENSG00000165533","-0.411","predicted"
2,"hsa-miR-5197-5p","AAUGGCA",6,"targetscan","MIMAT0021130","hsa-miR-5197-5p","MPDZ","8777","ENSG00000107186","-0.411","predicted"
2,"hsa-miR-5197-5p","AAUGGCA",6,"targetscan","MIMAT0021130","hsa-miR-5197-5p","C15orf48","84419","ENSG00000166920","-0.414","predicted"
2,"hsa-miR-5197-5p","AAUGGCA",6,"targetscan","MIMAT0021130","hsa-miR-5197-5p","TBCB","1155","ENSG00000105254","-0.415","predicted"
2,"hsa-miR-5197-5p","AAUGGCA",6,"targetscan","MIMAT0021130","hsa-miR-5197-5p","ZNF501","115560","ENSG00000186446","-0.416","predicted"
2,"hsa-miR-5197-5p","AAUGGCA",6,"targetscan","MIMAT0021130","hsa-miR-5197-5p","SLC35A3","23443","ENSG00000117620","-0.417","predicted"
2,"hsa-miR-5197-5p","AAUGGCA",6,"targetscan","MIMAT0021130","hsa-miR-5197-5p","CENPA","1058","ENSG00000115163","-0.418","predicted"
2,"hsa-miR-5197-5p","AAUGGCA",6,"targetscan","MIMAT0021130","hsa-miR-5197-5p","CPB2","1361","ENSG00000080618","-0.418","predicted"
2,"hsa-miR-5197-5p","AAUGGCA",6,"targetscan","MIMAT0021130","hsa-miR-5197-5p","GJB2","2706","ENSG00000165474","-0.418","predicted"
2,"hsa-miR-5197-5p","AAUGGCA",6,"targetscan","MIMAT0021130","hsa-miR-5197-5p","ILF3","3609","ENSG00000129351","-0.419","predicted"
2,"hsa-miR-5197-5p","AAUGGCA",6,"targetscan","MIMAT0021130","hsa-miR-5197-5p","MAN2B1","4125","ENSG00000104774","-0.419","predicted"
2,"hsa-miR-5197-5p","AAUGGCA",6,"targetscan","MIMAT0021130","hsa-miR-5197-5p","ATL2","64225","ENSG00000119787","-0.421","predicted"
2,"hsa-miR-5197-5p","AAUGGCA",6,"targetscan","MIMAT0021130","hsa-miR-5197-5p","SRP68","6730","ENSG00000167881","-0.422","predicted"
2,"hsa-miR-5197-5p","AAUGGCA",6,"targetscan","MIMAT0021130","hsa-miR-5197-5p","ODF2L","57489","ENSG00000122417","-0.422","predicted"
2,"hsa-miR-5197-5p","AAUGGCA",6,"targetscan","MIMAT0021130","hsa-miR-5197-5p","RECQL","5965","ENSG00000004700","-0.426","predicted"
2,"hsa-miR-5197-5p","AAUGGCA",6,"targetscan","MIMAT0021130","hsa-miR-5197-5p","UBE2D1","7321","ENSG00000072401","-0.426","predicted"
2,"hsa-miR-5197-5p","AAUGGCA",6,"targetscan","MIMAT0021130","hsa-miR-5197-5p","RBM3","5935","ENSG00000102317","-0.427","predicted"
2,"hsa-miR-5197-5p","AAUGGCA",6,"targetscan","MIMAT0021130","hsa-miR-5197-5p","HIKESHI","51501","ENSG00000149196","-0.427","predicted"
2,"hsa-miR-5197-5p","AAUGGCA",6,"targetscan","MIMAT0021130","hsa-miR-5197-5p","TRAM1","23471","ENSG00000067167","-0.429","predicted"
2,"hsa-miR-5197-5p","AAUGGCA",6,"targetscan","MIMAT0021130","hsa-miR-5197-5p","RDH16","8608","ENSG00000139547","-0.43","predicted"
2,"hsa-miR-5197-5p","AAUGGCA",6,"targetscan","MIMAT0021130","hsa-miR-5197-5p","ACAP1","9744","ENSG00000072818","-0.43","predicted"
2,"hsa-miR-5197-5p","AAUGGCA",6,"targetscan","MIMAT0021130","hsa-miR-5197-5p","IL1A","3552","ENSG00000115008","-0.431","predicted"
2,"hsa-miR-5197-5p","AAUGGCA",6,"targetscan","MIMAT0021130","hsa-miR-5197-5p","RABGGTB","5876","ENSG00000137955","-0.434","predicted"
2,"hsa-miR-5197-5p","AAUGGCA",6,"targetscan","MIMAT0021130","hsa-miR-5197-5p","USP10","9100","ENSG00000103194","-0.435","predicted"
2,"hsa-miR-5197-5p","AAUGGCA",6,"targetscan","MIMAT0021130","hsa-miR-5197-5p","SIL1","64374","ENSG00000120725","-0.437","predicted"
2,"hsa-miR-5197-5p","AAUGGCA",6,"targetscan","MIMAT0021130","hsa-miR-5197-5p","WNT8B","7479","ENSG00000075290","-0.439","predicted"
2,"hsa-miR-5197-5p","AAUGGCA",6,"targetscan","MIMAT0021130","hsa-miR-5197-5p","ZNF345","25850","ENSG00000251247","-0.44","predicted"
2,"hsa-miR-5197-5p","AAUGGCA",6,"targetscan","MIMAT0021130","hsa-miR-5197-5p","STK33","65975","ENSG00000130413","-0.441","predicted"
2,"hsa-miR-5197-5p","AAUGGCA",6,"targetscan","MIMAT0021130","hsa-miR-5197-5p","RPAP3","79657","ENSG00000005175","-0.443","predicted"
2,"hsa-miR-5197-5p","AAUGGCA",6,"targetscan","MIMAT0021130","hsa-miR-5197-5p","MATN3","4148","ENSG00000132031","-0.444","predicted"
2,"hsa-miR-5197-5p","AAUGGCA",6,"targetscan","MIMAT0021130","hsa-miR-5197-5p","TANK","10010","ENSG00000136560","-0.446","predicted"
2,"hsa-miR-5197-5p","AAUGGCA",6,"targetscan","MIMAT0021130","hsa-miR-5197-5p","CBX3","11335","ENSG00000122565","-0.447","predicted"
2,"hsa-miR-5197-5p","AAUGGCA",6,"targetscan","MIMAT0021130","hsa-miR-5197-5p","DDX41","51428","ENSG00000183258","-0.447","predicted"
2,"hsa-miR-5197-5p","AAUGGCA",6,"targetscan","MIMAT0021130","hsa-miR-5197-5p","SH3BGRL","6451","ENSG00000131171","-0.448","predicted"
2,"hsa-miR-5197-5p","AAUGGCA",6,"targetscan","MIMAT0021130","hsa-miR-5197-5p","MTO1","25821","ENSG00000135297","-0.448","predicted"
2,"hsa-miR-5197-5p","AAUGGCA",6,"targetscan","MIMAT0021130","hsa-miR-5197-5p","SDHD","6392","ENSG00000204370","-0.448","predicted"
2,"hsa-miR-5197-5p","AAUGGCA",6,"targetscan","MIMAT0021130","hsa-miR-5197-5p","STEAP2","261729","ENSG00000157214","-0.449","predicted"
2,"hsa-miR-5197-5p","AAUGGCA",6,"targetscan","MIMAT0021130","hsa-miR-5197-5p","MGAT4EP","","ENSG00000184774","-0.449","predicted"
2,"hsa-miR-5197-5p","AAUGGCA",6,"targetscan","MIMAT0021130","hsa-miR-5197-5p","PGM2","55276","ENSG00000169299","-0.45","predicted"
2,"hsa-miR-5197-5p","AAUGGCA",6,"targetscan","MIMAT0021130","hsa-miR-5197-5p","CRISPLD1","83690","ENSG00000121005","-0.451","predicted"
2,"hsa-miR-5197-5p","AAUGGCA",6,"targetscan","MIMAT0021130","hsa-miR-5197-5p","CRISP1","167","ENSG00000124812","-0.452","predicted"
2,"hsa-miR-5197-5p","AAUGGCA",6,"targetscan","MIMAT0021130","hsa-miR-5197-5p","KDELR2","11014","ENSG00000136240","-0.456","predicted"
2,"hsa-miR-5197-5p","AAUGGCA",6,"targetscan","MIMAT0021130","hsa-miR-5197-5p","CHMP2B","25978","ENSG00000083937","-0.458","predicted"
2,"hsa-miR-5197-5p","AAUGGCA",6,"targetscan","MIMAT0021130","hsa-miR-5197-5p","PSAT1","29968","ENSG00000135069","-0.459","predicted"
2,"hsa-miR-5197-5p","AAUGGCA",6,"targetscan","MIMAT0021130","hsa-miR-5197-5p","GLE1","2733","ENSG00000119392","-0.46","predicted"
2,"hsa-miR-5197-5p","AAUGGCA",6,"targetscan","MIMAT0021130","hsa-miR-5197-5p","GVQW1","","ENSG00000241043","-0.46","predicted"
2,"hsa-miR-5197-5p","AAUGGCA",6,"targetscan","MIMAT0021130","hsa-miR-5197-5p","ACTRT1","139741","ENSG00000123165","-0.465","predicted"
2,"hsa-miR-5197-5p","AAUGGCA",6,"targetscan","MIMAT0021130","hsa-miR-5197-5p","UBAC2","337867","ENSG00000134882","-0.47","predicted"
2,"hsa-miR-5197-5p","AAUGGCA",6,"targetscan","MIMAT0021130","hsa-miR-5197-5p","TPO","7173","ENSG00000115705","-0.481","predicted"
2,"hsa-miR-5197-5p","AAUGGCA",6,"targetscan","MIMAT0021130","hsa-miR-5197-5p","VAMP3","9341","ENSG00000049245","-0.484","predicted"
2,"hsa-miR-5197-5p","AAUGGCA",6,"targetscan","MIMAT0021130","hsa-miR-5197-5p","HOXA5","3202","ENSG00000106004","-0.484","predicted"
2,"hsa-miR-5197-5p","AAUGGCA",6,"targetscan","MIMAT0021130","hsa-miR-5197-5p","NUDT5","11164","ENSG00000165609","-0.484","predicted"
2,"hsa-miR-5197-5p","AAUGGCA",6,"targetscan","MIMAT0021130","hsa-miR-5197-5p","MED21","9412","ENSG00000152944","-0.489","predicted"
2,"hsa-miR-5197-5p","AAUGGCA",6,"targetscan","MIMAT0021130","hsa-miR-5197-5p","RPS4X","6191","ENSG00000198034","-0.492","predicted"
2,"hsa-miR-5197-5p","AAUGGCA",6,"targetscan","MIMAT0021130","hsa-miR-5197-5p","TRMT6","51605","ENSG00000089195","-0.498","predicted"
2,"hsa-miR-5197-5p","AAUGGCA",6,"targetscan","MIMAT0021130","hsa-miR-5197-5p","BOC","91653","ENSG00000144857","-0.499","predicted"
2,"hsa-miR-5197-5p","AAUGGCA",6,"targetscan","MIMAT0021130","hsa-miR-5197-5p","C4orf19","55286","ENSG00000154274","-0.503","predicted"
2,"hsa-miR-5197-5p","AAUGGCA",6,"targetscan","MIMAT0021130","hsa-miR-5197-5p","MRPL22","29093","ENSG00000082515","-0.504","predicted"
2,"hsa-miR-5197-5p","AAUGGCA",6,"targetscan","MIMAT0021130","hsa-miR-5197-5p","KLRF1","51348","ENSG00000150045","-0.507","predicted"
2,"hsa-miR-5197-5p","AAUGGCA",6,"targetscan","MIMAT0021130","hsa-miR-5197-5p","NHLRC1","378884","ENSG00000187566","-0.516","predicted"
2,"hsa-miR-5197-5p","AAUGGCA",6,"targetscan","MIMAT0021130","hsa-miR-5197-5p","MPV17L2","84769","ENSG00000254858","-0.522","predicted"
2,"hsa-miR-5197-5p","AAUGGCA",6,"targetscan","MIMAT0021130","hsa-miR-5197-5p","AL627171.2","","ENSG00000269832","-0.524","predicted"
2,"hsa-miR-5197-5p","AAUGGCA",6,"targetscan","MIMAT0021130","hsa-miR-5197-5p","XCL1","6375","ENSG00000143184","-0.525","predicted"
2,"hsa-miR-5197-5p","AAUGGCA",6,"targetscan","MIMAT0021130","hsa-miR-5197-5p","GBP3","2635","ENSG00000117226","-0.527","predicted"
2,"hsa-miR-5197-5p","AAUGGCA",6,"targetscan","MIMAT0021130","hsa-miR-5197-5p","RFESD","317671","ENSG00000175449","-0.534","predicted"
2,"hsa-miR-5197-5p","AAUGGCA",6,"targetscan","MIMAT0021130","hsa-miR-5197-5p","ANXA5","308","ENSG00000164111","-0.538","predicted"
2,"hsa-miR-5197-5p","AAUGGCA",6,"targetscan","MIMAT0021130","hsa-miR-5197-5p","NSA2","10412","ENSG00000164346","-0.538","predicted"
2,"hsa-miR-5197-5p","AAUGGCA",6,"targetscan","MIMAT0021130","hsa-miR-5197-5p","CHRAC1","54108","ENSG00000104472","-0.545","predicted"
2,"hsa-miR-5197-5p","AAUGGCA",6,"targetscan","MIMAT0021130","hsa-miR-5197-5p","CSAD","51380","ENSG00000139631","-0.548","predicted"
2,"hsa-miR-5197-5p","AAUGGCA",6,"targetscan","MIMAT0021130","hsa-miR-5197-5p","FCER1G","2207","ENSG00000158869","-0.549","predicted"
2,"hsa-miR-5197-5p","AAUGGCA",6,"targetscan","MIMAT0021130","hsa-miR-5197-5p","OSGIN2","734","ENSG00000164823","-0.554","predicted"
2,"hsa-miR-5197-5p","AAUGGCA",6,"targetscan","MIMAT0021130","hsa-miR-5197-5p","SNRNP27","11017","ENSG00000124380","-0.556","predicted"
2,"hsa-miR-5197-5p","AAUGGCA",6,"targetscan","MIMAT0021130","hsa-miR-5197-5p","AGO2","27161","ENSG00000123908","-0.561","predicted"
2,"hsa-miR-5197-5p","AAUGGCA",6,"targetscan","MIMAT0021130","hsa-miR-5197-5p","TEX26","122046","ENSG00000175664","-0.562","predicted"
2,"hsa-miR-5197-5p","AAUGGCA",6,"targetscan","MIMAT0021130","hsa-miR-5197-5p","CCDC190","339512","ENSG00000185860","-0.571","predicted"
2,"hsa-miR-5197-5p","AAUGGCA",6,"targetscan","MIMAT0021130","hsa-miR-5197-5p","AFMID","125061","ENSG00000183077","-0.572","predicted"
2,"hsa-miR-5197-5p","AAUGGCA",6,"targetscan","MIMAT0021130","hsa-miR-5197-5p","CFL2","1073","ENSG00000165410","-0.578","predicted"
2,"hsa-miR-5197-5p","AAUGGCA",6,"targetscan","MIMAT0021130","hsa-miR-5197-5p","MYC","4609","ENSG00000136997","-0.585","predicted"
2,"hsa-miR-5197-5p","AAUGGCA",6,"targetscan","MIMAT0021130","hsa-miR-5197-5p","FUCA2","2519","ENSG00000001036","-0.591","predicted"
2,"hsa-miR-5197-5p","AAUGGCA",6,"targetscan","MIMAT0021130","hsa-miR-5197-5p","SAP18","10284","ENSG00000150459","-0.608","predicted"
2,"hsa-miR-5197-5p","AAUGGCA",6,"targetscan","MIMAT0021130","hsa-miR-5197-5p","RNF208","727800","ENSG00000212864","-0.609","predicted"
2,"hsa-miR-5197-5p","AAUGGCA",6,"targetscan","MIMAT0021130","hsa-miR-5197-5p","TXNL1","9352","ENSG00000091164","-0.618","predicted"
2,"hsa-miR-5197-5p","AAUGGCA",6,"targetscan","MIMAT0021130","hsa-miR-5197-5p","COX7C","1350","ENSG00000127184","-0.62","predicted"
2,"hsa-miR-5197-5p","AAUGGCA",6,"targetscan","MIMAT0021130","hsa-miR-5197-5p","OR8J1","219477","ENSG00000172487","-0.63","predicted"
2,"hsa-miR-5197-5p","AAUGGCA",6,"targetscan","MIMAT0021130","hsa-miR-5197-5p","PTPRZ1","5803","ENSG00000106278","-0.662","predicted"
2,"hsa-miR-5197-5p","AAUGGCA",6,"targetscan","MIMAT0021130","hsa-miR-5197-5p","TIGD7","91151","ENSG00000140993","-0.674","predicted"
2,"hsa-miR-5197-5p","AAUGGCA",6,"targetscan","MIMAT0021130","hsa-miR-5197-5p","CENPX","201254","ENSG00000169689","-0.702","predicted"
2,"hsa-miR-5197-5p","AAUGGCA",6,"targetscan","MIMAT0021130","hsa-miR-5197-5p","UPP1","7378","ENSG00000183696","-0.704","predicted"
2,"hsa-miR-5197-5p","AAUGGCA",6,"targetscan","MIMAT0021130","hsa-miR-5197-5p","EMC7","56851","ENSG00000134153","-0.711","predicted"
2,"hsa-miR-5197-5p","AAUGGCA",6,"targetscan","MIMAT0021130","hsa-miR-5197-5p","PIGP","51227","ENSG00000185808","-0.856","predicted"
2,"hsa-miR-5197-5p","AAUGGCA",6,"targetscan","MIMAT0021130","hsa-miR-5197-5p","BTBD8","284697","ENSG00000189195","-0.893","predicted"
