"sequence_rank","queried_miRNA","circRNA_seed_2_8","circRNA_weighted_seed_score","database","mature_mirna_acc","mature_mirna_id","target_symbol","target_entrez","target_ensembl","score","type"
4,"hsa-miR-136-5p","CUCCAUU",5,"targetscan","MIMAT0000448","hsa-miR-136-5p","ACTC1","70","ENSG00000159251","-0.178","predicted"
4,"hsa-miR-136-5p","CUCCAUU",5,"targetscan","MIMAT0000448","hsa-miR-136-5p","ITGAV","3685","ENSG00000138448","-0.178","predicted"
4,"hsa-miR-136-5p","CUCCAUU",5,"targetscan","MIMAT0000448","hsa-miR-136-5p","KLRC2","3822","ENSG00000205809","-0.178","predicted"
4,"hsa-miR-136-5p","CUCCAUU",5,"targetscan","MIMAT0000448","hsa-miR-136-5p","TRMT11","60487","ENSG00000066651","-0.178","predicted"
4,"hsa-miR-136-5p","CUCCAUU",5,"targetscan","MIMAT0000448","hsa-miR-136-5p","SLC11A1","6556","ENSG00000018280","-0.178","predicted"
4,"hsa-miR-136-5p","CUCCAUU",5,"targetscan","MIMAT0000448","hsa-miR-136-5p","FCRL6","343413","ENSG00000181036","-0.178","predicted"
4,"hsa-miR-136-5p","CUCCAUU",5,"targetscan","MIMAT0000448","hsa-miR-136-5p","WIPI1","55062","ENSG00000070540","-0.178","predicted"
4,"hsa-miR-136-5p","CUCCAUU",5,"targetscan","MIMAT0000448","hsa-miR-136-5p","PRMT6","55170","ENSG00000198890","-0.178","predicted"
4,"hsa-miR-136-5p","CUCCAUU",5,"targetscan","MIMAT0000448","hsa-miR-136-5p","RNF122","79845","ENSG00000133874","-0.178","predicted"
4,"hsa-miR-136-5p","CUCCAUU",5,"targetscan","MIMAT0000448","hsa-miR-136-5p","PANK1","53354","ENSG00000152782","-0.178","predicted"
4,"hsa-miR-136-5p","CUCCAUU",5,"targetscan","MIMAT0000448","hsa-miR-136-5p","DENND10","404636","ENSG00000119979","-0.178","predicted"
4,"hsa-miR-136-5p","CUCCAUU",5,"targetscan","MIMAT0000448","hsa-miR-136-5p","BLMH","642","ENSG00000108578","-0.179","predicted"
4,"hsa-miR-136-5p","CUCCAUU",5,"targetscan","MIMAT0000448","hsa-miR-136-5p","ACADSB","36","ENSG00000196177","-0.179","predicted"
4,"hsa-miR-136-5p","CUCCAUU",5,"targetscan","MIMAT0000448","hsa-miR-136-5p","GINS1","9837","ENSG00000101003","-0.179","predicted"
4,"hsa-miR-136-5p","CUCCAUU",5,"targetscan","MIMAT0000448","hsa-miR-136-5p","TRAIP","10293","ENSG00000183763","-0.179","predicted"
4,"hsa-miR-136-5p","CUCCAUU",5,"targetscan","MIMAT0000448","hsa-miR-136-5p","OIP5","11339","ENSG00000104147","-0.179","predicted"
4,"hsa-miR-136-5p","CUCCAUU",5,"targetscan","MIMAT0000448","hsa-miR-136-5p","AZIN1","51582","ENSG00000155096","-0.179","predicted"
4,"hsa-miR-136-5p","CUCCAUU",5,"targetscan","MIMAT0000448","hsa-miR-136-5p","CCER1","196477","ENSG00000197651","-0.179","predicted"
4,"hsa-miR-136-5p","CUCCAUU",5,"targetscan","MIMAT0000448","hsa-miR-136-5p","NGRN","51335","ENSG00000182768","-0.179","predicted"
4,"hsa-miR-136-5p","CUCCAUU",5,"targetscan","MIMAT0000448","hsa-miR-136-5p","SFTA3","253970","ENSG00000229415","-0.179","predicted"
4,"hsa-miR-136-5p","CUCCAUU",5,"targetscan","MIMAT0000448","hsa-miR-136-5p","TRIM48","79097","ENSG00000150244","-0.179","predicted"
4,"hsa-miR-136-5p","CUCCAUU",5,"targetscan","MIMAT0000448","hsa-miR-136-5p","C1orf186","","ENSG00000196533","-0.179","predicted"
4,"hsa-miR-136-5p","CUCCAUU",5,"targetscan","MIMAT0000448","hsa-miR-136-5p","KLRC1","3821","ENSG00000134545","-0.18","predicted"
4,"hsa-miR-136-5p","CUCCAUU",5,"targetscan","MIMAT0000448","hsa-miR-136-5p","GTF3C4","9329","ENSG00000125484","-0.18","predicted"
4,"hsa-miR-136-5p","CUCCAUU",5,"targetscan","MIMAT0000448","hsa-miR-136-5p","FNIP1","96459","ENSG00000217128","-0.18","predicted"
4,"hsa-miR-136-5p","CUCCAUU",5,"targetscan","MIMAT0000448","hsa-miR-136-5p","KRT222","125113","ENSG00000213424","-0.18","predicted"
4,"hsa-miR-136-5p","CUCCAUU",5,"targetscan","MIMAT0000448","hsa-miR-136-5p","CINP","51550","ENSG00000100865","-0.18","predicted"
4,"hsa-miR-136-5p","CUCCAUU",5,"targetscan","MIMAT0000448","hsa-miR-136-5p","RPL10A","4736","ENSG00000198755","-0.18","predicted"
4,"hsa-miR-136-5p","CUCCAUU",5,"targetscan","MIMAT0000448","hsa-miR-136-5p","","","ENSG00000217825","-0.18","predicted"
4,"hsa-miR-136-5p","CUCCAUU",5,"targetscan","MIMAT0000448","hsa-miR-136-5p","ADRA2A","150","ENSG00000150594","-0.181","predicted"
4,"hsa-miR-136-5p","CUCCAUU",5,"targetscan","MIMAT0000448","hsa-miR-136-5p","GRSF1","2926","ENSG00000132463","-0.181","predicted"
4,"hsa-miR-136-5p","CUCCAUU",5,"targetscan","MIMAT0000448","hsa-miR-136-5p","AP4E1","23431","ENSG00000081014","-0.181","predicted"
4,"hsa-miR-136-5p","CUCCAUU",5,"targetscan","MIMAT0000448","hsa-miR-136-5p","AZIN1","51582","ENSG00000155096","-0.181","predicted"
4,"hsa-miR-136-5p","CUCCAUU",5,"targetscan","MIMAT0000448","hsa-miR-136-5p","PLEKHG7","440107","ENSG00000187510","-0.181","predicted"
4,"hsa-miR-136-5p","CUCCAUU",5,"targetscan","MIMAT0000448","hsa-miR-136-5p","AANAT","15","ENSG00000129673","-0.181","predicted"
4,"hsa-miR-136-5p","CUCCAUU",5,"targetscan","MIMAT0000448","hsa-miR-136-5p","TRIM49D1","399939","ENSG00000223417","-0.181","predicted"
4,"hsa-miR-136-5p","CUCCAUU",5,"targetscan","MIMAT0000448","hsa-miR-136-5p","NDUFA10","4705","ENSG00000130414","-0.181","predicted"
4,"hsa-miR-136-5p","CUCCAUU",5,"targetscan","MIMAT0000448","hsa-miR-136-5p","HCFC2","29915","ENSG00000111727","-0.181","predicted"
4,"hsa-miR-136-5p","CUCCAUU",5,"targetscan","MIMAT0000448","hsa-miR-136-5p","MCOLN3","55283","ENSG00000055732","-0.181","predicted"
4,"hsa-miR-136-5p","CUCCAUU",5,"targetscan","MIMAT0000448","hsa-miR-136-5p","H2AX","3014","ENSG00000188486","-0.181","predicted"
4,"hsa-miR-136-5p","CUCCAUU",5,"targetscan","MIMAT0000448","hsa-miR-136-5p","AC016559.1","","ENSG00000268012","-0.181","predicted"
4,"hsa-miR-136-5p","CUCCAUU",5,"targetscan","MIMAT0000448","hsa-miR-136-5p","MIR4280HG","117751736","ENSG00000233828","-0.181","predicted"
4,"hsa-miR-136-5p","CUCCAUU",5,"targetscan","MIMAT0000448","hsa-miR-136-5p","DDR2","4921","ENSG00000162733","-0.182","predicted"
4,"hsa-miR-136-5p","CUCCAUU",5,"targetscan","MIMAT0000448","hsa-miR-136-5p","LIN7A","8825","ENSG00000111052","-0.182","predicted"
4,"hsa-miR-136-5p","CUCCAUU",5,"targetscan","MIMAT0000448","hsa-miR-136-5p","OSBPL6","114880","ENSG00000079156","-0.182","predicted"
4,"hsa-miR-136-5p","CUCCAUU",5,"targetscan","MIMAT0000448","hsa-miR-136-5p","FAM76A","199870","ENSG00000009780","-0.182","predicted"
4,"hsa-miR-136-5p","CUCCAUU",5,"targetscan","MIMAT0000448","hsa-miR-136-5p","ZNF75A","7627","ENSG00000162086","-0.182","predicted"
4,"hsa-miR-136-5p","CUCCAUU",5,"targetscan","MIMAT0000448","hsa-miR-136-5p","NEGR1","257194","ENSG00000172260","-0.182","predicted"
4,"hsa-miR-136-5p","CUCCAUU",5,"targetscan","MIMAT0000448","hsa-miR-136-5p","FOXC1","2296","ENSG00000054598","-0.183","predicted"
4,"hsa-miR-136-5p","CUCCAUU",5,"targetscan","MIMAT0000448","hsa-miR-136-5p","BECN1","8678","ENSG00000126581","-0.183","predicted"
4,"hsa-miR-136-5p","CUCCAUU",5,"targetscan","MIMAT0000448","hsa-miR-136-5p","WARS2","10352","ENSG00000116874","-0.183","predicted"
4,"hsa-miR-136-5p","CUCCAUU",5,"targetscan","MIMAT0000448","hsa-miR-136-5p","NUP50","10762","ENSG00000093000","-0.183","predicted"
4,"hsa-miR-136-5p","CUCCAUU",5,"targetscan","MIMAT0000448","hsa-miR-136-5p","APH1A","51107","ENSG00000117362","-0.183","predicted"
4,"hsa-miR-136-5p","CUCCAUU",5,"targetscan","MIMAT0000448","hsa-miR-136-5p","ZCCHC24","219654","ENSG00000165424","-0.183","predicted"
4,"hsa-miR-136-5p","CUCCAUU",5,"targetscan","MIMAT0000448","hsa-miR-136-5p","GALNTL6","442117","ENSG00000174473","-0.183","predicted"
4,"hsa-miR-136-5p","CUCCAUU",5,"targetscan","MIMAT0000448","hsa-miR-136-5p","ZNF557","79230","ENSG00000130544","-0.183","predicted"
4,"hsa-miR-136-5p","CUCCAUU",5,"targetscan","MIMAT0000448","hsa-miR-136-5p","ZNF621","285268","ENSG00000172888","-0.183","predicted"
4,"hsa-miR-136-5p","CUCCAUU",5,"targetscan","MIMAT0000448","hsa-miR-136-5p","MUC22","100507679","ENSG00000261272","-0.183","predicted"
4,"hsa-miR-136-5p","CUCCAUU",5,"targetscan","MIMAT0000448","hsa-miR-136-5p","ALG6","29929","ENSG00000088035","-0.183","predicted"
4,"hsa-miR-136-5p","CUCCAUU",5,"targetscan","MIMAT0000448","hsa-miR-136-5p","ZNF527","84503","ENSG00000189164","-0.183","predicted"
4,"hsa-miR-136-5p","CUCCAUU",5,"targetscan","MIMAT0000448","hsa-miR-136-5p","POTEG","404785","ENSG00000187537","-0.183","predicted"
4,"hsa-miR-136-5p","CUCCAUU",5,"targetscan","MIMAT0000448","hsa-miR-136-5p","POTEM","641455","ENSG00000222036","-0.183","predicted"
4,"hsa-miR-136-5p","CUCCAUU",5,"targetscan","MIMAT0000448","hsa-miR-136-5p","SELENOS","55829","ENSG00000131871","-0.183","predicted"
4,"hsa-miR-136-5p","CUCCAUU",5,"targetscan","MIMAT0000448","hsa-miR-136-5p","PTPN13","5783","ENSG00000163629","-0.184","predicted"
4,"hsa-miR-136-5p","CUCCAUU",5,"targetscan","MIMAT0000448","hsa-miR-136-5p","TPD52","7163","ENSG00000076554","-0.184","predicted"
4,"hsa-miR-136-5p","CUCCAUU",5,"targetscan","MIMAT0000448","hsa-miR-136-5p","PDS5B","23047","ENSG00000083642","-0.184","predicted"
4,"hsa-miR-136-5p","CUCCAUU",5,"targetscan","MIMAT0000448","hsa-miR-136-5p","FAM120B","84498","ENSG00000112584","-0.184","predicted"
4,"hsa-miR-136-5p","CUCCAUU",5,"targetscan","MIMAT0000448","hsa-miR-136-5p","TRAPPC3L","100128327","ENSG00000173626","-0.184","predicted"
4,"hsa-miR-136-5p","CUCCAUU",5,"targetscan","MIMAT0000448","hsa-miR-136-5p","POMGNT1","55624","ENSG00000085998","-0.184","predicted"
4,"hsa-miR-136-5p","CUCCAUU",5,"targetscan","MIMAT0000448","hsa-miR-136-5p","EPG5","57724","ENSG00000152223","-0.184","predicted"
4,"hsa-miR-136-5p","CUCCAUU",5,"targetscan","MIMAT0000448","hsa-miR-136-5p","GALNT14","79623","ENSG00000158089","-0.184","predicted"
4,"hsa-miR-136-5p","CUCCAUU",5,"targetscan","MIMAT0000448","hsa-miR-136-5p","DNAJC14","85406","ENSG00000135392","-0.184","predicted"
4,"hsa-miR-136-5p","CUCCAUU",5,"targetscan","MIMAT0000448","hsa-miR-136-5p","ZNF620","253639","ENSG00000177842","-0.184","predicted"
4,"hsa-miR-136-5p","CUCCAUU",5,"targetscan","MIMAT0000448","hsa-miR-136-5p","CCDC186","55088","ENSG00000165813","-0.184","predicted"
4,"hsa-miR-136-5p","CUCCAUU",5,"targetscan","MIMAT0000448","hsa-miR-136-5p","CCN1","3491","ENSG00000142871","-0.184","predicted"
4,"hsa-miR-136-5p","CUCCAUU",5,"targetscan","MIMAT0000448","hsa-miR-136-5p","TPD52","124188259","ENSG00000076554","-0.184","predicted"
4,"hsa-miR-136-5p","CUCCAUU",5,"targetscan","MIMAT0000448","hsa-miR-136-5p","HYCC1","84668","ENSG00000122591","-0.184","predicted"
4,"hsa-miR-136-5p","CUCCAUU",5,"targetscan","MIMAT0000448","hsa-miR-136-5p","GARIN1B","84691","ENSG00000135248","-0.184","predicted"
4,"hsa-miR-136-5p","CUCCAUU",5,"targetscan","MIMAT0000448","hsa-miR-136-5p","CFAP68","64776","ENSG00000137720","-0.184","predicted"
4,"hsa-miR-136-5p","CUCCAUU",5,"targetscan","MIMAT0000448","hsa-miR-136-5p","ACADSB","36","ENSG00000196177","-0.185","predicted"
4,"hsa-miR-136-5p","CUCCAUU",5,"targetscan","MIMAT0000448","hsa-miR-136-5p","PPBP","5473","ENSG00000163736","-0.185","predicted"
4,"hsa-miR-136-5p","CUCCAUU",5,"targetscan","MIMAT0000448","hsa-miR-136-5p","STXBP3","6814","ENSG00000116266","-0.185","predicted"
4,"hsa-miR-136-5p","CUCCAUU",5,"targetscan","MIMAT0000448","hsa-miR-136-5p","CUL4A","8451","ENSG00000139842","-0.185","predicted"
4,"hsa-miR-136-5p","CUCCAUU",5,"targetscan","MIMAT0000448","hsa-miR-136-5p","TRPV3","162514","ENSG00000167723","-0.185","predicted"
4,"hsa-miR-136-5p","CUCCAUU",5,"targetscan","MIMAT0000448","hsa-miR-136-5p","MMP21","118856","ENSG00000154485","-0.185","predicted"
4,"hsa-miR-136-5p","CUCCAUU",5,"targetscan","MIMAT0000448","hsa-miR-136-5p","F3","2152","ENSG00000117525","-0.186","predicted"
4,"hsa-miR-136-5p","CUCCAUU",5,"targetscan","MIMAT0000448","hsa-miR-136-5p","HSPA2","3306","ENSG00000126803","-0.186","predicted"
4,"hsa-miR-136-5p","CUCCAUU",5,"targetscan","MIMAT0000448","hsa-miR-136-5p","ENDOU","8909","ENSG00000111405","-0.186","predicted"
4,"hsa-miR-136-5p","CUCCAUU",5,"targetscan","MIMAT0000448","hsa-miR-136-5p","DPY19L1","23333","ENSG00000173852","-0.186","predicted"
4,"hsa-miR-136-5p","CUCCAUU",5,"targetscan","MIMAT0000448","hsa-miR-136-5p","KLHL8","57563","ENSG00000145332","-0.186","predicted"
4,"hsa-miR-136-5p","CUCCAUU",5,"targetscan","MIMAT0000448","hsa-miR-136-5p","ENPP5","59084","ENSG00000112796","-0.186","predicted"
4,"hsa-miR-136-5p","CUCCAUU",5,"targetscan","MIMAT0000448","hsa-miR-136-5p","GRK4","2868","ENSG00000125388","-0.186","predicted"
4,"hsa-miR-136-5p","CUCCAUU",5,"targetscan","MIMAT0000448","hsa-miR-136-5p","SDHAF4","135154","ENSG00000154079","-0.186","predicted"
4,"hsa-miR-136-5p","CUCCAUU",5,"targetscan","MIMAT0000448","hsa-miR-136-5p","PELO","53918","ENSG00000152684","-0.187","predicted"
4,"hsa-miR-136-5p","CUCCAUU",5,"targetscan","MIMAT0000448","hsa-miR-136-5p","SIGLEC14","100049587","ENSG00000254415","-0.187","predicted"
4,"hsa-miR-136-5p","CUCCAUU",5,"targetscan","MIMAT0000448","hsa-miR-136-5p","SLC8A3","6547","ENSG00000100678","-0.187","predicted"
4,"hsa-miR-136-5p","CUCCAUU",5,"targetscan","MIMAT0000448","hsa-miR-136-5p","SMIM6","100130933","ENSG00000259120","-0.187","predicted"
4,"hsa-miR-136-5p","CUCCAUU",5,"targetscan","MIMAT0000448","hsa-miR-136-5p","SGK2","10110","ENSG00000101049","-0.187","predicted"
4,"hsa-miR-136-5p","CUCCAUU",5,"targetscan","MIMAT0000448","hsa-miR-136-5p","L3MBTL4","91133","ENSG00000154655","-0.187","predicted"
4,"hsa-miR-136-5p","CUCCAUU",5,"targetscan","MIMAT0000448","hsa-miR-136-5p","FAM240C","285095","ENSG00000216921","-0.187","predicted"
4,"hsa-miR-136-5p","CUCCAUU",5,"targetscan","MIMAT0000448","hsa-miR-136-5p","IGFBP4","3487","ENSG00000141753","-0.188","predicted"
4,"hsa-miR-136-5p","CUCCAUU",5,"targetscan","MIMAT0000448","hsa-miR-136-5p","PSME3","10197","ENSG00000131467","-0.188","predicted"
4,"hsa-miR-136-5p","CUCCAUU",5,"targetscan","MIMAT0000448","hsa-miR-136-5p","WDR43","23160","ENSG00000163811","-0.188","predicted"
4,"hsa-miR-136-5p","CUCCAUU",5,"targetscan","MIMAT0000448","hsa-miR-136-5p","CKAP2","26586","ENSG00000136108","-0.188","predicted"
4,"hsa-miR-136-5p","CUCCAUU",5,"targetscan","MIMAT0000448","hsa-miR-136-5p","BRD7","29117","ENSG00000166164","-0.188","predicted"
4,"hsa-miR-136-5p","CUCCAUU",5,"targetscan","MIMAT0000448","hsa-miR-136-5p","RNF170","81790","ENSG00000120925","-0.188","predicted"
4,"hsa-miR-136-5p","CUCCAUU",5,"targetscan","MIMAT0000448","hsa-miR-136-5p","CDRT4","284040","ENSG00000239704","-0.188","predicted"
4,"hsa-miR-136-5p","CUCCAUU",5,"targetscan","MIMAT0000448","hsa-miR-136-5p","EOGT","285203","ENSG00000163378","-0.188","predicted"
4,"hsa-miR-136-5p","CUCCAUU",5,"targetscan","MIMAT0000448","hsa-miR-136-5p","WDR20","91833","ENSG00000140153","-0.188","predicted"
4,"hsa-miR-136-5p","CUCCAUU",5,"targetscan","MIMAT0000448","hsa-miR-136-5p","INO80","54617","ENSG00000128908","-0.188","predicted"
4,"hsa-miR-136-5p","CUCCAUU",5,"targetscan","MIMAT0000448","hsa-miR-136-5p","ADGRA3","166647","ENSG00000152990","-0.188","predicted"
4,"hsa-miR-136-5p","CUCCAUU",5,"targetscan","MIMAT0000448","hsa-miR-136-5p","JAG2","3714","ENSG00000184916","-0.189","predicted"
4,"hsa-miR-136-5p","CUCCAUU",5,"targetscan","MIMAT0000448","hsa-miR-136-5p","PBX3","5090","ENSG00000167081","-0.189","predicted"
4,"hsa-miR-136-5p","CUCCAUU",5,"targetscan","MIMAT0000448","hsa-miR-136-5p","HSPA13","6782","ENSG00000155304","-0.189","predicted"
4,"hsa-miR-136-5p","CUCCAUU",5,"targetscan","MIMAT0000448","hsa-miR-136-5p","FAM120C","54954","ENSG00000184083","-0.189","predicted"
4,"hsa-miR-136-5p","CUCCAUU",5,"targetscan","MIMAT0000448","hsa-miR-136-5p","SYAP1","94056","ENSG00000169895","-0.189","predicted"
4,"hsa-miR-136-5p","CUCCAUU",5,"targetscan","MIMAT0000448","hsa-miR-136-5p","THEM4","117145","ENSG00000159445","-0.189","predicted"
4,"hsa-miR-136-5p","CUCCAUU",5,"targetscan","MIMAT0000448","hsa-miR-136-5p","SSBP1","6742","ENSG00000106028","-0.189","predicted"
4,"hsa-miR-136-5p","CUCCAUU",5,"targetscan","MIMAT0000448","hsa-miR-136-5p","ZNF581","51545","ENSG00000171425","-0.189","predicted"
4,"hsa-miR-136-5p","CUCCAUU",5,"targetscan","MIMAT0000448","hsa-miR-136-5p","CHRM2","1129","ENSG00000181072","-0.19","predicted"
4,"hsa-miR-136-5p","CUCCAUU",5,"targetscan","MIMAT0000448","hsa-miR-136-5p","LMAN1","3998","ENSG00000074695","-0.19","predicted"
4,"hsa-miR-136-5p","CUCCAUU",5,"targetscan","MIMAT0000448","hsa-miR-136-5p","DEK","7913","ENSG00000124795","-0.19","predicted"
4,"hsa-miR-136-5p","CUCCAUU",5,"targetscan","MIMAT0000448","hsa-miR-136-5p","GTPBP4","23560","ENSG00000107937","-0.19","predicted"
4,"hsa-miR-136-5p","CUCCAUU",5,"targetscan","MIMAT0000448","hsa-miR-136-5p","CPPED1","55313","ENSG00000103381","-0.19","predicted"
4,"hsa-miR-136-5p","CUCCAUU",5,"targetscan","MIMAT0000448","hsa-miR-136-5p","YIPF4","84272","ENSG00000119820","-0.19","predicted"
4,"hsa-miR-136-5p","CUCCAUU",5,"targetscan","MIMAT0000448","hsa-miR-136-5p","CHKA","1119","ENSG00000110721","-0.19","predicted"
4,"hsa-miR-136-5p","CUCCAUU",5,"targetscan","MIMAT0000448","hsa-miR-136-5p","MUC19","283463","ENSG00000205592","-0.19","predicted"
4,"hsa-miR-136-5p","CUCCAUU",5,"targetscan","MIMAT0000448","hsa-miR-136-5p","TGFB1","7040","ENSG00000105329","-0.191","predicted"
4,"hsa-miR-136-5p","CUCCAUU",5,"targetscan","MIMAT0000448","hsa-miR-136-5p","SYT1","6857","ENSG00000067715","-0.191","predicted"
4,"hsa-miR-136-5p","CUCCAUU",5,"targetscan","MIMAT0000448","hsa-miR-136-5p","TCF7","6932","ENSG00000081059","-0.191","predicted"
4,"hsa-miR-136-5p","CUCCAUU",5,"targetscan","MIMAT0000448","hsa-miR-136-5p","HS2ST1","9653","ENSG00000153936","-0.191","predicted"
4,"hsa-miR-136-5p","CUCCAUU",5,"targetscan","MIMAT0000448","hsa-miR-136-5p","GLS2","27165","ENSG00000135423","-0.191","predicted"
4,"hsa-miR-136-5p","CUCCAUU",5,"targetscan","MIMAT0000448","hsa-miR-136-5p","ZSCAN16","80345","ENSG00000196812","-0.191","predicted"
4,"hsa-miR-136-5p","CUCCAUU",5,"targetscan","MIMAT0000448","hsa-miR-136-5p","PPTC7","160760","ENSG00000196850","-0.191","predicted"
4,"hsa-miR-136-5p","CUCCAUU",5,"targetscan","MIMAT0000448","hsa-miR-136-5p","ESRRG","2104","ENSG00000196482","-0.191","predicted"
4,"hsa-miR-136-5p","CUCCAUU",5,"targetscan","MIMAT0000448","hsa-miR-136-5p","TMEM51","55092","ENSG00000171729","-0.191","predicted"
4,"hsa-miR-136-5p","CUCCAUU",5,"targetscan","MIMAT0000448","hsa-miR-136-5p","TNFSF18","8995","ENSG00000120337","-0.191","predicted"
4,"hsa-miR-136-5p","CUCCAUU",5,"targetscan","MIMAT0000448","hsa-miR-136-5p","PTGES3","10728","ENSG00000110958","-0.191","predicted"
4,"hsa-miR-136-5p","CUCCAUU",5,"targetscan","MIMAT0000448","hsa-miR-136-5p","HHEX","3087","ENSG00000152804","-0.192","predicted"
4,"hsa-miR-136-5p","CUCCAUU",5,"targetscan","MIMAT0000448","hsa-miR-136-5p","AJUBA","84962","ENSG00000129474","-0.192","predicted"
4,"hsa-miR-136-5p","CUCCAUU",5,"targetscan","MIMAT0000448","hsa-miR-136-5p","SDHA","6389","ENSG00000073578","-0.192","predicted"
4,"hsa-miR-136-5p","CUCCAUU",5,"targetscan","MIMAT0000448","hsa-miR-136-5p","SPINK4","27290","ENSG00000122711","-0.192","predicted"
4,"hsa-miR-136-5p","CUCCAUU",5,"targetscan","MIMAT0000448","hsa-miR-136-5p","SYDE1","85360","ENSG00000105137","-0.192","predicted"
4,"hsa-miR-136-5p","CUCCAUU",5,"targetscan","MIMAT0000448","hsa-miR-136-5p","SLFN12L","100506736","ENSG00000205045","-0.192","predicted"
4,"hsa-miR-136-5p","CUCCAUU",5,"targetscan","MIMAT0000448","hsa-miR-136-5p","URGCP-MRPS24","100534592","ENSG00000270617","-0.192","predicted"
4,"hsa-miR-136-5p","CUCCAUU",5,"targetscan","MIMAT0000448","hsa-miR-136-5p","PRPSAP1","5635","ENSG00000161542","-0.193","predicted"
4,"hsa-miR-136-5p","CUCCAUU",5,"targetscan","MIMAT0000448","hsa-miR-136-5p","CD96","10225","ENSG00000153283","-0.193","predicted"
4,"hsa-miR-136-5p","CUCCAUU",5,"targetscan","MIMAT0000448","hsa-miR-136-5p","TBCCD1","55171","ENSG00000113838","-0.193","predicted"
4,"hsa-miR-136-5p","CUCCAUU",5,"targetscan","MIMAT0000448","hsa-miR-136-5p","FGFBP3","143282","ENSG00000174721","-0.193","predicted"
4,"hsa-miR-136-5p","CUCCAUU",5,"targetscan","MIMAT0000448","hsa-miR-136-5p","MTMR8","55613","ENSG00000102043","-0.193","predicted"
4,"hsa-miR-136-5p","CUCCAUU",5,"targetscan","MIMAT0000448","hsa-miR-136-5p","AGFG2","3268","ENSG00000106351","-0.194","predicted"
4,"hsa-miR-136-5p","CUCCAUU",5,"targetscan","MIMAT0000448","hsa-miR-136-5p","PGM3","5238","ENSG00000013375","-0.194","predicted"
4,"hsa-miR-136-5p","CUCCAUU",5,"targetscan","MIMAT0000448","hsa-miR-136-5p","CACYBP","27101","ENSG00000116161","-0.194","predicted"
4,"hsa-miR-136-5p","CUCCAUU",5,"targetscan","MIMAT0000448","hsa-miR-136-5p","WDR41","55255","ENSG00000164253","-0.194","predicted"
4,"hsa-miR-136-5p","CUCCAUU",5,"targetscan","MIMAT0000448","hsa-miR-136-5p","RABL2B","11158","ENSG00000079974","-0.195","predicted"
4,"hsa-miR-136-5p","CUCCAUU",5,"targetscan","MIMAT0000448","hsa-miR-136-5p","ABCG2","9429","ENSG00000118777","-0.195","predicted"
4,"hsa-miR-136-5p","CUCCAUU",5,"targetscan","MIMAT0000448","hsa-miR-136-5p","VAMP7","6845","ENSG00000124333","-0.195","predicted"
4,"hsa-miR-136-5p","CUCCAUU",5,"targetscan","MIMAT0000448","hsa-miR-136-5p","UGT3A1","133688","ENSG00000145626","-0.195","predicted"
4,"hsa-miR-136-5p","CUCCAUU",5,"targetscan","MIMAT0000448","hsa-miR-136-5p","PRDM7","11105","ENSG00000126856","-0.195","predicted"
4,"hsa-miR-136-5p","CUCCAUU",5,"targetscan","MIMAT0000448","hsa-miR-136-5p","ZNF669","79862","ENSG00000188295","-0.195","predicted"
4,"hsa-miR-136-5p","CUCCAUU",5,"targetscan","MIMAT0000448","hsa-miR-136-5p","GPR156","165829","ENSG00000175697","-0.195","predicted"
4,"hsa-miR-136-5p","CUCCAUU",5,"targetscan","MIMAT0000448","hsa-miR-136-5p","SLC6A5","9152","ENSG00000165970","-0.195","predicted"
4,"hsa-miR-136-5p","CUCCAUU",5,"targetscan","MIMAT0000448","hsa-miR-136-5p","PPP4R4","57718","ENSG00000119698","-0.195","predicted"
4,"hsa-miR-136-5p","CUCCAUU",5,"targetscan","MIMAT0000448","hsa-miR-136-5p","PAQR9","344838","ENSG00000188582","-0.195","predicted"
4,"hsa-miR-136-5p","CUCCAUU",5,"targetscan","MIMAT0000448","hsa-miR-136-5p","RABL2B","11159","ENSG00000079974","-0.195","predicted"
4,"hsa-miR-136-5p","CUCCAUU",5,"targetscan","MIMAT0000448","hsa-miR-136-5p","HIKESHI","51501","ENSG00000149196","-0.195","predicted"
4,"hsa-miR-136-5p","CUCCAUU",5,"targetscan","MIMAT0000448","hsa-miR-136-5p","MFSD4B","91749","ENSG00000173214","-0.195","predicted"
4,"hsa-miR-136-5p","CUCCAUU",5,"targetscan","MIMAT0000448","hsa-miR-136-5p","RABL2A","11159","ENSG00000144134","-0.196","predicted"
4,"hsa-miR-136-5p","CUCCAUU",5,"targetscan","MIMAT0000448","hsa-miR-136-5p","UGT2B15","7366","ENSG00000196620","-0.196","predicted"
4,"hsa-miR-136-5p","CUCCAUU",5,"targetscan","MIMAT0000448","hsa-miR-136-5p","SMARCC1","6599","ENSG00000173473","-0.196","predicted"
4,"hsa-miR-136-5p","CUCCAUU",5,"targetscan","MIMAT0000448","hsa-miR-136-5p","TLL1","7092","ENSG00000038295","-0.196","predicted"
4,"hsa-miR-136-5p","CUCCAUU",5,"targetscan","MIMAT0000448","hsa-miR-136-5p","ANP32B","10541","ENSG00000136938","-0.196","predicted"
4,"hsa-miR-136-5p","CUCCAUU",5,"targetscan","MIMAT0000448","hsa-miR-136-5p","OSBPL3","26031","ENSG00000070882","-0.196","predicted"
4,"hsa-miR-136-5p","CUCCAUU",5,"targetscan","MIMAT0000448","hsa-miR-136-5p","CHIC2","26511","ENSG00000109220","-0.196","predicted"
4,"hsa-miR-136-5p","CUCCAUU",5,"targetscan","MIMAT0000448","hsa-miR-136-5p","PILRA","29992","ENSG00000085514","-0.196","predicted"
4,"hsa-miR-136-5p","CUCCAUU",5,"targetscan","MIMAT0000448","hsa-miR-136-5p","TMEM144","55314","ENSG00000164124","-0.196","predicted"
4,"hsa-miR-136-5p","CUCCAUU",5,"targetscan","MIMAT0000448","hsa-miR-136-5p","TMEM252","169693","ENSG00000181778","-0.196","predicted"
4,"hsa-miR-136-5p","CUCCAUU",5,"targetscan","MIMAT0000448","hsa-miR-136-5p","ELOVL2","54898","ENSG00000197977","-0.197","predicted"
4,"hsa-miR-136-5p","CUCCAUU",5,"targetscan","MIMAT0000448","hsa-miR-136-5p","TMEM41A","90407","ENSG00000163900","-0.197","predicted"
4,"hsa-miR-136-5p","CUCCAUU",5,"targetscan","MIMAT0000448","hsa-miR-136-5p","ETFA","2108","ENSG00000140374","-0.197","predicted"
4,"hsa-miR-136-5p","CUCCAUU",5,"targetscan","MIMAT0000448","hsa-miR-136-5p","EID3","493861","ENSG00000255150","-0.197","predicted"
4,"hsa-miR-136-5p","CUCCAUU",5,"targetscan","MIMAT0000448","hsa-miR-136-5p","TMEM232","642987","ENSG00000186952","-0.197","predicted"
4,"hsa-miR-136-5p","CUCCAUU",5,"targetscan","MIMAT0000448","hsa-miR-136-5p","ASCC1","51008","ENSG00000138303","-0.197","predicted"
4,"hsa-miR-136-5p","CUCCAUU",5,"targetscan","MIMAT0000448","hsa-miR-136-5p","UBE2E3","10477","ENSG00000170035","-0.197","predicted"
4,"hsa-miR-136-5p","CUCCAUU",5,"targetscan","MIMAT0000448","hsa-miR-136-5p","PKIG","11142","ENSG00000168734","-0.197","predicted"
4,"hsa-miR-136-5p","CUCCAUU",5,"targetscan","MIMAT0000448","hsa-miR-136-5p","KLHL9","55958","ENSG00000198642","-0.197","predicted"
4,"hsa-miR-136-5p","CUCCAUU",5,"targetscan","MIMAT0000448","hsa-miR-136-5p","ABRA","137735","ENSG00000174429","-0.197","predicted"
4,"hsa-miR-136-5p","CUCCAUU",5,"targetscan","MIMAT0000448","hsa-miR-136-5p","KLF17","128209","ENSG00000171872","-0.197","predicted"
4,"hsa-miR-136-5p","CUCCAUU",5,"targetscan","MIMAT0000448","hsa-miR-136-5p","PAX6","5080","ENSG00000007372","-0.198","predicted"
4,"hsa-miR-136-5p","CUCCAUU",5,"targetscan","MIMAT0000448","hsa-miR-136-5p","RPL27A","6157","ENSG00000166441","-0.198","predicted"
4,"hsa-miR-136-5p","CUCCAUU",5,"targetscan","MIMAT0000448","hsa-miR-136-5p","TSPAN3","10099","ENSG00000140391","-0.198","predicted"
4,"hsa-miR-136-5p","CUCCAUU",5,"targetscan","MIMAT0000448","hsa-miR-136-5p","CMC2","56942","ENSG00000103121","-0.198","predicted"
4,"hsa-miR-136-5p","CUCCAUU",5,"targetscan","MIMAT0000448","hsa-miR-136-5p","GABRA4","2557","ENSG00000109158","-0.198","predicted"
4,"hsa-miR-136-5p","CUCCAUU",5,"targetscan","MIMAT0000448","hsa-miR-136-5p","TOMM6","100188893","ENSG00000214736","-0.198","predicted"
4,"hsa-miR-136-5p","CUCCAUU",5,"targetscan","MIMAT0000448","hsa-miR-136-5p","SCEL","8796","ENSG00000136155","-0.198","predicted"
4,"hsa-miR-136-5p","CUCCAUU",5,"targetscan","MIMAT0000448","hsa-miR-136-5p","MKS1","54903","ENSG00000011143","-0.198","predicted"
4,"hsa-miR-136-5p","CUCCAUU",5,"targetscan","MIMAT0000448","hsa-miR-136-5p","SSTR3","","ENSG00000183473","-0.198","predicted"
4,"hsa-miR-136-5p","CUCCAUU",5,"targetscan","MIMAT0000448","hsa-miR-136-5p","IFT70A","92104","ENSG00000197557","-0.198","predicted"
4,"hsa-miR-136-5p","CUCCAUU",5,"targetscan","MIMAT0000448","hsa-miR-136-5p","CHRM2","1129","ENSG00000181072","-0.199","predicted"
4,"hsa-miR-136-5p","CUCCAUU",5,"targetscan","MIMAT0000448","hsa-miR-136-5p","GLRX2","51022","ENSG00000023572","-0.199","predicted"
4,"hsa-miR-136-5p","CUCCAUU",5,"targetscan","MIMAT0000448","hsa-miR-136-5p","RARS2","57038","ENSG00000146282","-0.199","predicted"
4,"hsa-miR-136-5p","CUCCAUU",5,"targetscan","MIMAT0000448","hsa-miR-136-5p","LRRC19","64922","ENSG00000184434","-0.199","predicted"
4,"hsa-miR-136-5p","CUCCAUU",5,"targetscan","MIMAT0000448","hsa-miR-136-5p","DYNC2H1","79659","ENSG00000187240","-0.199","predicted"
4,"hsa-miR-136-5p","CUCCAUU",5,"targetscan","MIMAT0000448","hsa-miR-136-5p","FAM76A","199870","ENSG00000009780","-0.199","predicted"
4,"hsa-miR-136-5p","CUCCAUU",5,"targetscan","MIMAT0000448","hsa-miR-136-5p","C1QTNF7","114905","ENSG00000163145","-0.199","predicted"
4,"hsa-miR-136-5p","CUCCAUU",5,"targetscan","MIMAT0000448","hsa-miR-136-5p","PATZ1","23598","ENSG00000100105","-0.199","predicted"
4,"hsa-miR-136-5p","CUCCAUU",5,"targetscan","MIMAT0000448","hsa-miR-136-5p","CDKN2B","1030","ENSG00000147883","-0.2","predicted"
4,"hsa-miR-136-5p","CUCCAUU",5,"targetscan","MIMAT0000448","hsa-miR-136-5p","CYP2C8","1558","ENSG00000138115","-0.2","predicted"
4,"hsa-miR-136-5p","CUCCAUU",5,"targetscan","MIMAT0000448","hsa-miR-136-5p","FDX1","2230","ENSG00000137714","-0.2","predicted"
4,"hsa-miR-136-5p","CUCCAUU",5,"targetscan","MIMAT0000448","hsa-miR-136-5p","PANX1","24145","ENSG00000110218","-0.2","predicted"
4,"hsa-miR-136-5p","CUCCAUU",5,"targetscan","MIMAT0000448","hsa-miR-136-5p","GPAT3","84803","ENSG00000138678","-0.2","predicted"
4,"hsa-miR-136-5p","CUCCAUU",5,"targetscan","MIMAT0000448","hsa-miR-136-5p","HIST1H2BO","","ENSG00000196331","-0.2","predicted"
4,"hsa-miR-136-5p","CUCCAUU",5,"targetscan","MIMAT0000448","hsa-miR-136-5p","CYRIA","81553","ENSG00000197872","-0.2","predicted"
4,"hsa-miR-136-5p","CUCCAUU",5,"targetscan","MIMAT0000448","hsa-miR-136-5p","TERB1","283847","ENSG00000249961","-0.2","predicted"
4,"hsa-miR-136-5p","CUCCAUU",5,"targetscan","MIMAT0000448","hsa-miR-136-5p","ACADM","34","ENSG00000117054","-0.201","predicted"
4,"hsa-miR-136-5p","CUCCAUU",5,"targetscan","MIMAT0000448","hsa-miR-136-5p","WNT5A","7474","ENSG00000114251","-0.201","predicted"
4,"hsa-miR-136-5p","CUCCAUU",5,"targetscan","MIMAT0000448","hsa-miR-136-5p","PLA2G7","7941","ENSG00000146070","-0.201","predicted"
4,"hsa-miR-136-5p","CUCCAUU",5,"targetscan","MIMAT0000448","hsa-miR-136-5p","RNF11","26994","ENSG00000123091","-0.201","predicted"
4,"hsa-miR-136-5p","CUCCAUU",5,"targetscan","MIMAT0000448","hsa-miR-136-5p","ARFGEF2","10564","ENSG00000124198","-0.201","predicted"
4,"hsa-miR-136-5p","CUCCAUU",5,"targetscan","MIMAT0000448","hsa-miR-136-5p","MRPS30","10884","ENSG00000112996","-0.201","predicted"
4,"hsa-miR-136-5p","CUCCAUU",5,"targetscan","MIMAT0000448","hsa-miR-136-5p","C22orf46P","","ENSG00000184208","-0.201","predicted"
4,"hsa-miR-136-5p","CUCCAUU",5,"targetscan","MIMAT0000448","hsa-miR-136-5p","LINC02869","440714","ENSG00000228208","-0.201","predicted"
4,"hsa-miR-136-5p","CUCCAUU",5,"targetscan","MIMAT0000448","hsa-miR-136-5p","SH2D4A","63898","ENSG00000104611","-0.202","predicted"
4,"hsa-miR-136-5p","CUCCAUU",5,"targetscan","MIMAT0000448","hsa-miR-136-5p","KLF5","688","ENSG00000102554","-0.202","predicted"
4,"hsa-miR-136-5p","CUCCAUU",5,"targetscan","MIMAT0000448","hsa-miR-136-5p","SAA1","6288","ENSG00000173432","-0.202","predicted"
4,"hsa-miR-136-5p","CUCCAUU",5,"targetscan","MIMAT0000448","hsa-miR-136-5p","TUBGCP3","10426","ENSG00000126216","-0.202","predicted"
4,"hsa-miR-136-5p","CUCCAUU",5,"targetscan","MIMAT0000448","hsa-miR-136-5p","ZNF776","284309","ENSG00000152443","-0.202","predicted"
4,"hsa-miR-136-5p","CUCCAUU",5,"targetscan","MIMAT0000448","hsa-miR-136-5p","SORBS1","10580","ENSG00000095637","-0.202","predicted"
4,"hsa-miR-136-5p","CUCCAUU",5,"targetscan","MIMAT0000448","hsa-miR-136-5p","MS4A12","54860","ENSG00000071203","-0.202","predicted"
4,"hsa-miR-136-5p","CUCCAUU",5,"targetscan","MIMAT0000448","hsa-miR-136-5p","METTL14","57721","ENSG00000145388","-0.202","predicted"
4,"hsa-miR-136-5p","CUCCAUU",5,"targetscan","MIMAT0000448","hsa-miR-136-5p","","","ENSG00000205740","-0.202","predicted"
4,"hsa-miR-136-5p","CUCCAUU",5,"targetscan","MIMAT0000448","hsa-miR-136-5p","TAS2R14","50840","ENSG00000212127","-0.202","predicted"
4,"hsa-miR-136-5p","CUCCAUU",5,"targetscan","MIMAT0000448","hsa-miR-136-5p","TAS2R14","106707243","ENSG00000212127","-0.202","predicted"
4,"hsa-miR-136-5p","CUCCAUU",5,"targetscan","MIMAT0000448","hsa-miR-136-5p","RP11-268J15.5","","ENSG00000116883","-0.202","predicted"
4,"hsa-miR-136-5p","CUCCAUU",5,"targetscan","MIMAT0000448","hsa-miR-136-5p","EFNB1","1947","ENSG00000090776","-0.203","predicted"
4,"hsa-miR-136-5p","CUCCAUU",5,"targetscan","MIMAT0000448","hsa-miR-136-5p","AGFG2","3268","ENSG00000106351","-0.203","predicted"
4,"hsa-miR-136-5p","CUCCAUU",5,"targetscan","MIMAT0000448","hsa-miR-136-5p","DCP2","167227","ENSG00000172795","-0.203","predicted"
4,"hsa-miR-136-5p","CUCCAUU",5,"targetscan","MIMAT0000448","hsa-miR-136-5p","SPINK2","6691","ENSG00000128040","-0.203","predicted"
4,"hsa-miR-136-5p","CUCCAUU",5,"targetscan","MIMAT0000448","hsa-miR-136-5p","FOXB1","27023","ENSG00000171956","-0.203","predicted"
4,"hsa-miR-136-5p","CUCCAUU",5,"targetscan","MIMAT0000448","hsa-miR-136-5p","LHFPL6","10186","ENSG00000183722","-0.203","predicted"
4,"hsa-miR-136-5p","CUCCAUU",5,"targetscan","MIMAT0000448","hsa-miR-136-5p","EIF4B","1975","ENSG00000063046","-0.204","predicted"
4,"hsa-miR-136-5p","CUCCAUU",5,"targetscan","MIMAT0000448","hsa-miR-136-5p","ZBTB5","9925","ENSG00000168795","-0.204","predicted"
4,"hsa-miR-136-5p","CUCCAUU",5,"targetscan","MIMAT0000448","hsa-miR-136-5p","COG5","10466","ENSG00000164597","-0.204","predicted"
4,"hsa-miR-136-5p","CUCCAUU",5,"targetscan","MIMAT0000448","hsa-miR-136-5p","STXBP4","252983","ENSG00000166263","-0.204","predicted"
4,"hsa-miR-136-5p","CUCCAUU",5,"targetscan","MIMAT0000448","hsa-miR-136-5p","SLC3A1","6519","ENSG00000138079","-0.204","predicted"
4,"hsa-miR-136-5p","CUCCAUU",5,"targetscan","MIMAT0000448","hsa-miR-136-5p","ACER3","55331","ENSG00000078124","-0.204","predicted"
4,"hsa-miR-136-5p","CUCCAUU",5,"targetscan","MIMAT0000448","hsa-miR-136-5p","ORC2","4999","ENSG00000115942","-0.205","predicted"
4,"hsa-miR-136-5p","CUCCAUU",5,"targetscan","MIMAT0000448","hsa-miR-136-5p","KLF10","7071","ENSG00000155090","-0.205","predicted"
4,"hsa-miR-136-5p","CUCCAUU",5,"targetscan","MIMAT0000448","hsa-miR-136-5p","PTPN22","26191","ENSG00000134242","-0.205","predicted"
4,"hsa-miR-136-5p","CUCCAUU",5,"targetscan","MIMAT0000448","hsa-miR-136-5p","PABPC1","26986","ENSG00000070756","-0.205","predicted"
4,"hsa-miR-136-5p","CUCCAUU",5,"targetscan","MIMAT0000448","hsa-miR-136-5p","POLH","5429","ENSG00000170734","-0.205","predicted"
4,"hsa-miR-136-5p","CUCCAUU",5,"targetscan","MIMAT0000448","hsa-miR-136-5p","ESYT3","83850","ENSG00000158220","-0.205","predicted"
4,"hsa-miR-136-5p","CUCCAUU",5,"targetscan","MIMAT0000448","hsa-miR-136-5p","MAP3K10","4294","ENSG00000130758","-0.206","predicted"
4,"hsa-miR-136-5p","CUCCAUU",5,"targetscan","MIMAT0000448","hsa-miR-136-5p","SLBP","7884","ENSG00000163950","-0.206","predicted"
4,"hsa-miR-136-5p","CUCCAUU",5,"targetscan","MIMAT0000448","hsa-miR-136-5p","MTMR4","9110","ENSG00000108389","-0.206","predicted"
4,"hsa-miR-136-5p","CUCCAUU",5,"targetscan","MIMAT0000448","hsa-miR-136-5p","RBM41","55285","ENSG00000089682","-0.206","predicted"
4,"hsa-miR-136-5p","CUCCAUU",5,"targetscan","MIMAT0000448","hsa-miR-136-5p","STYXL2","92235","ENSG00000198842","-0.206","predicted"
4,"hsa-miR-136-5p","CUCCAUU",5,"targetscan","MIMAT0000448","hsa-miR-136-5p","IL18R1","8809","ENSG00000115604","-0.207","predicted"
4,"hsa-miR-136-5p","CUCCAUU",5,"targetscan","MIMAT0000448","hsa-miR-136-5p","RMDN1","51115","ENSG00000176623","-0.207","predicted"
4,"hsa-miR-136-5p","CUCCAUU",5,"targetscan","MIMAT0000448","hsa-miR-136-5p","ABHD10","55347","ENSG00000144827","-0.207","predicted"
4,"hsa-miR-136-5p","CUCCAUU",5,"targetscan","MIMAT0000448","hsa-miR-136-5p","NAA15","80155","ENSG00000164134","-0.207","predicted"
4,"hsa-miR-136-5p","CUCCAUU",5,"targetscan","MIMAT0000448","hsa-miR-136-5p","LETMD1","25875","ENSG00000050426","-0.207","predicted"
4,"hsa-miR-136-5p","CUCCAUU",5,"targetscan","MIMAT0000448","hsa-miR-136-5p","NT5C2","22978","ENSG00000076685","-0.208","predicted"
4,"hsa-miR-136-5p","CUCCAUU",5,"targetscan","MIMAT0000448","hsa-miR-136-5p","CSTF2T","23283","ENSG00000177613","-0.208","predicted"
4,"hsa-miR-136-5p","CUCCAUU",5,"targetscan","MIMAT0000448","hsa-miR-136-5p","IER5","51278","ENSG00000162783","-0.208","predicted"
4,"hsa-miR-136-5p","CUCCAUU",5,"targetscan","MIMAT0000448","hsa-miR-136-5p","PRPF4","9128","ENSG00000136875","-0.208","predicted"
4,"hsa-miR-136-5p","CUCCAUU",5,"targetscan","MIMAT0000448","hsa-miR-136-5p","ITLN1","55600","ENSG00000179914","-0.208","predicted"
4,"hsa-miR-136-5p","CUCCAUU",5,"targetscan","MIMAT0000448","hsa-miR-136-5p","DEFB107A","245910","ENSG00000186572","-0.208","predicted"
4,"hsa-miR-136-5p","CUCCAUU",5,"targetscan","MIMAT0000448","hsa-miR-136-5p","DEFB107A","503614","ENSG00000186572","-0.208","predicted"
4,"hsa-miR-136-5p","CUCCAUU",5,"targetscan","MIMAT0000448","hsa-miR-136-5p","DEFB107B","245910","ENSG00000198129","-0.208","predicted"
4,"hsa-miR-136-5p","CUCCAUU",5,"targetscan","MIMAT0000448","hsa-miR-136-5p","DEFB107B","503614","ENSG00000198129","-0.208","predicted"
4,"hsa-miR-136-5p","CUCCAUU",5,"targetscan","MIMAT0000448","hsa-miR-136-5p","DEFB107A","124906743","ENSG00000186572","-0.208","predicted"
4,"hsa-miR-136-5p","CUCCAUU",5,"targetscan","MIMAT0000448","hsa-miR-136-5p","DEFB107B","124906743","ENSG00000198129","-0.208","predicted"
4,"hsa-miR-136-5p","CUCCAUU",5,"targetscan","MIMAT0000448","hsa-miR-136-5p","PTH2R","5746","ENSG00000144407","-0.209","predicted"
4,"hsa-miR-136-5p","CUCCAUU",5,"targetscan","MIMAT0000448","hsa-miR-136-5p","DSTYK","25778","ENSG00000133059","-0.209","predicted"
4,"hsa-miR-136-5p","CUCCAUU",5,"targetscan","MIMAT0000448","hsa-miR-136-5p","EIF4EBP3","8637","ENSG00000243056","-0.209","predicted"
4,"hsa-miR-136-5p","CUCCAUU",5,"targetscan","MIMAT0000448","hsa-miR-136-5p","GPR45","11250","ENSG00000135973","-0.209","predicted"
4,"hsa-miR-136-5p","CUCCAUU",5,"targetscan","MIMAT0000448","hsa-miR-136-5p","AL354993.1","","ENSG00000227164","-0.209","predicted"
4,"hsa-miR-136-5p","CUCCAUU",5,"targetscan","MIMAT0000448","hsa-miR-136-5p","PWWP2A","114825","ENSG00000170234","-0.21","predicted"
4,"hsa-miR-136-5p","CUCCAUU",5,"targetscan","MIMAT0000448","hsa-miR-136-5p","CCNDBP1","23582","ENSG00000166946","-0.21","predicted"
4,"hsa-miR-136-5p","CUCCAUU",5,"targetscan","MIMAT0000448","hsa-miR-136-5p","FNDC7","163479","ENSG00000143107","-0.21","predicted"
4,"hsa-miR-136-5p","CUCCAUU",5,"targetscan","MIMAT0000448","hsa-miR-136-5p","GK5","256356","ENSG00000175066","-0.21","predicted"
4,"hsa-miR-136-5p","CUCCAUU",5,"targetscan","MIMAT0000448","hsa-miR-136-5p","TIMM23","653252","ENSG00000138297","-0.21","predicted"
4,"hsa-miR-136-5p","CUCCAUU",5,"targetscan","MIMAT0000448","hsa-miR-136-5p","TMEM199","147007","ENSG00000244045","-0.21","predicted"
4,"hsa-miR-136-5p","CUCCAUU",5,"targetscan","MIMAT0000448","hsa-miR-136-5p","DLGAP1","9229","ENSG00000170579","-0.211","predicted"
4,"hsa-miR-136-5p","CUCCAUU",5,"targetscan","MIMAT0000448","hsa-miR-136-5p","DGKG","1608","ENSG00000058866","-0.211","predicted"
4,"hsa-miR-136-5p","CUCCAUU",5,"targetscan","MIMAT0000448","hsa-miR-136-5p","BET1L","51272","ENSG00000177951","-0.211","predicted"
4,"hsa-miR-136-5p","CUCCAUU",5,"targetscan","MIMAT0000448","hsa-miR-136-5p","NMT1","4836","ENSG00000136448","-0.211","predicted"
4,"hsa-miR-136-5p","CUCCAUU",5,"targetscan","MIMAT0000448","hsa-miR-136-5p","SGIP1","84251","ENSG00000118473","-0.211","predicted"
4,"hsa-miR-136-5p","CUCCAUU",5,"targetscan","MIMAT0000448","hsa-miR-136-5p","MKRN2OS","100129480","ENSG00000225526","-0.211","predicted"
4,"hsa-miR-136-5p","CUCCAUU",5,"targetscan","MIMAT0000448","hsa-miR-136-5p","FBN2","2201","ENSG00000138829","-0.212","predicted"
4,"hsa-miR-136-5p","CUCCAUU",5,"targetscan","MIMAT0000448","hsa-miR-136-5p","GATM","2628","ENSG00000171766","-0.212","predicted"
4,"hsa-miR-136-5p","CUCCAUU",5,"targetscan","MIMAT0000448","hsa-miR-136-5p","PDK1","5163","ENSG00000152256","-0.212","predicted"
4,"hsa-miR-136-5p","CUCCAUU",5,"targetscan","MIMAT0000448","hsa-miR-136-5p","OCIAD1","54940","ENSG00000109180","-0.212","predicted"
4,"hsa-miR-136-5p","CUCCAUU",5,"targetscan","MIMAT0000448","hsa-miR-136-5p","RGS4","5999","ENSG00000117152","-0.212","predicted"
4,"hsa-miR-136-5p","CUCCAUU",5,"targetscan","MIMAT0000448","hsa-miR-136-5p","ORMDL1","94101","ENSG00000128699","-0.212","predicted"
4,"hsa-miR-136-5p","CUCCAUU",5,"targetscan","MIMAT0000448","hsa-miR-136-5p","CCDC140","151278","ENSG00000163081","-0.212","predicted"
4,"hsa-miR-136-5p","CUCCAUU",5,"targetscan","MIMAT0000448","hsa-miR-136-5p","CYP4F31P","","ENSG00000178206","-0.212","predicted"
4,"hsa-miR-136-5p","CUCCAUU",5,"targetscan","MIMAT0000448","hsa-miR-136-5p","FXN","2395","ENSG00000165060","-0.213","predicted"
4,"hsa-miR-136-5p","CUCCAUU",5,"targetscan","MIMAT0000448","hsa-miR-136-5p","UBE2K","3093","ENSG00000078140","-0.213","predicted"
4,"hsa-miR-136-5p","CUCCAUU",5,"targetscan","MIMAT0000448","hsa-miR-136-5p","ZIC3","7547","ENSG00000156925","-0.213","predicted"
4,"hsa-miR-136-5p","CUCCAUU",5,"targetscan","MIMAT0000448","hsa-miR-136-5p","FHDC1","85462","ENSG00000137460","-0.213","predicted"
4,"hsa-miR-136-5p","CUCCAUU",5,"targetscan","MIMAT0000448","hsa-miR-136-5p","ZNF24","7572","ENSG00000172466","-0.213","predicted"
4,"hsa-miR-136-5p","CUCCAUU",5,"targetscan","MIMAT0000448","hsa-miR-136-5p","GPR176","11245","ENSG00000166073","-0.213","predicted"
4,"hsa-miR-136-5p","CUCCAUU",5,"targetscan","MIMAT0000448","hsa-miR-136-5p","UQCC1","55245","ENSG00000101019","-0.213","predicted"
4,"hsa-miR-136-5p","CUCCAUU",5,"targetscan","MIMAT0000448","hsa-miR-136-5p","HLA-DRB1","3123","ENSG00000196126","-0.214","predicted"
4,"hsa-miR-136-5p","CUCCAUU",5,"targetscan","MIMAT0000448","hsa-miR-136-5p","MOCS2","4338","ENSG00000164172","-0.214","predicted"
4,"hsa-miR-136-5p","CUCCAUU",5,"targetscan","MIMAT0000448","hsa-miR-136-5p","ABHD13","84945","ENSG00000139826","-0.214","predicted"
4,"hsa-miR-136-5p","CUCCAUU",5,"targetscan","MIMAT0000448","hsa-miR-136-5p","LLPH","84298","ENSG00000139233","-0.215","predicted"
4,"hsa-miR-136-5p","CUCCAUU",5,"targetscan","MIMAT0000448","hsa-miR-136-5p","LYSMD3","116068","ENSG00000176018","-0.215","predicted"
4,"hsa-miR-136-5p","CUCCAUU",5,"targetscan","MIMAT0000448","hsa-miR-136-5p","MFAP3","4238","ENSG00000037749","-0.215","predicted"
4,"hsa-miR-136-5p","CUCCAUU",5,"targetscan","MIMAT0000448","hsa-miR-136-5p","LRRC27","80313","ENSG00000148814","-0.215","predicted"
4,"hsa-miR-136-5p","CUCCAUU",5,"targetscan","MIMAT0000448","hsa-miR-136-5p","SLC30A4","7782","ENSG00000104154","-0.216","predicted"
4,"hsa-miR-136-5p","CUCCAUU",5,"targetscan","MIMAT0000448","hsa-miR-136-5p","HS3ST4","9951","ENSG00000182601","-0.216","predicted"
4,"hsa-miR-136-5p","CUCCAUU",5,"targetscan","MIMAT0000448","hsa-miR-136-5p","NEUROD6","63974","ENSG00000164600","-0.216","predicted"
4,"hsa-miR-136-5p","CUCCAUU",5,"targetscan","MIMAT0000448","hsa-miR-136-5p","EXOSC6","118460","ENSG00000223496","-0.216","predicted"
4,"hsa-miR-136-5p","CUCCAUU",5,"targetscan","MIMAT0000448","hsa-miR-136-5p","OR52W1","120787","ENSG00000175485","-0.216","predicted"
4,"hsa-miR-136-5p","CUCCAUU",5,"targetscan","MIMAT0000448","hsa-miR-136-5p","PRXL2A","84293","ENSG00000122378","-0.216","predicted"
4,"hsa-miR-136-5p","CUCCAUU",5,"targetscan","MIMAT0000448","hsa-miR-136-5p","S100A14","57402","ENSG00000189334","-0.217","predicted"
4,"hsa-miR-136-5p","CUCCAUU",5,"targetscan","MIMAT0000448","hsa-miR-136-5p","STIM2","57620","ENSG00000109689","-0.217","predicted"
4,"hsa-miR-136-5p","CUCCAUU",5,"targetscan","MIMAT0000448","hsa-miR-136-5p","VAMP1","6843","ENSG00000139190","-0.217","predicted"
4,"hsa-miR-136-5p","CUCCAUU",5,"targetscan","MIMAT0000448","hsa-miR-136-5p","ZNF471","57573","ENSG00000196263","-0.217","predicted"
4,"hsa-miR-136-5p","CUCCAUU",5,"targetscan","MIMAT0000448","hsa-miR-136-5p","SLAMF7","57823","ENSG00000026751","-0.217","predicted"
4,"hsa-miR-136-5p","CUCCAUU",5,"targetscan","MIMAT0000448","hsa-miR-136-5p","RNF214","257160","ENSG00000167257","-0.218","predicted"
4,"hsa-miR-136-5p","CUCCAUU",5,"targetscan","MIMAT0000448","hsa-miR-136-5p","ZNF324B","388569","ENSG00000249471","-0.218","predicted"
4,"hsa-miR-136-5p","CUCCAUU",5,"targetscan","MIMAT0000448","hsa-miR-136-5p","TFEC","22797","ENSG00000105967","-0.218","predicted"
4,"hsa-miR-136-5p","CUCCAUU",5,"targetscan","MIMAT0000448","hsa-miR-136-5p","AKIRIN1","79647","ENSG00000174574","-0.218","predicted"
4,"hsa-miR-136-5p","CUCCAUU",5,"targetscan","MIMAT0000448","hsa-miR-136-5p","ATP6V0A2","23545","ENSG00000185344","-0.218","predicted"
4,"hsa-miR-136-5p","CUCCAUU",5,"targetscan","MIMAT0000448","hsa-miR-136-5p","ZNF544","27300","ENSG00000198131","-0.218","predicted"
4,"hsa-miR-136-5p","CUCCAUU",5,"targetscan","MIMAT0000448","hsa-miR-136-5p","RTL8C","8933","ENSG00000134590","-0.218","predicted"
4,"hsa-miR-136-5p","CUCCAUU",5,"targetscan","MIMAT0000448","hsa-miR-136-5p","LRRC58","116064","ENSG00000163428","-0.219","predicted"
4,"hsa-miR-136-5p","CUCCAUU",5,"targetscan","MIMAT0000448","hsa-miR-136-5p","EGLN3","112399","ENSG00000129521","-0.219","predicted"
4,"hsa-miR-136-5p","CUCCAUU",5,"targetscan","MIMAT0000448","hsa-miR-136-5p","CALCOCO2","10241","ENSG00000136436","-0.219","predicted"
4,"hsa-miR-136-5p","CUCCAUU",5,"targetscan","MIMAT0000448","hsa-miR-136-5p","ZNF440","126070","ENSG00000171295","-0.219","predicted"
4,"hsa-miR-136-5p","CUCCAUU",5,"targetscan","MIMAT0000448","hsa-miR-136-5p","DPYS","1807","ENSG00000147647","-0.219","predicted"
4,"hsa-miR-136-5p","CUCCAUU",5,"targetscan","MIMAT0000448","hsa-miR-136-5p","LUZP4","51213","ENSG00000102021","-0.219","predicted"
4,"hsa-miR-136-5p","CUCCAUU",5,"targetscan","MIMAT0000448","hsa-miR-136-5p","PYHIN1","149628","ENSG00000163564","-0.219","predicted"
4,"hsa-miR-136-5p","CUCCAUU",5,"targetscan","MIMAT0000448","hsa-miR-136-5p","ATF1","466","ENSG00000123268","-0.22","predicted"
4,"hsa-miR-136-5p","CUCCAUU",5,"targetscan","MIMAT0000448","hsa-miR-136-5p","DRAM1","55332","ENSG00000136048","-0.22","predicted"
4,"hsa-miR-136-5p","CUCCAUU",5,"targetscan","MIMAT0000448","hsa-miR-136-5p","HSBP1","3281","ENSG00000230989","-0.22","predicted"
4,"hsa-miR-136-5p","CUCCAUU",5,"targetscan","MIMAT0000448","hsa-miR-136-5p","PLSCR2","57047","ENSG00000163746","-0.22","predicted"
4,"hsa-miR-136-5p","CUCCAUU",5,"targetscan","MIMAT0000448","hsa-miR-136-5p","SNTG1","54212","ENSG00000147481","-0.22","predicted"
4,"hsa-miR-136-5p","CUCCAUU",5,"targetscan","MIMAT0000448","hsa-miR-136-5p","IMPG1","3617","ENSG00000112706","-0.221","predicted"
4,"hsa-miR-136-5p","CUCCAUU",5,"targetscan","MIMAT0000448","hsa-miR-136-5p","UCK2","7371","ENSG00000143179","-0.221","predicted"
4,"hsa-miR-136-5p","CUCCAUU",5,"targetscan","MIMAT0000448","hsa-miR-136-5p","SUGT1","10910","ENSG00000165416","-0.221","predicted"
4,"hsa-miR-136-5p","CUCCAUU",5,"targetscan","MIMAT0000448","hsa-miR-136-5p","OSTM1","28962","ENSG00000081087","-0.221","predicted"
4,"hsa-miR-136-5p","CUCCAUU",5,"targetscan","MIMAT0000448","hsa-miR-136-5p","KRBOX4","55634","ENSG00000147121","-0.221","predicted"
4,"hsa-miR-136-5p","CUCCAUU",5,"targetscan","MIMAT0000448","hsa-miR-136-5p","SLC24A1","9187","ENSG00000074621","-0.221","predicted"
4,"hsa-miR-136-5p","CUCCAUU",5,"targetscan","MIMAT0000448","hsa-miR-136-5p","SPCS2","9789","ENSG00000118363","-0.221","predicted"
4,"hsa-miR-136-5p","CUCCAUU",5,"targetscan","MIMAT0000448","hsa-miR-136-5p","FSTL1","11167","ENSG00000163430","-0.222","predicted"
4,"hsa-miR-136-5p","CUCCAUU",5,"targetscan","MIMAT0000448","hsa-miR-136-5p","NECAB1","64168","ENSG00000123119","-0.222","predicted"
4,"hsa-miR-136-5p","CUCCAUU",5,"targetscan","MIMAT0000448","hsa-miR-136-5p","HMGCS2","3158","ENSG00000134240","-0.222","predicted"
4,"hsa-miR-136-5p","CUCCAUU",5,"targetscan","MIMAT0000448","hsa-miR-136-5p","PZP","5858","ENSG00000126838","-0.222","predicted"
4,"hsa-miR-136-5p","CUCCAUU",5,"targetscan","MIMAT0000448","hsa-miR-136-5p","AGPAT3","56894","ENSG00000160216","-0.223","predicted"
4,"hsa-miR-136-5p","CUCCAUU",5,"targetscan","MIMAT0000448","hsa-miR-136-5p","MFSD6L","162387","ENSG00000185156","-0.223","predicted"
4,"hsa-miR-136-5p","CUCCAUU",5,"targetscan","MIMAT0000448","hsa-miR-136-5p","ZNF787","126208","ENSG00000142409","-0.223","predicted"
4,"hsa-miR-136-5p","CUCCAUU",5,"targetscan","MIMAT0000448","hsa-miR-136-5p","ZNF106","64397","ENSG00000103994","-0.223","predicted"
4,"hsa-miR-136-5p","CUCCAUU",5,"targetscan","MIMAT0000448","hsa-miR-136-5p","FUCA2","2519","ENSG00000001036","-0.223","predicted"
4,"hsa-miR-136-5p","CUCCAUU",5,"targetscan","MIMAT0000448","hsa-miR-136-5p","TMBIM6","7009","ENSG00000139644","-0.224","predicted"
4,"hsa-miR-136-5p","CUCCAUU",5,"targetscan","MIMAT0000448","hsa-miR-136-5p","DMGDH","29958","ENSG00000132837","-0.224","predicted"
4,"hsa-miR-136-5p","CUCCAUU",5,"targetscan","MIMAT0000448","hsa-miR-136-5p","CYP4F11","57834","ENSG00000171903","-0.224","predicted"
4,"hsa-miR-136-5p","CUCCAUU",5,"targetscan","MIMAT0000448","hsa-miR-136-5p","CLEC2D","29121","ENSG00000069493","-0.224","predicted"
4,"hsa-miR-136-5p","CUCCAUU",5,"targetscan","MIMAT0000448","hsa-miR-136-5p","SUDS3","64426","ENSG00000111707","-0.224","predicted"
4,"hsa-miR-136-5p","CUCCAUU",5,"targetscan","MIMAT0000448","hsa-miR-136-5p","VEGFB","7423","ENSG00000173511","-0.225","predicted"
4,"hsa-miR-136-5p","CUCCAUU",5,"targetscan","MIMAT0000448","hsa-miR-136-5p","DAO","1610","ENSG00000110887","-0.225","predicted"
4,"hsa-miR-136-5p","CUCCAUU",5,"targetscan","MIMAT0000448","hsa-miR-136-5p","LY6D","8581","ENSG00000167656","-0.226","predicted"
4,"hsa-miR-136-5p","CUCCAUU",5,"targetscan","MIMAT0000448","hsa-miR-136-5p","ZBTB6","10773","ENSG00000186130","-0.226","predicted"
4,"hsa-miR-136-5p","CUCCAUU",5,"targetscan","MIMAT0000448","hsa-miR-136-5p","EPC1","80314","ENSG00000120616","-0.226","predicted"
4,"hsa-miR-136-5p","CUCCAUU",5,"targetscan","MIMAT0000448","hsa-miR-136-5p","WBP2NL","164684","ENSG00000183066","-0.226","predicted"
4,"hsa-miR-136-5p","CUCCAUU",5,"targetscan","MIMAT0000448","hsa-miR-136-5p","HINT1","3094","ENSG00000169567","-0.226","predicted"
4,"hsa-miR-136-5p","CUCCAUU",5,"targetscan","MIMAT0000448","hsa-miR-136-5p","MRPL51","51258","ENSG00000111639","-0.226","predicted"
4,"hsa-miR-136-5p","CUCCAUU",5,"targetscan","MIMAT0000448","hsa-miR-136-5p","MIX23","131076","ENSG00000160124","-0.226","predicted"
4,"hsa-miR-136-5p","CUCCAUU",5,"targetscan","MIMAT0000448","hsa-miR-136-5p","PROCR","10544","ENSG00000101000","-0.227","predicted"
4,"hsa-miR-136-5p","CUCCAUU",5,"targetscan","MIMAT0000448","hsa-miR-136-5p","PSME4","23198","ENSG00000068878","-0.227","predicted"
4,"hsa-miR-136-5p","CUCCAUU",5,"targetscan","MIMAT0000448","hsa-miR-136-5p","FAM89A","375061","ENSG00000182118","-0.227","predicted"
4,"hsa-miR-136-5p","CUCCAUU",5,"targetscan","MIMAT0000448","hsa-miR-136-5p","TENM1","10178","ENSG00000009694","-0.227","predicted"
4,"hsa-miR-136-5p","CUCCAUU",5,"targetscan","MIMAT0000448","hsa-miR-136-5p","GIN1","54826","ENSG00000145723","-0.227","predicted"
4,"hsa-miR-136-5p","CUCCAUU",5,"targetscan","MIMAT0000448","hsa-miR-136-5p","EPHA5","2044","ENSG00000145242","-0.228","predicted"
4,"hsa-miR-136-5p","CUCCAUU",5,"targetscan","MIMAT0000448","hsa-miR-136-5p","BTNL9","153579","ENSG00000165810","-0.228","predicted"
4,"hsa-miR-136-5p","CUCCAUU",5,"targetscan","MIMAT0000448","hsa-miR-136-5p","ZG16","653808","ENSG00000174992","-0.228","predicted"
4,"hsa-miR-136-5p","CUCCAUU",5,"targetscan","MIMAT0000448","hsa-miR-136-5p","FHIP1B","84067","ENSG00000051009","-0.228","predicted"
4,"hsa-miR-136-5p","CUCCAUU",5,"targetscan","MIMAT0000448","hsa-miR-136-5p","DYNLT5","200132","ENSG00000152760","-0.228","predicted"
4,"hsa-miR-136-5p","CUCCAUU",5,"targetscan","MIMAT0000448","hsa-miR-136-5p","NOS2","4843","ENSG00000007171","-0.229","predicted"
4,"hsa-miR-136-5p","CUCCAUU",5,"targetscan","MIMAT0000448","hsa-miR-136-5p","TOMM22","56993","ENSG00000100216","-0.229","predicted"
4,"hsa-miR-136-5p","CUCCAUU",5,"targetscan","MIMAT0000448","hsa-miR-136-5p","FAM76A","199870","ENSG00000009780","-0.229","predicted"
4,"hsa-miR-136-5p","CUCCAUU",5,"targetscan","MIMAT0000448","hsa-miR-136-5p","TNFSF8","944","ENSG00000106952","-0.229","predicted"
4,"hsa-miR-136-5p","CUCCAUU",5,"targetscan","MIMAT0000448","hsa-miR-136-5p","ABHD16B","140701","ENSG00000183260","-0.229","predicted"
4,"hsa-miR-136-5p","CUCCAUU",5,"targetscan","MIMAT0000448","hsa-miR-136-5p","LUZP6","767558","ENSG00000267697","-0.229","predicted"
4,"hsa-miR-136-5p","CUCCAUU",5,"targetscan","MIMAT0000448","hsa-miR-136-5p","SPMIP11","255411","ENSG00000257987","-0.229","predicted"
4,"hsa-miR-136-5p","CUCCAUU",5,"targetscan","MIMAT0000448","hsa-miR-136-5p","RABGAP1L","9910","ENSG00000152061","-0.23","predicted"
4,"hsa-miR-136-5p","CUCCAUU",5,"targetscan","MIMAT0000448","hsa-miR-136-5p","GLIPR1","11010","ENSG00000139278","-0.23","predicted"
4,"hsa-miR-136-5p","CUCCAUU",5,"targetscan","MIMAT0000448","hsa-miR-136-5p","SHE","126669","ENSG00000169291","-0.23","predicted"
4,"hsa-miR-136-5p","CUCCAUU",5,"targetscan","MIMAT0000448","hsa-miR-136-5p","SCG5","6447","ENSG00000166922","-0.23","predicted"
4,"hsa-miR-136-5p","CUCCAUU",5,"targetscan","MIMAT0000448","hsa-miR-136-5p","SMPX","23676","ENSG00000091482","-0.23","predicted"
4,"hsa-miR-136-5p","CUCCAUU",5,"targetscan","MIMAT0000448","hsa-miR-136-5p","GPR158","57512","ENSG00000151025","-0.23","predicted"
4,"hsa-miR-136-5p","CUCCAUU",5,"targetscan","MIMAT0000448","hsa-miR-136-5p","ERG","2078","ENSG00000157554","-0.231","predicted"
4,"hsa-miR-136-5p","CUCCAUU",5,"targetscan","MIMAT0000448","hsa-miR-136-5p","FN1","2335","ENSG00000115414","-0.231","predicted"
4,"hsa-miR-136-5p","CUCCAUU",5,"targetscan","MIMAT0000448","hsa-miR-136-5p","UBE2D3","7323","ENSG00000109332","-0.231","predicted"
4,"hsa-miR-136-5p","CUCCAUU",5,"targetscan","MIMAT0000448","hsa-miR-136-5p","YARS2","51067","ENSG00000139131","-0.231","predicted"
4,"hsa-miR-136-5p","CUCCAUU",5,"targetscan","MIMAT0000448","hsa-miR-136-5p","CPLX4","339302","ENSG00000166569","-0.231","predicted"
4,"hsa-miR-136-5p","CUCCAUU",5,"targetscan","MIMAT0000448","hsa-miR-136-5p","SLC22A24","283238","ENSG00000197658","-0.231","predicted"
4,"hsa-miR-136-5p","CUCCAUU",5,"targetscan","MIMAT0000448","hsa-miR-136-5p","SLC35A1","10559","ENSG00000164414","-0.232","predicted"
4,"hsa-miR-136-5p","CUCCAUU",5,"targetscan","MIMAT0000448","hsa-miR-136-5p","BICD1","636","ENSG00000151746","-0.232","predicted"
4,"hsa-miR-136-5p","CUCCAUU",5,"targetscan","MIMAT0000448","hsa-miR-136-5p","IFIT2","3433","ENSG00000119922","-0.232","predicted"
4,"hsa-miR-136-5p","CUCCAUU",5,"targetscan","MIMAT0000448","hsa-miR-136-5p","OSBPL10","114884","ENSG00000144645","-0.232","predicted"
4,"hsa-miR-136-5p","CUCCAUU",5,"targetscan","MIMAT0000448","hsa-miR-136-5p","LRIG3","121227","ENSG00000139263","-0.232","predicted"
4,"hsa-miR-136-5p","CUCCAUU",5,"targetscan","MIMAT0000448","hsa-miR-136-5p","FNBP1","23048","ENSG00000187239","-0.233","predicted"
4,"hsa-miR-136-5p","CUCCAUU",5,"targetscan","MIMAT0000448","hsa-miR-136-5p","STK33","65975","ENSG00000130413","-0.233","predicted"
4,"hsa-miR-136-5p","CUCCAUU",5,"targetscan","MIMAT0000448","hsa-miR-136-5p","RAB9A","9367","ENSG00000123595","-0.233","predicted"
4,"hsa-miR-136-5p","CUCCAUU",5,"targetscan","MIMAT0000448","hsa-miR-136-5p","ATP5PB","515","ENSG00000116459","-0.233","predicted"
4,"hsa-miR-136-5p","CUCCAUU",5,"targetscan","MIMAT0000448","hsa-miR-136-5p","APOB","338","ENSG00000084674","-0.234","predicted"
4,"hsa-miR-136-5p","CUCCAUU",5,"targetscan","MIMAT0000448","hsa-miR-136-5p","VEGFD","2277","ENSG00000165197","-0.234","predicted"
4,"hsa-miR-136-5p","CUCCAUU",5,"targetscan","MIMAT0000448","hsa-miR-136-5p","SYNPR","132204","ENSG00000163630","-0.235","predicted"
4,"hsa-miR-136-5p","CUCCAUU",5,"targetscan","MIMAT0000448","hsa-miR-136-5p","CCDC125","202243","ENSG00000183323","-0.235","predicted"
4,"hsa-miR-136-5p","CUCCAUU",5,"targetscan","MIMAT0000448","hsa-miR-136-5p","SIKE1","80143","ENSG00000052723","-0.235","predicted"
4,"hsa-miR-136-5p","CUCCAUU",5,"targetscan","MIMAT0000448","hsa-miR-136-5p","RIMKLB","57494","ENSG00000166532","-0.235","predicted"
4,"hsa-miR-136-5p","CUCCAUU",5,"targetscan","MIMAT0000448","hsa-miR-136-5p","FUNDC1","139341","ENSG00000069509","-0.235","predicted"
4,"hsa-miR-136-5p","CUCCAUU",5,"targetscan","MIMAT0000448","hsa-miR-136-5p","RAB11FIP2","22841","ENSG00000107560","-0.236","predicted"
4,"hsa-miR-136-5p","CUCCAUU",5,"targetscan","MIMAT0000448","hsa-miR-136-5p","SERAC1","84947","ENSG00000122335","-0.236","predicted"
4,"hsa-miR-136-5p","CUCCAUU",5,"targetscan","MIMAT0000448","hsa-miR-136-5p","MIDN","90007","ENSG00000167470","-0.236","predicted"
4,"hsa-miR-136-5p","CUCCAUU",5,"targetscan","MIMAT0000448","hsa-miR-136-5p","EFCC1","79825","ENSG00000114654","-0.236","predicted"
4,"hsa-miR-136-5p","CUCCAUU",5,"targetscan","MIMAT0000448","hsa-miR-136-5p","ZG16","653808","ENSG00000174992","-0.236","predicted"
4,"hsa-miR-136-5p","CUCCAUU",5,"targetscan","MIMAT0000448","hsa-miR-136-5p","ALKAL1","389658","ENSG00000196711","-0.236","predicted"
4,"hsa-miR-136-5p","CUCCAUU",5,"targetscan","MIMAT0000448","hsa-miR-136-5p","CAVIN4","347273","ENSG00000170681","-0.236","predicted"
4,"hsa-miR-136-5p","CUCCAUU",5,"targetscan","MIMAT0000448","hsa-miR-136-5p","CREBZF","58487","ENSG00000137504","-0.237","predicted"
4,"hsa-miR-136-5p","CUCCAUU",5,"targetscan","MIMAT0000448","hsa-miR-136-5p","ZNF540","163255","ENSG00000171817","-0.237","predicted"
4,"hsa-miR-136-5p","CUCCAUU",5,"targetscan","MIMAT0000448","hsa-miR-136-5p","OLIG3","167826","ENSG00000177468","-0.237","predicted"
4,"hsa-miR-136-5p","CUCCAUU",5,"targetscan","MIMAT0000448","hsa-miR-136-5p","SPANXN5","494197","ENSG00000204363","-0.237","predicted"
4,"hsa-miR-136-5p","CUCCAUU",5,"targetscan","MIMAT0000448","hsa-miR-136-5p","TRIB1","10221","ENSG00000173334","-0.238","predicted"
4,"hsa-miR-136-5p","CUCCAUU",5,"targetscan","MIMAT0000448","hsa-miR-136-5p","RNASE4","6038","ENSG00000258818","-0.238","predicted"
4,"hsa-miR-136-5p","CUCCAUU",5,"targetscan","MIMAT0000448","hsa-miR-136-5p","TMF1","7110","ENSG00000144747","-0.238","predicted"
4,"hsa-miR-136-5p","CUCCAUU",5,"targetscan","MIMAT0000448","hsa-miR-136-5p","ZXDA","7789","ENSG00000198205","-0.238","predicted"
4,"hsa-miR-136-5p","CUCCAUU",5,"targetscan","MIMAT0000448","hsa-miR-136-5p","PDPN","10630","ENSG00000162493","-0.238","predicted"
4,"hsa-miR-136-5p","CUCCAUU",5,"targetscan","MIMAT0000448","hsa-miR-136-5p","MBOAT7","79143","ENSG00000125505","-0.238","predicted"
4,"hsa-miR-136-5p","CUCCAUU",5,"targetscan","MIMAT0000448","hsa-miR-136-5p","RBM7","10179","ENSG00000076053","-0.238","predicted"
4,"hsa-miR-136-5p","CUCCAUU",5,"targetscan","MIMAT0000448","hsa-miR-136-5p","ZKSCAN4","387032","ENSG00000187626","-0.238","predicted"
4,"hsa-miR-136-5p","CUCCAUU",5,"targetscan","MIMAT0000448","hsa-miR-136-5p","ZNF564","163050","ENSG00000249709","-0.238","predicted"
4,"hsa-miR-136-5p","CUCCAUU",5,"targetscan","MIMAT0000448","hsa-miR-136-5p","","","ENSG00000220256","-0.238","predicted"
4,"hsa-miR-136-5p","CUCCAUU",5,"targetscan","MIMAT0000448","hsa-miR-136-5p","CD300LD-AS1","146723","ENSG00000182352","-0.238","predicted"
4,"hsa-miR-136-5p","CUCCAUU",5,"targetscan","MIMAT0000448","hsa-miR-136-5p","TXNIP","101060503","ENSG00000117289","-0.239","predicted"
4,"hsa-miR-136-5p","CUCCAUU",5,"targetscan","MIMAT0000448","hsa-miR-136-5p","CSTF2T","23283","ENSG00000177613","-0.239","predicted"
4,"hsa-miR-136-5p","CUCCAUU",5,"targetscan","MIMAT0000448","hsa-miR-136-5p","CNTN1","1272","ENSG00000018236","-0.239","predicted"
4,"hsa-miR-136-5p","CUCCAUU",5,"targetscan","MIMAT0000448","hsa-miR-136-5p","SLAMF7","57823","ENSG00000026751","-0.239","predicted"
4,"hsa-miR-136-5p","CUCCAUU",5,"targetscan","MIMAT0000448","hsa-miR-136-5p","PLP2","5355","ENSG00000102007","-0.24","predicted"
4,"hsa-miR-136-5p","CUCCAUU",5,"targetscan","MIMAT0000448","hsa-miR-136-5p","HLA-DRB5","3127","ENSG00000198502","-0.24","predicted"
4,"hsa-miR-136-5p","CUCCAUU",5,"targetscan","MIMAT0000448","hsa-miR-136-5p","SLC12A4","6560","ENSG00000124067","-0.24","predicted"
4,"hsa-miR-136-5p","CUCCAUU",5,"targetscan","MIMAT0000448","hsa-miR-136-5p","TFCP2","7024","ENSG00000135457","-0.24","predicted"
4,"hsa-miR-136-5p","CUCCAUU",5,"targetscan","MIMAT0000448","hsa-miR-136-5p","MALL","7851","ENSG00000144063","-0.24","predicted"
4,"hsa-miR-136-5p","CUCCAUU",5,"targetscan","MIMAT0000448","hsa-miR-136-5p","TBPL1","9519","ENSG00000028839","-0.24","predicted"
4,"hsa-miR-136-5p","CUCCAUU",5,"targetscan","MIMAT0000448","hsa-miR-136-5p","APOL1","8542","ENSG00000100342","-0.24","predicted"
4,"hsa-miR-136-5p","CUCCAUU",5,"targetscan","MIMAT0000448","hsa-miR-136-5p","NFKBIB","4793","ENSG00000104825","-0.24","predicted"
4,"hsa-miR-136-5p","CUCCAUU",5,"targetscan","MIMAT0000448","hsa-miR-136-5p","MALL","128966597","ENSG00000144063","-0.24","predicted"
4,"hsa-miR-136-5p","CUCCAUU",5,"targetscan","MIMAT0000448","hsa-miR-136-5p","MID1","4281","ENSG00000101871","-0.241","predicted"
4,"hsa-miR-136-5p","CUCCAUU",5,"targetscan","MIMAT0000448","hsa-miR-136-5p","RYBP","23429","ENSG00000163602","-0.241","predicted"
4,"hsa-miR-136-5p","CUCCAUU",5,"targetscan","MIMAT0000448","hsa-miR-136-5p","NABP1","64859","ENSG00000173559","-0.241","predicted"
4,"hsa-miR-136-5p","CUCCAUU",5,"targetscan","MIMAT0000448","hsa-miR-136-5p","STRN3","29966","ENSG00000196792","-0.241","predicted"
4,"hsa-miR-136-5p","CUCCAUU",5,"targetscan","MIMAT0000448","hsa-miR-136-5p","ZNF768","79724","ENSG00000169957","-0.241","predicted"
4,"hsa-miR-136-5p","CUCCAUU",5,"targetscan","MIMAT0000448","hsa-miR-136-5p","TMPRSS11F","389208","ENSG00000198092","-0.241","predicted"
4,"hsa-miR-136-5p","CUCCAUU",5,"targetscan","MIMAT0000448","hsa-miR-136-5p","","6038","ENSG00000259171","-0.241","predicted"
4,"hsa-miR-136-5p","CUCCAUU",5,"targetscan","MIMAT0000448","hsa-miR-136-5p","ZBTB8B","728116","ENSG00000273274","-0.241","predicted"
4,"hsa-miR-136-5p","CUCCAUU",5,"targetscan","MIMAT0000448","hsa-miR-136-5p","RBMXL1","494115","ENSG00000213516","-0.242","predicted"
4,"hsa-miR-136-5p","CUCCAUU",5,"targetscan","MIMAT0000448","hsa-miR-136-5p","ACP1","52","ENSG00000143727","-0.242","predicted"
4,"hsa-miR-136-5p","CUCCAUU",5,"targetscan","MIMAT0000448","hsa-miR-136-5p","FOXE1","2304","ENSG00000178919","-0.242","predicted"
4,"hsa-miR-136-5p","CUCCAUU",5,"targetscan","MIMAT0000448","hsa-miR-136-5p","FHL5","9457","ENSG00000112214","-0.242","predicted"
4,"hsa-miR-136-5p","CUCCAUU",5,"targetscan","MIMAT0000448","hsa-miR-136-5p","RANBP3L","202151","ENSG00000164188","-0.242","predicted"
4,"hsa-miR-136-5p","CUCCAUU",5,"targetscan","MIMAT0000448","hsa-miR-136-5p","CD28","940","ENSG00000178562","-0.243","predicted"
4,"hsa-miR-136-5p","CUCCAUU",5,"targetscan","MIMAT0000448","hsa-miR-136-5p","RNASE1","6035","ENSG00000129538","-0.243","predicted"
4,"hsa-miR-136-5p","CUCCAUU",5,"targetscan","MIMAT0000448","hsa-miR-136-5p","ZNF365","22891","ENSG00000138311","-0.243","predicted"
4,"hsa-miR-136-5p","CUCCAUU",5,"targetscan","MIMAT0000448","hsa-miR-136-5p","CCDC18","343099","ENSG00000122483","-0.243","predicted"
4,"hsa-miR-136-5p","CUCCAUU",5,"targetscan","MIMAT0000448","hsa-miR-136-5p","CLVS2","134829","ENSG00000146352","-0.243","predicted"
4,"hsa-miR-136-5p","CUCCAUU",5,"targetscan","MIMAT0000448","hsa-miR-136-5p","AC079210.1","","ENSG00000269657","-0.243","predicted"
4,"hsa-miR-136-5p","CUCCAUU",5,"targetscan","MIMAT0000448","hsa-miR-136-5p","DNAJB14","79982","ENSG00000164031","-0.244","predicted"
4,"hsa-miR-136-5p","CUCCAUU",5,"targetscan","MIMAT0000448","hsa-miR-136-5p","PPP1R18","170954","ENSG00000146112","-0.244","predicted"
4,"hsa-miR-136-5p","CUCCAUU",5,"targetscan","MIMAT0000448","hsa-miR-136-5p","TMEM9","252839","ENSG00000116857","-0.244","predicted"
4,"hsa-miR-136-5p","CUCCAUU",5,"targetscan","MIMAT0000448","hsa-miR-136-5p","NEXMIF","340533","ENSG00000050030","-0.244","predicted"
4,"hsa-miR-136-5p","CUCCAUU",5,"targetscan","MIMAT0000448","hsa-miR-136-5p","PPP1R18","107987457","ENSG00000146112","-0.244","predicted"
4,"hsa-miR-136-5p","CUCCAUU",5,"targetscan","MIMAT0000448","hsa-miR-136-5p","ZNHIT3","","ENSG00000108278","-0.244","predicted"
4,"hsa-miR-136-5p","CUCCAUU",5,"targetscan","MIMAT0000448","hsa-miR-136-5p","CEP15","57415","ENSG00000114405","-0.244","predicted"
4,"hsa-miR-136-5p","CUCCAUU",5,"targetscan","MIMAT0000448","hsa-miR-136-5p","ETS2","2114","ENSG00000157557","-0.245","predicted"
4,"hsa-miR-136-5p","CUCCAUU",5,"targetscan","MIMAT0000448","hsa-miR-136-5p","WASF3","10810","ENSG00000132970","-0.245","predicted"
4,"hsa-miR-136-5p","CUCCAUU",5,"targetscan","MIMAT0000448","hsa-miR-136-5p","XPO7","23039","ENSG00000130227","-0.245","predicted"
4,"hsa-miR-136-5p","CUCCAUU",5,"targetscan","MIMAT0000448","hsa-miR-136-5p","FAM149A","25854","ENSG00000109794","-0.245","predicted"
4,"hsa-miR-136-5p","CUCCAUU",5,"targetscan","MIMAT0000448","hsa-miR-136-5p","ZNF224","7767","ENSG00000267680","-0.245","predicted"
4,"hsa-miR-136-5p","CUCCAUU",5,"targetscan","MIMAT0000448","hsa-miR-136-5p","CCDC93","54520","ENSG00000125633","-0.245","predicted"
4,"hsa-miR-136-5p","CUCCAUU",5,"targetscan","MIMAT0000448","hsa-miR-136-5p","JAML","120425","ENSG00000160593","-0.245","predicted"
4,"hsa-miR-136-5p","CUCCAUU",5,"targetscan","MIMAT0000448","hsa-miR-136-5p","OTULIN","90268","ENSG00000154124","-0.245","predicted"
4,"hsa-miR-136-5p","CUCCAUU",5,"targetscan","MIMAT0000448","hsa-miR-136-5p","AL589765.1","","ENSG00000240510","-0.245","predicted"
4,"hsa-miR-136-5p","CUCCAUU",5,"targetscan","MIMAT0000448","hsa-miR-136-5p","RAN","5901","ENSG00000132341","-0.246","predicted"
4,"hsa-miR-136-5p","CUCCAUU",5,"targetscan","MIMAT0000448","hsa-miR-136-5p","TCF12","6938","ENSG00000140262","-0.246","predicted"
4,"hsa-miR-136-5p","CUCCAUU",5,"targetscan","MIMAT0000448","hsa-miR-136-5p","REEP5","7905","ENSG00000129625","-0.246","predicted"
4,"hsa-miR-136-5p","CUCCAUU",5,"targetscan","MIMAT0000448","hsa-miR-136-5p","AFAP1L1","134265","ENSG00000157510","-0.246","predicted"
4,"hsa-miR-136-5p","CUCCAUU",5,"targetscan","MIMAT0000448","hsa-miR-136-5p","FABP2","2169","ENSG00000145384","-0.247","predicted"
4,"hsa-miR-136-5p","CUCCAUU",5,"targetscan","MIMAT0000448","hsa-miR-136-5p","BMP3","651","ENSG00000152785","-0.247","predicted"
4,"hsa-miR-136-5p","CUCCAUU",5,"targetscan","MIMAT0000448","hsa-miR-136-5p","DHFR2","200895","ENSG00000178700","-0.247","predicted"
4,"hsa-miR-136-5p","CUCCAUU",5,"targetscan","MIMAT0000448","hsa-miR-136-5p","STING1","340061","ENSG00000184584","-0.247","predicted"
4,"hsa-miR-136-5p","CUCCAUU",5,"targetscan","MIMAT0000448","hsa-miR-136-5p","WNT2","7472","ENSG00000105989","-0.248","predicted"
4,"hsa-miR-136-5p","CUCCAUU",5,"targetscan","MIMAT0000448","hsa-miR-136-5p","SMOC2","64094","ENSG00000112562","-0.248","predicted"
4,"hsa-miR-136-5p","CUCCAUU",5,"targetscan","MIMAT0000448","hsa-miR-136-5p","CT62","196993","ENSG00000225362","-0.248","predicted"
4,"hsa-miR-136-5p","CUCCAUU",5,"targetscan","MIMAT0000448","hsa-miR-136-5p","S100A6","6277","ENSG00000197956","-0.248","predicted"
4,"hsa-miR-136-5p","CUCCAUU",5,"targetscan","MIMAT0000448","hsa-miR-136-5p","MGC39545","403312","ENSG00000255537","-0.248","predicted"
4,"hsa-miR-136-5p","CUCCAUU",5,"targetscan","MIMAT0000448","hsa-miR-136-5p","CGAS","115004","ENSG00000164430","-0.248","predicted"
4,"hsa-miR-136-5p","CUCCAUU",5,"targetscan","MIMAT0000448","hsa-miR-136-5p","APP","351","ENSG00000142192","-0.249","predicted"
4,"hsa-miR-136-5p","CUCCAUU",5,"targetscan","MIMAT0000448","hsa-miR-136-5p","EML1","2009","ENSG00000066629","-0.249","predicted"
4,"hsa-miR-136-5p","CUCCAUU",5,"targetscan","MIMAT0000448","hsa-miR-136-5p","FAT3","120114","ENSG00000165323","-0.249","predicted"
4,"hsa-miR-136-5p","CUCCAUU",5,"targetscan","MIMAT0000448","hsa-miR-136-5p","NUDT5","11164","ENSG00000165609","-0.249","predicted"
4,"hsa-miR-136-5p","CUCCAUU",5,"targetscan","MIMAT0000448","hsa-miR-136-5p","STRIP1","85369","ENSG00000143093","-0.249","predicted"
4,"hsa-miR-136-5p","CUCCAUU",5,"targetscan","MIMAT0000448","hsa-miR-136-5p","FAM81B","153643","ENSG00000153347","-0.249","predicted"
4,"hsa-miR-136-5p","CUCCAUU",5,"targetscan","MIMAT0000448","hsa-miR-136-5p","C21orf62","56245","ENSG00000205929","-0.25","predicted"
4,"hsa-miR-136-5p","CUCCAUU",5,"targetscan","MIMAT0000448","hsa-miR-136-5p","ZIC5","85416","ENSG00000139800","-0.25","predicted"
4,"hsa-miR-136-5p","CUCCAUU",5,"targetscan","MIMAT0000448","hsa-miR-136-5p","AC007461.1","","ENSG00000267893","-0.25","predicted"
4,"hsa-miR-136-5p","CUCCAUU",5,"targetscan","MIMAT0000448","hsa-miR-136-5p","GON4L","54856","ENSG00000116580","-0.251","predicted"
4,"hsa-miR-136-5p","CUCCAUU",5,"targetscan","MIMAT0000448","hsa-miR-136-5p","CTNNA3","29119","ENSG00000183230","-0.251","predicted"
4,"hsa-miR-136-5p","CUCCAUU",5,"targetscan","MIMAT0000448","hsa-miR-136-5p","EVA1A","84141","ENSG00000115363","-0.251","predicted"
4,"hsa-miR-136-5p","CUCCAUU",5,"targetscan","MIMAT0000448","hsa-miR-136-5p","ASAH1","427","ENSG00000104763","-0.252","predicted"
4,"hsa-miR-136-5p","CUCCAUU",5,"targetscan","MIMAT0000448","hsa-miR-136-5p","POU3F2","5454","ENSG00000184486","-0.252","predicted"
4,"hsa-miR-136-5p","CUCCAUU",5,"targetscan","MIMAT0000448","hsa-miR-136-5p","CCPG1","9236","ENSG00000260916","-0.252","predicted"
4,"hsa-miR-136-5p","CUCCAUU",5,"targetscan","MIMAT0000448","hsa-miR-136-5p","GDF6","392255","ENSG00000156466","-0.252","predicted"
4,"hsa-miR-136-5p","CUCCAUU",5,"targetscan","MIMAT0000448","hsa-miR-136-5p","PCDHB5","26167","ENSG00000113209","-0.252","predicted"
4,"hsa-miR-136-5p","CUCCAUU",5,"targetscan","MIMAT0000448","hsa-miR-136-5p","RBM41","55285","ENSG00000089682","-0.253","predicted"
4,"hsa-miR-136-5p","CUCCAUU",5,"targetscan","MIMAT0000448","hsa-miR-136-5p","ZNF555","148254","ENSG00000186300","-0.253","predicted"
4,"hsa-miR-136-5p","CUCCAUU",5,"targetscan","MIMAT0000448","hsa-miR-136-5p","ST6GALNAC3","256435","ENSG00000184005","-0.253","predicted"
4,"hsa-miR-136-5p","CUCCAUU",5,"targetscan","MIMAT0000448","hsa-miR-136-5p","BIRC5","332","ENSG00000089685","-0.254","predicted"
4,"hsa-miR-136-5p","CUCCAUU",5,"targetscan","MIMAT0000448","hsa-miR-136-5p","CNTF","1270","ENSG00000242689","-0.254","predicted"
4,"hsa-miR-136-5p","CUCCAUU",5,"targetscan","MIMAT0000448","hsa-miR-136-5p","ARHGAP25","9938","ENSG00000163219","-0.254","predicted"
4,"hsa-miR-136-5p","CUCCAUU",5,"targetscan","MIMAT0000448","hsa-miR-136-5p","ADCY1","107","ENSG00000164742","-0.254","predicted"
4,"hsa-miR-136-5p","CUCCAUU",5,"targetscan","MIMAT0000448","hsa-miR-136-5p","PLAAT3","11145","ENSG00000176485","-0.255","predicted"
4,"hsa-miR-136-5p","CUCCAUU",5,"targetscan","MIMAT0000448","hsa-miR-136-5p","CCN2","1490","ENSG00000118523","-0.255","predicted"
4,"hsa-miR-136-5p","CUCCAUU",5,"targetscan","MIMAT0000448","hsa-miR-136-5p","CBLIF","2694","ENSG00000134812","-0.255","predicted"
4,"hsa-miR-136-5p","CUCCAUU",5,"targetscan","MIMAT0000448","hsa-miR-136-5p","MLLT11","10962","ENSG00000213190","-0.256","predicted"
4,"hsa-miR-136-5p","CUCCAUU",5,"targetscan","MIMAT0000448","hsa-miR-136-5p","PI15","51050","ENSG00000137558","-0.256","predicted"
4,"hsa-miR-136-5p","CUCCAUU",5,"targetscan","MIMAT0000448","hsa-miR-136-5p","IFRG15","163590","ENSG00000258664","-0.256","predicted"
4,"hsa-miR-136-5p","CUCCAUU",5,"targetscan","MIMAT0000448","hsa-miR-136-5p","EDC4","23644","ENSG00000038358","-0.257","predicted"
4,"hsa-miR-136-5p","CUCCAUU",5,"targetscan","MIMAT0000448","hsa-miR-136-5p","MRS2","57380","ENSG00000124532","-0.257","predicted"
4,"hsa-miR-136-5p","CUCCAUU",5,"targetscan","MIMAT0000448","hsa-miR-136-5p","CD84","8832","ENSG00000066294","-0.257","predicted"
4,"hsa-miR-136-5p","CUCCAUU",5,"targetscan","MIMAT0000448","hsa-miR-136-5p","TTC5","91875","ENSG00000136319","-0.257","predicted"
4,"hsa-miR-136-5p","CUCCAUU",5,"targetscan","MIMAT0000448","hsa-miR-136-5p","TSPAN33","340348","ENSG00000158457","-0.257","predicted"
4,"hsa-miR-136-5p","CUCCAUU",5,"targetscan","MIMAT0000448","hsa-miR-136-5p","ZNF133","7692","ENSG00000125846","-0.258","predicted"
4,"hsa-miR-136-5p","CUCCAUU",5,"targetscan","MIMAT0000448","hsa-miR-136-5p","DCTN6","10671","ENSG00000104671","-0.258","predicted"
4,"hsa-miR-136-5p","CUCCAUU",5,"targetscan","MIMAT0000448","hsa-miR-136-5p","ARHGEF4","50649","ENSG00000136002","-0.258","predicted"
4,"hsa-miR-136-5p","CUCCAUU",5,"targetscan","MIMAT0000448","hsa-miR-136-5p","ZSWIM7","125150","ENSG00000214941","-0.258","predicted"
4,"hsa-miR-136-5p","CUCCAUU",5,"targetscan","MIMAT0000448","hsa-miR-136-5p","EPGN","255324","ENSG00000182585","-0.258","predicted"
4,"hsa-miR-136-5p","CUCCAUU",5,"targetscan","MIMAT0000448","hsa-miR-136-5p","C18orf32","497661","ENSG00000177576","-0.258","predicted"
4,"hsa-miR-136-5p","CUCCAUU",5,"targetscan","MIMAT0000448","hsa-miR-136-5p","CCDC50","152137","ENSG00000152492","-0.258","predicted"
4,"hsa-miR-136-5p","CUCCAUU",5,"targetscan","MIMAT0000448","hsa-miR-136-5p","CYP51A1","1595","ENSG00000001630","-0.259","predicted"
4,"hsa-miR-136-5p","CUCCAUU",5,"targetscan","MIMAT0000448","hsa-miR-136-5p","NCBP2","22916","ENSG00000114503","-0.259","predicted"
4,"hsa-miR-136-5p","CUCCAUU",5,"targetscan","MIMAT0000448","hsa-miR-136-5p","RGS21","431704","ENSG00000253148","-0.259","predicted"
4,"hsa-miR-136-5p","CUCCAUU",5,"targetscan","MIMAT0000448","hsa-miR-136-5p","GNPNAT1","64841","ENSG00000100522","-0.26","predicted"
4,"hsa-miR-136-5p","CUCCAUU",5,"targetscan","MIMAT0000448","hsa-miR-136-5p","NUTM1","256646","ENSG00000184507","-0.26","predicted"
4,"hsa-miR-136-5p","CUCCAUU",5,"targetscan","MIMAT0000448","hsa-miR-136-5p","NOS1AP","9722","ENSG00000198929","-0.26","predicted"
4,"hsa-miR-136-5p","CUCCAUU",5,"targetscan","MIMAT0000448","hsa-miR-136-5p","MAPK1IP1L","93487","ENSG00000168175","-0.261","predicted"
4,"hsa-miR-136-5p","CUCCAUU",5,"targetscan","MIMAT0000448","hsa-miR-136-5p","GREM2","64388","ENSG00000180875","-0.261","predicted"
4,"hsa-miR-136-5p","CUCCAUU",5,"targetscan","MIMAT0000448","hsa-miR-136-5p","STT3B","201595","ENSG00000163527","-0.262","predicted"
4,"hsa-miR-136-5p","CUCCAUU",5,"targetscan","MIMAT0000448","hsa-miR-136-5p","RXYLT1","10329","ENSG00000118600","-0.262","predicted"
4,"hsa-miR-136-5p","CUCCAUU",5,"targetscan","MIMAT0000448","hsa-miR-136-5p","CHODL","140578","ENSG00000154645","-0.263","predicted"
4,"hsa-miR-136-5p","CUCCAUU",5,"targetscan","MIMAT0000448","hsa-miR-136-5p","GTPBP8","29083","ENSG00000163607","-0.263","predicted"
4,"hsa-miR-136-5p","CUCCAUU",5,"targetscan","MIMAT0000448","hsa-miR-136-5p","SC5D","6309","ENSG00000109929","-0.263","predicted"
4,"hsa-miR-136-5p","CUCCAUU",5,"targetscan","MIMAT0000448","hsa-miR-136-5p","UBE2H","7328","ENSG00000186591","-0.263","predicted"
4,"hsa-miR-136-5p","CUCCAUU",5,"targetscan","MIMAT0000448","hsa-miR-136-5p","NDUFAF7","55471","ENSG00000003509","-0.263","predicted"
4,"hsa-miR-136-5p","CUCCAUU",5,"targetscan","MIMAT0000448","hsa-miR-136-5p","NAP1L5","266812","ENSG00000177432","-0.263","predicted"
4,"hsa-miR-136-5p","CUCCAUU",5,"targetscan","MIMAT0000448","hsa-miR-136-5p","MED28","80306","ENSG00000118579","-0.264","predicted"
4,"hsa-miR-136-5p","CUCCAUU",5,"targetscan","MIMAT0000448","hsa-miR-136-5p","UBD","10537","ENSG00000213886","-0.264","predicted"
4,"hsa-miR-136-5p","CUCCAUU",5,"targetscan","MIMAT0000448","hsa-miR-136-5p","RNF139","11236","ENSG00000170881","-0.264","predicted"
4,"hsa-miR-136-5p","CUCCAUU",5,"targetscan","MIMAT0000448","hsa-miR-136-5p","PPDPF","79144","ENSG00000125534","-0.264","predicted"
4,"hsa-miR-136-5p","CUCCAUU",5,"targetscan","MIMAT0000448","hsa-miR-136-5p","ITGA8","8516","ENSG00000077943","-0.264","predicted"
4,"hsa-miR-136-5p","CUCCAUU",5,"targetscan","MIMAT0000448","hsa-miR-136-5p","SETX","23064","ENSG00000107290","-0.265","predicted"
4,"hsa-miR-136-5p","CUCCAUU",5,"targetscan","MIMAT0000448","hsa-miR-136-5p","SLC35E4","339665","ENSG00000100036","-0.266","predicted"
4,"hsa-miR-136-5p","CUCCAUU",5,"targetscan","MIMAT0000448","hsa-miR-136-5p","BTNL8","79908","ENSG00000113303","-0.266","predicted"
4,"hsa-miR-136-5p","CUCCAUU",5,"targetscan","MIMAT0000448","hsa-miR-136-5p","C1QTNF7","114905","ENSG00000163145","-0.266","predicted"
4,"hsa-miR-136-5p","CUCCAUU",5,"targetscan","MIMAT0000448","hsa-miR-136-5p","ZFP14","57677","ENSG00000142065","-0.267","predicted"
4,"hsa-miR-136-5p","CUCCAUU",5,"targetscan","MIMAT0000448","hsa-miR-136-5p","RPL24","6152","ENSG00000114391","-0.267","predicted"
4,"hsa-miR-136-5p","CUCCAUU",5,"targetscan","MIMAT0000448","hsa-miR-136-5p","MEI4","101928601","ENSG00000269964","-0.267","predicted"
4,"hsa-miR-136-5p","CUCCAUU",5,"targetscan","MIMAT0000448","hsa-miR-136-5p","SLC33A1","9197","ENSG00000169359","-0.268","predicted"
4,"hsa-miR-136-5p","CUCCAUU",5,"targetscan","MIMAT0000448","hsa-miR-136-5p","CCDC171","203238","ENSG00000164989","-0.268","predicted"
4,"hsa-miR-136-5p","CUCCAUU",5,"targetscan","MIMAT0000448","hsa-miR-136-5p","HSD17B12","51144","ENSG00000149084","-0.269","predicted"
4,"hsa-miR-136-5p","CUCCAUU",5,"targetscan","MIMAT0000448","hsa-miR-136-5p","ANKRD46","157567","ENSG00000186106","-0.269","predicted"
4,"hsa-miR-136-5p","CUCCAUU",5,"targetscan","MIMAT0000448","hsa-miR-136-5p","SIGLEC14","100049587","ENSG00000254415","-0.269","predicted"
4,"hsa-miR-136-5p","CUCCAUU",5,"targetscan","MIMAT0000448","hsa-miR-136-5p","PRDM5","11107","ENSG00000138738","-0.269","predicted"
4,"hsa-miR-136-5p","CUCCAUU",5,"targetscan","MIMAT0000448","hsa-miR-136-5p","FGF1","2246","ENSG00000113578","-0.27","predicted"
4,"hsa-miR-136-5p","CUCCAUU",5,"targetscan","MIMAT0000448","hsa-miR-136-5p","BTN3A1","11119","ENSG00000026950","-0.27","predicted"
4,"hsa-miR-136-5p","CUCCAUU",5,"targetscan","MIMAT0000448","hsa-miR-136-5p","AP3M1","26985","ENSG00000185009","-0.27","predicted"
4,"hsa-miR-136-5p","CUCCAUU",5,"targetscan","MIMAT0000448","hsa-miR-136-5p","CYTL1","54360","ENSG00000170891","-0.27","predicted"
4,"hsa-miR-136-5p","CUCCAUU",5,"targetscan","MIMAT0000448","hsa-miR-136-5p","CNPY1","285888","ENSG00000146910","-0.27","predicted"
4,"hsa-miR-136-5p","CUCCAUU",5,"targetscan","MIMAT0000448","hsa-miR-136-5p","RHD","6007","ENSG00000187010","-0.27","predicted"
4,"hsa-miR-136-5p","CUCCAUU",5,"targetscan","MIMAT0000448","hsa-miR-136-5p","LCE2A","353139","ENSG00000187173","-0.27","predicted"
4,"hsa-miR-136-5p","CUCCAUU",5,"targetscan","MIMAT0000448","hsa-miR-136-5p","IER5","51278","ENSG00000162783","-0.271","predicted"
4,"hsa-miR-136-5p","CUCCAUU",5,"targetscan","MIMAT0000448","hsa-miR-136-5p","GPT2","84706","ENSG00000166123","-0.271","predicted"
4,"hsa-miR-136-5p","CUCCAUU",5,"targetscan","MIMAT0000448","hsa-miR-136-5p","CNDP1","84735","ENSG00000150656","-0.271","predicted"
4,"hsa-miR-136-5p","CUCCAUU",5,"targetscan","MIMAT0000448","hsa-miR-136-5p","PNRC2","55629","ENSG00000189266","-0.271","predicted"
4,"hsa-miR-136-5p","CUCCAUU",5,"targetscan","MIMAT0000448","hsa-miR-136-5p","GTF2I","","ENSG00000077809","-0.271","predicted"
4,"hsa-miR-136-5p","CUCCAUU",5,"targetscan","MIMAT0000448","hsa-miR-136-5p","IGFBP4","3487","ENSG00000141753","-0.272","predicted"
4,"hsa-miR-136-5p","CUCCAUU",5,"targetscan","MIMAT0000448","hsa-miR-136-5p","CDC14A","8556","ENSG00000079335","-0.272","predicted"
4,"hsa-miR-136-5p","CUCCAUU",5,"targetscan","MIMAT0000448","hsa-miR-136-5p","PRR15L","79170","ENSG00000167183","-0.273","predicted"
4,"hsa-miR-136-5p","CUCCAUU",5,"targetscan","MIMAT0000448","hsa-miR-136-5p","PAQR8","85315","ENSG00000170915","-0.273","predicted"
4,"hsa-miR-136-5p","CUCCAUU",5,"targetscan","MIMAT0000448","hsa-miR-136-5p","NLRP10","338322","ENSG00000182261","-0.273","predicted"
4,"hsa-miR-136-5p","CUCCAUU",5,"targetscan","MIMAT0000448","hsa-miR-136-5p","TMEM78","677790","ENSG00000177800","-0.274","predicted"
4,"hsa-miR-136-5p","CUCCAUU",5,"targetscan","MIMAT0000448","hsa-miR-136-5p","SEPHS1","22929","ENSG00000086475","-0.275","predicted"
4,"hsa-miR-136-5p","CUCCAUU",5,"targetscan","MIMAT0000448","hsa-miR-136-5p","KCNJ13","3769","ENSG00000115474","-0.275","predicted"
4,"hsa-miR-136-5p","CUCCAUU",5,"targetscan","MIMAT0000448","hsa-miR-136-5p","ZFP37","7539","ENSG00000136866","-0.275","predicted"
4,"hsa-miR-136-5p","CUCCAUU",5,"targetscan","MIMAT0000448","hsa-miR-136-5p","PPP2R2A","5520","ENSG00000221914","-0.276","predicted"
4,"hsa-miR-136-5p","CUCCAUU",5,"targetscan","MIMAT0000448","hsa-miR-136-5p","TIMM9","26520","ENSG00000100575","-0.276","predicted"
4,"hsa-miR-136-5p","CUCCAUU",5,"targetscan","MIMAT0000448","hsa-miR-136-5p","BRWD1","54014","ENSG00000185658","-0.276","predicted"
4,"hsa-miR-136-5p","CUCCAUU",5,"targetscan","MIMAT0000448","hsa-miR-136-5p","RHOH","399","ENSG00000168421","-0.276","predicted"
4,"hsa-miR-136-5p","CUCCAUU",5,"targetscan","MIMAT0000448","hsa-miR-136-5p","PLA2G2C","391013","ENSG00000187980","-0.276","predicted"
4,"hsa-miR-136-5p","CUCCAUU",5,"targetscan","MIMAT0000448","hsa-miR-136-5p","RADIL","55698","ENSG00000157927","-0.277","predicted"
4,"hsa-miR-136-5p","CUCCAUU",5,"targetscan","MIMAT0000448","hsa-miR-136-5p","CPEB2","132864","ENSG00000137449","-0.277","predicted"
4,"hsa-miR-136-5p","CUCCAUU",5,"targetscan","MIMAT0000448","hsa-miR-136-5p","NDUFA4","4697","ENSG00000189043","-0.278","predicted"
4,"hsa-miR-136-5p","CUCCAUU",5,"targetscan","MIMAT0000448","hsa-miR-136-5p","AKTIP","64400","ENSG00000166971","-0.278","predicted"
4,"hsa-miR-136-5p","CUCCAUU",5,"targetscan","MIMAT0000448","hsa-miR-136-5p","ABCC12","94160","ENSG00000140798","-0.278","predicted"
4,"hsa-miR-136-5p","CUCCAUU",5,"targetscan","MIMAT0000448","hsa-miR-136-5p","PLAAT3","11145","ENSG00000176485","-0.278","predicted"
4,"hsa-miR-136-5p","CUCCAUU",5,"targetscan","MIMAT0000448","hsa-miR-136-5p","ZNF488","","ENSG00000165388","-0.278","predicted"
4,"hsa-miR-136-5p","CUCCAUU",5,"targetscan","MIMAT0000448","hsa-miR-136-5p","LINC02656","","ENSG00000212743","-0.278","predicted"
4,"hsa-miR-136-5p","CUCCAUU",5,"targetscan","MIMAT0000448","hsa-miR-136-5p","ZNF215","7762","ENSG00000149054","-0.279","predicted"
4,"hsa-miR-136-5p","CUCCAUU",5,"targetscan","MIMAT0000448","hsa-miR-136-5p","UBE2D4","51619","ENSG00000078967","-0.279","predicted"
4,"hsa-miR-136-5p","CUCCAUU",5,"targetscan","MIMAT0000448","hsa-miR-136-5p","ALS2","57679","ENSG00000003393","-0.28","predicted"
4,"hsa-miR-136-5p","CUCCAUU",5,"targetscan","MIMAT0000448","hsa-miR-136-5p","C5orf63","401207","ENSG00000164241","-0.28","predicted"
4,"hsa-miR-136-5p","CUCCAUU",5,"targetscan","MIMAT0000448","hsa-miR-136-5p","MPZL1","9019","ENSG00000197965","-0.281","predicted"
4,"hsa-miR-136-5p","CUCCAUU",5,"targetscan","MIMAT0000448","hsa-miR-136-5p","ZFAND1","79752","ENSG00000104231","-0.281","predicted"
4,"hsa-miR-136-5p","CUCCAUU",5,"targetscan","MIMAT0000448","hsa-miR-136-5p","TTI2","80185","ENSG00000129696","-0.281","predicted"
4,"hsa-miR-136-5p","CUCCAUU",5,"targetscan","MIMAT0000448","hsa-miR-136-5p","INSL4","3641","ENSG00000120211","-0.282","predicted"
4,"hsa-miR-136-5p","CUCCAUU",5,"targetscan","MIMAT0000448","hsa-miR-136-5p","CDH7","1005","ENSG00000081138","-0.282","predicted"
4,"hsa-miR-136-5p","CUCCAUU",5,"targetscan","MIMAT0000448","hsa-miR-136-5p","MTERF2","80298","ENSG00000120832","-0.282","predicted"
4,"hsa-miR-136-5p","CUCCAUU",5,"targetscan","MIMAT0000448","hsa-miR-136-5p","STMND1","401236","ENSG00000230873","-0.283","predicted"
4,"hsa-miR-136-5p","CUCCAUU",5,"targetscan","MIMAT0000448","hsa-miR-136-5p","ACSM3","6296","ENSG00000005187","-0.283","predicted"
4,"hsa-miR-136-5p","CUCCAUU",5,"targetscan","MIMAT0000448","hsa-miR-136-5p","MIEF2","125170","ENSG00000177427","-0.283","predicted"
4,"hsa-miR-136-5p","CUCCAUU",5,"targetscan","MIMAT0000448","hsa-miR-136-5p","TNRC6A","27327","ENSG00000090905","-0.284","predicted"
4,"hsa-miR-136-5p","CUCCAUU",5,"targetscan","MIMAT0000448","hsa-miR-136-5p","IFNGR1","3459","ENSG00000027697","-0.284","predicted"
4,"hsa-miR-136-5p","CUCCAUU",5,"targetscan","MIMAT0000448","hsa-miR-136-5p","CD300LD-AS1","146723","ENSG00000182352","-0.284","predicted"
4,"hsa-miR-136-5p","CUCCAUU",5,"targetscan","MIMAT0000448","hsa-miR-136-5p","SUCLG2","8801","ENSG00000172340","-0.285","predicted"
4,"hsa-miR-136-5p","CUCCAUU",5,"targetscan","MIMAT0000448","hsa-miR-136-5p","PPP1R14C","81706","ENSG00000198729","-0.285","predicted"
4,"hsa-miR-136-5p","CUCCAUU",5,"targetscan","MIMAT0000448","hsa-miR-136-5p","SHISA4","149345","ENSG00000198892","-0.285","predicted"
4,"hsa-miR-136-5p","CUCCAUU",5,"targetscan","MIMAT0000448","hsa-miR-136-5p","C18orf32","497661","ENSG00000177576","-0.285","predicted"
4,"hsa-miR-136-5p","CUCCAUU",5,"targetscan","MIMAT0000448","hsa-miR-136-5p","ZNF281","23528","ENSG00000162702","-0.286","predicted"
4,"hsa-miR-136-5p","CUCCAUU",5,"targetscan","MIMAT0000448","hsa-miR-136-5p","TMEM50B","757","ENSG00000142188","-0.287","predicted"
4,"hsa-miR-136-5p","CUCCAUU",5,"targetscan","MIMAT0000448","hsa-miR-136-5p","RNF2","6045","ENSG00000121481","-0.287","predicted"
4,"hsa-miR-136-5p","CUCCAUU",5,"targetscan","MIMAT0000448","hsa-miR-136-5p","CPPED1","55313","ENSG00000103381","-0.288","predicted"
4,"hsa-miR-136-5p","CUCCAUU",5,"targetscan","MIMAT0000448","hsa-miR-136-5p","NUBPL","80224","ENSG00000151413","-0.288","predicted"
4,"hsa-miR-136-5p","CUCCAUU",5,"targetscan","MIMAT0000448","hsa-miR-136-5p","TMEM223","79064","ENSG00000168569","-0.288","predicted"
4,"hsa-miR-136-5p","CUCCAUU",5,"targetscan","MIMAT0000448","hsa-miR-136-5p","BTN3A2","11118","ENSG00000186470","-0.288","predicted"
4,"hsa-miR-136-5p","CUCCAUU",5,"targetscan","MIMAT0000448","hsa-miR-136-5p","CASP10","843","ENSG00000003400","-0.288","predicted"
4,"hsa-miR-136-5p","CUCCAUU",5,"targetscan","MIMAT0000448","hsa-miR-136-5p","PLGLB2","5342","ENSG00000125551","-0.288","predicted"
4,"hsa-miR-136-5p","CUCCAUU",5,"targetscan","MIMAT0000448","hsa-miR-136-5p","F2RL2","2151","ENSG00000164220","-0.288","predicted"
4,"hsa-miR-136-5p","CUCCAUU",5,"targetscan","MIMAT0000448","hsa-miR-136-5p","L3MBTL1","26013","ENSG00000185513","-0.288","predicted"
4,"hsa-miR-136-5p","CUCCAUU",5,"targetscan","MIMAT0000448","hsa-miR-136-5p","MAP3K6","9064","ENSG00000142733","-0.289","predicted"
4,"hsa-miR-136-5p","CUCCAUU",5,"targetscan","MIMAT0000448","hsa-miR-136-5p","ENPP3","5169","ENSG00000154269","-0.289","predicted"
4,"hsa-miR-136-5p","CUCCAUU",5,"targetscan","MIMAT0000448","hsa-miR-136-5p","PSMD7","5713","ENSG00000103035","-0.29","predicted"
4,"hsa-miR-136-5p","CUCCAUU",5,"targetscan","MIMAT0000448","hsa-miR-136-5p","POP5","51367","ENSG00000167272","-0.29","predicted"
4,"hsa-miR-136-5p","CUCCAUU",5,"targetscan","MIMAT0000448","hsa-miR-136-5p","PLGLB1","5343","ENSG00000183281","-0.29","predicted"
4,"hsa-miR-136-5p","CUCCAUU",5,"targetscan","MIMAT0000448","hsa-miR-136-5p","IGSF1","3547","ENSG00000147255","-0.291","predicted"
4,"hsa-miR-136-5p","CUCCAUU",5,"targetscan","MIMAT0000448","hsa-miR-136-5p","HS3ST3A1","9955","ENSG00000153976","-0.291","predicted"
4,"hsa-miR-136-5p","CUCCAUU",5,"targetscan","MIMAT0000448","hsa-miR-136-5p","BBS1","582","ENSG00000174483","-0.291","predicted"
4,"hsa-miR-136-5p","CUCCAUU",5,"targetscan","MIMAT0000448","hsa-miR-136-5p","ENAH","55740","ENSG00000154380","-0.292","predicted"
4,"hsa-miR-136-5p","CUCCAUU",5,"targetscan","MIMAT0000448","hsa-miR-136-5p","INSC","387755","ENSG00000188487","-0.292","predicted"
4,"hsa-miR-136-5p","CUCCAUU",5,"targetscan","MIMAT0000448","hsa-miR-136-5p","POTEI","653269","ENSG00000196834","-0.292","predicted"
4,"hsa-miR-136-5p","CUCCAUU",5,"targetscan","MIMAT0000448","hsa-miR-136-5p","MARCHF5","54708","ENSG00000198060","-0.292","predicted"
4,"hsa-miR-136-5p","CUCCAUU",5,"targetscan","MIMAT0000448","hsa-miR-136-5p","UBE3D","90025","ENSG00000118420","-0.293","predicted"
4,"hsa-miR-136-5p","CUCCAUU",5,"targetscan","MIMAT0000448","hsa-miR-136-5p","GOLT1B","51026","ENSG00000111711","-0.294","predicted"
4,"hsa-miR-136-5p","CUCCAUU",5,"targetscan","MIMAT0000448","hsa-miR-136-5p","KCTD17","79734","ENSG00000100379","-0.294","predicted"
4,"hsa-miR-136-5p","CUCCAUU",5,"targetscan","MIMAT0000448","hsa-miR-136-5p","TMEM123","114908","ENSG00000152558","-0.294","predicted"
4,"hsa-miR-136-5p","CUCCAUU",5,"targetscan","MIMAT0000448","hsa-miR-136-5p","TRIM52","84851","ENSG00000183718","-0.294","predicted"
4,"hsa-miR-136-5p","CUCCAUU",5,"targetscan","MIMAT0000448","hsa-miR-136-5p","NR2F2","7026","ENSG00000185551","-0.295","predicted"
4,"hsa-miR-136-5p","CUCCAUU",5,"targetscan","MIMAT0000448","hsa-miR-136-5p","CCDC18","343099","ENSG00000122483","-0.295","predicted"
4,"hsa-miR-136-5p","CUCCAUU",5,"targetscan","MIMAT0000448","hsa-miR-136-5p","TP53AIP1","63970","ENSG00000120471","-0.296","predicted"
4,"hsa-miR-136-5p","CUCCAUU",5,"targetscan","MIMAT0000448","hsa-miR-136-5p","ZNF440","126070","ENSG00000171295","-0.296","predicted"
4,"hsa-miR-136-5p","CUCCAUU",5,"targetscan","MIMAT0000448","hsa-miR-136-5p","RTL8A","26071","ENSG00000203950","-0.296","predicted"
4,"hsa-miR-136-5p","CUCCAUU",5,"targetscan","MIMAT0000448","hsa-miR-136-5p","KLHDC8A","55220","ENSG00000162873","-0.297","predicted"
4,"hsa-miR-136-5p","CUCCAUU",5,"targetscan","MIMAT0000448","hsa-miR-136-5p","","","ENSG00000272297","-0.297","predicted"
4,"hsa-miR-136-5p","CUCCAUU",5,"targetscan","MIMAT0000448","hsa-miR-136-5p","P2RY2","5029","ENSG00000175591","-0.298","predicted"
4,"hsa-miR-136-5p","CUCCAUU",5,"targetscan","MIMAT0000448","hsa-miR-136-5p","AC139426.2","","ENSG00000233812","-0.298","predicted"
4,"hsa-miR-136-5p","CUCCAUU",5,"targetscan","MIMAT0000448","hsa-miR-136-5p","PCDHB14","56122","ENSG00000120327","-0.299","predicted"
4,"hsa-miR-136-5p","CUCCAUU",5,"targetscan","MIMAT0000448","hsa-miR-136-5p","KCNAB1","7881","ENSG00000169282","-0.299","predicted"
4,"hsa-miR-136-5p","CUCCAUU",5,"targetscan","MIMAT0000448","hsa-miR-136-5p","SNAP47","116841","ENSG00000143740","-0.299","predicted"
4,"hsa-miR-136-5p","CUCCAUU",5,"targetscan","MIMAT0000448","hsa-miR-136-5p","MTRFR","91574","ENSG00000130921","-0.299","predicted"
4,"hsa-miR-136-5p","CUCCAUU",5,"targetscan","MIMAT0000448","hsa-miR-136-5p","MAGT1","84061","ENSG00000102158","-0.3","predicted"
4,"hsa-miR-136-5p","CUCCAUU",5,"targetscan","MIMAT0000448","hsa-miR-136-5p","NT5C1A","84618","ENSG00000116981","-0.3","predicted"
4,"hsa-miR-136-5p","CUCCAUU",5,"targetscan","MIMAT0000448","hsa-miR-136-5p","PYCARD","29108","ENSG00000103490","-0.301","predicted"
4,"hsa-miR-136-5p","CUCCAUU",5,"targetscan","MIMAT0000448","hsa-miR-136-5p","COL6A6","131873","ENSG00000206384","-0.301","predicted"
4,"hsa-miR-136-5p","CUCCAUU",5,"targetscan","MIMAT0000448","hsa-miR-136-5p","FGF19","9965","ENSG00000162344","-0.301","predicted"
4,"hsa-miR-136-5p","CUCCAUU",5,"targetscan","MIMAT0000448","hsa-miR-136-5p","EBI3","10148","ENSG00000105246","-0.301","predicted"
4,"hsa-miR-136-5p","CUCCAUU",5,"targetscan","MIMAT0000448","hsa-miR-136-5p","MEX3C","51320","ENSG00000176624","-0.302","predicted"
4,"hsa-miR-136-5p","CUCCAUU",5,"targetscan","MIMAT0000448","hsa-miR-136-5p","RIN2","54453","ENSG00000132669","-0.302","predicted"
4,"hsa-miR-136-5p","CUCCAUU",5,"targetscan","MIMAT0000448","hsa-miR-136-5p","PPP4R1L","55370","ENSG00000124224","-0.302","predicted"
4,"hsa-miR-136-5p","CUCCAUU",5,"targetscan","MIMAT0000448","hsa-miR-136-5p","DYNC2H1","79659","ENSG00000187240","-0.302","predicted"
4,"hsa-miR-136-5p","CUCCAUU",5,"targetscan","MIMAT0000448","hsa-miR-136-5p","KIF12","113220","ENSG00000136883","-0.302","predicted"
4,"hsa-miR-136-5p","CUCCAUU",5,"targetscan","MIMAT0000448","hsa-miR-136-5p","CD3G","917","ENSG00000160654","-0.303","predicted"
4,"hsa-miR-136-5p","CUCCAUU",5,"targetscan","MIMAT0000448","hsa-miR-136-5p","ZNF525","170958","ENSG00000203326","-0.303","predicted"
4,"hsa-miR-136-5p","CUCCAUU",5,"targetscan","MIMAT0000448","hsa-miR-136-5p","GLE1","2733","ENSG00000119392","-0.304","predicted"
4,"hsa-miR-136-5p","CUCCAUU",5,"targetscan","MIMAT0000448","hsa-miR-136-5p","TMEM106B","54664","ENSG00000106460","-0.304","predicted"
4,"hsa-miR-136-5p","CUCCAUU",5,"targetscan","MIMAT0000448","hsa-miR-136-5p","APOB","338","ENSG00000084674","-0.304","predicted"
4,"hsa-miR-136-5p","CUCCAUU",5,"targetscan","MIMAT0000448","hsa-miR-136-5p","ANGPTL3","27329","ENSG00000132855","-0.304","predicted"
4,"hsa-miR-136-5p","CUCCAUU",5,"targetscan","MIMAT0000448","hsa-miR-136-5p","","582","ENSG00000256349","-0.304","predicted"
4,"hsa-miR-136-5p","CUCCAUU",5,"targetscan","MIMAT0000448","hsa-miR-136-5p","IFI16","3428","ENSG00000163565","-0.305","predicted"
4,"hsa-miR-136-5p","CUCCAUU",5,"targetscan","MIMAT0000448","hsa-miR-136-5p","MRPL51","51258","ENSG00000111639","-0.305","predicted"
4,"hsa-miR-136-5p","CUCCAUU",5,"targetscan","MIMAT0000448","hsa-miR-136-5p","EMCN","51705","ENSG00000164035","-0.306","predicted"
4,"hsa-miR-136-5p","CUCCAUU",5,"targetscan","MIMAT0000448","hsa-miR-136-5p","PPP6R1","22870","ENSG00000105063","-0.306","predicted"
4,"hsa-miR-136-5p","CUCCAUU",5,"targetscan","MIMAT0000448","hsa-miR-136-5p","PTPN20","26095","ENSG00000204179","-0.306","predicted"
4,"hsa-miR-136-5p","CUCCAUU",5,"targetscan","MIMAT0000448","hsa-miR-136-5p","PTPN20B","","ENSG00000183675","-0.306","predicted"
4,"hsa-miR-136-5p","CUCCAUU",5,"targetscan","MIMAT0000448","hsa-miR-136-5p","STRN3","29966","ENSG00000196792","-0.307","predicted"
4,"hsa-miR-136-5p","CUCCAUU",5,"targetscan","MIMAT0000448","hsa-miR-136-5p","H2BC4","8347","ENSG00000180596","-0.308","predicted"
4,"hsa-miR-136-5p","CUCCAUU",5,"targetscan","MIMAT0000448","hsa-miR-136-5p","MAGEB4","4115","ENSG00000120289","-0.309","predicted"
4,"hsa-miR-136-5p","CUCCAUU",5,"targetscan","MIMAT0000448","hsa-miR-136-5p","AVIL","10677","ENSG00000135407","-0.31","predicted"
4,"hsa-miR-136-5p","CUCCAUU",5,"targetscan","MIMAT0000448","hsa-miR-136-5p","OSBP","5007","ENSG00000110048","-0.314","predicted"
4,"hsa-miR-136-5p","CUCCAUU",5,"targetscan","MIMAT0000448","hsa-miR-136-5p","BEST3","144453","ENSG00000127325","-0.314","predicted"
4,"hsa-miR-136-5p","CUCCAUU",5,"targetscan","MIMAT0000448","hsa-miR-136-5p","SLFN12L","100506736","ENSG00000205045","-0.314","predicted"
4,"hsa-miR-136-5p","CUCCAUU",5,"targetscan","MIMAT0000448","hsa-miR-136-5p","GNAS","2778","ENSG00000087460","-0.315","predicted"
4,"hsa-miR-136-5p","CUCCAUU",5,"targetscan","MIMAT0000448","hsa-miR-136-5p","TVP23B","51030","ENSG00000171928","-0.315","predicted"
4,"hsa-miR-136-5p","CUCCAUU",5,"targetscan","MIMAT0000448","hsa-miR-136-5p","AL589765.1","","ENSG00000240510","-0.315","predicted"
4,"hsa-miR-136-5p","CUCCAUU",5,"targetscan","MIMAT0000448","hsa-miR-136-5p","TMEM65","157378","ENSG00000164983","-0.316","predicted"
4,"hsa-miR-136-5p","CUCCAUU",5,"targetscan","MIMAT0000448","hsa-miR-136-5p","TPD52","7163","ENSG00000076554","-0.317","predicted"
4,"hsa-miR-136-5p","CUCCAUU",5,"targetscan","MIMAT0000448","hsa-miR-136-5p","TPD52","124188259","ENSG00000076554","-0.317","predicted"
4,"hsa-miR-136-5p","CUCCAUU",5,"targetscan","MIMAT0000448","hsa-miR-136-5p","SNX24","28966","ENSG00000064652","-0.318","predicted"
4,"hsa-miR-136-5p","CUCCAUU",5,"targetscan","MIMAT0000448","hsa-miR-136-5p","SLC15A4","121260","ENSG00000139370","-0.319","predicted"
4,"hsa-miR-136-5p","CUCCAUU",5,"targetscan","MIMAT0000448","hsa-miR-136-5p","MTHFS","10588","ENSG00000136371","-0.319","predicted"
4,"hsa-miR-136-5p","CUCCAUU",5,"targetscan","MIMAT0000448","hsa-miR-136-5p","PITPNB","23760","ENSG00000180957","-0.319","predicted"
4,"hsa-miR-136-5p","CUCCAUU",5,"targetscan","MIMAT0000448","hsa-miR-136-5p","GRIK1-AS2","","ENSG00000183653","-0.319","predicted"
4,"hsa-miR-136-5p","CUCCAUU",5,"targetscan","MIMAT0000448","hsa-miR-136-5p","KCNS3","3790","ENSG00000170745","-0.32","predicted"
4,"hsa-miR-136-5p","CUCCAUU",5,"targetscan","MIMAT0000448","hsa-miR-136-5p","GJA5","101060613","ENSG00000143140","-0.32","predicted"
4,"hsa-miR-136-5p","CUCCAUU",5,"targetscan","MIMAT0000448","hsa-miR-136-5p","CEP57","9702","ENSG00000166037","-0.32","predicted"
4,"hsa-miR-136-5p","CUCCAUU",5,"targetscan","MIMAT0000448","hsa-miR-136-5p","FAM120A","23196","ENSG00000048828","-0.322","predicted"
4,"hsa-miR-136-5p","CUCCAUU",5,"targetscan","MIMAT0000448","hsa-miR-136-5p","PCBD2","84105","ENSG00000132570","-0.322","predicted"
4,"hsa-miR-136-5p","CUCCAUU",5,"targetscan","MIMAT0000448","hsa-miR-136-5p","PPP2R2A","5520","ENSG00000221914","-0.323","predicted"
4,"hsa-miR-136-5p","CUCCAUU",5,"targetscan","MIMAT0000448","hsa-miR-136-5p","SAMD7","344658","ENSG00000187033","-0.323","predicted"
4,"hsa-miR-136-5p","CUCCAUU",5,"targetscan","MIMAT0000448","hsa-miR-136-5p","TMEM33","55161","ENSG00000109133","-0.324","predicted"
4,"hsa-miR-136-5p","CUCCAUU",5,"targetscan","MIMAT0000448","hsa-miR-136-5p","EXOC4","60412","ENSG00000131558","-0.324","predicted"
4,"hsa-miR-136-5p","CUCCAUU",5,"targetscan","MIMAT0000448","hsa-miR-136-5p","ST20-MTHFS","100528021","ENSG00000259332","-0.324","predicted"
4,"hsa-miR-136-5p","CUCCAUU",5,"targetscan","MIMAT0000448","hsa-miR-136-5p","VMAC","400673","ENSG00000187650","-0.325","predicted"
4,"hsa-miR-136-5p","CUCCAUU",5,"targetscan","MIMAT0000448","hsa-miR-136-5p","TPBG","7162","ENSG00000146242","-0.326","predicted"
4,"hsa-miR-136-5p","CUCCAUU",5,"targetscan","MIMAT0000448","hsa-miR-136-5p","ERGIC2","51290","ENSG00000087502","-0.326","predicted"
4,"hsa-miR-136-5p","CUCCAUU",5,"targetscan","MIMAT0000448","hsa-miR-136-5p","B3GNT5","84002","ENSG00000176597","-0.326","predicted"
4,"hsa-miR-136-5p","CUCCAUU",5,"targetscan","MIMAT0000448","hsa-miR-136-5p","DYRK4","8798","ENSG00000010219","-0.326","predicted"
4,"hsa-miR-136-5p","CUCCAUU",5,"targetscan","MIMAT0000448","hsa-miR-136-5p","RSPO3","84870","ENSG00000146374","-0.328","predicted"
4,"hsa-miR-136-5p","CUCCAUU",5,"targetscan","MIMAT0000448","hsa-miR-136-5p","OR4D1","26689","ENSG00000141194","-0.328","predicted"
4,"hsa-miR-136-5p","CUCCAUU",5,"targetscan","MIMAT0000448","hsa-miR-136-5p","HTR7","3363","ENSG00000148680","-0.329","predicted"
4,"hsa-miR-136-5p","CUCCAUU",5,"targetscan","MIMAT0000448","hsa-miR-136-5p","APOL4","80832","ENSG00000100336","-0.329","predicted"
4,"hsa-miR-136-5p","CUCCAUU",5,"targetscan","MIMAT0000448","hsa-miR-136-5p","CABP4","57010","ENSG00000175544","-0.329","predicted"
4,"hsa-miR-136-5p","CUCCAUU",5,"targetscan","MIMAT0000448","hsa-miR-136-5p","ELP3","55140","ENSG00000134014","-0.33","predicted"
4,"hsa-miR-136-5p","CUCCAUU",5,"targetscan","MIMAT0000448","hsa-miR-136-5p","DNAI7","55259","ENSG00000118307","-0.33","predicted"
4,"hsa-miR-136-5p","CUCCAUU",5,"targetscan","MIMAT0000448","hsa-miR-136-5p","C4orf19","55286","ENSG00000154274","-0.332","predicted"
4,"hsa-miR-136-5p","CUCCAUU",5,"targetscan","MIMAT0000448","hsa-miR-136-5p","ZNF225","7768","ENSG00000256294","-0.332","predicted"
4,"hsa-miR-136-5p","CUCCAUU",5,"targetscan","MIMAT0000448","hsa-miR-136-5p","SGIP1","84251","ENSG00000118473","-0.333","predicted"
4,"hsa-miR-136-5p","CUCCAUU",5,"targetscan","MIMAT0000448","hsa-miR-136-5p","TPM3","7170","ENSG00000143549","-0.334","predicted"
4,"hsa-miR-136-5p","CUCCAUU",5,"targetscan","MIMAT0000448","hsa-miR-136-5p","ILF3","3609","ENSG00000129351","-0.335","predicted"
4,"hsa-miR-136-5p","CUCCAUU",5,"targetscan","MIMAT0000448","hsa-miR-136-5p","HSD17B10","3028","ENSG00000072506","-0.336","predicted"
4,"hsa-miR-136-5p","CUCCAUU",5,"targetscan","MIMAT0000448","hsa-miR-136-5p","MON2","23041","ENSG00000061987","-0.336","predicted"
4,"hsa-miR-136-5p","CUCCAUU",5,"targetscan","MIMAT0000448","hsa-miR-136-5p","IPCEF1","26034","ENSG00000074706","-0.337","predicted"
4,"hsa-miR-136-5p","CUCCAUU",5,"targetscan","MIMAT0000448","hsa-miR-136-5p","AMT","275","ENSG00000145020","-0.338","predicted"
4,"hsa-miR-136-5p","CUCCAUU",5,"targetscan","MIMAT0000448","hsa-miR-136-5p","PMP22","5376","ENSG00000109099","-0.338","predicted"
4,"hsa-miR-136-5p","CUCCAUU",5,"targetscan","MIMAT0000448","hsa-miR-136-5p","ELOVL2","54898","ENSG00000197977","-0.339","predicted"
4,"hsa-miR-136-5p","CUCCAUU",5,"targetscan","MIMAT0000448","hsa-miR-136-5p","PLEKHF2","79666","ENSG00000175895","-0.34","predicted"
4,"hsa-miR-136-5p","CUCCAUU",5,"targetscan","MIMAT0000448","hsa-miR-136-5p","ZNF668","79759","ENSG00000167394","-0.34","predicted"
4,"hsa-miR-136-5p","CUCCAUU",5,"targetscan","MIMAT0000448","hsa-miR-136-5p","OR13H1","347468","ENSG00000171054","-0.341","predicted"
4,"hsa-miR-136-5p","CUCCAUU",5,"targetscan","MIMAT0000448","hsa-miR-136-5p","POLR2D","5433","ENSG00000144231","-0.342","predicted"
4,"hsa-miR-136-5p","CUCCAUU",5,"targetscan","MIMAT0000448","hsa-miR-136-5p","ZNF655","79027","ENSG00000197343","-0.342","predicted"
4,"hsa-miR-136-5p","CUCCAUU",5,"targetscan","MIMAT0000448","hsa-miR-136-5p","ZKSCAN7","55888","ENSG00000196345","-0.344","predicted"
4,"hsa-miR-136-5p","CUCCAUU",5,"targetscan","MIMAT0000448","hsa-miR-136-5p","APOL2","23780","ENSG00000128335","-0.345","predicted"
4,"hsa-miR-136-5p","CUCCAUU",5,"targetscan","MIMAT0000448","hsa-miR-136-5p","RPUSD4","84881","ENSG00000165526","-0.345","predicted"
4,"hsa-miR-136-5p","CUCCAUU",5,"targetscan","MIMAT0000448","hsa-miR-136-5p","IP6K1","9807","ENSG00000176095","-0.345","predicted"
4,"hsa-miR-136-5p","CUCCAUU",5,"targetscan","MIMAT0000448","hsa-miR-136-5p","CTTNBP2","83992","ENSG00000077063","-0.345","predicted"
4,"hsa-miR-136-5p","CUCCAUU",5,"targetscan","MIMAT0000448","hsa-miR-136-5p","TWSG1","57045","ENSG00000128791","-0.346","predicted"
4,"hsa-miR-136-5p","CUCCAUU",5,"targetscan","MIMAT0000448","hsa-miR-136-5p","C10orf12","26148","ENSG00000155640","-0.346","predicted"
4,"hsa-miR-136-5p","CUCCAUU",5,"targetscan","MIMAT0000448","hsa-miR-136-5p","","","ENSG00000214919","-0.346","predicted"
4,"hsa-miR-136-5p","CUCCAUU",5,"targetscan","MIMAT0000448","hsa-miR-136-5p","MICOS10","440574","ENSG00000173436","-0.346","predicted"
4,"hsa-miR-136-5p","CUCCAUU",5,"targetscan","MIMAT0000448","hsa-miR-136-5p","EXOSC2","23404","ENSG00000130713","-0.347","predicted"
4,"hsa-miR-136-5p","CUCCAUU",5,"targetscan","MIMAT0000448","hsa-miR-136-5p","SYNC","81493","ENSG00000162520","-0.347","predicted"
4,"hsa-miR-136-5p","CUCCAUU",5,"targetscan","MIMAT0000448","hsa-miR-136-5p","HDHD2","84064","ENSG00000167220","-0.348","predicted"
4,"hsa-miR-136-5p","CUCCAUU",5,"targetscan","MIMAT0000448","hsa-miR-136-5p","MRPS16","51021","ENSG00000182180","-0.348","predicted"
4,"hsa-miR-136-5p","CUCCAUU",5,"targetscan","MIMAT0000448","hsa-miR-136-5p","POLR3B","55703","ENSG00000013503","-0.348","predicted"
4,"hsa-miR-136-5p","CUCCAUU",5,"targetscan","MIMAT0000448","hsa-miR-136-5p","SRR","63826","ENSG00000167720","-0.348","predicted"
4,"hsa-miR-136-5p","CUCCAUU",5,"targetscan","MIMAT0000448","hsa-miR-136-5p","TMEM30A","55754","ENSG00000112697","-0.349","predicted"
4,"hsa-miR-136-5p","CUCCAUU",5,"targetscan","MIMAT0000448","hsa-miR-136-5p","ZNF879","345462","ENSG00000234284","-0.349","predicted"
4,"hsa-miR-136-5p","CUCCAUU",5,"targetscan","MIMAT0000448","hsa-miR-136-5p","FAM241A","132720","ENSG00000174749","-0.35","predicted"
4,"hsa-miR-136-5p","CUCCAUU",5,"targetscan","MIMAT0000448","hsa-miR-136-5p","ZNF823","55552","ENSG00000197933","-0.351","predicted"
4,"hsa-miR-136-5p","CUCCAUU",5,"targetscan","MIMAT0000448","hsa-miR-136-5p","TRPM8","79054","ENSG00000144481","-0.351","predicted"
4,"hsa-miR-136-5p","CUCCAUU",5,"targetscan","MIMAT0000448","hsa-miR-136-5p","AKR7L","246181","ENSG00000211454","-0.351","predicted"
4,"hsa-miR-136-5p","CUCCAUU",5,"targetscan","MIMAT0000448","hsa-miR-136-5p","RMDN2","151393","ENSG00000115841","-0.352","predicted"
4,"hsa-miR-136-5p","CUCCAUU",5,"targetscan","MIMAT0000448","hsa-miR-136-5p","OR1L8","138881","ENSG00000171496","-0.352","predicted"
4,"hsa-miR-136-5p","CUCCAUU",5,"targetscan","MIMAT0000448","hsa-miR-136-5p","B4GALNT2","124872","ENSG00000167080","-0.354","predicted"
4,"hsa-miR-136-5p","CUCCAUU",5,"targetscan","MIMAT0000448","hsa-miR-136-5p","QPCT","25797","ENSG00000115828","-0.354","predicted"
4,"hsa-miR-136-5p","CUCCAUU",5,"targetscan","MIMAT0000448","hsa-miR-136-5p","TMEM167B","56900","ENSG00000215717","-0.354","predicted"
4,"hsa-miR-136-5p","CUCCAUU",5,"targetscan","MIMAT0000448","hsa-miR-136-5p","RIMKLB","57494","ENSG00000166532","-0.354","predicted"
4,"hsa-miR-136-5p","CUCCAUU",5,"targetscan","MIMAT0000448","hsa-miR-136-5p","KTI12","112970","ENSG00000198841","-0.354","predicted"
4,"hsa-miR-136-5p","CUCCAUU",5,"targetscan","MIMAT0000448","hsa-miR-136-5p","ZRSR2P1","","ENSG00000212643","-0.354","predicted"
4,"hsa-miR-136-5p","CUCCAUU",5,"targetscan","MIMAT0000448","hsa-miR-136-5p","ZNF846","162993","ENSG00000196605","-0.355","predicted"
4,"hsa-miR-136-5p","CUCCAUU",5,"targetscan","MIMAT0000448","hsa-miR-136-5p","ZNF846","100505555","ENSG00000196605","-0.355","predicted"
4,"hsa-miR-136-5p","CUCCAUU",5,"targetscan","MIMAT0000448","hsa-miR-136-5p","ZNF302","55900","ENSG00000089335","-0.356","predicted"
4,"hsa-miR-136-5p","CUCCAUU",5,"targetscan","MIMAT0000448","hsa-miR-136-5p","UCHL5","51377","ENSG00000116750","-0.356","predicted"
4,"hsa-miR-136-5p","CUCCAUU",5,"targetscan","MIMAT0000448","hsa-miR-136-5p","COQ4","51117","ENSG00000167113","-0.356","predicted"
4,"hsa-miR-136-5p","CUCCAUU",5,"targetscan","MIMAT0000448","hsa-miR-136-5p","YPEL3","83719","ENSG00000090238","-0.357","predicted"
4,"hsa-miR-136-5p","CUCCAUU",5,"targetscan","MIMAT0000448","hsa-miR-136-5p","PPP4R4","57718","ENSG00000119698","-0.357","predicted"
4,"hsa-miR-136-5p","CUCCAUU",5,"targetscan","MIMAT0000448","hsa-miR-136-5p","","","ENSG00000253207","-0.357","predicted"
4,"hsa-miR-136-5p","CUCCAUU",5,"targetscan","MIMAT0000448","hsa-miR-136-5p","ETF1","2107","ENSG00000120705","-0.359","predicted"
4,"hsa-miR-136-5p","CUCCAUU",5,"targetscan","MIMAT0000448","hsa-miR-136-5p","ZNF667","63934","ENSG00000198046","-0.36","predicted"
4,"hsa-miR-136-5p","CUCCAUU",5,"targetscan","MIMAT0000448","hsa-miR-136-5p","BTBD19","149478","ENSG00000222009","-0.362","predicted"
4,"hsa-miR-136-5p","CUCCAUU",5,"targetscan","MIMAT0000448","hsa-miR-136-5p","API5","8539","ENSG00000166181","-0.363","predicted"
4,"hsa-miR-136-5p","CUCCAUU",5,"targetscan","MIMAT0000448","hsa-miR-136-5p","ADH7","131","ENSG00000196344","-0.363","predicted"
4,"hsa-miR-136-5p","CUCCAUU",5,"targetscan","MIMAT0000448","hsa-miR-136-5p","DPAGT1","1798","ENSG00000172269","-0.364","predicted"
4,"hsa-miR-136-5p","CUCCAUU",5,"targetscan","MIMAT0000448","hsa-miR-136-5p","CNOT7","29883","ENSG00000198791","-0.365","predicted"
4,"hsa-miR-136-5p","CUCCAUU",5,"targetscan","MIMAT0000448","hsa-miR-136-5p","EXOSC7","23016","ENSG00000075914","-0.365","predicted"
4,"hsa-miR-136-5p","CUCCAUU",5,"targetscan","MIMAT0000448","hsa-miR-136-5p","BDP1","55814","ENSG00000145734","-0.367","predicted"
4,"hsa-miR-136-5p","CUCCAUU",5,"targetscan","MIMAT0000448","hsa-miR-136-5p","EXO1","9156","ENSG00000174371","-0.368","predicted"
4,"hsa-miR-136-5p","CUCCAUU",5,"targetscan","MIMAT0000448","hsa-miR-136-5p","ZNF248","57209","ENSG00000198105","-0.369","predicted"
4,"hsa-miR-136-5p","CUCCAUU",5,"targetscan","MIMAT0000448","hsa-miR-136-5p","SYNPR","132204","ENSG00000163630","-0.369","predicted"
4,"hsa-miR-136-5p","CUCCAUU",5,"targetscan","MIMAT0000448","hsa-miR-136-5p","FAM47E-STBD1","100631383","ENSG00000272414","-0.37","predicted"
4,"hsa-miR-136-5p","CUCCAUU",5,"targetscan","MIMAT0000448","hsa-miR-136-5p","PRPF38B","55119","ENSG00000134186","-0.371","predicted"
4,"hsa-miR-136-5p","CUCCAUU",5,"targetscan","MIMAT0000448","hsa-miR-136-5p","","","ENSG00000269514","-0.373","predicted"
4,"hsa-miR-136-5p","CUCCAUU",5,"targetscan","MIMAT0000448","hsa-miR-136-5p","TFAP2C","7022","ENSG00000087510","-0.374","predicted"
4,"hsa-miR-136-5p","CUCCAUU",5,"targetscan","MIMAT0000448","hsa-miR-136-5p","FBXO3","26273","ENSG00000110429","-0.374","predicted"
4,"hsa-miR-136-5p","CUCCAUU",5,"targetscan","MIMAT0000448","hsa-miR-136-5p","MRPS14","63931","ENSG00000120333","-0.374","predicted"
4,"hsa-miR-136-5p","CUCCAUU",5,"targetscan","MIMAT0000448","hsa-miR-136-5p","SEC11A","23478","ENSG00000140612","-0.375","predicted"
4,"hsa-miR-136-5p","CUCCAUU",5,"targetscan","MIMAT0000448","hsa-miR-136-5p","SLC31A2","1318","ENSG00000136867","-0.375","predicted"
4,"hsa-miR-136-5p","CUCCAUU",5,"targetscan","MIMAT0000448","hsa-miR-136-5p","DUXA","503835","ENSG00000258873","-0.375","predicted"
4,"hsa-miR-136-5p","CUCCAUU",5,"targetscan","MIMAT0000448","hsa-miR-136-5p","ZNF560","147741","ENSG00000198028","-0.375","predicted"
4,"hsa-miR-136-5p","CUCCAUU",5,"targetscan","MIMAT0000448","hsa-miR-136-5p","TIMM17A","10440","ENSG00000134375","-0.376","predicted"
4,"hsa-miR-136-5p","CUCCAUU",5,"targetscan","MIMAT0000448","hsa-miR-136-5p","PBLD","64081","ENSG00000108187","-0.377","predicted"
4,"hsa-miR-136-5p","CUCCAUU",5,"targetscan","MIMAT0000448","hsa-miR-136-5p","DCT","1638","ENSG00000080166","-0.377","predicted"
4,"hsa-miR-136-5p","CUCCAUU",5,"targetscan","MIMAT0000448","hsa-miR-136-5p","ELF3","1999","ENSG00000163435","-0.379","predicted"
4,"hsa-miR-136-5p","CUCCAUU",5,"targetscan","MIMAT0000448","hsa-miR-136-5p","S1PR5","53637","ENSG00000180739","-0.379","predicted"
4,"hsa-miR-136-5p","CUCCAUU",5,"targetscan","MIMAT0000448","hsa-miR-136-5p","IL10RB","3588","ENSG00000243646","-0.379","predicted"
4,"hsa-miR-136-5p","CUCCAUU",5,"targetscan","MIMAT0000448","hsa-miR-136-5p","EXTL3","2137","ENSG00000012232","-0.38","predicted"
4,"hsa-miR-136-5p","CUCCAUU",5,"targetscan","MIMAT0000448","hsa-miR-136-5p","MBNL3","55796","ENSG00000076770","-0.38","predicted"
4,"hsa-miR-136-5p","CUCCAUU",5,"targetscan","MIMAT0000448","hsa-miR-136-5p","TDRD10","126668","ENSG00000163239","-0.38","predicted"
4,"hsa-miR-136-5p","CUCCAUU",5,"targetscan","MIMAT0000448","hsa-miR-136-5p","CHCHD3","54927","ENSG00000106554","-0.381","predicted"
4,"hsa-miR-136-5p","CUCCAUU",5,"targetscan","MIMAT0000448","hsa-miR-136-5p","PLAAT2","54979","ENSG00000133328","-0.381","predicted"
4,"hsa-miR-136-5p","CUCCAUU",5,"targetscan","MIMAT0000448","hsa-miR-136-5p","NANOGNB","360030","ENSG00000205857","-0.382","predicted"
4,"hsa-miR-136-5p","CUCCAUU",5,"targetscan","MIMAT0000448","hsa-miR-136-5p","CDV3","55573","ENSG00000091527","-0.383","predicted"
4,"hsa-miR-136-5p","CUCCAUU",5,"targetscan","MIMAT0000448","hsa-miR-136-5p","NFYB","4801","ENSG00000120837","-0.386","predicted"
4,"hsa-miR-136-5p","CUCCAUU",5,"targetscan","MIMAT0000448","hsa-miR-136-5p","GABRA2","2555","ENSG00000151834","-0.388","predicted"
4,"hsa-miR-136-5p","CUCCAUU",5,"targetscan","MIMAT0000448","hsa-miR-136-5p","ZNF772","400720","ENSG00000197128","-0.388","predicted"
4,"hsa-miR-136-5p","CUCCAUU",5,"targetscan","MIMAT0000448","hsa-miR-136-5p","SLC7A3","84889","ENSG00000165349","-0.388","predicted"
4,"hsa-miR-136-5p","CUCCAUU",5,"targetscan","MIMAT0000448","hsa-miR-136-5p","CSRP3","8048","ENSG00000129170","-0.388","predicted"
4,"hsa-miR-136-5p","CUCCAUU",5,"targetscan","MIMAT0000448","hsa-miR-136-5p","VGLL4","9686","ENSG00000144560","-0.389","predicted"
4,"hsa-miR-136-5p","CUCCAUU",5,"targetscan","MIMAT0000448","hsa-miR-136-5p","TMEM218","219854","ENSG00000150433","-0.389","predicted"
4,"hsa-miR-136-5p","CUCCAUU",5,"targetscan","MIMAT0000448","hsa-miR-136-5p","NPVF","64111","ENSG00000105954","-0.389","predicted"
4,"hsa-miR-136-5p","CUCCAUU",5,"targetscan","MIMAT0000448","hsa-miR-136-5p","P4HB","5034","ENSG00000185624","-0.394","predicted"
4,"hsa-miR-136-5p","CUCCAUU",5,"targetscan","MIMAT0000448","hsa-miR-136-5p","PET100","100131801","ENSG00000229833","-0.394","predicted"
4,"hsa-miR-136-5p","CUCCAUU",5,"targetscan","MIMAT0000448","hsa-miR-136-5p","ETFBKMT","254013","ENSG00000139160","-0.394","predicted"
4,"hsa-miR-136-5p","CUCCAUU",5,"targetscan","MIMAT0000448","hsa-miR-136-5p","C17orf47","","ENSG00000181013","-0.394","predicted"
4,"hsa-miR-136-5p","CUCCAUU",5,"targetscan","MIMAT0000448","hsa-miR-136-5p","BPTF","2186","ENSG00000171634","-0.396","predicted"
4,"hsa-miR-136-5p","CUCCAUU",5,"targetscan","MIMAT0000448","hsa-miR-136-5p","CFAP221","200373","ENSG00000163075","-0.396","predicted"
4,"hsa-miR-136-5p","CUCCAUU",5,"targetscan","MIMAT0000448","hsa-miR-136-5p","ZDHHC6","64429","ENSG00000023041","-0.398","predicted"
4,"hsa-miR-136-5p","CUCCAUU",5,"targetscan","MIMAT0000448","hsa-miR-136-5p","LRRC3DN","","ENSG00000269430","-0.399","predicted"
4,"hsa-miR-136-5p","CUCCAUU",5,"targetscan","MIMAT0000448","hsa-miR-136-5p","GADD45GIP1","90480","ENSG00000179271","-0.4","predicted"
4,"hsa-miR-136-5p","CUCCAUU",5,"targetscan","MIMAT0000448","hsa-miR-136-5p","ECHDC3","79746","ENSG00000134463","-0.4","predicted"
4,"hsa-miR-136-5p","CUCCAUU",5,"targetscan","MIMAT0000448","hsa-miR-136-5p","GDI2","2665","ENSG00000057608","-0.402","predicted"
4,"hsa-miR-136-5p","CUCCAUU",5,"targetscan","MIMAT0000448","hsa-miR-136-5p","GNG3","2785","ENSG00000162188","-0.404","predicted"
4,"hsa-miR-136-5p","CUCCAUU",5,"targetscan","MIMAT0000448","hsa-miR-136-5p","LOH12CR2","503693","ENSG00000205791","-0.404","predicted"
4,"hsa-miR-136-5p","CUCCAUU",5,"targetscan","MIMAT0000448","hsa-miR-136-5p","CMTM6","54918","ENSG00000091317","-0.405","predicted"
4,"hsa-miR-136-5p","CUCCAUU",5,"targetscan","MIMAT0000448","hsa-miR-136-5p","NIT2","56954","ENSG00000114021","-0.405","predicted"
4,"hsa-miR-136-5p","CUCCAUU",5,"targetscan","MIMAT0000448","hsa-miR-136-5p","MSRB3","253827","ENSG00000174099","-0.407","predicted"
4,"hsa-miR-136-5p","CUCCAUU",5,"targetscan","MIMAT0000448","hsa-miR-136-5p","DSTN","11034","ENSG00000125868","-0.411","predicted"
4,"hsa-miR-136-5p","CUCCAUU",5,"targetscan","MIMAT0000448","hsa-miR-136-5p","MTPN","136319","ENSG00000105887","-0.412","predicted"
4,"hsa-miR-136-5p","CUCCAUU",5,"targetscan","MIMAT0000448","hsa-miR-136-5p","TPK1","27010","ENSG00000196511","-0.412","predicted"
4,"hsa-miR-136-5p","CUCCAUU",5,"targetscan","MIMAT0000448","hsa-miR-136-5p","G0S2","50486","ENSG00000123689","-0.412","predicted"
4,"hsa-miR-136-5p","CUCCAUU",5,"targetscan","MIMAT0000448","hsa-miR-136-5p","C9orf72","203228","ENSG00000147894","-0.413","predicted"
4,"hsa-miR-136-5p","CUCCAUU",5,"targetscan","MIMAT0000448","hsa-miR-136-5p","FCGR2A","2212","ENSG00000143226","-0.415","predicted"
4,"hsa-miR-136-5p","CUCCAUU",5,"targetscan","MIMAT0000448","hsa-miR-136-5p","NOA1","84273","ENSG00000084092","-0.416","predicted"
4,"hsa-miR-136-5p","CUCCAUU",5,"targetscan","MIMAT0000448","hsa-miR-136-5p","AIMP1","9255","ENSG00000164022","-0.417","predicted"
4,"hsa-miR-136-5p","CUCCAUU",5,"targetscan","MIMAT0000448","hsa-miR-136-5p","COMMD2","51122","ENSG00000114744","-0.417","predicted"
4,"hsa-miR-136-5p","CUCCAUU",5,"targetscan","MIMAT0000448","hsa-miR-136-5p","FAT3","120114","ENSG00000165323","-0.423","predicted"
4,"hsa-miR-136-5p","CUCCAUU",5,"targetscan","MIMAT0000448","hsa-miR-136-5p","TMEM71","137835","ENSG00000165071","-0.423","predicted"
4,"hsa-miR-136-5p","CUCCAUU",5,"targetscan","MIMAT0000448","hsa-miR-136-5p","INSIG1","3638","ENSG00000186480","-0.424","predicted"
4,"hsa-miR-136-5p","CUCCAUU",5,"targetscan","MIMAT0000448","hsa-miR-136-5p","C2CD4A","145741","ENSG00000198535","-0.425","predicted"
4,"hsa-miR-136-5p","CUCCAUU",5,"targetscan","MIMAT0000448","hsa-miR-136-5p","TFCP2","7024","ENSG00000135457","-0.43","predicted"
4,"hsa-miR-136-5p","CUCCAUU",5,"targetscan","MIMAT0000448","hsa-miR-136-5p","DDTL","100037417","ENSG00000099974","-0.431","predicted"
4,"hsa-miR-136-5p","CUCCAUU",5,"targetscan","MIMAT0000448","hsa-miR-136-5p","MSH3","4437","ENSG00000113318","-0.434","predicted"
4,"hsa-miR-136-5p","CUCCAUU",5,"targetscan","MIMAT0000448","hsa-miR-136-5p","SH2B1","25970","ENSG00000178188","-0.436","predicted"
4,"hsa-miR-136-5p","CUCCAUU",5,"targetscan","MIMAT0000448","hsa-miR-136-5p","NAA11","84779","ENSG00000156269","-0.438","predicted"
4,"hsa-miR-136-5p","CUCCAUU",5,"targetscan","MIMAT0000448","hsa-miR-136-5p","CAMSAP2","23271","ENSG00000118200","-0.44","predicted"
4,"hsa-miR-136-5p","CUCCAUU",5,"targetscan","MIMAT0000448","hsa-miR-136-5p","HOXC10","3226","ENSG00000180818","-0.441","predicted"
4,"hsa-miR-136-5p","CUCCAUU",5,"targetscan","MIMAT0000448","hsa-miR-136-5p","MRPL3","11222","ENSG00000114686","-0.443","predicted"
4,"hsa-miR-136-5p","CUCCAUU",5,"targetscan","MIMAT0000448","hsa-miR-136-5p","RAP2C","57826","ENSG00000123728","-0.443","predicted"
4,"hsa-miR-136-5p","CUCCAUU",5,"targetscan","MIMAT0000448","hsa-miR-136-5p","TMEM161B","153396","ENSG00000164180","-0.444","predicted"
4,"hsa-miR-136-5p","CUCCAUU",5,"targetscan","MIMAT0000448","hsa-miR-136-5p","LYRM4","57128","ENSG00000214113","-0.444","predicted"
4,"hsa-miR-136-5p","CUCCAUU",5,"targetscan","MIMAT0000448","hsa-miR-136-5p","MORC1","27136","ENSG00000114487","-0.446","predicted"
4,"hsa-miR-136-5p","CUCCAUU",5,"targetscan","MIMAT0000448","hsa-miR-136-5p","CHCT1","124773","ENSG00000141371","-0.448","predicted"
4,"hsa-miR-136-5p","CUCCAUU",5,"targetscan","MIMAT0000448","hsa-miR-136-5p","F8","2157","ENSG00000185010","-0.45","predicted"
4,"hsa-miR-136-5p","CUCCAUU",5,"targetscan","MIMAT0000448","hsa-miR-136-5p","NUDT17","200035","ENSG00000186364","-0.45","predicted"
4,"hsa-miR-136-5p","CUCCAUU",5,"targetscan","MIMAT0000448","hsa-miR-136-5p","SRP19","6728","ENSG00000153037","-0.451","predicted"
4,"hsa-miR-136-5p","CUCCAUU",5,"targetscan","MIMAT0000448","hsa-miR-136-5p","WBP4","11193","ENSG00000120688","-0.451","predicted"
4,"hsa-miR-136-5p","CUCCAUU",5,"targetscan","MIMAT0000448","hsa-miR-136-5p","ARL5A","26225","ENSG00000162980","-0.453","predicted"
4,"hsa-miR-136-5p","CUCCAUU",5,"targetscan","MIMAT0000448","hsa-miR-136-5p","FCGR3B","2215","ENSG00000162747","-0.453","predicted"
4,"hsa-miR-136-5p","CUCCAUU",5,"targetscan","MIMAT0000448","hsa-miR-136-5p","FCGR3B","124905743","ENSG00000162747","-0.453","predicted"
4,"hsa-miR-136-5p","CUCCAUU",5,"targetscan","MIMAT0000448","hsa-miR-136-5p","CSGALNACT1","55790","ENSG00000147408","-0.455","predicted"
4,"hsa-miR-136-5p","CUCCAUU",5,"targetscan","MIMAT0000448","hsa-miR-136-5p","TUBD1","51174","ENSG00000108423","-0.456","predicted"
4,"hsa-miR-136-5p","CUCCAUU",5,"targetscan","MIMAT0000448","hsa-miR-136-5p","MCM8","84515","ENSG00000125885","-0.457","predicted"
4,"hsa-miR-136-5p","CUCCAUU",5,"targetscan","MIMAT0000448","hsa-miR-136-5p","ROCK2","9475","ENSG00000134318","-0.458","predicted"
4,"hsa-miR-136-5p","CUCCAUU",5,"targetscan","MIMAT0000448","hsa-miR-136-5p","ZNF181","339318","ENSG00000197841","-0.459","predicted"
4,"hsa-miR-136-5p","CUCCAUU",5,"targetscan","MIMAT0000448","hsa-miR-136-5p","CKM","1158","ENSG00000104879","-0.463","predicted"
4,"hsa-miR-136-5p","CUCCAUU",5,"targetscan","MIMAT0000448","hsa-miR-136-5p","MOSPD1","56180","ENSG00000101928","-0.464","predicted"
4,"hsa-miR-136-5p","CUCCAUU",5,"targetscan","MIMAT0000448","hsa-miR-136-5p","ZNF23","7571","ENSG00000167377","-0.466","predicted"
4,"hsa-miR-136-5p","CUCCAUU",5,"targetscan","MIMAT0000448","hsa-miR-136-5p","ABCD3","5825","ENSG00000117528","-0.468","predicted"
4,"hsa-miR-136-5p","CUCCAUU",5,"targetscan","MIMAT0000448","hsa-miR-136-5p","TM9SF3","56889","ENSG00000077147","-0.472","predicted"
4,"hsa-miR-136-5p","CUCCAUU",5,"targetscan","MIMAT0000448","hsa-miR-136-5p","C6orf62","81688","ENSG00000112308","-0.472","predicted"
4,"hsa-miR-136-5p","CUCCAUU",5,"targetscan","MIMAT0000448","hsa-miR-136-5p","KCNJ4","3761","ENSG00000168135","-0.474","predicted"
4,"hsa-miR-136-5p","CUCCAUU",5,"targetscan","MIMAT0000448","hsa-miR-136-5p","XRCC2","7516","ENSG00000196584","-0.476","predicted"
4,"hsa-miR-136-5p","CUCCAUU",5,"targetscan","MIMAT0000448","hsa-miR-136-5p","RAB9A","9367","ENSG00000123595","-0.476","predicted"
4,"hsa-miR-136-5p","CUCCAUU",5,"targetscan","MIMAT0000448","hsa-miR-136-5p","FLJ14816","","ENSG00000268194","-0.478","predicted"
4,"hsa-miR-136-5p","CUCCAUU",5,"targetscan","MIMAT0000448","hsa-miR-136-5p","STMP1","647087","ENSG00000243317","-0.479","predicted"
4,"hsa-miR-136-5p","CUCCAUU",5,"targetscan","MIMAT0000448","hsa-miR-136-5p","SEMA4C","54910","ENSG00000168758","-0.48","predicted"
4,"hsa-miR-136-5p","CUCCAUU",5,"targetscan","MIMAT0000448","hsa-miR-136-5p","RGS6","9628","ENSG00000182732","-0.481","predicted"
4,"hsa-miR-136-5p","CUCCAUU",5,"targetscan","MIMAT0000448","hsa-miR-136-5p","SMIM21","284274","ENSG00000206026","-0.482","predicted"
4,"hsa-miR-136-5p","CUCCAUU",5,"targetscan","MIMAT0000448","hsa-miR-136-5p","R3HCC1","203069","ENSG00000104679","-0.484","predicted"
4,"hsa-miR-136-5p","CUCCAUU",5,"targetscan","MIMAT0000448","hsa-miR-136-5p","DRAM1","55332","ENSG00000136048","-0.488","predicted"
4,"hsa-miR-136-5p","CUCCAUU",5,"targetscan","MIMAT0000448","hsa-miR-136-5p","IMMP2L","83943","ENSG00000184903","-0.488","predicted"
4,"hsa-miR-136-5p","CUCCAUU",5,"targetscan","MIMAT0000448","hsa-miR-136-5p","SNAPC1","6617","ENSG00000023608","-0.491","predicted"
4,"hsa-miR-136-5p","CUCCAUU",5,"targetscan","MIMAT0000448","hsa-miR-136-5p","TRPC4AP","26133","ENSG00000100991","-0.492","predicted"
4,"hsa-miR-136-5p","CUCCAUU",5,"targetscan","MIMAT0000448","hsa-miR-136-5p","MEGF10","84466","ENSG00000145794","-0.493","predicted"
4,"hsa-miR-136-5p","CUCCAUU",5,"targetscan","MIMAT0000448","hsa-miR-136-5p","ZNF32","7580","ENSG00000169740","-0.496","predicted"
4,"hsa-miR-136-5p","CUCCAUU",5,"targetscan","MIMAT0000448","hsa-miR-136-5p","WRN","7486","ENSG00000165392","-0.501","predicted"
4,"hsa-miR-136-5p","CUCCAUU",5,"targetscan","MIMAT0000448","hsa-miR-136-5p","DHRS7B","25979","ENSG00000109016","-0.503","predicted"
4,"hsa-miR-136-5p","CUCCAUU",5,"targetscan","MIMAT0000448","hsa-miR-136-5p","ZNF732","654254","ENSG00000186777","-0.504","predicted"
4,"hsa-miR-136-5p","CUCCAUU",5,"targetscan","MIMAT0000448","hsa-miR-136-5p","CAPN1-AS1","728975","ENSG00000254614","-0.508","predicted"
4,"hsa-miR-136-5p","CUCCAUU",5,"targetscan","MIMAT0000448","hsa-miR-136-5p","KDR","3791","ENSG00000128052","-0.509","predicted"
4,"hsa-miR-136-5p","CUCCAUU",5,"targetscan","MIMAT0000448","hsa-miR-136-5p","RP11-1407O15.2","","ENSG00000174093","-0.51","predicted"
4,"hsa-miR-136-5p","CUCCAUU",5,"targetscan","MIMAT0000448","hsa-miR-136-5p","LINC01554","202299","ENSG00000236882","-0.514","predicted"
4,"hsa-miR-136-5p","CUCCAUU",5,"targetscan","MIMAT0000448","hsa-miR-136-5p","ATPSCKMT","134145","ENSG00000150756","-0.515","predicted"
4,"hsa-miR-136-5p","CUCCAUU",5,"targetscan","MIMAT0000448","hsa-miR-136-5p","COPS4","51138","ENSG00000138663","-0.52","predicted"
4,"hsa-miR-136-5p","CUCCAUU",5,"targetscan","MIMAT0000448","hsa-miR-136-5p","HAUS7","55559","ENSG00000213397","-0.524","predicted"
4,"hsa-miR-136-5p","CUCCAUU",5,"targetscan","MIMAT0000448","hsa-miR-136-5p","MDM1","56890","ENSG00000111554","-0.525","predicted"
4,"hsa-miR-136-5p","CUCCAUU",5,"targetscan","MIMAT0000448","hsa-miR-136-5p","AP005482.1","","ENSG00000215527","-0.535","predicted"
4,"hsa-miR-136-5p","CUCCAUU",5,"targetscan","MIMAT0000448","hsa-miR-136-5p","GLIPR2","152007","ENSG00000122694","-0.536","predicted"
4,"hsa-miR-136-5p","CUCCAUU",5,"targetscan","MIMAT0000448","hsa-miR-136-5p","GALP","85569","ENSG00000197487","-0.536","predicted"
4,"hsa-miR-136-5p","CUCCAUU",5,"targetscan","MIMAT0000448","hsa-miR-136-5p","URB1-AS1","84996","ENSG00000256073","-0.536","predicted"
4,"hsa-miR-136-5p","CUCCAUU",5,"targetscan","MIMAT0000448","hsa-miR-136-5p","MIEN1","84299","ENSG00000141741","-0.541","predicted"
4,"hsa-miR-136-5p","CUCCAUU",5,"targetscan","MIMAT0000448","hsa-miR-136-5p","RPL35A","6165","ENSG00000182899","-0.549","predicted"
4,"hsa-miR-136-5p","CUCCAUU",5,"targetscan","MIMAT0000448","hsa-miR-136-5p","C3orf52","79669","ENSG00000114529","-0.554","predicted"
4,"hsa-miR-136-5p","CUCCAUU",5,"targetscan","MIMAT0000448","hsa-miR-136-5p","CBY1","25776","ENSG00000100211","-0.557","predicted"
4,"hsa-miR-136-5p","CUCCAUU",5,"targetscan","MIMAT0000448","hsa-miR-136-5p","ORC6","23594","ENSG00000091651","-0.558","predicted"
4,"hsa-miR-136-5p","CUCCAUU",5,"targetscan","MIMAT0000448","hsa-miR-136-5p","STBD1","8987","ENSG00000118804","-0.562","predicted"
4,"hsa-miR-136-5p","CUCCAUU",5,"targetscan","MIMAT0000448","hsa-miR-136-5p","CBX4","8535","ENSG00000141582","-0.566","predicted"
4,"hsa-miR-136-5p","CUCCAUU",5,"targetscan","MIMAT0000448","hsa-miR-136-5p","OSGEPL1","64172","ENSG00000128694","-0.574","predicted"
4,"hsa-miR-136-5p","CUCCAUU",5,"targetscan","MIMAT0000448","hsa-miR-136-5p","RABGGTA","5875","ENSG00000100949","-0.574","predicted"
4,"hsa-miR-136-5p","CUCCAUU",5,"targetscan","MIMAT0000448","hsa-miR-136-5p","KRTAP19-1","337882","ENSG00000184351","-0.574","predicted"
4,"hsa-miR-136-5p","CUCCAUU",5,"targetscan","MIMAT0000448","hsa-miR-136-5p","LINC01387","100130480","ENSG00000265944","-0.578","predicted"
4,"hsa-miR-136-5p","CUCCAUU",5,"targetscan","MIMAT0000448","hsa-miR-136-5p","CCDC18","343099","ENSG00000122483","-0.583","predicted"
4,"hsa-miR-136-5p","CUCCAUU",5,"targetscan","MIMAT0000448","hsa-miR-136-5p","CAMSAP2","23271","ENSG00000118200","-0.584","predicted"
4,"hsa-miR-136-5p","CUCCAUU",5,"targetscan","MIMAT0000448","hsa-miR-136-5p","GLT6D1","360203","ENSG00000204007","-0.585","predicted"
4,"hsa-miR-136-5p","CUCCAUU",5,"targetscan","MIMAT0000448","hsa-miR-136-5p","SPINK7","84651","ENSG00000145879","-0.592","predicted"
4,"hsa-miR-136-5p","CUCCAUU",5,"targetscan","MIMAT0000448","hsa-miR-136-5p","SS18L2","51188","ENSG00000008324","-0.594","predicted"
4,"hsa-miR-136-5p","CUCCAUU",5,"targetscan","MIMAT0000448","hsa-miR-136-5p","ANXA4","307","ENSG00000196975","-0.599","predicted"
4,"hsa-miR-136-5p","CUCCAUU",5,"targetscan","MIMAT0000448","hsa-miR-136-5p","UBE2R2","54926","ENSG00000107341","-0.608","predicted"
4,"hsa-miR-136-5p","CUCCAUU",5,"targetscan","MIMAT0000448","hsa-miR-136-5p","LINC02790","102723661","ENSG00000237435","-0.609","predicted"
4,"hsa-miR-136-5p","CUCCAUU",5,"targetscan","MIMAT0000448","hsa-miR-136-5p","UBE2U","148581","ENSG00000177414","-0.61","predicted"
4,"hsa-miR-136-5p","CUCCAUU",5,"targetscan","MIMAT0000448","hsa-miR-136-5p","MRPL1","65008","ENSG00000169288","-0.614","predicted"
4,"hsa-miR-136-5p","CUCCAUU",5,"targetscan","MIMAT0000448","hsa-miR-136-5p","CFAP70","118491","ENSG00000156042","-0.632","predicted"
4,"hsa-miR-136-5p","CUCCAUU",5,"targetscan","MIMAT0000448","hsa-miR-136-5p","KATNAL2","83473","ENSG00000167216","-0.636","predicted"
4,"hsa-miR-136-5p","CUCCAUU",5,"targetscan","MIMAT0000448","hsa-miR-136-5p","IER3IP1","51124","ENSG00000134049","-0.64","predicted"
4,"hsa-miR-136-5p","CUCCAUU",5,"targetscan","MIMAT0000448","hsa-miR-136-5p","LUZP6","767558","ENSG00000267697","-0.647","predicted"
4,"hsa-miR-136-5p","CUCCAUU",5,"targetscan","MIMAT0000448","hsa-miR-136-5p","PUS3","83480","ENSG00000110060","-0.654","predicted"
4,"hsa-miR-136-5p","CUCCAUU",5,"targetscan","MIMAT0000448","hsa-miR-136-5p","OR5M8","219484","ENSG00000181371","-0.668","predicted"
4,"hsa-miR-136-5p","CUCCAUU",5,"targetscan","MIMAT0000448","hsa-miR-136-5p","C1orf134","","ENSG00000204377","-0.708","predicted"
4,"hsa-miR-136-5p","CUCCAUU",5,"targetscan","MIMAT0000448","hsa-miR-136-5p","HLA-DOB","3112","ENSG00000241106","-0.757","predicted"
4,"hsa-miR-136-5p","CUCCAUU",5,"targetscan","MIMAT0000448","hsa-miR-136-5p","OR52N2","390077","ENSG00000180988","-0.931","predicted"
