"sequence_rank","queried_miRNA","circRNA_seed_2_8","circRNA_weighted_seed_score","database","mature_mirna_acc","mature_mirna_id","target_symbol","target_entrez","target_ensembl","score","type"
6,"hsa-miR-3922-5p","CAAGGCC",5,"targetscan","MIMAT0019227","hsa-miR-3922-5p","IGFBP5","3488","ENSG00000115461","-0.178","predicted"
6,"hsa-miR-3922-5p","CAAGGCC",5,"targetscan","MIMAT0019227","hsa-miR-3922-5p","SYP","6855","ENSG00000102003","-0.178","predicted"
6,"hsa-miR-3922-5p","CAAGGCC",5,"targetscan","MIMAT0019227","hsa-miR-3922-5p","LRIG1","26018","ENSG00000144749","-0.178","predicted"
6,"hsa-miR-3922-5p","CAAGGCC",5,"targetscan","MIMAT0019227","hsa-miR-3922-5p","INTS2","57508","ENSG00000108506","-0.178","predicted"
6,"hsa-miR-3922-5p","CAAGGCC",5,"targetscan","MIMAT0019227","hsa-miR-3922-5p","INMT","11185","ENSG00000241644","-0.178","predicted"
6,"hsa-miR-3922-5p","CAAGGCC",5,"targetscan","MIMAT0019227","hsa-miR-3922-5p","TUFT1","7286","ENSG00000143367","-0.178","predicted"
6,"hsa-miR-3922-5p","CAAGGCC",5,"targetscan","MIMAT0019227","hsa-miR-3922-5p","STRA6","64220","ENSG00000137868","-0.178","predicted"
6,"hsa-miR-3922-5p","CAAGGCC",5,"targetscan","MIMAT0019227","hsa-miR-3922-5p","APEX1","328","ENSG00000100823","-0.178","predicted"
6,"hsa-miR-3922-5p","CAAGGCC",5,"targetscan","MIMAT0019227","hsa-miR-3922-5p","AHSG","197","ENSG00000145192","-0.178","predicted"
6,"hsa-miR-3922-5p","CAAGGCC",5,"targetscan","MIMAT0019227","hsa-miR-3922-5p","CAMK2G","818","ENSG00000148660","-0.179","predicted"
6,"hsa-miR-3922-5p","CAAGGCC",5,"targetscan","MIMAT0019227","hsa-miR-3922-5p","TK2","7084","ENSG00000166548","-0.179","predicted"
6,"hsa-miR-3922-5p","CAAGGCC",5,"targetscan","MIMAT0019227","hsa-miR-3922-5p","SOX18","54345","ENSG00000203883","-0.179","predicted"
6,"hsa-miR-3922-5p","CAAGGCC",5,"targetscan","MIMAT0019227","hsa-miR-3922-5p","SMURF2","64750","ENSG00000108854","-0.179","predicted"
6,"hsa-miR-3922-5p","CAAGGCC",5,"targetscan","MIMAT0019227","hsa-miR-3922-5p","WDR73","84942","ENSG00000177082","-0.179","predicted"
6,"hsa-miR-3922-5p","CAAGGCC",5,"targetscan","MIMAT0019227","hsa-miR-3922-5p","FAM168B","130074","ENSG00000152102","-0.179","predicted"
6,"hsa-miR-3922-5p","CAAGGCC",5,"targetscan","MIMAT0019227","hsa-miR-3922-5p","ATXN7L3B","552889","ENSG00000253719","-0.179","predicted"
6,"hsa-miR-3922-5p","CAAGGCC",5,"targetscan","MIMAT0019227","hsa-miR-3922-5p","KIAA0040","9674","ENSG00000235750","-0.179","predicted"
6,"hsa-miR-3922-5p","CAAGGCC",5,"targetscan","MIMAT0019227","hsa-miR-3922-5p","NUDT16","131870","ENSG00000198585","-0.179","predicted"
6,"hsa-miR-3922-5p","CAAGGCC",5,"targetscan","MIMAT0019227","hsa-miR-3922-5p","NUTF2","10204","ENSG00000102898","-0.179","predicted"
6,"hsa-miR-3922-5p","CAAGGCC",5,"targetscan","MIMAT0019227","hsa-miR-3922-5p","PLEKHA6","22874","ENSG00000143850","-0.179","predicted"
6,"hsa-miR-3922-5p","CAAGGCC",5,"targetscan","MIMAT0019227","hsa-miR-3922-5p","MESP1","55897","ENSG00000166823","-0.179","predicted"
6,"hsa-miR-3922-5p","CAAGGCC",5,"targetscan","MIMAT0019227","hsa-miR-3922-5p","SLC38A9","153129","ENSG00000177058","-0.179","predicted"
6,"hsa-miR-3922-5p","CAAGGCC",5,"targetscan","MIMAT0019227","hsa-miR-3922-5p","CES1","1066","ENSG00000198848","-0.18","predicted"
6,"hsa-miR-3922-5p","CAAGGCC",5,"targetscan","MIMAT0019227","hsa-miR-3922-5p","SCN4B","6330","ENSG00000177098","-0.18","predicted"
6,"hsa-miR-3922-5p","CAAGGCC",5,"targetscan","MIMAT0019227","hsa-miR-3922-5p","MOG","4340","ENSG00000204655","-0.18","predicted"
6,"hsa-miR-3922-5p","CAAGGCC",5,"targetscan","MIMAT0019227","hsa-miR-3922-5p","EIF5AL1","143244","ENSG00000253626","-0.18","predicted"
6,"hsa-miR-3922-5p","CAAGGCC",5,"targetscan","MIMAT0019227","hsa-miR-3922-5p","SLC14A1","6563","ENSG00000141469","-0.18","predicted"
6,"hsa-miR-3922-5p","CAAGGCC",5,"targetscan","MIMAT0019227","hsa-miR-3922-5p","ANO10","55129","ENSG00000160746","-0.18","predicted"
6,"hsa-miR-3922-5p","CAAGGCC",5,"targetscan","MIMAT0019227","hsa-miR-3922-5p","KTI12","112970","ENSG00000198841","-0.18","predicted"
6,"hsa-miR-3922-5p","CAAGGCC",5,"targetscan","MIMAT0019227","hsa-miR-3922-5p","WHRN","25861","ENSG00000095397","-0.18","predicted"
6,"hsa-miR-3922-5p","CAAGGCC",5,"targetscan","MIMAT0019227","hsa-miR-3922-5p","ERG","2078","ENSG00000157554","-0.181","predicted"
6,"hsa-miR-3922-5p","CAAGGCC",5,"targetscan","MIMAT0019227","hsa-miR-3922-5p","MAP2K6","5608","ENSG00000108984","-0.181","predicted"
6,"hsa-miR-3922-5p","CAAGGCC",5,"targetscan","MIMAT0019227","hsa-miR-3922-5p","ZC3H12A","80149","ENSG00000163874","-0.181","predicted"
6,"hsa-miR-3922-5p","CAAGGCC",5,"targetscan","MIMAT0019227","hsa-miR-3922-5p","AMZ1","155185","ENSG00000174945","-0.181","predicted"
6,"hsa-miR-3922-5p","CAAGGCC",5,"targetscan","MIMAT0019227","hsa-miR-3922-5p","AQP2","359","ENSG00000167580","-0.181","predicted"
6,"hsa-miR-3922-5p","CAAGGCC",5,"targetscan","MIMAT0019227","hsa-miR-3922-5p","MYLK4","340156","ENSG00000145949","-0.181","predicted"
6,"hsa-miR-3922-5p","CAAGGCC",5,"targetscan","MIMAT0019227","hsa-miR-3922-5p","C11orf21","29125","ENSG00000110665","-0.181","predicted"
6,"hsa-miR-3922-5p","CAAGGCC",5,"targetscan","MIMAT0019227","hsa-miR-3922-5p","PLA2G3","50487","ENSG00000100078","-0.181","predicted"
6,"hsa-miR-3922-5p","CAAGGCC",5,"targetscan","MIMAT0019227","hsa-miR-3922-5p","LAP3","51056","ENSG00000002549","-0.181","predicted"
6,"hsa-miR-3922-5p","CAAGGCC",5,"targetscan","MIMAT0019227","hsa-miR-3922-5p","SELENOS","55829","ENSG00000131871","-0.181","predicted"
6,"hsa-miR-3922-5p","CAAGGCC",5,"targetscan","MIMAT0019227","hsa-miR-3922-5p","PLXNB1","5364","ENSG00000164050","-0.182","predicted"
6,"hsa-miR-3922-5p","CAAGGCC",5,"targetscan","MIMAT0019227","hsa-miR-3922-5p","LMAN2L","81562","ENSG00000114988","-0.182","predicted"
6,"hsa-miR-3922-5p","CAAGGCC",5,"targetscan","MIMAT0019227","hsa-miR-3922-5p","ZNF625","90589","ENSG00000257591","-0.182","predicted"
6,"hsa-miR-3922-5p","CAAGGCC",5,"targetscan","MIMAT0019227","hsa-miR-3922-5p","AWAT1","158833","ENSG00000204195","-0.182","predicted"
6,"hsa-miR-3922-5p","CAAGGCC",5,"targetscan","MIMAT0019227","hsa-miR-3922-5p","KIAA0754","643314","ENSG00000255103","-0.182","predicted"
6,"hsa-miR-3922-5p","CAAGGCC",5,"targetscan","MIMAT0019227","hsa-miR-3922-5p","DGAT2","84649","ENSG00000062282","-0.182","predicted"
6,"hsa-miR-3922-5p","CAAGGCC",5,"targetscan","MIMAT0019227","hsa-miR-3922-5p","","","ENSG00000214248","-0.182","predicted"
6,"hsa-miR-3922-5p","CAAGGCC",5,"targetscan","MIMAT0019227","hsa-miR-3922-5p","CNN3","1266","ENSG00000117519","-0.183","predicted"
6,"hsa-miR-3922-5p","CAAGGCC",5,"targetscan","MIMAT0019227","hsa-miR-3922-5p","PYGB","5834","ENSG00000100994","-0.183","predicted"
6,"hsa-miR-3922-5p","CAAGGCC",5,"targetscan","MIMAT0019227","hsa-miR-3922-5p","CHP1","11261","ENSG00000187446","-0.183","predicted"
6,"hsa-miR-3922-5p","CAAGGCC",5,"targetscan","MIMAT0019227","hsa-miR-3922-5p","NDE1","54820","ENSG00000072864","-0.183","predicted"
6,"hsa-miR-3922-5p","CAAGGCC",5,"targetscan","MIMAT0019227","hsa-miR-3922-5p","TMX4","56255","ENSG00000125827","-0.183","predicted"
6,"hsa-miR-3922-5p","CAAGGCC",5,"targetscan","MIMAT0019227","hsa-miR-3922-5p","TRIM50","135892","ENSG00000146755","-0.183","predicted"
6,"hsa-miR-3922-5p","CAAGGCC",5,"targetscan","MIMAT0019227","hsa-miR-3922-5p","RNF5","6048","ENSG00000204308","-0.183","predicted"
6,"hsa-miR-3922-5p","CAAGGCC",5,"targetscan","MIMAT0019227","hsa-miR-3922-5p","CD200","4345","ENSG00000091972","-0.183","predicted"
6,"hsa-miR-3922-5p","CAAGGCC",5,"targetscan","MIMAT0019227","hsa-miR-3922-5p","MSL2","55167","ENSG00000174579","-0.183","predicted"
6,"hsa-miR-3922-5p","CAAGGCC",5,"targetscan","MIMAT0019227","hsa-miR-3922-5p","CLU","1191","ENSG00000120885","-0.184","predicted"
6,"hsa-miR-3922-5p","CAAGGCC",5,"targetscan","MIMAT0019227","hsa-miR-3922-5p","PTPN4","5775","ENSG00000088179","-0.184","predicted"
6,"hsa-miR-3922-5p","CAAGGCC",5,"targetscan","MIMAT0019227","hsa-miR-3922-5p","SRPRB","58477","ENSG00000144867","-0.184","predicted"
6,"hsa-miR-3922-5p","CAAGGCC",5,"targetscan","MIMAT0019227","hsa-miR-3922-5p","PARP12","64761","ENSG00000059378","-0.184","predicted"
6,"hsa-miR-3922-5p","CAAGGCC",5,"targetscan","MIMAT0019227","hsa-miR-3922-5p","PDRG1","81572","ENSG00000088356","-0.184","predicted"
6,"hsa-miR-3922-5p","CAAGGCC",5,"targetscan","MIMAT0019227","hsa-miR-3922-5p","CGNL1","84952","ENSG00000128849","-0.184","predicted"
6,"hsa-miR-3922-5p","CAAGGCC",5,"targetscan","MIMAT0019227","hsa-miR-3922-5p","ZNF384","171017","ENSG00000126746","-0.184","predicted"
6,"hsa-miR-3922-5p","CAAGGCC",5,"targetscan","MIMAT0019227","hsa-miR-3922-5p","C16orf54","283897","ENSG00000185905","-0.184","predicted"
6,"hsa-miR-3922-5p","CAAGGCC",5,"targetscan","MIMAT0019227","hsa-miR-3922-5p","HES4","57801","ENSG00000188290","-0.184","predicted"
6,"hsa-miR-3922-5p","CAAGGCC",5,"targetscan","MIMAT0019227","hsa-miR-3922-5p","SLC30A8","169026","ENSG00000164756","-0.184","predicted"
6,"hsa-miR-3922-5p","CAAGGCC",5,"targetscan","MIMAT0019227","hsa-miR-3922-5p","FGF12","2257","ENSG00000114279","-0.184","predicted"
6,"hsa-miR-3922-5p","CAAGGCC",5,"targetscan","MIMAT0019227","hsa-miR-3922-5p","RAPSN","5913","ENSG00000165917","-0.184","predicted"
6,"hsa-miR-3922-5p","CAAGGCC",5,"targetscan","MIMAT0019227","hsa-miR-3922-5p","TRAF7","84231","ENSG00000131653","-0.184","predicted"
6,"hsa-miR-3922-5p","CAAGGCC",5,"targetscan","MIMAT0019227","hsa-miR-3922-5p","FAM83F","113828","ENSG00000133477","-0.184","predicted"
6,"hsa-miR-3922-5p","CAAGGCC",5,"targetscan","MIMAT0019227","hsa-miR-3922-5p","RPF2","84154","ENSG00000197498","-0.184","predicted"
6,"hsa-miR-3922-5p","CAAGGCC",5,"targetscan","MIMAT0019227","hsa-miR-3922-5p","H2BC11","8970","ENSG00000124635","-0.184","predicted"
6,"hsa-miR-3922-5p","CAAGGCC",5,"targetscan","MIMAT0019227","hsa-miR-3922-5p","IGFBP5","3488","ENSG00000115461","-0.185","predicted"
6,"hsa-miR-3922-5p","CAAGGCC",5,"targetscan","MIMAT0019227","hsa-miR-3922-5p","SYNCRIP","10492","ENSG00000135316","-0.185","predicted"
6,"hsa-miR-3922-5p","CAAGGCC",5,"targetscan","MIMAT0019227","hsa-miR-3922-5p","GLRX3","10539","ENSG00000108010","-0.185","predicted"
6,"hsa-miR-3922-5p","CAAGGCC",5,"targetscan","MIMAT0019227","hsa-miR-3922-5p","NCKIPSD","51517","ENSG00000213672","-0.185","predicted"
6,"hsa-miR-3922-5p","CAAGGCC",5,"targetscan","MIMAT0019227","hsa-miR-3922-5p","ENAH","55740","ENSG00000154380","-0.185","predicted"
6,"hsa-miR-3922-5p","CAAGGCC",5,"targetscan","MIMAT0019227","hsa-miR-3922-5p","SLC6A13","6540","ENSG00000010379","-0.185","predicted"
6,"hsa-miR-3922-5p","CAAGGCC",5,"targetscan","MIMAT0019227","hsa-miR-3922-5p","ACKR2","1238","ENSG00000144648","-0.185","predicted"
6,"hsa-miR-3922-5p","CAAGGCC",5,"targetscan","MIMAT0019227","hsa-miR-3922-5p","FBXL12","54850","ENSG00000127452","-0.185","predicted"
6,"hsa-miR-3922-5p","CAAGGCC",5,"targetscan","MIMAT0019227","hsa-miR-3922-5p","HOXB6","3216","ENSG00000108511","-0.185","predicted"
6,"hsa-miR-3922-5p","CAAGGCC",5,"targetscan","MIMAT0019227","hsa-miR-3922-5p","LGALS7","3963","ENSG00000205076","-0.185","predicted"
6,"hsa-miR-3922-5p","CAAGGCC",5,"targetscan","MIMAT0019227","hsa-miR-3922-5p","LGALS7","653499","ENSG00000205076","-0.185","predicted"
6,"hsa-miR-3922-5p","CAAGGCC",5,"targetscan","MIMAT0019227","hsa-miR-3922-5p","VSTM5","387804","ENSG00000214376","-0.185","predicted"
6,"hsa-miR-3922-5p","CAAGGCC",5,"targetscan","MIMAT0019227","hsa-miR-3922-5p","SEPTIN11","55752","ENSG00000138758","-0.185","predicted"
6,"hsa-miR-3922-5p","CAAGGCC",5,"targetscan","MIMAT0019227","hsa-miR-3922-5p","MOV10","4343","ENSG00000155363","-0.186","predicted"
6,"hsa-miR-3922-5p","CAAGGCC",5,"targetscan","MIMAT0019227","hsa-miR-3922-5p","RPL28","6158","ENSG00000108107","-0.186","predicted"
6,"hsa-miR-3922-5p","CAAGGCC",5,"targetscan","MIMAT0019227","hsa-miR-3922-5p","WWTR1","25937","ENSG00000018408","-0.186","predicted"
6,"hsa-miR-3922-5p","CAAGGCC",5,"targetscan","MIMAT0019227","hsa-miR-3922-5p","WBP11","51729","ENSG00000084463","-0.186","predicted"
6,"hsa-miR-3922-5p","CAAGGCC",5,"targetscan","MIMAT0019227","hsa-miR-3922-5p","RBM23","55147","ENSG00000100461","-0.186","predicted"
6,"hsa-miR-3922-5p","CAAGGCC",5,"targetscan","MIMAT0019227","hsa-miR-3922-5p","CELF6","60677","ENSG00000140488","-0.186","predicted"
6,"hsa-miR-3922-5p","CAAGGCC",5,"targetscan","MIMAT0019227","hsa-miR-3922-5p","KRT83","3889","ENSG00000170523","-0.186","predicted"
6,"hsa-miR-3922-5p","CAAGGCC",5,"targetscan","MIMAT0019227","hsa-miR-3922-5p","IPO13","9670","ENSG00000117408","-0.186","predicted"
6,"hsa-miR-3922-5p","CAAGGCC",5,"targetscan","MIMAT0019227","hsa-miR-3922-5p","GGT7","2686","ENSG00000131067","-0.186","predicted"
6,"hsa-miR-3922-5p","CAAGGCC",5,"targetscan","MIMAT0019227","hsa-miR-3922-5p","CCND2","894","ENSG00000118971","-0.187","predicted"
6,"hsa-miR-3922-5p","CAAGGCC",5,"targetscan","MIMAT0019227","hsa-miR-3922-5p","ELF3","1999","ENSG00000163435","-0.187","predicted"
6,"hsa-miR-3922-5p","CAAGGCC",5,"targetscan","MIMAT0019227","hsa-miR-3922-5p","GPR37","2861","ENSG00000170775","-0.187","predicted"
6,"hsa-miR-3922-5p","CAAGGCC",5,"targetscan","MIMAT0019227","hsa-miR-3922-5p","SLC1A3","6507","ENSG00000079215","-0.187","predicted"
6,"hsa-miR-3922-5p","CAAGGCC",5,"targetscan","MIMAT0019227","hsa-miR-3922-5p","ST8SIA4","7903","ENSG00000113532","-0.187","predicted"
6,"hsa-miR-3922-5p","CAAGGCC",5,"targetscan","MIMAT0019227","hsa-miR-3922-5p","EHD1","10938","ENSG00000110047","-0.187","predicted"
6,"hsa-miR-3922-5p","CAAGGCC",5,"targetscan","MIMAT0019227","hsa-miR-3922-5p","ATL3","25923","ENSG00000184743","-0.187","predicted"
6,"hsa-miR-3922-5p","CAAGGCC",5,"targetscan","MIMAT0019227","hsa-miR-3922-5p","HIF1AN","55662","ENSG00000166135","-0.187","predicted"
6,"hsa-miR-3922-5p","CAAGGCC",5,"targetscan","MIMAT0019227","hsa-miR-3922-5p","PPP1R14C","81706","ENSG00000198729","-0.187","predicted"
6,"hsa-miR-3922-5p","CAAGGCC",5,"targetscan","MIMAT0019227","hsa-miR-3922-5p","SAMD10","140700","ENSG00000130590","-0.187","predicted"
6,"hsa-miR-3922-5p","CAAGGCC",5,"targetscan","MIMAT0019227","hsa-miR-3922-5p","USP12","219333","ENSG00000152484","-0.187","predicted"
6,"hsa-miR-3922-5p","CAAGGCC",5,"targetscan","MIMAT0019227","hsa-miR-3922-5p","PRPF31","26121","ENSG00000105618","-0.187","predicted"
6,"hsa-miR-3922-5p","CAAGGCC",5,"targetscan","MIMAT0019227","hsa-miR-3922-5p","LGALS7B","3963","ENSG00000178934","-0.187","predicted"
6,"hsa-miR-3922-5p","CAAGGCC",5,"targetscan","MIMAT0019227","hsa-miR-3922-5p","LGALS7B","653499","ENSG00000178934","-0.187","predicted"
6,"hsa-miR-3922-5p","CAAGGCC",5,"targetscan","MIMAT0019227","hsa-miR-3922-5p","AC006372.1","","ENSG00000236669","-0.187","predicted"
6,"hsa-miR-3922-5p","CAAGGCC",5,"targetscan","MIMAT0019227","hsa-miR-3922-5p","MOBP","4336","ENSG00000168314","-0.188","predicted"
6,"hsa-miR-3922-5p","CAAGGCC",5,"targetscan","MIMAT0019227","hsa-miR-3922-5p","SEC62","7095","ENSG00000008952","-0.188","predicted"
6,"hsa-miR-3922-5p","CAAGGCC",5,"targetscan","MIMAT0019227","hsa-miR-3922-5p","CYTH2","9266","ENSG00000105443","-0.188","predicted"
6,"hsa-miR-3922-5p","CAAGGCC",5,"targetscan","MIMAT0019227","hsa-miR-3922-5p","POLR3A","11128","ENSG00000148606","-0.188","predicted"
6,"hsa-miR-3922-5p","CAAGGCC",5,"targetscan","MIMAT0019227","hsa-miR-3922-5p","GID8","54994","ENSG00000101193","-0.188","predicted"
6,"hsa-miR-3922-5p","CAAGGCC",5,"targetscan","MIMAT0019227","hsa-miR-3922-5p","RNF187","149603","ENSG00000168159","-0.188","predicted"
6,"hsa-miR-3922-5p","CAAGGCC",5,"targetscan","MIMAT0019227","hsa-miR-3922-5p","GXYLT1","283464","ENSG00000151233","-0.188","predicted"
6,"hsa-miR-3922-5p","CAAGGCC",5,"targetscan","MIMAT0019227","hsa-miR-3922-5p","RNF8","9025","ENSG00000112130","-0.188","predicted"
6,"hsa-miR-3922-5p","CAAGGCC",5,"targetscan","MIMAT0019227","hsa-miR-3922-5p","CSRNP1","64651","ENSG00000144655","-0.188","predicted"
6,"hsa-miR-3922-5p","CAAGGCC",5,"targetscan","MIMAT0019227","hsa-miR-3922-5p","CCDC167","154467","ENSG00000198937","-0.188","predicted"
6,"hsa-miR-3922-5p","CAAGGCC",5,"targetscan","MIMAT0019227","hsa-miR-3922-5p","ODF4","146852","ENSG00000184650","-0.188","predicted"
6,"hsa-miR-3922-5p","CAAGGCC",5,"targetscan","MIMAT0019227","hsa-miR-3922-5p","FGB","2244","ENSG00000171564","-0.189","predicted"
6,"hsa-miR-3922-5p","CAAGGCC",5,"targetscan","MIMAT0019227","hsa-miR-3922-5p","GNA12","2768","ENSG00000146535","-0.189","predicted"
6,"hsa-miR-3922-5p","CAAGGCC",5,"targetscan","MIMAT0019227","hsa-miR-3922-5p","PRKX","5613","ENSG00000183943","-0.189","predicted"
6,"hsa-miR-3922-5p","CAAGGCC",5,"targetscan","MIMAT0019227","hsa-miR-3922-5p","C1GALT1C1","29071","ENSG00000171155","-0.189","predicted"
6,"hsa-miR-3922-5p","CAAGGCC",5,"targetscan","MIMAT0019227","hsa-miR-3922-5p","CELF3","11189","ENSG00000159409","-0.189","predicted"
6,"hsa-miR-3922-5p","CAAGGCC",5,"targetscan","MIMAT0019227","hsa-miR-3922-5p","MFSD11","79157","ENSG00000092931","-0.189","predicted"
6,"hsa-miR-3922-5p","CAAGGCC",5,"targetscan","MIMAT0019227","hsa-miR-3922-5p","SLAMF8","56833","ENSG00000158714","-0.189","predicted"
6,"hsa-miR-3922-5p","CAAGGCC",5,"targetscan","MIMAT0019227","hsa-miR-3922-5p","CRACD","57482","ENSG00000109265","-0.189","predicted"
6,"hsa-miR-3922-5p","CAAGGCC",5,"targetscan","MIMAT0019227","hsa-miR-3922-5p","EFNA4-EFNA3","125467750","ENSG00000251246","-0.189","predicted"
6,"hsa-miR-3922-5p","CAAGGCC",5,"targetscan","MIMAT0019227","hsa-miR-3922-5p","SLC16A1","6566","ENSG00000155380","-0.19","predicted"
6,"hsa-miR-3922-5p","CAAGGCC",5,"targetscan","MIMAT0019227","hsa-miR-3922-5p","ABCF1","23","ENSG00000204574","-0.19","predicted"
6,"hsa-miR-3922-5p","CAAGGCC",5,"targetscan","MIMAT0019227","hsa-miR-3922-5p","RBMS2","5939","ENSG00000076067","-0.19","predicted"
6,"hsa-miR-3922-5p","CAAGGCC",5,"targetscan","MIMAT0019227","hsa-miR-3922-5p","THRB","7068","ENSG00000151090","-0.19","predicted"
6,"hsa-miR-3922-5p","CAAGGCC",5,"targetscan","MIMAT0019227","hsa-miR-3922-5p","PPFIA2","8499","ENSG00000139220","-0.19","predicted"
6,"hsa-miR-3922-5p","CAAGGCC",5,"targetscan","MIMAT0019227","hsa-miR-3922-5p","TOLLIP","54472","ENSG00000078902","-0.19","predicted"
6,"hsa-miR-3922-5p","CAAGGCC",5,"targetscan","MIMAT0019227","hsa-miR-3922-5p","FAM171B","165215","ENSG00000144369","-0.19","predicted"
6,"hsa-miR-3922-5p","CAAGGCC",5,"targetscan","MIMAT0019227","hsa-miR-3922-5p","RPL37","6167","ENSG00000145592","-0.19","predicted"
6,"hsa-miR-3922-5p","CAAGGCC",5,"targetscan","MIMAT0019227","hsa-miR-3922-5p","SRPX2","27286","ENSG00000102359","-0.19","predicted"
6,"hsa-miR-3922-5p","CAAGGCC",5,"targetscan","MIMAT0019227","hsa-miR-3922-5p","SCAF8","22828","ENSG00000213079","-0.19","predicted"
6,"hsa-miR-3922-5p","CAAGGCC",5,"targetscan","MIMAT0019227","hsa-miR-3922-5p","EDAR","10913","ENSG00000135960","-0.19","predicted"
6,"hsa-miR-3922-5p","CAAGGCC",5,"targetscan","MIMAT0019227","hsa-miR-3922-5p","EEPD1","80820","ENSG00000122547","-0.19","predicted"
6,"hsa-miR-3922-5p","CAAGGCC",5,"targetscan","MIMAT0019227","hsa-miR-3922-5p","OTULIN","90268","ENSG00000154124","-0.19","predicted"
6,"hsa-miR-3922-5p","CAAGGCC",5,"targetscan","MIMAT0019227","hsa-miR-3922-5p","CRKL","1399","ENSG00000099942","-0.191","predicted"
6,"hsa-miR-3922-5p","CAAGGCC",5,"targetscan","MIMAT0019227","hsa-miR-3922-5p","GTF3C1","2975","ENSG00000077235","-0.191","predicted"
6,"hsa-miR-3922-5p","CAAGGCC",5,"targetscan","MIMAT0019227","hsa-miR-3922-5p","UMPS","7372","ENSG00000114491","-0.191","predicted"
6,"hsa-miR-3922-5p","CAAGGCC",5,"targetscan","MIMAT0019227","hsa-miR-3922-5p","CPSF6","11052","ENSG00000111605","-0.191","predicted"
6,"hsa-miR-3922-5p","CAAGGCC",5,"targetscan","MIMAT0019227","hsa-miR-3922-5p","CA5B","11238","ENSG00000169239","-0.191","predicted"
6,"hsa-miR-3922-5p","CAAGGCC",5,"targetscan","MIMAT0019227","hsa-miR-3922-5p","RNF213","57674","ENSG00000173821","-0.191","predicted"
6,"hsa-miR-3922-5p","CAAGGCC",5,"targetscan","MIMAT0019227","hsa-miR-3922-5p","ZNF440","126070","ENSG00000171295","-0.191","predicted"
6,"hsa-miR-3922-5p","CAAGGCC",5,"targetscan","MIMAT0019227","hsa-miR-3922-5p","TTYH1","57348","ENSG00000167614","-0.191","predicted"
6,"hsa-miR-3922-5p","CAAGGCC",5,"targetscan","MIMAT0019227","hsa-miR-3922-5p","GRAP","10750","ENSG00000154016","-0.191","predicted"
6,"hsa-miR-3922-5p","CAAGGCC",5,"targetscan","MIMAT0019227","hsa-miR-3922-5p","ZNF589","51385","ENSG00000164048","-0.191","predicted"
6,"hsa-miR-3922-5p","CAAGGCC",5,"targetscan","MIMAT0019227","hsa-miR-3922-5p","SMIM7","79086","ENSG00000214046","-0.191","predicted"
6,"hsa-miR-3922-5p","CAAGGCC",5,"targetscan","MIMAT0019227","hsa-miR-3922-5p","GRAP","400581","ENSG00000154016","-0.191","predicted"
6,"hsa-miR-3922-5p","CAAGGCC",5,"targetscan","MIMAT0019227","hsa-miR-3922-5p","AP000867.1","","ENSG00000187811","-0.191","predicted"
6,"hsa-miR-3922-5p","CAAGGCC",5,"targetscan","MIMAT0019227","hsa-miR-3922-5p","ACVR2B","93","ENSG00000114739","-0.192","predicted"
6,"hsa-miR-3922-5p","CAAGGCC",5,"targetscan","MIMAT0019227","hsa-miR-3922-5p","EIF4EBP2","1979","ENSG00000148730","-0.192","predicted"
6,"hsa-miR-3922-5p","CAAGGCC",5,"targetscan","MIMAT0019227","hsa-miR-3922-5p","TCEA3","6920","ENSG00000204219","-0.192","predicted"
6,"hsa-miR-3922-5p","CAAGGCC",5,"targetscan","MIMAT0019227","hsa-miR-3922-5p","TMEM130","222865","ENSG00000166448","-0.192","predicted"
6,"hsa-miR-3922-5p","CAAGGCC",5,"targetscan","MIMAT0019227","hsa-miR-3922-5p","C7","730","ENSG00000112936","-0.192","predicted"
6,"hsa-miR-3922-5p","CAAGGCC",5,"targetscan","MIMAT0019227","hsa-miR-3922-5p","BCAR1","9564","ENSG00000050820","-0.192","predicted"
6,"hsa-miR-3922-5p","CAAGGCC",5,"targetscan","MIMAT0019227","hsa-miR-3922-5p","TIMM22","29928","ENSG00000177370","-0.192","predicted"
6,"hsa-miR-3922-5p","CAAGGCC",5,"targetscan","MIMAT0019227","hsa-miR-3922-5p","IFRG15","163590","ENSG00000258664","-0.192","predicted"
6,"hsa-miR-3922-5p","CAAGGCC",5,"targetscan","MIMAT0019227","hsa-miR-3922-5p","C16orf92","146378","ENSG00000167194","-0.192","predicted"
6,"hsa-miR-3922-5p","CAAGGCC",5,"targetscan","MIMAT0019227","hsa-miR-3922-5p","HIST1H2BO","","ENSG00000196331","-0.192","predicted"
6,"hsa-miR-3922-5p","CAAGGCC",5,"targetscan","MIMAT0019227","hsa-miR-3922-5p","C17orf80","55028","ENSG00000141219","-0.193","predicted"
6,"hsa-miR-3922-5p","CAAGGCC",5,"targetscan","MIMAT0019227","hsa-miR-3922-5p","AZIN1","51582","ENSG00000155096","-0.193","predicted"
6,"hsa-miR-3922-5p","CAAGGCC",5,"targetscan","MIMAT0019227","hsa-miR-3922-5p","MS4A8","83661","ENSG00000166959","-0.193","predicted"
6,"hsa-miR-3922-5p","CAAGGCC",5,"targetscan","MIMAT0019227","hsa-miR-3922-5p","SERINC5","256987","ENSG00000164300","-0.193","predicted"
6,"hsa-miR-3922-5p","CAAGGCC",5,"targetscan","MIMAT0019227","hsa-miR-3922-5p","HLCS","3141","ENSG00000159267","-0.193","predicted"
6,"hsa-miR-3922-5p","CAAGGCC",5,"targetscan","MIMAT0019227","hsa-miR-3922-5p","MGAT1","4245","ENSG00000131446","-0.193","predicted"
6,"hsa-miR-3922-5p","CAAGGCC",5,"targetscan","MIMAT0019227","hsa-miR-3922-5p","MTO1","25821","ENSG00000135297","-0.193","predicted"
6,"hsa-miR-3922-5p","CAAGGCC",5,"targetscan","MIMAT0019227","hsa-miR-3922-5p","TRMT61A","115708","ENSG00000166166","-0.193","predicted"
6,"hsa-miR-3922-5p","CAAGGCC",5,"targetscan","MIMAT0019227","hsa-miR-3922-5p","MINDY2","54629","ENSG00000128923","-0.193","predicted"
6,"hsa-miR-3922-5p","CAAGGCC",5,"targetscan","MIMAT0019227","hsa-miR-3922-5p","LRRC74B","400891","ENSG00000187905","-0.193","predicted"
6,"hsa-miR-3922-5p","CAAGGCC",5,"targetscan","MIMAT0019227","hsa-miR-3922-5p","TNFRSF21","27242","ENSG00000146072","-0.194","predicted"
6,"hsa-miR-3922-5p","CAAGGCC",5,"targetscan","MIMAT0019227","hsa-miR-3922-5p","GNGT2","2793","ENSG00000167083","-0.194","predicted"
6,"hsa-miR-3922-5p","CAAGGCC",5,"targetscan","MIMAT0019227","hsa-miR-3922-5p","CDC14A","8556","ENSG00000079335","-0.194","predicted"
6,"hsa-miR-3922-5p","CAAGGCC",5,"targetscan","MIMAT0019227","hsa-miR-3922-5p","PDE5A","8654","ENSG00000138735","-0.194","predicted"
6,"hsa-miR-3922-5p","CAAGGCC",5,"targetscan","MIMAT0019227","hsa-miR-3922-5p","PTP4A3","11156","ENSG00000184489","-0.194","predicted"
6,"hsa-miR-3922-5p","CAAGGCC",5,"targetscan","MIMAT0019227","hsa-miR-3922-5p","KCTD15","79047","ENSG00000153885","-0.194","predicted"
6,"hsa-miR-3922-5p","CAAGGCC",5,"targetscan","MIMAT0019227","hsa-miR-3922-5p","RPAP3","79657","ENSG00000005175","-0.194","predicted"
6,"hsa-miR-3922-5p","CAAGGCC",5,"targetscan","MIMAT0019227","hsa-miR-3922-5p","DCTN5","84516","ENSG00000166847","-0.194","predicted"
6,"hsa-miR-3922-5p","CAAGGCC",5,"targetscan","MIMAT0019227","hsa-miR-3922-5p","TMPPE","643853","ENSG00000188167","-0.194","predicted"
6,"hsa-miR-3922-5p","CAAGGCC",5,"targetscan","MIMAT0019227","hsa-miR-3922-5p","SEZ6L2","26470","ENSG00000174938","-0.194","predicted"
6,"hsa-miR-3922-5p","CAAGGCC",5,"targetscan","MIMAT0019227","hsa-miR-3922-5p","KCNK6","9424","ENSG00000099337","-0.194","predicted"
6,"hsa-miR-3922-5p","CAAGGCC",5,"targetscan","MIMAT0019227","hsa-miR-3922-5p","CDH26","60437","ENSG00000124215","-0.194","predicted"
6,"hsa-miR-3922-5p","CAAGGCC",5,"targetscan","MIMAT0019227","hsa-miR-3922-5p","C1orf50","79078","ENSG00000164008","-0.194","predicted"
6,"hsa-miR-3922-5p","CAAGGCC",5,"targetscan","MIMAT0019227","hsa-miR-3922-5p","AC079210.1","","ENSG00000269657","-0.194","predicted"
6,"hsa-miR-3922-5p","CAAGGCC",5,"targetscan","MIMAT0019227","hsa-miR-3922-5p","GNA12","2768","ENSG00000146535","-0.195","predicted"
6,"hsa-miR-3922-5p","CAAGGCC",5,"targetscan","MIMAT0019227","hsa-miR-3922-5p","SH2D4B","387694","ENSG00000178217","-0.195","predicted"
6,"hsa-miR-3922-5p","CAAGGCC",5,"targetscan","MIMAT0019227","hsa-miR-3922-5p","FAM131A","131408","ENSG00000175182","-0.195","predicted"
6,"hsa-miR-3922-5p","CAAGGCC",5,"targetscan","MIMAT0019227","hsa-miR-3922-5p","GSTO2","119391","ENSG00000065621","-0.195","predicted"
6,"hsa-miR-3922-5p","CAAGGCC",5,"targetscan","MIMAT0019227","hsa-miR-3922-5p","SKP1","6500","ENSG00000113558","-0.195","predicted"
6,"hsa-miR-3922-5p","CAAGGCC",5,"targetscan","MIMAT0019227","hsa-miR-3922-5p","PTCD2","79810","ENSG00000049883","-0.195","predicted"
6,"hsa-miR-3922-5p","CAAGGCC",5,"targetscan","MIMAT0019227","hsa-miR-3922-5p","MIRLET7BHG","400931","ENSG00000197182","-0.195","predicted"
6,"hsa-miR-3922-5p","CAAGGCC",5,"targetscan","MIMAT0019227","hsa-miR-3922-5p","MIRLET7BHG","124905135","ENSG00000197182","-0.195","predicted"
6,"hsa-miR-3922-5p","CAAGGCC",5,"targetscan","MIMAT0019227","hsa-miR-3922-5p","LINC01561","404216","ENSG00000177234","-0.195","predicted"
6,"hsa-miR-3922-5p","CAAGGCC",5,"targetscan","MIMAT0019227","hsa-miR-3922-5p","KLF13","51621","ENSG00000169926","-0.196","predicted"
6,"hsa-miR-3922-5p","CAAGGCC",5,"targetscan","MIMAT0019227","hsa-miR-3922-5p","SDCBP2","27111","ENSG00000125775","-0.196","predicted"
6,"hsa-miR-3922-5p","CAAGGCC",5,"targetscan","MIMAT0019227","hsa-miR-3922-5p","CH25H","9023","ENSG00000138135","-0.196","predicted"
6,"hsa-miR-3922-5p","CAAGGCC",5,"targetscan","MIMAT0019227","hsa-miR-3922-5p","PIWIL3","440822","ENSG00000184571","-0.196","predicted"
6,"hsa-miR-3922-5p","CAAGGCC",5,"targetscan","MIMAT0019227","hsa-miR-3922-5p","HK3","3101","ENSG00000160883","-0.196","predicted"
6,"hsa-miR-3922-5p","CAAGGCC",5,"targetscan","MIMAT0019227","hsa-miR-3922-5p","TMEM199","147007","ENSG00000244045","-0.196","predicted"
6,"hsa-miR-3922-5p","CAAGGCC",5,"targetscan","MIMAT0019227","hsa-miR-3922-5p","TMEM252","169693","ENSG00000181778","-0.196","predicted"
6,"hsa-miR-3922-5p","CAAGGCC",5,"targetscan","MIMAT0019227","hsa-miR-3922-5p","SPRED3","399473","ENSG00000188766","-0.196","predicted"
6,"hsa-miR-3922-5p","CAAGGCC",5,"targetscan","MIMAT0019227","hsa-miR-3922-5p","MAPK12","6300","ENSG00000188130","-0.196","predicted"
6,"hsa-miR-3922-5p","CAAGGCC",5,"targetscan","MIMAT0019227","hsa-miR-3922-5p","RFLNA","144347","ENSG00000178882","-0.196","predicted"
6,"hsa-miR-3922-5p","CAAGGCC",5,"targetscan","MIMAT0019227","hsa-miR-3922-5p","RFLNA","100533183","ENSG00000178882","-0.196","predicted"
6,"hsa-miR-3922-5p","CAAGGCC",5,"targetscan","MIMAT0019227","hsa-miR-3922-5p","MRM1","","ENSG00000129282","-0.196","predicted"
6,"hsa-miR-3922-5p","CAAGGCC",5,"targetscan","MIMAT0019227","hsa-miR-3922-5p","MIRLET7BHG","400931","ENSG00000197182","-0.196","predicted"
6,"hsa-miR-3922-5p","CAAGGCC",5,"targetscan","MIMAT0019227","hsa-miR-3922-5p","MIRLET7BHG","124905135","ENSG00000197182","-0.196","predicted"
6,"hsa-miR-3922-5p","CAAGGCC",5,"targetscan","MIMAT0019227","hsa-miR-3922-5p","ARHGEF3","50650","ENSG00000163947","-0.197","predicted"
6,"hsa-miR-3922-5p","CAAGGCC",5,"targetscan","MIMAT0019227","hsa-miR-3922-5p","SERPINA1","5265","ENSG00000197249","-0.197","predicted"
6,"hsa-miR-3922-5p","CAAGGCC",5,"targetscan","MIMAT0019227","hsa-miR-3922-5p","CXCL13","10563","ENSG00000156234","-0.197","predicted"
6,"hsa-miR-3922-5p","CAAGGCC",5,"targetscan","MIMAT0019227","hsa-miR-3922-5p","INTS6","26512","ENSG00000102786","-0.197","predicted"
6,"hsa-miR-3922-5p","CAAGGCC",5,"targetscan","MIMAT0019227","hsa-miR-3922-5p","NRN1","51299","ENSG00000124785","-0.197","predicted"
6,"hsa-miR-3922-5p","CAAGGCC",5,"targetscan","MIMAT0019227","hsa-miR-3922-5p","MEX3C","51320","ENSG00000176624","-0.197","predicted"
6,"hsa-miR-3922-5p","CAAGGCC",5,"targetscan","MIMAT0019227","hsa-miR-3922-5p","TP53AIP1","63970","ENSG00000120471","-0.197","predicted"
6,"hsa-miR-3922-5p","CAAGGCC",5,"targetscan","MIMAT0019227","hsa-miR-3922-5p","MTMR14","64419","ENSG00000163719","-0.197","predicted"
6,"hsa-miR-3922-5p","CAAGGCC",5,"targetscan","MIMAT0019227","hsa-miR-3922-5p","RNF187","149603","ENSG00000168159","-0.197","predicted"
6,"hsa-miR-3922-5p","CAAGGCC",5,"targetscan","MIMAT0019227","hsa-miR-3922-5p","RASEF","158158","ENSG00000165105","-0.197","predicted"
6,"hsa-miR-3922-5p","CAAGGCC",5,"targetscan","MIMAT0019227","hsa-miR-3922-5p","PARL","55486","ENSG00000175193","-0.197","predicted"
6,"hsa-miR-3922-5p","CAAGGCC",5,"targetscan","MIMAT0019227","hsa-miR-3922-5p","HNRNPLL","92906","ENSG00000143889","-0.197","predicted"
6,"hsa-miR-3922-5p","CAAGGCC",5,"targetscan","MIMAT0019227","hsa-miR-3922-5p","ATG13","9776","ENSG00000175224","-0.197","predicted"
6,"hsa-miR-3922-5p","CAAGGCC",5,"targetscan","MIMAT0019227","hsa-miR-3922-5p","GSX1","219409","ENSG00000169840","-0.197","predicted"
6,"hsa-miR-3922-5p","CAAGGCC",5,"targetscan","MIMAT0019227","hsa-miR-3922-5p","CIBAR2","339145","ENSG00000153789","-0.197","predicted"
6,"hsa-miR-3922-5p","CAAGGCC",5,"targetscan","MIMAT0019227","hsa-miR-3922-5p","GAS2L2","","ENSG00000132139","-0.197","predicted"
6,"hsa-miR-3922-5p","CAAGGCC",5,"targetscan","MIMAT0019227","hsa-miR-3922-5p","ZNF436","80818","ENSG00000125945","-0.198","predicted"
6,"hsa-miR-3922-5p","CAAGGCC",5,"targetscan","MIMAT0019227","hsa-miR-3922-5p","ANGPT2","285","ENSG00000091879","-0.198","predicted"
6,"hsa-miR-3922-5p","CAAGGCC",5,"targetscan","MIMAT0019227","hsa-miR-3922-5p","DERL2","51009","ENSG00000072849","-0.198","predicted"
6,"hsa-miR-3922-5p","CAAGGCC",5,"targetscan","MIMAT0019227","hsa-miR-3922-5p","KMT5A","387893","ENSG00000183955","-0.198","predicted"
6,"hsa-miR-3922-5p","CAAGGCC",5,"targetscan","MIMAT0019227","hsa-miR-3922-5p","SLX9","85395","ENSG00000160256","-0.198","predicted"
6,"hsa-miR-3922-5p","CAAGGCC",5,"targetscan","MIMAT0019227","hsa-miR-3922-5p","CAMK2G","818","ENSG00000148660","-0.199","predicted"
6,"hsa-miR-3922-5p","CAAGGCC",5,"targetscan","MIMAT0019227","hsa-miR-3922-5p","CD34","947","ENSG00000174059","-0.199","predicted"
6,"hsa-miR-3922-5p","CAAGGCC",5,"targetscan","MIMAT0019227","hsa-miR-3922-5p","ATXN7","6314","ENSG00000163635","-0.199","predicted"
6,"hsa-miR-3922-5p","CAAGGCC",5,"targetscan","MIMAT0019227","hsa-miR-3922-5p","DYRK1B","9149","ENSG00000105204","-0.199","predicted"
6,"hsa-miR-3922-5p","CAAGGCC",5,"targetscan","MIMAT0019227","hsa-miR-3922-5p","OLIG2","10215","ENSG00000205927","-0.199","predicted"
6,"hsa-miR-3922-5p","CAAGGCC",5,"targetscan","MIMAT0019227","hsa-miR-3922-5p","SEMA3G","56920","ENSG00000010319","-0.199","predicted"
6,"hsa-miR-3922-5p","CAAGGCC",5,"targetscan","MIMAT0019227","hsa-miR-3922-5p","ARHGAP35","2909","ENSG00000160007","-0.199","predicted"
6,"hsa-miR-3922-5p","CAAGGCC",5,"targetscan","MIMAT0019227","hsa-miR-3922-5p","PRKCI","5584","ENSG00000163558","-0.2","predicted"
6,"hsa-miR-3922-5p","CAAGGCC",5,"targetscan","MIMAT0019227","hsa-miR-3922-5p","UBE2F","140739","ENSG00000184182","-0.2","predicted"
6,"hsa-miR-3922-5p","CAAGGCC",5,"targetscan","MIMAT0019227","hsa-miR-3922-5p","NOL9","79707","ENSG00000162408","-0.2","predicted"
6,"hsa-miR-3922-5p","CAAGGCC",5,"targetscan","MIMAT0019227","hsa-miR-3922-5p","MEDAG","84935","ENSG00000102802","-0.2","predicted"
6,"hsa-miR-3922-5p","CAAGGCC",5,"targetscan","MIMAT0019227","hsa-miR-3922-5p","RBM10","8241","ENSG00000182872","-0.2","predicted"
6,"hsa-miR-3922-5p","CAAGGCC",5,"targetscan","MIMAT0019227","hsa-miR-3922-5p","ARMH1","339541","ENSG00000198520","-0.2","predicted"
6,"hsa-miR-3922-5p","CAAGGCC",5,"targetscan","MIMAT0019227","hsa-miR-3922-5p","DDR2","4921","ENSG00000162733","-0.201","predicted"
6,"hsa-miR-3922-5p","CAAGGCC",5,"targetscan","MIMAT0019227","hsa-miR-3922-5p","POLD2","5425","ENSG00000106628","-0.201","predicted"
6,"hsa-miR-3922-5p","CAAGGCC",5,"targetscan","MIMAT0019227","hsa-miR-3922-5p","YWHAG","7532","ENSG00000170027","-0.201","predicted"
6,"hsa-miR-3922-5p","CAAGGCC",5,"targetscan","MIMAT0019227","hsa-miR-3922-5p","PEA15","8682","ENSG00000162734","-0.201","predicted"
6,"hsa-miR-3922-5p","CAAGGCC",5,"targetscan","MIMAT0019227","hsa-miR-3922-5p","FAM120AOS","158293","ENSG00000188938","-0.201","predicted"
6,"hsa-miR-3922-5p","CAAGGCC",5,"targetscan","MIMAT0019227","hsa-miR-3922-5p","RASL12","51285","ENSG00000103710","-0.201","predicted"
6,"hsa-miR-3922-5p","CAAGGCC",5,"targetscan","MIMAT0019227","hsa-miR-3922-5p","KYAT1","883","ENSG00000171097","-0.201","predicted"
6,"hsa-miR-3922-5p","CAAGGCC",5,"targetscan","MIMAT0019227","hsa-miR-3922-5p","UQCC6","728568","ENSG00000204954","-0.201","predicted"
6,"hsa-miR-3922-5p","CAAGGCC",5,"targetscan","MIMAT0019227","hsa-miR-3922-5p","ABCG2","9429","ENSG00000118777","-0.202","predicted"
6,"hsa-miR-3922-5p","CAAGGCC",5,"targetscan","MIMAT0019227","hsa-miR-3922-5p","SRPK1","6732","ENSG00000096063","-0.202","predicted"
6,"hsa-miR-3922-5p","CAAGGCC",5,"targetscan","MIMAT0019227","hsa-miR-3922-5p","ALS2","57679","ENSG00000003393","-0.202","predicted"
6,"hsa-miR-3922-5p","CAAGGCC",5,"targetscan","MIMAT0019227","hsa-miR-3922-5p","PEPD","5184","ENSG00000124299","-0.202","predicted"
6,"hsa-miR-3922-5p","CAAGGCC",5,"targetscan","MIMAT0019227","hsa-miR-3922-5p","PLIN5","440503","ENSG00000214456","-0.202","predicted"
6,"hsa-miR-3922-5p","CAAGGCC",5,"targetscan","MIMAT0019227","hsa-miR-3922-5p","TMEM80","283232","ENSG00000177042","-0.202","predicted"
6,"hsa-miR-3922-5p","CAAGGCC",5,"targetscan","MIMAT0019227","hsa-miR-3922-5p","ERVV-1","147664","ENSG00000269526","-0.202","predicted"
6,"hsa-miR-3922-5p","CAAGGCC",5,"targetscan","MIMAT0019227","hsa-miR-3922-5p","SUSD6","9766","ENSG00000100647","-0.202","predicted"
6,"hsa-miR-3922-5p","CAAGGCC",5,"targetscan","MIMAT0019227","hsa-miR-3922-5p","LSM8","51691","ENSG00000128534","-0.202","predicted"
6,"hsa-miR-3922-5p","CAAGGCC",5,"targetscan","MIMAT0019227","hsa-miR-3922-5p","ZNF280B","","ENSG00000198477","-0.202","predicted"
6,"hsa-miR-3922-5p","CAAGGCC",5,"targetscan","MIMAT0019227","hsa-miR-3922-5p","ABCG2","9429","ENSG00000118777","-0.203","predicted"
6,"hsa-miR-3922-5p","CAAGGCC",5,"targetscan","MIMAT0019227","hsa-miR-3922-5p","RAE1","8480","ENSG00000101146","-0.203","predicted"
6,"hsa-miR-3922-5p","CAAGGCC",5,"targetscan","MIMAT0019227","hsa-miR-3922-5p","EPN2","22905","ENSG00000072134","-0.203","predicted"
6,"hsa-miR-3922-5p","CAAGGCC",5,"targetscan","MIMAT0019227","hsa-miR-3922-5p","OSBPL6","114880","ENSG00000079156","-0.203","predicted"
6,"hsa-miR-3922-5p","CAAGGCC",5,"targetscan","MIMAT0019227","hsa-miR-3922-5p","PCDHGB3","56102","ENSG00000262209","-0.203","predicted"
6,"hsa-miR-3922-5p","CAAGGCC",5,"targetscan","MIMAT0019227","hsa-miR-3922-5p","PCDHGB7","56099","ENSG00000254122","-0.203","predicted"
6,"hsa-miR-3922-5p","CAAGGCC",5,"targetscan","MIMAT0019227","hsa-miR-3922-5p","SLC25A25","114789","ENSG00000148339","-0.203","predicted"
6,"hsa-miR-3922-5p","CAAGGCC",5,"targetscan","MIMAT0019227","hsa-miR-3922-5p","CLVS2","134829","ENSG00000146352","-0.203","predicted"
6,"hsa-miR-3922-5p","CAAGGCC",5,"targetscan","MIMAT0019227","hsa-miR-3922-5p","SSTR5","6755","ENSG00000162009","-0.203","predicted"
6,"hsa-miR-3922-5p","CAAGGCC",5,"targetscan","MIMAT0019227","hsa-miR-3922-5p","PDCD1","5133","ENSG00000188389","-0.203","predicted"
6,"hsa-miR-3922-5p","CAAGGCC",5,"targetscan","MIMAT0019227","hsa-miR-3922-5p","NELFA","7469","ENSG00000185049","-0.203","predicted"
6,"hsa-miR-3922-5p","CAAGGCC",5,"targetscan","MIMAT0019227","hsa-miR-3922-5p","PMVK","10654","ENSG00000163344","-0.203","predicted"
6,"hsa-miR-3922-5p","CAAGGCC",5,"targetscan","MIMAT0019227","hsa-miR-3922-5p","PCDHGB2","56103","ENSG00000253910","-0.203","predicted"
6,"hsa-miR-3922-5p","CAAGGCC",5,"targetscan","MIMAT0019227","hsa-miR-3922-5p","EXOSC5","56915","ENSG00000077348","-0.203","predicted"
6,"hsa-miR-3922-5p","CAAGGCC",5,"targetscan","MIMAT0019227","hsa-miR-3922-5p","RTTN","25914","ENSG00000176225","-0.203","predicted"
6,"hsa-miR-3922-5p","CAAGGCC",5,"targetscan","MIMAT0019227","hsa-miR-3922-5p","BICRAL","23506","ENSG00000112624","-0.203","predicted"
6,"hsa-miR-3922-5p","CAAGGCC",5,"targetscan","MIMAT0019227","hsa-miR-3922-5p","AL117190.3","","ENSG00000269375","-0.203","predicted"
6,"hsa-miR-3922-5p","CAAGGCC",5,"targetscan","MIMAT0019227","hsa-miR-3922-5p","ANKIB1","54467","ENSG00000001629","-0.204","predicted"
6,"hsa-miR-3922-5p","CAAGGCC",5,"targetscan","MIMAT0019227","hsa-miR-3922-5p","SRXN1","140809","ENSG00000271303","-0.204","predicted"
6,"hsa-miR-3922-5p","CAAGGCC",5,"targetscan","MIMAT0019227","hsa-miR-3922-5p","HMGB1","3146","ENSG00000189403","-0.204","predicted"
6,"hsa-miR-3922-5p","CAAGGCC",5,"targetscan","MIMAT0019227","hsa-miR-3922-5p","ECH1","1891","ENSG00000104823","-0.204","predicted"
6,"hsa-miR-3922-5p","CAAGGCC",5,"targetscan","MIMAT0019227","hsa-miR-3922-5p","HAGH","3029","ENSG00000063854","-0.204","predicted"
6,"hsa-miR-3922-5p","CAAGGCC",5,"targetscan","MIMAT0019227","hsa-miR-3922-5p","SRSF2","6427","ENSG00000161547","-0.204","predicted"
6,"hsa-miR-3922-5p","CAAGGCC",5,"targetscan","MIMAT0019227","hsa-miR-3922-5p","ALMS1","7840","ENSG00000116127","-0.204","predicted"
6,"hsa-miR-3922-5p","CAAGGCC",5,"targetscan","MIMAT0019227","hsa-miR-3922-5p","BAG4","9530","ENSG00000156735","-0.204","predicted"
6,"hsa-miR-3922-5p","CAAGGCC",5,"targetscan","MIMAT0019227","hsa-miR-3922-5p","ZWINT","11130","ENSG00000122952","-0.204","predicted"
6,"hsa-miR-3922-5p","CAAGGCC",5,"targetscan","MIMAT0019227","hsa-miR-3922-5p","GEN1","348654","ENSG00000178295","-0.204","predicted"
6,"hsa-miR-3922-5p","CAAGGCC",5,"targetscan","MIMAT0019227","hsa-miR-3922-5p","ALG11","440138","ENSG00000253710","-0.204","predicted"
6,"hsa-miR-3922-5p","CAAGGCC",5,"targetscan","MIMAT0019227","hsa-miR-3922-5p","NCMAP","400746","ENSG00000184454","-0.204","predicted"
6,"hsa-miR-3922-5p","CAAGGCC",5,"targetscan","MIMAT0019227","hsa-miR-3922-5p","PCDHGB4","8641","ENSG00000253953","-0.204","predicted"
6,"hsa-miR-3922-5p","CAAGGCC",5,"targetscan","MIMAT0019227","hsa-miR-3922-5p","LRRC14","9684","ENSG00000160959","-0.204","predicted"
6,"hsa-miR-3922-5p","CAAGGCC",5,"targetscan","MIMAT0019227","hsa-miR-3922-5p","PCDHGB1","56104","ENSG00000254221","-0.204","predicted"
6,"hsa-miR-3922-5p","CAAGGCC",5,"targetscan","MIMAT0019227","hsa-miR-3922-5p","ITFG3","","ENSG00000269881","-0.204","predicted"
6,"hsa-miR-3922-5p","CAAGGCC",5,"targetscan","MIMAT0019227","hsa-miR-3922-5p","CDC25B","994","ENSG00000101224","-0.205","predicted"
6,"hsa-miR-3922-5p","CAAGGCC",5,"targetscan","MIMAT0019227","hsa-miR-3922-5p","CCNT1","904","ENSG00000129315","-0.205","predicted"
6,"hsa-miR-3922-5p","CAAGGCC",5,"targetscan","MIMAT0019227","hsa-miR-3922-5p","HLA-A","3105","ENSG00000206503","-0.205","predicted"
6,"hsa-miR-3922-5p","CAAGGCC",5,"targetscan","MIMAT0019227","hsa-miR-3922-5p","HSPA9","3313","ENSG00000113013","-0.205","predicted"
6,"hsa-miR-3922-5p","CAAGGCC",5,"targetscan","MIMAT0019227","hsa-miR-3922-5p","KDM5B","10765","ENSG00000117139","-0.205","predicted"
6,"hsa-miR-3922-5p","CAAGGCC",5,"targetscan","MIMAT0019227","hsa-miR-3922-5p","OGFOD1","55239","ENSG00000087263","-0.205","predicted"
6,"hsa-miR-3922-5p","CAAGGCC",5,"targetscan","MIMAT0019227","hsa-miR-3922-5p","RAB22A","57403","ENSG00000124209","-0.205","predicted"
6,"hsa-miR-3922-5p","CAAGGCC",5,"targetscan","MIMAT0019227","hsa-miR-3922-5p","HECTD3","79654","ENSG00000126107","-0.205","predicted"
6,"hsa-miR-3922-5p","CAAGGCC",5,"targetscan","MIMAT0019227","hsa-miR-3922-5p","SFXN1","94081","ENSG00000164466","-0.205","predicted"
6,"hsa-miR-3922-5p","CAAGGCC",5,"targetscan","MIMAT0019227","hsa-miR-3922-5p","ZNF80","7634","ENSG00000174255","-0.205","predicted"
6,"hsa-miR-3922-5p","CAAGGCC",5,"targetscan","MIMAT0019227","hsa-miR-3922-5p","FGD4","121512","ENSG00000139132","-0.205","predicted"
6,"hsa-miR-3922-5p","CAAGGCC",5,"targetscan","MIMAT0019227","hsa-miR-3922-5p","SCN4B","6330","ENSG00000177098","-0.206","predicted"
6,"hsa-miR-3922-5p","CAAGGCC",5,"targetscan","MIMAT0019227","hsa-miR-3922-5p","ZNF33A","7581","ENSG00000189180","-0.206","predicted"
6,"hsa-miR-3922-5p","CAAGGCC",5,"targetscan","MIMAT0019227","hsa-miR-3922-5p","LUZP1","7798","ENSG00000169641","-0.206","predicted"
6,"hsa-miR-3922-5p","CAAGGCC",5,"targetscan","MIMAT0019227","hsa-miR-3922-5p","CD226","10666","ENSG00000150637","-0.206","predicted"
6,"hsa-miR-3922-5p","CAAGGCC",5,"targetscan","MIMAT0019227","hsa-miR-3922-5p","SCAND3","114821","ENSG00000232040","-0.206","predicted"
6,"hsa-miR-3922-5p","CAAGGCC",5,"targetscan","MIMAT0019227","hsa-miR-3922-5p","ATP6V0C","527","ENSG00000185883","-0.206","predicted"
6,"hsa-miR-3922-5p","CAAGGCC",5,"targetscan","MIMAT0019227","hsa-miR-3922-5p","ASB18","401036","ENSG00000182177","-0.206","predicted"
6,"hsa-miR-3922-5p","CAAGGCC",5,"targetscan","MIMAT0019227","hsa-miR-3922-5p","ADGRG1","9289","ENSG00000205336","-0.206","predicted"
6,"hsa-miR-3922-5p","CAAGGCC",5,"targetscan","MIMAT0019227","hsa-miR-3922-5p","CNP","1267","ENSG00000173786","-0.207","predicted"
6,"hsa-miR-3922-5p","CAAGGCC",5,"targetscan","MIMAT0019227","hsa-miR-3922-5p","DUSP3","1845","ENSG00000108861","-0.207","predicted"
6,"hsa-miR-3922-5p","CAAGGCC",5,"targetscan","MIMAT0019227","hsa-miR-3922-5p","HOXC13","3229","ENSG00000123364","-0.207","predicted"
6,"hsa-miR-3922-5p","CAAGGCC",5,"targetscan","MIMAT0019227","hsa-miR-3922-5p","PELO","53918","ENSG00000152684","-0.207","predicted"
6,"hsa-miR-3922-5p","CAAGGCC",5,"targetscan","MIMAT0019227","hsa-miR-3922-5p","CEP97","79598","ENSG00000182504","-0.207","predicted"
6,"hsa-miR-3922-5p","CAAGGCC",5,"targetscan","MIMAT0019227","hsa-miR-3922-5p","FCHSD1","89848","ENSG00000197948","-0.207","predicted"
6,"hsa-miR-3922-5p","CAAGGCC",5,"targetscan","MIMAT0019227","hsa-miR-3922-5p","BTF3L4","91408","ENSG00000134717","-0.207","predicted"
6,"hsa-miR-3922-5p","CAAGGCC",5,"targetscan","MIMAT0019227","hsa-miR-3922-5p","DPH3","285381","ENSG00000154813","-0.207","predicted"
6,"hsa-miR-3922-5p","CAAGGCC",5,"targetscan","MIMAT0019227","hsa-miR-3922-5p","DEXI","28955","ENSG00000182108","-0.207","predicted"
6,"hsa-miR-3922-5p","CAAGGCC",5,"targetscan","MIMAT0019227","hsa-miR-3922-5p","SASH3","54440","ENSG00000122122","-0.207","predicted"
6,"hsa-miR-3922-5p","CAAGGCC",5,"targetscan","MIMAT0019227","hsa-miR-3922-5p","RPL24","6152","ENSG00000114391","-0.207","predicted"
6,"hsa-miR-3922-5p","CAAGGCC",5,"targetscan","MIMAT0019227","hsa-miR-3922-5p","AVPR1B","553","ENSG00000198049","-0.208","predicted"
6,"hsa-miR-3922-5p","CAAGGCC",5,"targetscan","MIMAT0019227","hsa-miR-3922-5p","HDAC2","3066","ENSG00000196591","-0.208","predicted"
6,"hsa-miR-3922-5p","CAAGGCC",5,"targetscan","MIMAT0019227","hsa-miR-3922-5p","KCTD15","79047","ENSG00000153885","-0.208","predicted"
6,"hsa-miR-3922-5p","CAAGGCC",5,"targetscan","MIMAT0019227","hsa-miR-3922-5p","ZNF224","7767","ENSG00000267680","-0.208","predicted"
6,"hsa-miR-3922-5p","CAAGGCC",5,"targetscan","MIMAT0019227","hsa-miR-3922-5p","ZNF585B","92285","ENSG00000245680","-0.208","predicted"
6,"hsa-miR-3922-5p","CAAGGCC",5,"targetscan","MIMAT0019227","hsa-miR-3922-5p","KCNS1","3787","ENSG00000124134","-0.208","predicted"
6,"hsa-miR-3922-5p","CAAGGCC",5,"targetscan","MIMAT0019227","hsa-miR-3922-5p","CILP","8483","ENSG00000138615","-0.208","predicted"
6,"hsa-miR-3922-5p","CAAGGCC",5,"targetscan","MIMAT0019227","hsa-miR-3922-5p","ZSCAN32","54925","ENSG00000140987","-0.208","predicted"
6,"hsa-miR-3922-5p","CAAGGCC",5,"targetscan","MIMAT0019227","hsa-miR-3922-5p","CITED4","163732","ENSG00000179862","-0.208","predicted"
6,"hsa-miR-3922-5p","CAAGGCC",5,"targetscan","MIMAT0019227","hsa-miR-3922-5p","DNMT1","1786","ENSG00000130816","-0.209","predicted"
6,"hsa-miR-3922-5p","CAAGGCC",5,"targetscan","MIMAT0019227","hsa-miR-3922-5p","SMAD6","4091","ENSG00000137834","-0.209","predicted"
6,"hsa-miR-3922-5p","CAAGGCC",5,"targetscan","MIMAT0019227","hsa-miR-3922-5p","MBNL1","4154","ENSG00000152601","-0.209","predicted"
6,"hsa-miR-3922-5p","CAAGGCC",5,"targetscan","MIMAT0019227","hsa-miR-3922-5p","B4GALT5","9334","ENSG00000158470","-0.209","predicted"
6,"hsa-miR-3922-5p","CAAGGCC",5,"targetscan","MIMAT0019227","hsa-miR-3922-5p","STAMBPL1","57559","ENSG00000138134","-0.209","predicted"
6,"hsa-miR-3922-5p","CAAGGCC",5,"targetscan","MIMAT0019227","hsa-miR-3922-5p","CLSTN2","64084","ENSG00000158258","-0.209","predicted"
6,"hsa-miR-3922-5p","CAAGGCC",5,"targetscan","MIMAT0019227","hsa-miR-3922-5p","C6orf89","221477","ENSG00000198663","-0.209","predicted"
6,"hsa-miR-3922-5p","CAAGGCC",5,"targetscan","MIMAT0019227","hsa-miR-3922-5p","EDN3","1908","ENSG00000124205","-0.209","predicted"
6,"hsa-miR-3922-5p","CAAGGCC",5,"targetscan","MIMAT0019227","hsa-miR-3922-5p","UROS","7390","ENSG00000188690","-0.209","predicted"
6,"hsa-miR-3922-5p","CAAGGCC",5,"targetscan","MIMAT0019227","hsa-miR-3922-5p","CD74","972","ENSG00000019582","-0.209","predicted"
6,"hsa-miR-3922-5p","CAAGGCC",5,"targetscan","MIMAT0019227","hsa-miR-3922-5p","RIC3","79608","ENSG00000166405","-0.209","predicted"
6,"hsa-miR-3922-5p","CAAGGCC",5,"targetscan","MIMAT0019227","hsa-miR-3922-5p","SLC38A7","55238","ENSG00000103042","-0.209","predicted"
6,"hsa-miR-3922-5p","CAAGGCC",5,"targetscan","MIMAT0019227","hsa-miR-3922-5p","HLX","3142","ENSG00000136630","-0.209","predicted"
6,"hsa-miR-3922-5p","CAAGGCC",5,"targetscan","MIMAT0019227","hsa-miR-3922-5p","BLOC1S1","2647","ENSG00000135441","-0.209","predicted"
6,"hsa-miR-3922-5p","CAAGGCC",5,"targetscan","MIMAT0019227","hsa-miR-3922-5p","AQP7","364","ENSG00000165269","-0.209","predicted"
6,"hsa-miR-3922-5p","CAAGGCC",5,"targetscan","MIMAT0019227","hsa-miR-3922-5p","PPP1R3E","90673","ENSG00000235194","-0.209","predicted"
6,"hsa-miR-3922-5p","CAAGGCC",5,"targetscan","MIMAT0019227","hsa-miR-3922-5p","ANXA5","308","ENSG00000164111","-0.21","predicted"
6,"hsa-miR-3922-5p","CAAGGCC",5,"targetscan","MIMAT0019227","hsa-miR-3922-5p","VCP","7415","ENSG00000165280","-0.21","predicted"
6,"hsa-miR-3922-5p","CAAGGCC",5,"targetscan","MIMAT0019227","hsa-miR-3922-5p","SEMA4D","10507","ENSG00000187764","-0.21","predicted"
6,"hsa-miR-3922-5p","CAAGGCC",5,"targetscan","MIMAT0019227","hsa-miR-3922-5p","LRRC47","57470","ENSG00000130764","-0.21","predicted"
6,"hsa-miR-3922-5p","CAAGGCC",5,"targetscan","MIMAT0019227","hsa-miR-3922-5p","TMEM164","84187","ENSG00000157600","-0.21","predicted"
6,"hsa-miR-3922-5p","CAAGGCC",5,"targetscan","MIMAT0019227","hsa-miR-3922-5p","ADORA2A","135","ENSG00000128271","-0.21","predicted"
6,"hsa-miR-3922-5p","CAAGGCC",5,"targetscan","MIMAT0019227","hsa-miR-3922-5p","MANEAL","149175","ENSG00000185090","-0.21","predicted"
6,"hsa-miR-3922-5p","CAAGGCC",5,"targetscan","MIMAT0019227","hsa-miR-3922-5p","BCL2L2","599","ENSG00000129473","-0.211","predicted"
6,"hsa-miR-3922-5p","CAAGGCC",5,"targetscan","MIMAT0019227","hsa-miR-3922-5p","HMOX1","3162","ENSG00000100292","-0.211","predicted"
6,"hsa-miR-3922-5p","CAAGGCC",5,"targetscan","MIMAT0019227","hsa-miR-3922-5p","MMP19","4327","ENSG00000123342","-0.211","predicted"
6,"hsa-miR-3922-5p","CAAGGCC",5,"targetscan","MIMAT0019227","hsa-miR-3922-5p","TLL1","7092","ENSG00000038295","-0.211","predicted"
6,"hsa-miR-3922-5p","CAAGGCC",5,"targetscan","MIMAT0019227","hsa-miR-3922-5p","AIFM1","9131","ENSG00000156709","-0.211","predicted"
6,"hsa-miR-3922-5p","CAAGGCC",5,"targetscan","MIMAT0019227","hsa-miR-3922-5p","GMEB2","26205","ENSG00000101216","-0.211","predicted"
6,"hsa-miR-3922-5p","CAAGGCC",5,"targetscan","MIMAT0019227","hsa-miR-3922-5p","TXNDC5","81567","ENSG00000239264","-0.211","predicted"
6,"hsa-miR-3922-5p","CAAGGCC",5,"targetscan","MIMAT0019227","hsa-miR-3922-5p","PIWIL2","55124","ENSG00000197181","-0.211","predicted"
6,"hsa-miR-3922-5p","CAAGGCC",5,"targetscan","MIMAT0019227","hsa-miR-3922-5p","GMDS","2762","ENSG00000112699","-0.211","predicted"
6,"hsa-miR-3922-5p","CAAGGCC",5,"targetscan","MIMAT0019227","hsa-miR-3922-5p","SNX13","23161","ENSG00000071189","-0.212","predicted"
6,"hsa-miR-3922-5p","CAAGGCC",5,"targetscan","MIMAT0019227","hsa-miR-3922-5p","ST6GALNAC4","27090","ENSG00000136840","-0.212","predicted"
6,"hsa-miR-3922-5p","CAAGGCC",5,"targetscan","MIMAT0019227","hsa-miR-3922-5p","URGCP","55665","ENSG00000106608","-0.212","predicted"
6,"hsa-miR-3922-5p","CAAGGCC",5,"targetscan","MIMAT0019227","hsa-miR-3922-5p","EIF5A","1984","ENSG00000132507","-0.212","predicted"
6,"hsa-miR-3922-5p","CAAGGCC",5,"targetscan","MIMAT0019227","hsa-miR-3922-5p","GLIS2","84662","ENSG00000126603","-0.212","predicted"
6,"hsa-miR-3922-5p","CAAGGCC",5,"targetscan","MIMAT0019227","hsa-miR-3922-5p","ABCC12","94160","ENSG00000140798","-0.212","predicted"
6,"hsa-miR-3922-5p","CAAGGCC",5,"targetscan","MIMAT0019227","hsa-miR-3922-5p","LRRC75A","388341","ENSG00000181350","-0.212","predicted"
6,"hsa-miR-3922-5p","CAAGGCC",5,"targetscan","MIMAT0019227","hsa-miR-3922-5p","ADRA2A","150","ENSG00000150594","-0.213","predicted"
6,"hsa-miR-3922-5p","CAAGGCC",5,"targetscan","MIMAT0019227","hsa-miR-3922-5p","GPR37L1","9283","ENSG00000170075","-0.213","predicted"
6,"hsa-miR-3922-5p","CAAGGCC",5,"targetscan","MIMAT0019227","hsa-miR-3922-5p","LRIG1","26018","ENSG00000144749","-0.213","predicted"
6,"hsa-miR-3922-5p","CAAGGCC",5,"targetscan","MIMAT0019227","hsa-miR-3922-5p","CNNM3","26505","ENSG00000168763","-0.213","predicted"
6,"hsa-miR-3922-5p","CAAGGCC",5,"targetscan","MIMAT0019227","hsa-miR-3922-5p","OPA3","80207","ENSG00000125741","-0.213","predicted"
6,"hsa-miR-3922-5p","CAAGGCC",5,"targetscan","MIMAT0019227","hsa-miR-3922-5p","NAPA","8775","ENSG00000105402","-0.213","predicted"
6,"hsa-miR-3922-5p","CAAGGCC",5,"targetscan","MIMAT0019227","hsa-miR-3922-5p","TNFRSF13C","115650","ENSG00000159958","-0.213","predicted"
6,"hsa-miR-3922-5p","CAAGGCC",5,"targetscan","MIMAT0019227","hsa-miR-3922-5p","ASAH2","56624","ENSG00000188611","-0.213","predicted"
6,"hsa-miR-3922-5p","CAAGGCC",5,"targetscan","MIMAT0019227","hsa-miR-3922-5p","","","ENSG00000197665","-0.213","predicted"
6,"hsa-miR-3922-5p","CAAGGCC",5,"targetscan","MIMAT0019227","hsa-miR-3922-5p","","","ENSG00000231880","-0.213","predicted"
6,"hsa-miR-3922-5p","CAAGGCC",5,"targetscan","MIMAT0019227","hsa-miR-3922-5p","GATSL2","","ENSG00000198750","-0.213","predicted"
6,"hsa-miR-3922-5p","CAAGGCC",5,"targetscan","MIMAT0019227","hsa-miR-3922-5p","LEPROTL1","23484","ENSG00000104660","-0.214","predicted"
6,"hsa-miR-3922-5p","CAAGGCC",5,"targetscan","MIMAT0019227","hsa-miR-3922-5p","PRR3","80742","ENSG00000204576","-0.214","predicted"
6,"hsa-miR-3922-5p","CAAGGCC",5,"targetscan","MIMAT0019227","hsa-miR-3922-5p","FBXL20","84961","ENSG00000108306","-0.214","predicted"
6,"hsa-miR-3922-5p","CAAGGCC",5,"targetscan","MIMAT0019227","hsa-miR-3922-5p","MYO16","23026","ENSG00000041515","-0.214","predicted"
6,"hsa-miR-3922-5p","CAAGGCC",5,"targetscan","MIMAT0019227","hsa-miR-3922-5p","","","ENSG00000230000","-0.214","predicted"
6,"hsa-miR-3922-5p","CAAGGCC",5,"targetscan","MIMAT0019227","hsa-miR-3922-5p","TMEM94","9772","ENSG00000177728","-0.214","predicted"
6,"hsa-miR-3922-5p","CAAGGCC",5,"targetscan","MIMAT0019227","hsa-miR-3922-5p","EDN2","1907","ENSG00000127129","-0.215","predicted"
6,"hsa-miR-3922-5p","CAAGGCC",5,"targetscan","MIMAT0019227","hsa-miR-3922-5p","LTBP2","4053","ENSG00000119681","-0.215","predicted"
6,"hsa-miR-3922-5p","CAAGGCC",5,"targetscan","MIMAT0019227","hsa-miR-3922-5p","NDC1","55706","ENSG00000058804","-0.215","predicted"
6,"hsa-miR-3922-5p","CAAGGCC",5,"targetscan","MIMAT0019227","hsa-miR-3922-5p","GZF1","64412","ENSG00000125812","-0.215","predicted"
6,"hsa-miR-3922-5p","CAAGGCC",5,"targetscan","MIMAT0019227","hsa-miR-3922-5p","DBNDD1","79007","ENSG00000003249","-0.215","predicted"
6,"hsa-miR-3922-5p","CAAGGCC",5,"targetscan","MIMAT0019227","hsa-miR-3922-5p","DGKG","1608","ENSG00000058866","-0.215","predicted"
6,"hsa-miR-3922-5p","CAAGGCC",5,"targetscan","MIMAT0019227","hsa-miR-3922-5p","SSC5D","284297","ENSG00000179954","-0.215","predicted"
6,"hsa-miR-3922-5p","CAAGGCC",5,"targetscan","MIMAT0019227","hsa-miR-3922-5p","NELFB","25920","ENSG00000188986","-0.215","predicted"
6,"hsa-miR-3922-5p","CAAGGCC",5,"targetscan","MIMAT0019227","hsa-miR-3922-5p","HEMK1","51409","ENSG00000114735","-0.215","predicted"
6,"hsa-miR-3922-5p","CAAGGCC",5,"targetscan","MIMAT0019227","hsa-miR-3922-5p","L3MBTL2","83746","ENSG00000100395","-0.215","predicted"
6,"hsa-miR-3922-5p","CAAGGCC",5,"targetscan","MIMAT0019227","hsa-miR-3922-5p","ZNF518B","85460","ENSG00000178163","-0.215","predicted"
6,"hsa-miR-3922-5p","CAAGGCC",5,"targetscan","MIMAT0019227","hsa-miR-3922-5p","CAPN12","147968","ENSG00000182472","-0.215","predicted"
6,"hsa-miR-3922-5p","CAAGGCC",5,"targetscan","MIMAT0019227","hsa-miR-3922-5p","STING1","340061","ENSG00000184584","-0.215","predicted"
6,"hsa-miR-3922-5p","CAAGGCC",5,"targetscan","MIMAT0019227","hsa-miR-3922-5p","GPC4","2239","ENSG00000076716","-0.216","predicted"
6,"hsa-miR-3922-5p","CAAGGCC",5,"targetscan","MIMAT0019227","hsa-miR-3922-5p","TNPO2","30000","ENSG00000105576","-0.216","predicted"
6,"hsa-miR-3922-5p","CAAGGCC",5,"targetscan","MIMAT0019227","hsa-miR-3922-5p","C1orf122","127687","ENSG00000197982","-0.216","predicted"
6,"hsa-miR-3922-5p","CAAGGCC",5,"targetscan","MIMAT0019227","hsa-miR-3922-5p","TM2D3","80213","ENSG00000184277","-0.216","predicted"
6,"hsa-miR-3922-5p","CAAGGCC",5,"targetscan","MIMAT0019227","hsa-miR-3922-5p","METAP1D","254042","ENSG00000172878","-0.216","predicted"
6,"hsa-miR-3922-5p","CAAGGCC",5,"targetscan","MIMAT0019227","hsa-miR-3922-5p","TM4SF5","9032","ENSG00000142484","-0.216","predicted"
6,"hsa-miR-3922-5p","CAAGGCC",5,"targetscan","MIMAT0019227","hsa-miR-3922-5p","CYP1A1","1543","ENSG00000140465","-0.217","predicted"
6,"hsa-miR-3922-5p","CAAGGCC",5,"targetscan","MIMAT0019227","hsa-miR-3922-5p","PPIC","5480","ENSG00000168938","-0.217","predicted"
6,"hsa-miR-3922-5p","CAAGGCC",5,"targetscan","MIMAT0019227","hsa-miR-3922-5p","IFT122","55764","ENSG00000163913","-0.217","predicted"
6,"hsa-miR-3922-5p","CAAGGCC",5,"targetscan","MIMAT0019227","hsa-miR-3922-5p","PIK3IP1","113791","ENSG00000100100","-0.217","predicted"
6,"hsa-miR-3922-5p","CAAGGCC",5,"targetscan","MIMAT0019227","hsa-miR-3922-5p","TAPT1","202018","ENSG00000169762","-0.217","predicted"
6,"hsa-miR-3922-5p","CAAGGCC",5,"targetscan","MIMAT0019227","hsa-miR-3922-5p","TMEM130","222865","ENSG00000166448","-0.217","predicted"
6,"hsa-miR-3922-5p","CAAGGCC",5,"targetscan","MIMAT0019227","hsa-miR-3922-5p","TLR5","7100","ENSG00000187554","-0.217","predicted"
6,"hsa-miR-3922-5p","CAAGGCC",5,"targetscan","MIMAT0019227","hsa-miR-3922-5p","GNG12","55970","ENSG00000172380","-0.217","predicted"
6,"hsa-miR-3922-5p","CAAGGCC",5,"targetscan","MIMAT0019227","hsa-miR-3922-5p","ZNF784","147808","ENSG00000179922","-0.217","predicted"
6,"hsa-miR-3922-5p","CAAGGCC",5,"targetscan","MIMAT0019227","hsa-miR-3922-5p","UQCC2","84300","ENSG00000137288","-0.217","predicted"
6,"hsa-miR-3922-5p","CAAGGCC",5,"targetscan","MIMAT0019227","hsa-miR-3922-5p","DUSP6","1848","ENSG00000139318","-0.218","predicted"
6,"hsa-miR-3922-5p","CAAGGCC",5,"targetscan","MIMAT0019227","hsa-miR-3922-5p","PABPC4L","132430","ENSG00000254535","-0.218","predicted"
6,"hsa-miR-3922-5p","CAAGGCC",5,"targetscan","MIMAT0019227","hsa-miR-3922-5p","GADD45B","4616","ENSG00000099860","-0.218","predicted"
6,"hsa-miR-3922-5p","CAAGGCC",5,"targetscan","MIMAT0019227","hsa-miR-3922-5p","TRAF2","7186","ENSG00000127191","-0.218","predicted"
6,"hsa-miR-3922-5p","CAAGGCC",5,"targetscan","MIMAT0019227","hsa-miR-3922-5p","","","ENSG00000270299","-0.218","predicted"
6,"hsa-miR-3922-5p","CAAGGCC",5,"targetscan","MIMAT0019227","hsa-miR-3922-5p","ANG","283","ENSG00000214274","-0.219","predicted"
6,"hsa-miR-3922-5p","CAAGGCC",5,"targetscan","MIMAT0019227","hsa-miR-3922-5p","RAB31","11031","ENSG00000168461","-0.219","predicted"
6,"hsa-miR-3922-5p","CAAGGCC",5,"targetscan","MIMAT0019227","hsa-miR-3922-5p","RALGAPB","57148","ENSG00000170471","-0.219","predicted"
6,"hsa-miR-3922-5p","CAAGGCC",5,"targetscan","MIMAT0019227","hsa-miR-3922-5p","ATP5F1B","506","ENSG00000110955","-0.219","predicted"
6,"hsa-miR-3922-5p","CAAGGCC",5,"targetscan","MIMAT0019227","hsa-miR-3922-5p","STX11","8676","ENSG00000135604","-0.22","predicted"
6,"hsa-miR-3922-5p","CAAGGCC",5,"targetscan","MIMAT0019227","hsa-miR-3922-5p","TAT","6898","ENSG00000198650","-0.22","predicted"
6,"hsa-miR-3922-5p","CAAGGCC",5,"targetscan","MIMAT0019227","hsa-miR-3922-5p","PHF14","9678","ENSG00000106443","-0.22","predicted"
6,"hsa-miR-3922-5p","CAAGGCC",5,"targetscan","MIMAT0019227","hsa-miR-3922-5p","PARVG","64098","ENSG00000138964","-0.22","predicted"
6,"hsa-miR-3922-5p","CAAGGCC",5,"targetscan","MIMAT0019227","hsa-miR-3922-5p","FUT4","2526","ENSG00000196371","-0.22","predicted"
6,"hsa-miR-3922-5p","CAAGGCC",5,"targetscan","MIMAT0019227","hsa-miR-3922-5p","LRRK1","79705","ENSG00000154237","-0.22","predicted"
6,"hsa-miR-3922-5p","CAAGGCC",5,"targetscan","MIMAT0019227","hsa-miR-3922-5p","UBTD1","80019","ENSG00000165886","-0.22","predicted"
6,"hsa-miR-3922-5p","CAAGGCC",5,"targetscan","MIMAT0019227","hsa-miR-3922-5p","LYSMD4","145748","ENSG00000183060","-0.22","predicted"
6,"hsa-miR-3922-5p","CAAGGCC",5,"targetscan","MIMAT0019227","hsa-miR-3922-5p","DRG1","4733","ENSG00000185721","-0.221","predicted"
6,"hsa-miR-3922-5p","CAAGGCC",5,"targetscan","MIMAT0019227","hsa-miR-3922-5p","PRH2","5555","ENSG00000134551","-0.221","predicted"
6,"hsa-miR-3922-5p","CAAGGCC",5,"targetscan","MIMAT0019227","hsa-miR-3922-5p","UBN1","29855","ENSG00000118900","-0.221","predicted"
6,"hsa-miR-3922-5p","CAAGGCC",5,"targetscan","MIMAT0019227","hsa-miR-3922-5p","LCE1E","353135","ENSG00000186226","-0.221","predicted"
6,"hsa-miR-3922-5p","CAAGGCC",5,"targetscan","MIMAT0019227","hsa-miR-3922-5p","POMGNT1","55624","ENSG00000085998","-0.221","predicted"
6,"hsa-miR-3922-5p","CAAGGCC",5,"targetscan","MIMAT0019227","hsa-miR-3922-5p","STARD3NL","83930","ENSG00000010270","-0.221","predicted"
6,"hsa-miR-3922-5p","CAAGGCC",5,"targetscan","MIMAT0019227","hsa-miR-3922-5p","ZNF439","90594","ENSG00000171291","-0.221","predicted"
6,"hsa-miR-3922-5p","CAAGGCC",5,"targetscan","MIMAT0019227","hsa-miR-3922-5p","RTN4RL2","349667","ENSG00000186907","-0.221","predicted"
6,"hsa-miR-3922-5p","CAAGGCC",5,"targetscan","MIMAT0019227","hsa-miR-3922-5p","CD47","961","ENSG00000196776","-0.222","predicted"
6,"hsa-miR-3922-5p","CAAGGCC",5,"targetscan","MIMAT0019227","hsa-miR-3922-5p","CCDC69","26112","ENSG00000198624","-0.222","predicted"
6,"hsa-miR-3922-5p","CAAGGCC",5,"targetscan","MIMAT0019227","hsa-miR-3922-5p","ZFAND2B","130617","ENSG00000158552","-0.222","predicted"
6,"hsa-miR-3922-5p","CAAGGCC",5,"targetscan","MIMAT0019227","hsa-miR-3922-5p","TRUB1","142940","ENSG00000165832","-0.222","predicted"
6,"hsa-miR-3922-5p","CAAGGCC",5,"targetscan","MIMAT0019227","hsa-miR-3922-5p","ZFP36L2","678","ENSG00000152518","-0.223","predicted"
6,"hsa-miR-3922-5p","CAAGGCC",5,"targetscan","MIMAT0019227","hsa-miR-3922-5p","P2RY6","5031","ENSG00000171631","-0.223","predicted"
6,"hsa-miR-3922-5p","CAAGGCC",5,"targetscan","MIMAT0019227","hsa-miR-3922-5p","PXMP4","11264","ENSG00000101417","-0.223","predicted"
6,"hsa-miR-3922-5p","CAAGGCC",5,"targetscan","MIMAT0019227","hsa-miR-3922-5p","NLRC5","84166","ENSG00000140853","-0.223","predicted"
6,"hsa-miR-3922-5p","CAAGGCC",5,"targetscan","MIMAT0019227","hsa-miR-3922-5p","CFAP298","56683","ENSG00000159079","-0.223","predicted"
6,"hsa-miR-3922-5p","CAAGGCC",5,"targetscan","MIMAT0019227","hsa-miR-3922-5p","PGRMC2","10424","ENSG00000164040","-0.224","predicted"
6,"hsa-miR-3922-5p","CAAGGCC",5,"targetscan","MIMAT0019227","hsa-miR-3922-5p","CCL22","6367","ENSG00000102962","-0.224","predicted"
6,"hsa-miR-3922-5p","CAAGGCC",5,"targetscan","MIMAT0019227","hsa-miR-3922-5p","CNPY3","10695","ENSG00000137161","-0.224","predicted"
6,"hsa-miR-3922-5p","CAAGGCC",5,"targetscan","MIMAT0019227","hsa-miR-3922-5p","COPS6","10980","ENSG00000168090","-0.224","predicted"
6,"hsa-miR-3922-5p","CAAGGCC",5,"targetscan","MIMAT0019227","hsa-miR-3922-5p","KLK11","11012","ENSG00000167757","-0.224","predicted"
6,"hsa-miR-3922-5p","CAAGGCC",5,"targetscan","MIMAT0019227","hsa-miR-3922-5p","DZIP1L","199221","ENSG00000158163","-0.224","predicted"
6,"hsa-miR-3922-5p","CAAGGCC",5,"targetscan","MIMAT0019227","hsa-miR-3922-5p","NPHP1","4867","ENSG00000144061","-0.224","predicted"
6,"hsa-miR-3922-5p","CAAGGCC",5,"targetscan","MIMAT0019227","hsa-miR-3922-5p","AWAT2","158835","ENSG00000147160","-0.224","predicted"
6,"hsa-miR-3922-5p","CAAGGCC",5,"targetscan","MIMAT0019227","hsa-miR-3922-5p","ARPC4-TTLL3","100526693","ENSG00000250151","-0.224","predicted"
6,"hsa-miR-3922-5p","CAAGGCC",5,"targetscan","MIMAT0019227","hsa-miR-3922-5p","PFKFB1","5207","ENSG00000158571","-0.224","predicted"
6,"hsa-miR-3922-5p","CAAGGCC",5,"targetscan","MIMAT0019227","hsa-miR-3922-5p","CNPPD1","27013","ENSG00000115649","-0.224","predicted"
6,"hsa-miR-3922-5p","CAAGGCC",5,"targetscan","MIMAT0019227","hsa-miR-3922-5p","GJC3","349149","ENSG00000176402","-0.224","predicted"
6,"hsa-miR-3922-5p","CAAGGCC",5,"targetscan","MIMAT0019227","hsa-miR-3922-5p","COX6B1","1340","ENSG00000126267","-0.224","predicted"
6,"hsa-miR-3922-5p","CAAGGCC",5,"targetscan","MIMAT0019227","hsa-miR-3922-5p","MFSD4B","91749","ENSG00000173214","-0.224","predicted"
6,"hsa-miR-3922-5p","CAAGGCC",5,"targetscan","MIMAT0019227","hsa-miR-3922-5p","ADISSP","54976","ENSG00000101220","-0.224","predicted"
6,"hsa-miR-3922-5p","CAAGGCC",5,"targetscan","MIMAT0019227","hsa-miR-3922-5p","RHOC","389","ENSG00000155366","-0.225","predicted"
6,"hsa-miR-3922-5p","CAAGGCC",5,"targetscan","MIMAT0019227","hsa-miR-3922-5p","LYL1","4066","ENSG00000104903","-0.225","predicted"
6,"hsa-miR-3922-5p","CAAGGCC",5,"targetscan","MIMAT0019227","hsa-miR-3922-5p","PSAP","5660","ENSG00000197746","-0.225","predicted"
6,"hsa-miR-3922-5p","CAAGGCC",5,"targetscan","MIMAT0019227","hsa-miR-3922-5p","RNMT","8731","ENSG00000101654","-0.225","predicted"
6,"hsa-miR-3922-5p","CAAGGCC",5,"targetscan","MIMAT0019227","hsa-miR-3922-5p","ASF1B","55723","ENSG00000105011","-0.225","predicted"
6,"hsa-miR-3922-5p","CAAGGCC",5,"targetscan","MIMAT0019227","hsa-miR-3922-5p","HAAO","23498","ENSG00000162882","-0.225","predicted"
6,"hsa-miR-3922-5p","CAAGGCC",5,"targetscan","MIMAT0019227","hsa-miR-3922-5p","CTNNBIP1","56998","ENSG00000178585","-0.226","predicted"
6,"hsa-miR-3922-5p","CAAGGCC",5,"targetscan","MIMAT0019227","hsa-miR-3922-5p","GATA6","2627","ENSG00000141448","-0.226","predicted"
6,"hsa-miR-3922-5p","CAAGGCC",5,"targetscan","MIMAT0019227","hsa-miR-3922-5p","PTPRK","5796","ENSG00000152894","-0.226","predicted"
6,"hsa-miR-3922-5p","CAAGGCC",5,"targetscan","MIMAT0019227","hsa-miR-3922-5p","KIAA1217","56243","ENSG00000120549","-0.226","predicted"
6,"hsa-miR-3922-5p","CAAGGCC",5,"targetscan","MIMAT0019227","hsa-miR-3922-5p","TMOD1","7111","ENSG00000136842","-0.226","predicted"
6,"hsa-miR-3922-5p","CAAGGCC",5,"targetscan","MIMAT0019227","hsa-miR-3922-5p","GLYATL1","92292","ENSG00000166840","-0.226","predicted"
6,"hsa-miR-3922-5p","CAAGGCC",5,"targetscan","MIMAT0019227","hsa-miR-3922-5p","TBC1D30","23329","ENSG00000111490","-0.227","predicted"
6,"hsa-miR-3922-5p","CAAGGCC",5,"targetscan","MIMAT0019227","hsa-miR-3922-5p","GALNT16","57452","ENSG00000100626","-0.227","predicted"
6,"hsa-miR-3922-5p","CAAGGCC",5,"targetscan","MIMAT0019227","hsa-miR-3922-5p","IMP4","92856","ENSG00000136718","-0.227","predicted"
6,"hsa-miR-3922-5p","CAAGGCC",5,"targetscan","MIMAT0019227","hsa-miR-3922-5p","TRH","7200","ENSG00000170893","-0.227","predicted"
6,"hsa-miR-3922-5p","CAAGGCC",5,"targetscan","MIMAT0019227","hsa-miR-3922-5p","ESS2","8220","ENSG00000100056","-0.227","predicted"
6,"hsa-miR-3922-5p","CAAGGCC",5,"targetscan","MIMAT0019227","hsa-miR-3922-5p","HOXA11","3207","ENSG00000005073","-0.228","predicted"
6,"hsa-miR-3922-5p","CAAGGCC",5,"targetscan","MIMAT0019227","hsa-miR-3922-5p","FBXO7","25793","ENSG00000100225","-0.228","predicted"
6,"hsa-miR-3922-5p","CAAGGCC",5,"targetscan","MIMAT0019227","hsa-miR-3922-5p","RAB30","27314","ENSG00000137502","-0.228","predicted"
6,"hsa-miR-3922-5p","CAAGGCC",5,"targetscan","MIMAT0019227","hsa-miR-3922-5p","ARSJ","79642","ENSG00000180801","-0.228","predicted"
6,"hsa-miR-3922-5p","CAAGGCC",5,"targetscan","MIMAT0019227","hsa-miR-3922-5p","PABPN1L","390748","ENSG00000205022","-0.228","predicted"
6,"hsa-miR-3922-5p","CAAGGCC",5,"targetscan","MIMAT0019227","hsa-miR-3922-5p","SUPT6H","6830","ENSG00000109111","-0.228","predicted"
6,"hsa-miR-3922-5p","CAAGGCC",5,"targetscan","MIMAT0019227","hsa-miR-3922-5p","NEK8","284086","ENSG00000160602","-0.228","predicted"
6,"hsa-miR-3922-5p","CAAGGCC",5,"targetscan","MIMAT0019227","hsa-miR-3922-5p","GUCY1A1","2982","ENSG00000164116","-0.228","predicted"
6,"hsa-miR-3922-5p","CAAGGCC",5,"targetscan","MIMAT0019227","hsa-miR-3922-5p","SMAD1","4086","ENSG00000170365","-0.229","predicted"
6,"hsa-miR-3922-5p","CAAGGCC",5,"targetscan","MIMAT0019227","hsa-miR-3922-5p","ADPRH","141","ENSG00000144843","-0.229","predicted"
6,"hsa-miR-3922-5p","CAAGGCC",5,"targetscan","MIMAT0019227","hsa-miR-3922-5p","CNIH2","254263","ENSG00000174871","-0.229","predicted"
6,"hsa-miR-3922-5p","CAAGGCC",5,"targetscan","MIMAT0019227","hsa-miR-3922-5p","TMEM129","92305","ENSG00000168936","-0.229","predicted"
6,"hsa-miR-3922-5p","CAAGGCC",5,"targetscan","MIMAT0019227","hsa-miR-3922-5p","GSTO2","119391","ENSG00000065621","-0.229","predicted"
6,"hsa-miR-3922-5p","CAAGGCC",5,"targetscan","MIMAT0019227","hsa-miR-3922-5p","THAP7","80764","ENSG00000184436","-0.229","predicted"
6,"hsa-miR-3922-5p","CAAGGCC",5,"targetscan","MIMAT0019227","hsa-miR-3922-5p","LYPD2","137797","ENSG00000197353","-0.229","predicted"
6,"hsa-miR-3922-5p","CAAGGCC",5,"targetscan","MIMAT0019227","hsa-miR-3922-5p","HIST1H2BH","","ENSG00000197459","-0.229","predicted"
6,"hsa-miR-3922-5p","CAAGGCC",5,"targetscan","MIMAT0019227","hsa-miR-3922-5p","FLJ30594","","ENSG00000272268","-0.229","predicted"
6,"hsa-miR-3922-5p","CAAGGCC",5,"targetscan","MIMAT0019227","hsa-miR-3922-5p","MAP3K3","4215","ENSG00000198909","-0.23","predicted"
6,"hsa-miR-3922-5p","CAAGGCC",5,"targetscan","MIMAT0019227","hsa-miR-3922-5p","NFYA","4800","ENSG00000001167","-0.23","predicted"
6,"hsa-miR-3922-5p","CAAGGCC",5,"targetscan","MIMAT0019227","hsa-miR-3922-5p","CASK","8573","ENSG00000147044","-0.23","predicted"
6,"hsa-miR-3922-5p","CAAGGCC",5,"targetscan","MIMAT0019227","hsa-miR-3922-5p","PLAC9","219348","ENSG00000189129","-0.23","predicted"
6,"hsa-miR-3922-5p","CAAGGCC",5,"targetscan","MIMAT0019227","hsa-miR-3922-5p","OSBPL8","114882","ENSG00000091039","-0.231","predicted"
6,"hsa-miR-3922-5p","CAAGGCC",5,"targetscan","MIMAT0019227","hsa-miR-3922-5p","FYN","2534","ENSG00000010810","-0.231","predicted"
6,"hsa-miR-3922-5p","CAAGGCC",5,"targetscan","MIMAT0019227","hsa-miR-3922-5p","KCNN4","3783","ENSG00000104783","-0.231","predicted"
6,"hsa-miR-3922-5p","CAAGGCC",5,"targetscan","MIMAT0019227","hsa-miR-3922-5p","DBNL","28988","ENSG00000136279","-0.231","predicted"
6,"hsa-miR-3922-5p","CAAGGCC",5,"targetscan","MIMAT0019227","hsa-miR-3922-5p","NAA40","79829","ENSG00000110583","-0.231","predicted"
6,"hsa-miR-3922-5p","CAAGGCC",5,"targetscan","MIMAT0019227","hsa-miR-3922-5p","GLYCTK","132158","ENSG00000168237","-0.231","predicted"
6,"hsa-miR-3922-5p","CAAGGCC",5,"targetscan","MIMAT0019227","hsa-miR-3922-5p","CAPZA1","829","ENSG00000116489","-0.232","predicted"
6,"hsa-miR-3922-5p","CAAGGCC",5,"targetscan","MIMAT0019227","hsa-miR-3922-5p","DUSP3","1845","ENSG00000108861","-0.232","predicted"
6,"hsa-miR-3922-5p","CAAGGCC",5,"targetscan","MIMAT0019227","hsa-miR-3922-5p","OXA1L","5018","ENSG00000155463","-0.232","predicted"
6,"hsa-miR-3922-5p","CAAGGCC",5,"targetscan","MIMAT0019227","hsa-miR-3922-5p","BFAR","51283","ENSG00000103429","-0.232","predicted"
6,"hsa-miR-3922-5p","CAAGGCC",5,"targetscan","MIMAT0019227","hsa-miR-3922-5p","CD177","57126","ENSG00000204936","-0.232","predicted"
6,"hsa-miR-3922-5p","CAAGGCC",5,"targetscan","MIMAT0019227","hsa-miR-3922-5p","DMRTA1","63951","ENSG00000176399","-0.232","predicted"
6,"hsa-miR-3922-5p","CAAGGCC",5,"targetscan","MIMAT0019227","hsa-miR-3922-5p","SCTR","6344","ENSG00000080293","-0.232","predicted"
6,"hsa-miR-3922-5p","CAAGGCC",5,"targetscan","MIMAT0019227","hsa-miR-3922-5p","ANPEP","290","ENSG00000166825","-0.233","predicted"
6,"hsa-miR-3922-5p","CAAGGCC",5,"targetscan","MIMAT0019227","hsa-miR-3922-5p","KLF7","8609","ENSG00000118263","-0.233","predicted"
6,"hsa-miR-3922-5p","CAAGGCC",5,"targetscan","MIMAT0019227","hsa-miR-3922-5p","CYP11B1","1584","ENSG00000160882","-0.233","predicted"
6,"hsa-miR-3922-5p","CAAGGCC",5,"targetscan","MIMAT0019227","hsa-miR-3922-5p","SSTR2","6752","ENSG00000180616","-0.233","predicted"
6,"hsa-miR-3922-5p","CAAGGCC",5,"targetscan","MIMAT0019227","hsa-miR-3922-5p","HS3ST2","9956","ENSG00000122254","-0.233","predicted"
6,"hsa-miR-3922-5p","CAAGGCC",5,"targetscan","MIMAT0019227","hsa-miR-3922-5p","PPIL2","23759","ENSG00000100023","-0.233","predicted"
6,"hsa-miR-3922-5p","CAAGGCC",5,"targetscan","MIMAT0019227","hsa-miR-3922-5p","MARCHF1","55016","ENSG00000145416","-0.233","predicted"
6,"hsa-miR-3922-5p","CAAGGCC",5,"targetscan","MIMAT0019227","hsa-miR-3922-5p","SLC66A3","130814","ENSG00000162976","-0.233","predicted"
6,"hsa-miR-3922-5p","CAAGGCC",5,"targetscan","MIMAT0019227","hsa-miR-3922-5p","PRKAR2B","5577","ENSG00000005249","-0.234","predicted"
6,"hsa-miR-3922-5p","CAAGGCC",5,"targetscan","MIMAT0019227","hsa-miR-3922-5p","RAD51D","5892","ENSG00000185379","-0.234","predicted"
6,"hsa-miR-3922-5p","CAAGGCC",5,"targetscan","MIMAT0019227","hsa-miR-3922-5p","SPAST","6683","ENSG00000021574","-0.234","predicted"
6,"hsa-miR-3922-5p","CAAGGCC",5,"targetscan","MIMAT0019227","hsa-miR-3922-5p","RBCK1","10616","ENSG00000125826","-0.234","predicted"
6,"hsa-miR-3922-5p","CAAGGCC",5,"targetscan","MIMAT0019227","hsa-miR-3922-5p","GINM1","116254","ENSG00000055211","-0.234","predicted"
6,"hsa-miR-3922-5p","CAAGGCC",5,"targetscan","MIMAT0019227","hsa-miR-3922-5p","COL19A1","1310","ENSG00000082293","-0.234","predicted"
6,"hsa-miR-3922-5p","CAAGGCC",5,"targetscan","MIMAT0019227","hsa-miR-3922-5p","ITFG2","55846","ENSG00000111203","-0.234","predicted"
6,"hsa-miR-3922-5p","CAAGGCC",5,"targetscan","MIMAT0019227","hsa-miR-3922-5p","MKKS","8195","ENSG00000125863","-0.234","predicted"
6,"hsa-miR-3922-5p","CAAGGCC",5,"targetscan","MIMAT0019227","hsa-miR-3922-5p","TMEM150B","284417","ENSG00000180061","-0.234","predicted"
6,"hsa-miR-3922-5p","CAAGGCC",5,"targetscan","MIMAT0019227","hsa-miR-3922-5p","ESS2","8220","ENSG00000100056","-0.234","predicted"
6,"hsa-miR-3922-5p","CAAGGCC",5,"targetscan","MIMAT0019227","hsa-miR-3922-5p","LINC01558","26238","ENSG00000146521","-0.234","predicted"
6,"hsa-miR-3922-5p","CAAGGCC",5,"targetscan","MIMAT0019227","hsa-miR-3922-5p","LMO7","4008","ENSG00000136153","-0.235","predicted"
6,"hsa-miR-3922-5p","CAAGGCC",5,"targetscan","MIMAT0019227","hsa-miR-3922-5p","ZBTB18","10472","ENSG00000179456","-0.235","predicted"
6,"hsa-miR-3922-5p","CAAGGCC",5,"targetscan","MIMAT0019227","hsa-miR-3922-5p","RPP14","11102","ENSG00000163684","-0.235","predicted"
6,"hsa-miR-3922-5p","CAAGGCC",5,"targetscan","MIMAT0019227","hsa-miR-3922-5p","BEND3","57673","ENSG00000178409","-0.235","predicted"
6,"hsa-miR-3922-5p","CAAGGCC",5,"targetscan","MIMAT0019227","hsa-miR-3922-5p","DGKQ","1609","ENSG00000145214","-0.235","predicted"
6,"hsa-miR-3922-5p","CAAGGCC",5,"targetscan","MIMAT0019227","hsa-miR-3922-5p","SLC66A2","80148","ENSG00000122490","-0.235","predicted"
6,"hsa-miR-3922-5p","CAAGGCC",5,"targetscan","MIMAT0019227","hsa-miR-3922-5p","TMED9","54732","ENSG00000184840","-0.236","predicted"
6,"hsa-miR-3922-5p","CAAGGCC",5,"targetscan","MIMAT0019227","hsa-miR-3922-5p","TMEM127","55654","ENSG00000135956","-0.236","predicted"
6,"hsa-miR-3922-5p","CAAGGCC",5,"targetscan","MIMAT0019227","hsa-miR-3922-5p","SPTY2D1","144108","ENSG00000179119","-0.236","predicted"
6,"hsa-miR-3922-5p","CAAGGCC",5,"targetscan","MIMAT0019227","hsa-miR-3922-5p","TTLL2","83887","ENSG00000120440","-0.236","predicted"
6,"hsa-miR-3922-5p","CAAGGCC",5,"targetscan","MIMAT0019227","hsa-miR-3922-5p","HMGA2-AS1","100129940","ENSG00000197301","-0.236","predicted"
6,"hsa-miR-3922-5p","CAAGGCC",5,"targetscan","MIMAT0019227","hsa-miR-3922-5p","CDK6","1021","ENSG00000105810","-0.237","predicted"
6,"hsa-miR-3922-5p","CAAGGCC",5,"targetscan","MIMAT0019227","hsa-miR-3922-5p","AP1S1","1174","ENSG00000106367","-0.237","predicted"
6,"hsa-miR-3922-5p","CAAGGCC",5,"targetscan","MIMAT0019227","hsa-miR-3922-5p","PKIA","5569","ENSG00000171033","-0.237","predicted"
6,"hsa-miR-3922-5p","CAAGGCC",5,"targetscan","MIMAT0019227","hsa-miR-3922-5p","TRPM4","54795","ENSG00000130529","-0.237","predicted"
6,"hsa-miR-3922-5p","CAAGGCC",5,"targetscan","MIMAT0019227","hsa-miR-3922-5p","GOSR1","9527","ENSG00000108587","-0.237","predicted"
6,"hsa-miR-3922-5p","CAAGGCC",5,"targetscan","MIMAT0019227","hsa-miR-3922-5p","SLC10A6","345274","ENSG00000145283","-0.237","predicted"
6,"hsa-miR-3922-5p","CAAGGCC",5,"targetscan","MIMAT0019227","hsa-miR-3922-5p","GJB1","2705","ENSG00000169562","-0.238","predicted"
6,"hsa-miR-3922-5p","CAAGGCC",5,"targetscan","MIMAT0019227","hsa-miR-3922-5p","PSMD9","5715","ENSG00000110801","-0.238","predicted"
6,"hsa-miR-3922-5p","CAAGGCC",5,"targetscan","MIMAT0019227","hsa-miR-3922-5p","RAB5B","5869","ENSG00000111540","-0.238","predicted"
6,"hsa-miR-3922-5p","CAAGGCC",5,"targetscan","MIMAT0019227","hsa-miR-3922-5p","TGFB1I1","7041","ENSG00000140682","-0.238","predicted"
6,"hsa-miR-3922-5p","CAAGGCC",5,"targetscan","MIMAT0019227","hsa-miR-3922-5p","FIG4","9896","ENSG00000112367","-0.238","predicted"
6,"hsa-miR-3922-5p","CAAGGCC",5,"targetscan","MIMAT0019227","hsa-miR-3922-5p","OSBPL1A","114876","ENSG00000141447","-0.238","predicted"
6,"hsa-miR-3922-5p","CAAGGCC",5,"targetscan","MIMAT0019227","hsa-miR-3922-5p","KCTD7","154881","ENSG00000243335","-0.238","predicted"
6,"hsa-miR-3922-5p","CAAGGCC",5,"targetscan","MIMAT0019227","hsa-miR-3922-5p","GUCY1B1","2983","ENSG00000061918","-0.238","predicted"
6,"hsa-miR-3922-5p","CAAGGCC",5,"targetscan","MIMAT0019227","hsa-miR-3922-5p","LDLR","3949","ENSG00000130164","-0.239","predicted"
6,"hsa-miR-3922-5p","CAAGGCC",5,"targetscan","MIMAT0019227","hsa-miR-3922-5p","TSN","7247","ENSG00000211460","-0.239","predicted"
6,"hsa-miR-3922-5p","CAAGGCC",5,"targetscan","MIMAT0019227","hsa-miR-3922-5p","TIMM10","26519","ENSG00000134809","-0.239","predicted"
6,"hsa-miR-3922-5p","CAAGGCC",5,"targetscan","MIMAT0019227","hsa-miR-3922-5p","LRRC20","55222","ENSG00000172731","-0.239","predicted"
6,"hsa-miR-3922-5p","CAAGGCC",5,"targetscan","MIMAT0019227","hsa-miR-3922-5p","FBXO31","79791","ENSG00000103264","-0.239","predicted"
6,"hsa-miR-3922-5p","CAAGGCC",5,"targetscan","MIMAT0019227","hsa-miR-3922-5p","UBA52","7311","ENSG00000221983","-0.239","predicted"
6,"hsa-miR-3922-5p","CAAGGCC",5,"targetscan","MIMAT0019227","hsa-miR-3922-5p","CLEC17A","388512","ENSG00000187912","-0.239","predicted"
6,"hsa-miR-3922-5p","CAAGGCC",5,"targetscan","MIMAT0019227","hsa-miR-3922-5p","MYO18B","84700","ENSG00000133454","-0.239","predicted"
6,"hsa-miR-3922-5p","CAAGGCC",5,"targetscan","MIMAT0019227","hsa-miR-3922-5p","COX4I1","1327","ENSG00000131143","-0.239","predicted"
6,"hsa-miR-3922-5p","CAAGGCC",5,"targetscan","MIMAT0019227","hsa-miR-3922-5p","","","ENSG00000249967","-0.24","predicted"
6,"hsa-miR-3922-5p","CAAGGCC",5,"targetscan","MIMAT0019227","hsa-miR-3922-5p","PURB","5814","ENSG00000146676","-0.241","predicted"
6,"hsa-miR-3922-5p","CAAGGCC",5,"targetscan","MIMAT0019227","hsa-miR-3922-5p","FAF2","23197","ENSG00000113194","-0.241","predicted"
6,"hsa-miR-3922-5p","CAAGGCC",5,"targetscan","MIMAT0019227","hsa-miR-3922-5p","SETD9","133383","ENSG00000155542","-0.241","predicted"
6,"hsa-miR-3922-5p","CAAGGCC",5,"targetscan","MIMAT0019227","hsa-miR-3922-5p","NAALADL1","10004","ENSG00000168060","-0.241","predicted"
6,"hsa-miR-3922-5p","CAAGGCC",5,"targetscan","MIMAT0019227","hsa-miR-3922-5p","SPAG6","9576","ENSG00000077327","-0.241","predicted"
6,"hsa-miR-3922-5p","CAAGGCC",5,"targetscan","MIMAT0019227","hsa-miR-3922-5p","NUDT17","200035","ENSG00000186364","-0.241","predicted"
6,"hsa-miR-3922-5p","CAAGGCC",5,"targetscan","MIMAT0019227","hsa-miR-3922-5p","","","ENSG00000258311","-0.241","predicted"
6,"hsa-miR-3922-5p","CAAGGCC",5,"targetscan","MIMAT0019227","hsa-miR-3922-5p","TBC1D29P","","ENSG00000266733","-0.241","predicted"
6,"hsa-miR-3922-5p","CAAGGCC",5,"targetscan","MIMAT0019227","hsa-miR-3922-5p","CTDSP2","10106","ENSG00000175215","-0.242","predicted"
6,"hsa-miR-3922-5p","CAAGGCC",5,"targetscan","MIMAT0019227","hsa-miR-3922-5p","FZD8","8325","ENSG00000177283","-0.242","predicted"
6,"hsa-miR-3922-5p","CAAGGCC",5,"targetscan","MIMAT0019227","hsa-miR-3922-5p","RSF1","51773","ENSG00000048649","-0.242","predicted"
6,"hsa-miR-3922-5p","CAAGGCC",5,"targetscan","MIMAT0019227","hsa-miR-3922-5p","ZNF440","126070","ENSG00000171295","-0.242","predicted"
6,"hsa-miR-3922-5p","CAAGGCC",5,"targetscan","MIMAT0019227","hsa-miR-3922-5p","IL2RA","3559","ENSG00000134460","-0.242","predicted"
6,"hsa-miR-3922-5p","CAAGGCC",5,"targetscan","MIMAT0019227","hsa-miR-3922-5p","CDC42EP2","10435","ENSG00000149798","-0.242","predicted"
6,"hsa-miR-3922-5p","CAAGGCC",5,"targetscan","MIMAT0019227","hsa-miR-3922-5p","TMEM242","729515","ENSG00000215712","-0.242","predicted"
6,"hsa-miR-3922-5p","CAAGGCC",5,"targetscan","MIMAT0019227","hsa-miR-3922-5p","CENPX","201254","ENSG00000169689","-0.242","predicted"
6,"hsa-miR-3922-5p","CAAGGCC",5,"targetscan","MIMAT0019227","hsa-miR-3922-5p","CISD3","","ENSG00000230055","-0.242","predicted"
6,"hsa-miR-3922-5p","CAAGGCC",5,"targetscan","MIMAT0019227","hsa-miR-3922-5p","RRP7A","27341","ENSG00000189306","-0.243","predicted"
6,"hsa-miR-3922-5p","CAAGGCC",5,"targetscan","MIMAT0019227","hsa-miR-3922-5p","POLM","27434","ENSG00000122678","-0.243","predicted"
6,"hsa-miR-3922-5p","CAAGGCC",5,"targetscan","MIMAT0019227","hsa-miR-3922-5p","KIAA1143","57456","ENSG00000163807","-0.243","predicted"
6,"hsa-miR-3922-5p","CAAGGCC",5,"targetscan","MIMAT0019227","hsa-miR-3922-5p","GM2A","2760","ENSG00000196743","-0.243","predicted"
6,"hsa-miR-3922-5p","CAAGGCC",5,"targetscan","MIMAT0019227","hsa-miR-3922-5p","KRIT1","889","ENSG00000001631","-0.243","predicted"
6,"hsa-miR-3922-5p","CAAGGCC",5,"targetscan","MIMAT0019227","hsa-miR-3922-5p","NEK11","79858","ENSG00000114670","-0.243","predicted"
6,"hsa-miR-3922-5p","CAAGGCC",5,"targetscan","MIMAT0019227","hsa-miR-3922-5p","KCNAB1","7881","ENSG00000169282","-0.243","predicted"
6,"hsa-miR-3922-5p","CAAGGCC",5,"targetscan","MIMAT0019227","hsa-miR-3922-5p","NCOA1","8648","ENSG00000084676","-0.243","predicted"
6,"hsa-miR-3922-5p","CAAGGCC",5,"targetscan","MIMAT0019227","hsa-miR-3922-5p","FGF14","2259","ENSG00000102466","-0.243","predicted"
6,"hsa-miR-3922-5p","CAAGGCC",5,"targetscan","MIMAT0019227","hsa-miR-3922-5p","CCSER2","54462","ENSG00000107771","-0.244","predicted"
6,"hsa-miR-3922-5p","CAAGGCC",5,"targetscan","MIMAT0019227","hsa-miR-3922-5p","ZNF519","162655","ENSG00000175322","-0.244","predicted"
6,"hsa-miR-3922-5p","CAAGGCC",5,"targetscan","MIMAT0019227","hsa-miR-3922-5p","PAQR5","54852","ENSG00000137819","-0.244","predicted"
6,"hsa-miR-3922-5p","CAAGGCC",5,"targetscan","MIMAT0019227","hsa-miR-3922-5p","GRAMD1B","57476","ENSG00000023171","-0.244","predicted"
6,"hsa-miR-3922-5p","CAAGGCC",5,"targetscan","MIMAT0019227","hsa-miR-3922-5p","TBL1Y","90665","ENSG00000092377","-0.244","predicted"
6,"hsa-miR-3922-5p","CAAGGCC",5,"targetscan","MIMAT0019227","hsa-miR-3922-5p","ZNF564","163050","ENSG00000249709","-0.244","predicted"
6,"hsa-miR-3922-5p","CAAGGCC",5,"targetscan","MIMAT0019227","hsa-miR-3922-5p","","","ENSG00000228157","-0.244","predicted"
6,"hsa-miR-3922-5p","CAAGGCC",5,"targetscan","MIMAT0019227","hsa-miR-3922-5p","CYBC1","79415","ENSG00000178927","-0.244","predicted"
6,"hsa-miR-3922-5p","CAAGGCC",5,"targetscan","MIMAT0019227","hsa-miR-3922-5p","EMP1","2012","ENSG00000134531","-0.245","predicted"
6,"hsa-miR-3922-5p","CAAGGCC",5,"targetscan","MIMAT0019227","hsa-miR-3922-5p","RAD9A","5883","ENSG00000172613","-0.245","predicted"
6,"hsa-miR-3922-5p","CAAGGCC",5,"targetscan","MIMAT0019227","hsa-miR-3922-5p","NUDT21","11051","ENSG00000167005","-0.245","predicted"
6,"hsa-miR-3922-5p","CAAGGCC",5,"targetscan","MIMAT0019227","hsa-miR-3922-5p","CXXC5","51523","ENSG00000171604","-0.245","predicted"
6,"hsa-miR-3922-5p","CAAGGCC",5,"targetscan","MIMAT0019227","hsa-miR-3922-5p","NAA40","79829","ENSG00000110583","-0.245","predicted"
6,"hsa-miR-3922-5p","CAAGGCC",5,"targetscan","MIMAT0019227","hsa-miR-3922-5p","NAA15","80155","ENSG00000164134","-0.245","predicted"
6,"hsa-miR-3922-5p","CAAGGCC",5,"targetscan","MIMAT0019227","hsa-miR-3922-5p","FAM107A","11170","ENSG00000168309","-0.245","predicted"
6,"hsa-miR-3922-5p","CAAGGCC",5,"targetscan","MIMAT0019227","hsa-miR-3922-5p","C7orf50","84310","ENSG00000146540","-0.245","predicted"
6,"hsa-miR-3922-5p","CAAGGCC",5,"targetscan","MIMAT0019227","hsa-miR-3922-5p","INAVA","55765","ENSG00000163362","-0.245","predicted"
6,"hsa-miR-3922-5p","CAAGGCC",5,"targetscan","MIMAT0019227","hsa-miR-3922-5p","AC022498.1","","ENSG00000213132","-0.245","predicted"
6,"hsa-miR-3922-5p","CAAGGCC",5,"targetscan","MIMAT0019227","hsa-miR-3922-5p","LIF","3976","ENSG00000128342","-0.246","predicted"
6,"hsa-miR-3922-5p","CAAGGCC",5,"targetscan","MIMAT0019227","hsa-miR-3922-5p","MYD88","4615","ENSG00000172936","-0.246","predicted"
6,"hsa-miR-3922-5p","CAAGGCC",5,"targetscan","MIMAT0019227","hsa-miR-3922-5p","HES6","55502","ENSG00000144485","-0.246","predicted"
6,"hsa-miR-3922-5p","CAAGGCC",5,"targetscan","MIMAT0019227","hsa-miR-3922-5p","FBLN7","129804","ENSG00000144152","-0.246","predicted"
6,"hsa-miR-3922-5p","CAAGGCC",5,"targetscan","MIMAT0019227","hsa-miR-3922-5p","NUTF2","10204","ENSG00000102898","-0.246","predicted"
6,"hsa-miR-3922-5p","CAAGGCC",5,"targetscan","MIMAT0019227","hsa-miR-3922-5p","HOXD12","3238","ENSG00000170178","-0.246","predicted"
6,"hsa-miR-3922-5p","CAAGGCC",5,"targetscan","MIMAT0019227","hsa-miR-3922-5p","","","ENSG00000258881","-0.246","predicted"
6,"hsa-miR-3922-5p","CAAGGCC",5,"targetscan","MIMAT0019227","hsa-miR-3922-5p","LINC01976","107546764","ENSG00000261514","-0.246","predicted"
6,"hsa-miR-3922-5p","CAAGGCC",5,"targetscan","MIMAT0019227","hsa-miR-3922-5p","ATOX1","475","ENSG00000177556","-0.247","predicted"
6,"hsa-miR-3922-5p","CAAGGCC",5,"targetscan","MIMAT0019227","hsa-miR-3922-5p","DLAT","1737","ENSG00000150768","-0.247","predicted"
6,"hsa-miR-3922-5p","CAAGGCC",5,"targetscan","MIMAT0019227","hsa-miR-3922-5p","TAPT1","202018","ENSG00000169762","-0.247","predicted"
6,"hsa-miR-3922-5p","CAAGGCC",5,"targetscan","MIMAT0019227","hsa-miR-3922-5p","ZDHHC23","254887","ENSG00000184307","-0.247","predicted"
6,"hsa-miR-3922-5p","CAAGGCC",5,"targetscan","MIMAT0019227","hsa-miR-3922-5p","RGS4","5999","ENSG00000117152","-0.247","predicted"
6,"hsa-miR-3922-5p","CAAGGCC",5,"targetscan","MIMAT0019227","hsa-miR-3922-5p","C19orf38","255809","ENSG00000214212","-0.247","predicted"
6,"hsa-miR-3922-5p","CAAGGCC",5,"targetscan","MIMAT0019227","hsa-miR-3922-5p","BTN3A2","11118","ENSG00000186470","-0.247","predicted"
6,"hsa-miR-3922-5p","CAAGGCC",5,"targetscan","MIMAT0019227","hsa-miR-3922-5p","RBP2","5948","ENSG00000114113","-0.247","predicted"
6,"hsa-miR-3922-5p","CAAGGCC",5,"targetscan","MIMAT0019227","hsa-miR-3922-5p","ZNF527","84503","ENSG00000189164","-0.247","predicted"
6,"hsa-miR-3922-5p","CAAGGCC",5,"targetscan","MIMAT0019227","hsa-miR-3922-5p","CDPF1","150383","ENSG00000205643","-0.247","predicted"
6,"hsa-miR-3922-5p","CAAGGCC",5,"targetscan","MIMAT0019227","hsa-miR-3922-5p","TLK1","9874","ENSG00000198586","-0.248","predicted"
6,"hsa-miR-3922-5p","CAAGGCC",5,"targetscan","MIMAT0019227","hsa-miR-3922-5p","PLLP","51090","ENSG00000102934","-0.248","predicted"
6,"hsa-miR-3922-5p","CAAGGCC",5,"targetscan","MIMAT0019227","hsa-miR-3922-5p","FGFRL1","53834","ENSG00000127418","-0.248","predicted"
6,"hsa-miR-3922-5p","CAAGGCC",5,"targetscan","MIMAT0019227","hsa-miR-3922-5p","MOB1A","55233","ENSG00000114978","-0.248","predicted"
6,"hsa-miR-3922-5p","CAAGGCC",5,"targetscan","MIMAT0019227","hsa-miR-3922-5p","MRRF","92399","ENSG00000148187","-0.248","predicted"
6,"hsa-miR-3922-5p","CAAGGCC",5,"targetscan","MIMAT0019227","hsa-miR-3922-5p","TRAPPC8","22878","ENSG00000153339","-0.248","predicted"
6,"hsa-miR-3922-5p","CAAGGCC",5,"targetscan","MIMAT0019227","hsa-miR-3922-5p","MRPL49","740","ENSG00000149792","-0.249","predicted"
6,"hsa-miR-3922-5p","CAAGGCC",5,"targetscan","MIMAT0019227","hsa-miR-3922-5p","PFKFB4","5210","ENSG00000114268","-0.249","predicted"
6,"hsa-miR-3922-5p","CAAGGCC",5,"targetscan","MIMAT0019227","hsa-miR-3922-5p","RAB5B","5869","ENSG00000111540","-0.249","predicted"
6,"hsa-miR-3922-5p","CAAGGCC",5,"targetscan","MIMAT0019227","hsa-miR-3922-5p","MRPS23","51649","ENSG00000181610","-0.249","predicted"
6,"hsa-miR-3922-5p","CAAGGCC",5,"targetscan","MIMAT0019227","hsa-miR-3922-5p","PHTF2","57157","ENSG00000006576","-0.249","predicted"
6,"hsa-miR-3922-5p","CAAGGCC",5,"targetscan","MIMAT0019227","hsa-miR-3922-5p","TSC2","7249","ENSG00000103197","-0.249","predicted"
6,"hsa-miR-3922-5p","CAAGGCC",5,"targetscan","MIMAT0019227","hsa-miR-3922-5p","KCTD21","283219","ENSG00000188997","-0.249","predicted"
6,"hsa-miR-3922-5p","CAAGGCC",5,"targetscan","MIMAT0019227","hsa-miR-3922-5p","RIC3","79608","ENSG00000166405","-0.249","predicted"
6,"hsa-miR-3922-5p","CAAGGCC",5,"targetscan","MIMAT0019227","hsa-miR-3922-5p","TBL2","26608","ENSG00000106638","-0.249","predicted"
6,"hsa-miR-3922-5p","CAAGGCC",5,"targetscan","MIMAT0019227","hsa-miR-3922-5p","ADCY2","108","ENSG00000078295","-0.249","predicted"
6,"hsa-miR-3922-5p","CAAGGCC",5,"targetscan","MIMAT0019227","hsa-miR-3922-5p","SMIM7","79086","ENSG00000214046","-0.249","predicted"
6,"hsa-miR-3922-5p","CAAGGCC",5,"targetscan","MIMAT0019227","hsa-miR-3922-5p","ERRFI1","54206","ENSG00000116285","-0.25","predicted"
6,"hsa-miR-3922-5p","CAAGGCC",5,"targetscan","MIMAT0019227","hsa-miR-3922-5p","GSG1L","146395","ENSG00000169181","-0.25","predicted"
6,"hsa-miR-3922-5p","CAAGGCC",5,"targetscan","MIMAT0019227","hsa-miR-3922-5p","BID","637","ENSG00000015475","-0.25","predicted"
6,"hsa-miR-3922-5p","CAAGGCC",5,"targetscan","MIMAT0019227","hsa-miR-3922-5p","ZNF469","84627","ENSG00000225614","-0.25","predicted"
6,"hsa-miR-3922-5p","CAAGGCC",5,"targetscan","MIMAT0019227","hsa-miR-3922-5p","PREP","5550","ENSG00000085377","-0.25","predicted"
6,"hsa-miR-3922-5p","CAAGGCC",5,"targetscan","MIMAT0019227","hsa-miR-3922-5p","ATP5PB","515","ENSG00000116459","-0.25","predicted"
6,"hsa-miR-3922-5p","CAAGGCC",5,"targetscan","MIMAT0019227","hsa-miR-3922-5p","RNF185","91445","ENSG00000138942","-0.251","predicted"
6,"hsa-miR-3922-5p","CAAGGCC",5,"targetscan","MIMAT0019227","hsa-miR-3922-5p","BBIP1","92482","ENSG00000214413","-0.251","predicted"
6,"hsa-miR-3922-5p","CAAGGCC",5,"targetscan","MIMAT0019227","hsa-miR-3922-5p","RTTN","25914","ENSG00000176225","-0.251","predicted"
6,"hsa-miR-3922-5p","CAAGGCC",5,"targetscan","MIMAT0019227","hsa-miR-3922-5p","PACC1","55248","ENSG00000065600","-0.251","predicted"
6,"hsa-miR-3922-5p","CAAGGCC",5,"targetscan","MIMAT0019227","hsa-miR-3922-5p","CD2AP","23607","ENSG00000198087","-0.252","predicted"
6,"hsa-miR-3922-5p","CAAGGCC",5,"targetscan","MIMAT0019227","hsa-miR-3922-5p","TTLL3","26140","ENSG00000214021","-0.252","predicted"
6,"hsa-miR-3922-5p","CAAGGCC",5,"targetscan","MIMAT0019227","hsa-miR-3922-5p","LGALS8","3964","ENSG00000116977","-0.252","predicted"
6,"hsa-miR-3922-5p","CAAGGCC",5,"targetscan","MIMAT0019227","hsa-miR-3922-5p","TBC1D22A","25771","ENSG00000054611","-0.252","predicted"
6,"hsa-miR-3922-5p","CAAGGCC",5,"targetscan","MIMAT0019227","hsa-miR-3922-5p","","","ENSG00000260007","-0.252","predicted"
6,"hsa-miR-3922-5p","CAAGGCC",5,"targetscan","MIMAT0019227","hsa-miR-3922-5p","RPEL1","729020","ENSG00000235376","-0.252","predicted"
6,"hsa-miR-3922-5p","CAAGGCC",5,"targetscan","MIMAT0019227","hsa-miR-3922-5p","NIN","51199","ENSG00000100503","-0.253","predicted"
6,"hsa-miR-3922-5p","CAAGGCC",5,"targetscan","MIMAT0019227","hsa-miR-3922-5p","SYT4","6860","ENSG00000132872","-0.253","predicted"
6,"hsa-miR-3922-5p","CAAGGCC",5,"targetscan","MIMAT0019227","hsa-miR-3922-5p","URM1","81605","ENSG00000167118","-0.253","predicted"
6,"hsa-miR-3922-5p","CAAGGCC",5,"targetscan","MIMAT0019227","hsa-miR-3922-5p","RHBDD1","84236","ENSG00000144468","-0.253","predicted"
6,"hsa-miR-3922-5p","CAAGGCC",5,"targetscan","MIMAT0019227","hsa-miR-3922-5p","MAF","4094","ENSG00000178573","-0.253","predicted"
6,"hsa-miR-3922-5p","CAAGGCC",5,"targetscan","MIMAT0019227","hsa-miR-3922-5p","GCHFR","2644","ENSG00000137880","-0.253","predicted"
6,"hsa-miR-3922-5p","CAAGGCC",5,"targetscan","MIMAT0019227","hsa-miR-3922-5p","HDHD2","84064","ENSG00000167220","-0.254","predicted"
6,"hsa-miR-3922-5p","CAAGGCC",5,"targetscan","MIMAT0019227","hsa-miR-3922-5p","TACC2","10579","ENSG00000138162","-0.254","predicted"
6,"hsa-miR-3922-5p","CAAGGCC",5,"targetscan","MIMAT0019227","hsa-miR-3922-5p","SOX11","6664","ENSG00000176887","-0.254","predicted"
6,"hsa-miR-3922-5p","CAAGGCC",5,"targetscan","MIMAT0019227","hsa-miR-3922-5p","AKR1D1","6718","ENSG00000122787","-0.254","predicted"
6,"hsa-miR-3922-5p","CAAGGCC",5,"targetscan","MIMAT0019227","hsa-miR-3922-5p","SRPK1","6732","ENSG00000096063","-0.254","predicted"
6,"hsa-miR-3922-5p","CAAGGCC",5,"targetscan","MIMAT0019227","hsa-miR-3922-5p","STARD10","10809","ENSG00000214530","-0.254","predicted"
6,"hsa-miR-3922-5p","CAAGGCC",5,"targetscan","MIMAT0019227","hsa-miR-3922-5p","USP44","84101","ENSG00000136014","-0.254","predicted"
6,"hsa-miR-3922-5p","CAAGGCC",5,"targetscan","MIMAT0019227","hsa-miR-3922-5p","TAGLN2","8407","ENSG00000158710","-0.255","predicted"
6,"hsa-miR-3922-5p","CAAGGCC",5,"targetscan","MIMAT0019227","hsa-miR-3922-5p","PVR","5817","ENSG00000073008","-0.255","predicted"
6,"hsa-miR-3922-5p","CAAGGCC",5,"targetscan","MIMAT0019227","hsa-miR-3922-5p","TCF12","6938","ENSG00000140262","-0.255","predicted"
6,"hsa-miR-3922-5p","CAAGGCC",5,"targetscan","MIMAT0019227","hsa-miR-3922-5p","UBE2M","9040","ENSG00000130725","-0.255","predicted"
6,"hsa-miR-3922-5p","CAAGGCC",5,"targetscan","MIMAT0019227","hsa-miR-3922-5p","CD2AP","23607","ENSG00000198087","-0.255","predicted"
6,"hsa-miR-3922-5p","CAAGGCC",5,"targetscan","MIMAT0019227","hsa-miR-3922-5p","GJA5","101060613","ENSG00000143140","-0.255","predicted"
6,"hsa-miR-3922-5p","CAAGGCC",5,"targetscan","MIMAT0019227","hsa-miR-3922-5p","SRA1","10011","ENSG00000213523","-0.255","predicted"
6,"hsa-miR-3922-5p","CAAGGCC",5,"targetscan","MIMAT0019227","hsa-miR-3922-5p","SDHA","6389","ENSG00000073578","-0.255","predicted"
6,"hsa-miR-3922-5p","CAAGGCC",5,"targetscan","MIMAT0019227","hsa-miR-3922-5p","UPK3A","7380","ENSG00000100373","-0.255","predicted"
6,"hsa-miR-3922-5p","CAAGGCC",5,"targetscan","MIMAT0019227","hsa-miR-3922-5p","PALD1","27143","ENSG00000107719","-0.256","predicted"
6,"hsa-miR-3922-5p","CAAGGCC",5,"targetscan","MIMAT0019227","hsa-miR-3922-5p","NUP85","79902","ENSG00000125450","-0.256","predicted"
6,"hsa-miR-3922-5p","CAAGGCC",5,"targetscan","MIMAT0019227","hsa-miR-3922-5p","GAL","51083","ENSG00000069482","-0.257","predicted"
6,"hsa-miR-3922-5p","CAAGGCC",5,"targetscan","MIMAT0019227","hsa-miR-3922-5p","MARCHF8","220972","ENSG00000165406","-0.257","predicted"
6,"hsa-miR-3922-5p","CAAGGCC",5,"targetscan","MIMAT0019227","hsa-miR-3922-5p","CALHM3","119395","ENSG00000183128","-0.258","predicted"
6,"hsa-miR-3922-5p","CAAGGCC",5,"targetscan","MIMAT0019227","hsa-miR-3922-5p","NAGLU","4669","ENSG00000108784","-0.258","predicted"
6,"hsa-miR-3922-5p","CAAGGCC",5,"targetscan","MIMAT0019227","hsa-miR-3922-5p","SMIM8","57150","ENSG00000111850","-0.258","predicted"
6,"hsa-miR-3922-5p","CAAGGCC",5,"targetscan","MIMAT0019227","hsa-miR-3922-5p","VAPB","9217","ENSG00000124164","-0.258","predicted"
6,"hsa-miR-3922-5p","CAAGGCC",5,"targetscan","MIMAT0019227","hsa-miR-3922-5p","JMJD1C","221037","ENSG00000171988","-0.258","predicted"
6,"hsa-miR-3922-5p","CAAGGCC",5,"targetscan","MIMAT0019227","hsa-miR-3922-5p","SMIM8","63914","ENSG00000111850","-0.258","predicted"
6,"hsa-miR-3922-5p","CAAGGCC",5,"targetscan","MIMAT0019227","hsa-miR-3922-5p","CD40LG","959","ENSG00000102245","-0.259","predicted"
6,"hsa-miR-3922-5p","CAAGGCC",5,"targetscan","MIMAT0019227","hsa-miR-3922-5p","LGALSL","29094","ENSG00000119862","-0.259","predicted"
6,"hsa-miR-3922-5p","CAAGGCC",5,"targetscan","MIMAT0019227","hsa-miR-3922-5p","VAC14","55697","ENSG00000103043","-0.259","predicted"
6,"hsa-miR-3922-5p","CAAGGCC",5,"targetscan","MIMAT0019227","hsa-miR-3922-5p","HMBOX1","79618","ENSG00000147421","-0.259","predicted"
6,"hsa-miR-3922-5p","CAAGGCC",5,"targetscan","MIMAT0019227","hsa-miR-3922-5p","PTGDR","5729","ENSG00000168229","-0.259","predicted"
6,"hsa-miR-3922-5p","CAAGGCC",5,"targetscan","MIMAT0019227","hsa-miR-3922-5p","C11orf86","254439","ENSG00000173237","-0.259","predicted"
6,"hsa-miR-3922-5p","CAAGGCC",5,"targetscan","MIMAT0019227","hsa-miR-3922-5p","TSPAN31","6302","ENSG00000135452","-0.259","predicted"
6,"hsa-miR-3922-5p","CAAGGCC",5,"targetscan","MIMAT0019227","hsa-miR-3922-5p","TTLL9","164395","ENSG00000131044","-0.259","predicted"
6,"hsa-miR-3922-5p","CAAGGCC",5,"targetscan","MIMAT0019227","hsa-miR-3922-5p","MEI4","101928601","ENSG00000269964","-0.259","predicted"
6,"hsa-miR-3922-5p","CAAGGCC",5,"targetscan","MIMAT0019227","hsa-miR-3922-5p","SDC4","6385","ENSG00000124145","-0.26","predicted"
6,"hsa-miR-3922-5p","CAAGGCC",5,"targetscan","MIMAT0019227","hsa-miR-3922-5p","UGCG","7357","ENSG00000148154","-0.26","predicted"
6,"hsa-miR-3922-5p","CAAGGCC",5,"targetscan","MIMAT0019227","hsa-miR-3922-5p","SMIM12","113444","ENSG00000163866","-0.26","predicted"
6,"hsa-miR-3922-5p","CAAGGCC",5,"targetscan","MIMAT0019227","hsa-miR-3922-5p","UBE2J2","118424","ENSG00000160087","-0.26","predicted"
6,"hsa-miR-3922-5p","CAAGGCC",5,"targetscan","MIMAT0019227","hsa-miR-3922-5p","MEFV","4210","ENSG00000103313","-0.26","predicted"
6,"hsa-miR-3922-5p","CAAGGCC",5,"targetscan","MIMAT0019227","hsa-miR-3922-5p","ZDHHC24","254359","ENSG00000174165","-0.26","predicted"
6,"hsa-miR-3922-5p","CAAGGCC",5,"targetscan","MIMAT0019227","hsa-miR-3922-5p","RFLNB","359845","ENSG00000183688","-0.26","predicted"
6,"hsa-miR-3922-5p","CAAGGCC",5,"targetscan","MIMAT0019227","hsa-miR-3922-5p","AC079602.1","","ENSG00000272214","-0.26","predicted"
6,"hsa-miR-3922-5p","CAAGGCC",5,"targetscan","MIMAT0019227","hsa-miR-3922-5p","RAD51","5888","ENSG00000051180","-0.261","predicted"
6,"hsa-miR-3922-5p","CAAGGCC",5,"targetscan","MIMAT0019227","hsa-miR-3922-5p","MPP7","143098","ENSG00000150054","-0.261","predicted"
6,"hsa-miR-3922-5p","CAAGGCC",5,"targetscan","MIMAT0019227","hsa-miR-3922-5p","XRCC6","2547","ENSG00000196419","-0.261","predicted"
6,"hsa-miR-3922-5p","CAAGGCC",5,"targetscan","MIMAT0019227","hsa-miR-3922-5p","HBM","3042","ENSG00000206177","-0.261","predicted"
6,"hsa-miR-3922-5p","CAAGGCC",5,"targetscan","MIMAT0019227","hsa-miR-3922-5p","TP53INP2","58476","ENSG00000078804","-0.262","predicted"
6,"hsa-miR-3922-5p","CAAGGCC",5,"targetscan","MIMAT0019227","hsa-miR-3922-5p","C5","727","ENSG00000106804","-0.262","predicted"
6,"hsa-miR-3922-5p","CAAGGCC",5,"targetscan","MIMAT0019227","hsa-miR-3922-5p","FANCF","2188","ENSG00000183161","-0.262","predicted"
6,"hsa-miR-3922-5p","CAAGGCC",5,"targetscan","MIMAT0019227","hsa-miR-3922-5p","RNF126","55658","ENSG00000070423","-0.262","predicted"
6,"hsa-miR-3922-5p","CAAGGCC",5,"targetscan","MIMAT0019227","hsa-miR-3922-5p","LAT2","7462","ENSG00000086730","-0.263","predicted"
6,"hsa-miR-3922-5p","CAAGGCC",5,"targetscan","MIMAT0019227","hsa-miR-3922-5p","FAM20B","9917","ENSG00000116199","-0.263","predicted"
6,"hsa-miR-3922-5p","CAAGGCC",5,"targetscan","MIMAT0019227","hsa-miR-3922-5p","CCDC28A","25901","ENSG00000024862","-0.263","predicted"
6,"hsa-miR-3922-5p","CAAGGCC",5,"targetscan","MIMAT0019227","hsa-miR-3922-5p","RNF34","80196","ENSG00000170633","-0.263","predicted"
6,"hsa-miR-3922-5p","CAAGGCC",5,"targetscan","MIMAT0019227","hsa-miR-3922-5p","TMEM98","26022","ENSG00000006042","-0.263","predicted"
6,"hsa-miR-3922-5p","CAAGGCC",5,"targetscan","MIMAT0019227","hsa-miR-3922-5p","SLC23A3","151295","ENSG00000213901","-0.263","predicted"
6,"hsa-miR-3922-5p","CAAGGCC",5,"targetscan","MIMAT0019227","hsa-miR-3922-5p","ATP2A1","487","ENSG00000196296","-0.263","predicted"
6,"hsa-miR-3922-5p","CAAGGCC",5,"targetscan","MIMAT0019227","hsa-miR-3922-5p","NREP","9315","ENSG00000134986","-0.264","predicted"
6,"hsa-miR-3922-5p","CAAGGCC",5,"targetscan","MIMAT0019227","hsa-miR-3922-5p","DLX4","1748","ENSG00000108813","-0.264","predicted"
6,"hsa-miR-3922-5p","CAAGGCC",5,"targetscan","MIMAT0019227","hsa-miR-3922-5p","BDNF","627","ENSG00000176697","-0.265","predicted"
6,"hsa-miR-3922-5p","CAAGGCC",5,"targetscan","MIMAT0019227","hsa-miR-3922-5p","HOXD13","3239","ENSG00000128714","-0.265","predicted"
6,"hsa-miR-3922-5p","CAAGGCC",5,"targetscan","MIMAT0019227","hsa-miR-3922-5p","SRP68","6730","ENSG00000167881","-0.265","predicted"
6,"hsa-miR-3922-5p","CAAGGCC",5,"targetscan","MIMAT0019227","hsa-miR-3922-5p","PHPT1","29085","ENSG00000054148","-0.265","predicted"
6,"hsa-miR-3922-5p","CAAGGCC",5,"targetscan","MIMAT0019227","hsa-miR-3922-5p","USP49","25862","ENSG00000164663","-0.266","predicted"
6,"hsa-miR-3922-5p","CAAGGCC",5,"targetscan","MIMAT0019227","hsa-miR-3922-5p","NRG1","3084","ENSG00000157168","-0.266","predicted"
6,"hsa-miR-3922-5p","CAAGGCC",5,"targetscan","MIMAT0019227","hsa-miR-3922-5p","UQCRFS1","7386","ENSG00000169021","-0.266","predicted"
6,"hsa-miR-3922-5p","CAAGGCC",5,"targetscan","MIMAT0019227","hsa-miR-3922-5p","ZNF670-ZNF695","","ENSG00000135747","-0.266","predicted"
6,"hsa-miR-3922-5p","CAAGGCC",5,"targetscan","MIMAT0019227","hsa-miR-3922-5p","PACRGL","133015","ENSG00000163138","-0.267","predicted"
6,"hsa-miR-3922-5p","CAAGGCC",5,"targetscan","MIMAT0019227","hsa-miR-3922-5p","CALML4","91860","ENSG00000129007","-0.267","predicted"
6,"hsa-miR-3922-5p","CAAGGCC",5,"targetscan","MIMAT0019227","hsa-miR-3922-5p","PPT2","9374","ENSG00000221988","-0.268","predicted"
6,"hsa-miR-3922-5p","CAAGGCC",5,"targetscan","MIMAT0019227","hsa-miR-3922-5p","CACNG2","10369","ENSG00000166862","-0.268","predicted"
6,"hsa-miR-3922-5p","CAAGGCC",5,"targetscan","MIMAT0019227","hsa-miR-3922-5p","DCPS","28960","ENSG00000110063","-0.268","predicted"
6,"hsa-miR-3922-5p","CAAGGCC",5,"targetscan","MIMAT0019227","hsa-miR-3922-5p","AFG2A","166378","ENSG00000145375","-0.268","predicted"
6,"hsa-miR-3922-5p","CAAGGCC",5,"targetscan","MIMAT0019227","hsa-miR-3922-5p","HMGN4","10473","ENSG00000182952","-0.269","predicted"
6,"hsa-miR-3922-5p","CAAGGCC",5,"targetscan","MIMAT0019227","hsa-miR-3922-5p","DGCR6","8214","ENSG00000183628","-0.269","predicted"
6,"hsa-miR-3922-5p","CAAGGCC",5,"targetscan","MIMAT0019227","hsa-miR-3922-5p","SSTR3","","ENSG00000183473","-0.269","predicted"
6,"hsa-miR-3922-5p","CAAGGCC",5,"targetscan","MIMAT0019227","hsa-miR-3922-5p","SP5","389058","ENSG00000204335","-0.27","predicted"
6,"hsa-miR-3922-5p","CAAGGCC",5,"targetscan","MIMAT0019227","hsa-miR-3922-5p","RIMS1","22999","ENSG00000079841","-0.27","predicted"
6,"hsa-miR-3922-5p","CAAGGCC",5,"targetscan","MIMAT0019227","hsa-miR-3922-5p","HOMER2","9455","ENSG00000103942","-0.271","predicted"
6,"hsa-miR-3922-5p","CAAGGCC",5,"targetscan","MIMAT0019227","hsa-miR-3922-5p","MAPKAPK3","7867","ENSG00000114738","-0.271","predicted"
6,"hsa-miR-3922-5p","CAAGGCC",5,"targetscan","MIMAT0019227","hsa-miR-3922-5p","CAB39L","81617","ENSG00000102547","-0.271","predicted"
6,"hsa-miR-3922-5p","CAAGGCC",5,"targetscan","MIMAT0019227","hsa-miR-3922-5p","TRHDE","29953","ENSG00000072657","-0.271","predicted"
6,"hsa-miR-3922-5p","CAAGGCC",5,"targetscan","MIMAT0019227","hsa-miR-3922-5p","SHC1","6464","ENSG00000160691","-0.272","predicted"
6,"hsa-miR-3922-5p","CAAGGCC",5,"targetscan","MIMAT0019227","hsa-miR-3922-5p","TSPAN6","7105","ENSG00000000003","-0.272","predicted"
6,"hsa-miR-3922-5p","CAAGGCC",5,"targetscan","MIMAT0019227","hsa-miR-3922-5p","GFRA3","2676","ENSG00000146013","-0.272","predicted"
6,"hsa-miR-3922-5p","CAAGGCC",5,"targetscan","MIMAT0019227","hsa-miR-3922-5p","FAM241B","219738","ENSG00000171224","-0.272","predicted"
6,"hsa-miR-3922-5p","CAAGGCC",5,"targetscan","MIMAT0019227","hsa-miR-3922-5p","REPIN1","29803","ENSG00000214022","-0.273","predicted"
6,"hsa-miR-3922-5p","CAAGGCC",5,"targetscan","MIMAT0019227","hsa-miR-3922-5p","RIMOC1","285636","ENSG00000205765","-0.273","predicted"
6,"hsa-miR-3922-5p","CAAGGCC",5,"targetscan","MIMAT0019227","hsa-miR-3922-5p","DUT","1854","ENSG00000128951","-0.274","predicted"
6,"hsa-miR-3922-5p","CAAGGCC",5,"targetscan","MIMAT0019227","hsa-miR-3922-5p","PRSS45P","","ENSG00000188086","-0.274","predicted"
6,"hsa-miR-3922-5p","CAAGGCC",5,"targetscan","MIMAT0019227","hsa-miR-3922-5p","APBA2","321","ENSG00000034053","-0.275","predicted"
6,"hsa-miR-3922-5p","CAAGGCC",5,"targetscan","MIMAT0019227","hsa-miR-3922-5p","MDM4","4194","ENSG00000198625","-0.275","predicted"
6,"hsa-miR-3922-5p","CAAGGCC",5,"targetscan","MIMAT0019227","hsa-miR-3922-5p","MCAT","27349","ENSG00000100294","-0.275","predicted"
6,"hsa-miR-3922-5p","CAAGGCC",5,"targetscan","MIMAT0019227","hsa-miR-3922-5p","UFM1","51569","ENSG00000120686","-0.275","predicted"
6,"hsa-miR-3922-5p","CAAGGCC",5,"targetscan","MIMAT0019227","hsa-miR-3922-5p","AARD","441376","ENSG00000205002","-0.275","predicted"
6,"hsa-miR-3922-5p","CAAGGCC",5,"targetscan","MIMAT0019227","hsa-miR-3922-5p","VAMP1","6843","ENSG00000139190","-0.275","predicted"
6,"hsa-miR-3922-5p","CAAGGCC",5,"targetscan","MIMAT0019227","hsa-miR-3922-5p","NUDT13","25961","ENSG00000166321","-0.275","predicted"
6,"hsa-miR-3922-5p","CAAGGCC",5,"targetscan","MIMAT0019227","hsa-miR-3922-5p","HSPA14","51182","ENSG00000187522","-0.276","predicted"
6,"hsa-miR-3922-5p","CAAGGCC",5,"targetscan","MIMAT0019227","hsa-miR-3922-5p","EYA1","2138","ENSG00000104313","-0.276","predicted"
6,"hsa-miR-3922-5p","CAAGGCC",5,"targetscan","MIMAT0019227","hsa-miR-3922-5p","PRMT1","3276","ENSG00000126457","-0.276","predicted"
6,"hsa-miR-3922-5p","CAAGGCC",5,"targetscan","MIMAT0019227","hsa-miR-3922-5p","USP37","57695","ENSG00000135913","-0.276","predicted"
6,"hsa-miR-3922-5p","CAAGGCC",5,"targetscan","MIMAT0019227","hsa-miR-3922-5p","ZNF419","79744","ENSG00000105136","-0.276","predicted"
6,"hsa-miR-3922-5p","CAAGGCC",5,"targetscan","MIMAT0019227","hsa-miR-3922-5p","TEN1","100134934","ENSG00000257949","-0.276","predicted"
6,"hsa-miR-3922-5p","CAAGGCC",5,"targetscan","MIMAT0019227","hsa-miR-3922-5p","VAPB","9217","ENSG00000124164","-0.276","predicted"
6,"hsa-miR-3922-5p","CAAGGCC",5,"targetscan","MIMAT0019227","hsa-miR-3922-5p","CCDC50","152137","ENSG00000152492","-0.276","predicted"
6,"hsa-miR-3922-5p","CAAGGCC",5,"targetscan","MIMAT0019227","hsa-miR-3922-5p","OR2M3","127062","ENSG00000228198","-0.276","predicted"
6,"hsa-miR-3922-5p","CAAGGCC",5,"targetscan","MIMAT0019227","hsa-miR-3922-5p","MICOS13","125988","ENSG00000174917","-0.276","predicted"
6,"hsa-miR-3922-5p","CAAGGCC",5,"targetscan","MIMAT0019227","hsa-miR-3922-5p","RPP38","10557","ENSG00000152464","-0.277","predicted"
6,"hsa-miR-3922-5p","CAAGGCC",5,"targetscan","MIMAT0019227","hsa-miR-3922-5p","BTN3A1","11119","ENSG00000026950","-0.277","predicted"
6,"hsa-miR-3922-5p","CAAGGCC",5,"targetscan","MIMAT0019227","hsa-miR-3922-5p","IFFO1","25900","ENSG00000010295","-0.277","predicted"
6,"hsa-miR-3922-5p","CAAGGCC",5,"targetscan","MIMAT0019227","hsa-miR-3922-5p","C15orf61","145853","ENSG00000189227","-0.277","predicted"
6,"hsa-miR-3922-5p","CAAGGCC",5,"targetscan","MIMAT0019227","hsa-miR-3922-5p","ITFG3","","ENSG00000269881","-0.277","predicted"
6,"hsa-miR-3922-5p","CAAGGCC",5,"targetscan","MIMAT0019227","hsa-miR-3922-5p","SEL1L","6400","ENSG00000071537","-0.278","predicted"
6,"hsa-miR-3922-5p","CAAGGCC",5,"targetscan","MIMAT0019227","hsa-miR-3922-5p","NKAIN1","79570","ENSG00000084628","-0.278","predicted"
6,"hsa-miR-3922-5p","CAAGGCC",5,"targetscan","MIMAT0019227","hsa-miR-3922-5p","FOXL2","668","ENSG00000183770","-0.278","predicted"
6,"hsa-miR-3922-5p","CAAGGCC",5,"targetscan","MIMAT0019227","hsa-miR-3922-5p","MAT2B","27430","ENSG00000038274","-0.279","predicted"
6,"hsa-miR-3922-5p","CAAGGCC",5,"targetscan","MIMAT0019227","hsa-miR-3922-5p","PRR5","55615","ENSG00000186654","-0.279","predicted"
6,"hsa-miR-3922-5p","CAAGGCC",5,"targetscan","MIMAT0019227","hsa-miR-3922-5p","LRRC2","79442","ENSG00000163827","-0.28","predicted"
6,"hsa-miR-3922-5p","CAAGGCC",5,"targetscan","MIMAT0019227","hsa-miR-3922-5p","FARSB","10056","ENSG00000116120","-0.28","predicted"
6,"hsa-miR-3922-5p","CAAGGCC",5,"targetscan","MIMAT0019227","hsa-miR-3922-5p","ST6GALNAC6","30815","ENSG00000160408","-0.28","predicted"
6,"hsa-miR-3922-5p","CAAGGCC",5,"targetscan","MIMAT0019227","hsa-miR-3922-5p","RWDD2B","10069","ENSG00000156253","-0.28","predicted"
6,"hsa-miR-3922-5p","CAAGGCC",5,"targetscan","MIMAT0019227","hsa-miR-3922-5p","NAIF1","203245","ENSG00000171169","-0.28","predicted"
6,"hsa-miR-3922-5p","CAAGGCC",5,"targetscan","MIMAT0019227","hsa-miR-3922-5p","","","ENSG00000258729","-0.28","predicted"
6,"hsa-miR-3922-5p","CAAGGCC",5,"targetscan","MIMAT0019227","hsa-miR-3922-5p","FNDC10","643988","ENSG00000228594","-0.28","predicted"
6,"hsa-miR-3922-5p","CAAGGCC",5,"targetscan","MIMAT0019227","hsa-miR-3922-5p","RP13-512J5.1","","ENSG00000255767","-0.28","predicted"
6,"hsa-miR-3922-5p","CAAGGCC",5,"targetscan","MIMAT0019227","hsa-miR-3922-5p","MAGEB2","4113","ENSG00000099399","-0.281","predicted"
6,"hsa-miR-3922-5p","CAAGGCC",5,"targetscan","MIMAT0019227","hsa-miR-3922-5p","DHX37","57647","ENSG00000150990","-0.281","predicted"
6,"hsa-miR-3922-5p","CAAGGCC",5,"targetscan","MIMAT0019227","hsa-miR-3922-5p","LYRM9","201229","ENSG00000232859","-0.281","predicted"
6,"hsa-miR-3922-5p","CAAGGCC",5,"targetscan","MIMAT0019227","hsa-miR-3922-5p","TLX2","3196","ENSG00000115297","-0.281","predicted"
6,"hsa-miR-3922-5p","CAAGGCC",5,"targetscan","MIMAT0019227","hsa-miR-3922-5p","ZNF500","26048","ENSG00000103199","-0.281","predicted"
6,"hsa-miR-3922-5p","CAAGGCC",5,"targetscan","MIMAT0019227","hsa-miR-3922-5p","","","ENSG00000230000","-0.281","predicted"
6,"hsa-miR-3922-5p","CAAGGCC",5,"targetscan","MIMAT0019227","hsa-miR-3922-5p","CERT1","10087","ENSG00000113163","-0.281","predicted"
6,"hsa-miR-3922-5p","CAAGGCC",5,"targetscan","MIMAT0019227","hsa-miR-3922-5p","MARCHF5","54708","ENSG00000198060","-0.281","predicted"
6,"hsa-miR-3922-5p","CAAGGCC",5,"targetscan","MIMAT0019227","hsa-miR-3922-5p","IFRD2","7866","ENSG00000214706","-0.282","predicted"
6,"hsa-miR-3922-5p","CAAGGCC",5,"targetscan","MIMAT0019227","hsa-miR-3922-5p","NODAL","4838","ENSG00000156574","-0.282","predicted"
6,"hsa-miR-3922-5p","CAAGGCC",5,"targetscan","MIMAT0019227","hsa-miR-3922-5p","TP53TG3B","24150","ENSG00000261509","-0.282","predicted"
6,"hsa-miR-3922-5p","CAAGGCC",5,"targetscan","MIMAT0019227","hsa-miR-3922-5p","TP53TG3B","729264","ENSG00000261509","-0.282","predicted"
6,"hsa-miR-3922-5p","CAAGGCC",5,"targetscan","MIMAT0019227","hsa-miR-3922-5p","TP53TG3B","729355","ENSG00000261509","-0.282","predicted"
6,"hsa-miR-3922-5p","CAAGGCC",5,"targetscan","MIMAT0019227","hsa-miR-3922-5p","TP53TG3C","24150","ENSG00000205457","-0.282","predicted"
6,"hsa-miR-3922-5p","CAAGGCC",5,"targetscan","MIMAT0019227","hsa-miR-3922-5p","TP53TG3C","653550","ENSG00000205457","-0.282","predicted"
6,"hsa-miR-3922-5p","CAAGGCC",5,"targetscan","MIMAT0019227","hsa-miR-3922-5p","TP53TG3C","729264","ENSG00000205457","-0.282","predicted"
6,"hsa-miR-3922-5p","CAAGGCC",5,"targetscan","MIMAT0019227","hsa-miR-3922-5p","TP53TG3C","729355","ENSG00000205457","-0.282","predicted"
6,"hsa-miR-3922-5p","CAAGGCC",5,"targetscan","MIMAT0019227","hsa-miR-3922-5p","TP53TG3","24150","ENSG00000183632","-0.282","predicted"
6,"hsa-miR-3922-5p","CAAGGCC",5,"targetscan","MIMAT0019227","hsa-miR-3922-5p","TP53TG3","729264","ENSG00000183632","-0.282","predicted"
6,"hsa-miR-3922-5p","CAAGGCC",5,"targetscan","MIMAT0019227","hsa-miR-3922-5p","TP53TG3","729355","ENSG00000183632","-0.282","predicted"
6,"hsa-miR-3922-5p","CAAGGCC",5,"targetscan","MIMAT0019227","hsa-miR-3922-5p","TP53TG3B","102723655","ENSG00000261509","-0.282","predicted"
6,"hsa-miR-3922-5p","CAAGGCC",5,"targetscan","MIMAT0019227","hsa-miR-3922-5p","TP53TG3B","102723713","ENSG00000261509","-0.282","predicted"
6,"hsa-miR-3922-5p","CAAGGCC",5,"targetscan","MIMAT0019227","hsa-miR-3922-5p","TP53TG3C","102723655","ENSG00000205457","-0.282","predicted"
6,"hsa-miR-3922-5p","CAAGGCC",5,"targetscan","MIMAT0019227","hsa-miR-3922-5p","TP53TG3C","102723713","ENSG00000205457","-0.282","predicted"
6,"hsa-miR-3922-5p","CAAGGCC",5,"targetscan","MIMAT0019227","hsa-miR-3922-5p","TP53TG3","102723655","ENSG00000183632","-0.282","predicted"
6,"hsa-miR-3922-5p","CAAGGCC",5,"targetscan","MIMAT0019227","hsa-miR-3922-5p","TP53TG3","102723713","ENSG00000183632","-0.282","predicted"
6,"hsa-miR-3922-5p","CAAGGCC",5,"targetscan","MIMAT0019227","hsa-miR-3922-5p","SHC1","6464","ENSG00000160691","-0.283","predicted"
6,"hsa-miR-3922-5p","CAAGGCC",5,"targetscan","MIMAT0019227","hsa-miR-3922-5p","TNPO1","3842","ENSG00000083312","-0.283","predicted"
6,"hsa-miR-3922-5p","CAAGGCC",5,"targetscan","MIMAT0019227","hsa-miR-3922-5p","FASLG","356","ENSG00000117560","-0.283","predicted"
6,"hsa-miR-3922-5p","CAAGGCC",5,"targetscan","MIMAT0019227","hsa-miR-3922-5p","FGF17","8822","ENSG00000158815","-0.283","predicted"
6,"hsa-miR-3922-5p","CAAGGCC",5,"targetscan","MIMAT0019227","hsa-miR-3922-5p","TAB2","23118","ENSG00000055208","-0.283","predicted"
6,"hsa-miR-3922-5p","CAAGGCC",5,"targetscan","MIMAT0019227","hsa-miR-3922-5p","CCDC47","57003","ENSG00000108588","-0.283","predicted"
6,"hsa-miR-3922-5p","CAAGGCC",5,"targetscan","MIMAT0019227","hsa-miR-3922-5p","ARRDC4","91947","ENSG00000140450","-0.283","predicted"
6,"hsa-miR-3922-5p","CAAGGCC",5,"targetscan","MIMAT0019227","hsa-miR-3922-5p","CCL21","6366","ENSG00000137077","-0.283","predicted"
6,"hsa-miR-3922-5p","CAAGGCC",5,"targetscan","MIMAT0019227","hsa-miR-3922-5p","LARP4","113251","ENSG00000161813","-0.284","predicted"
6,"hsa-miR-3922-5p","CAAGGCC",5,"targetscan","MIMAT0019227","hsa-miR-3922-5p","CYCS","54205","ENSG00000172115","-0.284","predicted"
6,"hsa-miR-3922-5p","CAAGGCC",5,"targetscan","MIMAT0019227","hsa-miR-3922-5p","SYCP2L","221711","ENSG00000153157","-0.284","predicted"
6,"hsa-miR-3922-5p","CAAGGCC",5,"targetscan","MIMAT0019227","hsa-miR-3922-5p","C19orf48P","","ENSG00000167747","-0.284","predicted"
6,"hsa-miR-3922-5p","CAAGGCC",5,"targetscan","MIMAT0019227","hsa-miR-3922-5p","TMEM219","124446","ENSG00000149932","-0.285","predicted"
6,"hsa-miR-3922-5p","CAAGGCC",5,"targetscan","MIMAT0019227","hsa-miR-3922-5p","MRPL15","29088","ENSG00000137547","-0.285","predicted"
6,"hsa-miR-3922-5p","CAAGGCC",5,"targetscan","MIMAT0019227","hsa-miR-3922-5p","MAPK11","5600","ENSG00000185386","-0.286","predicted"
6,"hsa-miR-3922-5p","CAAGGCC",5,"targetscan","MIMAT0019227","hsa-miR-3922-5p","ANG","283","ENSG00000214274","-0.286","predicted"
6,"hsa-miR-3922-5p","CAAGGCC",5,"targetscan","MIMAT0019227","hsa-miR-3922-5p","KIF3C","3797","ENSG00000084731","-0.286","predicted"
6,"hsa-miR-3922-5p","CAAGGCC",5,"targetscan","MIMAT0019227","hsa-miR-3922-5p","CLCN6","1185","ENSG00000011021","-0.287","predicted"
6,"hsa-miR-3922-5p","CAAGGCC",5,"targetscan","MIMAT0019227","hsa-miR-3922-5p","ZNF230","7773","ENSG00000159882","-0.287","predicted"
6,"hsa-miR-3922-5p","CAAGGCC",5,"targetscan","MIMAT0019227","hsa-miR-3922-5p","TAB2","23118","ENSG00000055208","-0.287","predicted"
6,"hsa-miR-3922-5p","CAAGGCC",5,"targetscan","MIMAT0019227","hsa-miR-3922-5p","CDKL1","8814","ENSG00000100490","-0.287","predicted"
6,"hsa-miR-3922-5p","CAAGGCC",5,"targetscan","MIMAT0019227","hsa-miR-3922-5p","DKK3","27122","ENSG00000050165","-0.288","predicted"
6,"hsa-miR-3922-5p","CAAGGCC",5,"targetscan","MIMAT0019227","hsa-miR-3922-5p","SLC25A45","283130","ENSG00000162241","-0.288","predicted"
6,"hsa-miR-3922-5p","CAAGGCC",5,"targetscan","MIMAT0019227","hsa-miR-3922-5p","ZNF589","51385","ENSG00000164048","-0.288","predicted"
6,"hsa-miR-3922-5p","CAAGGCC",5,"targetscan","MIMAT0019227","hsa-miR-3922-5p","","284390","ENSG00000267179","-0.289","predicted"
6,"hsa-miR-3922-5p","CAAGGCC",5,"targetscan","MIMAT0019227","hsa-miR-3922-5p","AGAP3","116988","ENSG00000133612","-0.29","predicted"
6,"hsa-miR-3922-5p","CAAGGCC",5,"targetscan","MIMAT0019227","hsa-miR-3922-5p","SLC33A1","9197","ENSG00000169359","-0.292","predicted"
6,"hsa-miR-3922-5p","CAAGGCC",5,"targetscan","MIMAT0019227","hsa-miR-3922-5p","HOOK1","51361","ENSG00000134709","-0.292","predicted"
6,"hsa-miR-3922-5p","CAAGGCC",5,"targetscan","MIMAT0019227","hsa-miR-3922-5p","AQP3","360","ENSG00000165272","-0.292","predicted"
6,"hsa-miR-3922-5p","CAAGGCC",5,"targetscan","MIMAT0019227","hsa-miR-3922-5p","","","ENSG00000173862","-0.292","predicted"
6,"hsa-miR-3922-5p","CAAGGCC",5,"targetscan","MIMAT0019227","hsa-miR-3922-5p","INSYN2A","642938","ENSG00000188916","-0.292","predicted"
6,"hsa-miR-3922-5p","CAAGGCC",5,"targetscan","MIMAT0019227","hsa-miR-3922-5p","LINC01547","84536","ENSG00000183250","-0.292","predicted"
6,"hsa-miR-3922-5p","CAAGGCC",5,"targetscan","MIMAT0019227","hsa-miR-3922-5p","AFG3L2","10939","ENSG00000141385","-0.293","predicted"
6,"hsa-miR-3922-5p","CAAGGCC",5,"targetscan","MIMAT0019227","hsa-miR-3922-5p","GATA5","140628","ENSG00000130700","-0.293","predicted"
6,"hsa-miR-3922-5p","CAAGGCC",5,"targetscan","MIMAT0019227","hsa-miR-3922-5p","CWC27","10283","ENSG00000153015","-0.294","predicted"
6,"hsa-miR-3922-5p","CAAGGCC",5,"targetscan","MIMAT0019227","hsa-miR-3922-5p","ATG7","10533","ENSG00000197548","-0.294","predicted"
6,"hsa-miR-3922-5p","CAAGGCC",5,"targetscan","MIMAT0019227","hsa-miR-3922-5p","ARPP19","10776","ENSG00000128989","-0.294","predicted"
6,"hsa-miR-3922-5p","CAAGGCC",5,"targetscan","MIMAT0019227","hsa-miR-3922-5p","SPSB1","80176","ENSG00000171621","-0.294","predicted"
6,"hsa-miR-3922-5p","CAAGGCC",5,"targetscan","MIMAT0019227","hsa-miR-3922-5p","DENND6A","201627","ENSG00000174839","-0.294","predicted"
6,"hsa-miR-3922-5p","CAAGGCC",5,"targetscan","MIMAT0019227","hsa-miR-3922-5p","SDHAF1","644096","ENSG00000205138","-0.294","predicted"
6,"hsa-miR-3922-5p","CAAGGCC",5,"targetscan","MIMAT0019227","hsa-miR-3922-5p","AMIGO1","57463","ENSG00000181754","-0.294","predicted"
6,"hsa-miR-3922-5p","CAAGGCC",5,"targetscan","MIMAT0019227","hsa-miR-3922-5p","MIEN1","84299","ENSG00000141741","-0.294","predicted"
6,"hsa-miR-3922-5p","CAAGGCC",5,"targetscan","MIMAT0019227","hsa-miR-3922-5p","LY6K","54742","ENSG00000160886","-0.295","predicted"
6,"hsa-miR-3922-5p","CAAGGCC",5,"targetscan","MIMAT0019227","hsa-miR-3922-5p","ZNF576","79177","ENSG00000124444","-0.295","predicted"
6,"hsa-miR-3922-5p","CAAGGCC",5,"targetscan","MIMAT0019227","hsa-miR-3922-5p","LIPH","200879","ENSG00000163898","-0.295","predicted"
6,"hsa-miR-3922-5p","CAAGGCC",5,"targetscan","MIMAT0019227","hsa-miR-3922-5p","DHRS4L2","317749","ENSG00000187630","-0.295","predicted"
6,"hsa-miR-3922-5p","CAAGGCC",5,"targetscan","MIMAT0019227","hsa-miR-3922-5p","","","ENSG00000230000","-0.295","predicted"
6,"hsa-miR-3922-5p","CAAGGCC",5,"targetscan","MIMAT0019227","hsa-miR-3922-5p","PPP3CC","5533","ENSG00000120910","-0.296","predicted"
6,"hsa-miR-3922-5p","CAAGGCC",5,"targetscan","MIMAT0019227","hsa-miR-3922-5p","CHRAC1","54108","ENSG00000104472","-0.297","predicted"
6,"hsa-miR-3922-5p","CAAGGCC",5,"targetscan","MIMAT0019227","hsa-miR-3922-5p","ALDH4A1","8659","ENSG00000159423","-0.298","predicted"
6,"hsa-miR-3922-5p","CAAGGCC",5,"targetscan","MIMAT0019227","hsa-miR-3922-5p","KDELR2","11014","ENSG00000136240","-0.298","predicted"
6,"hsa-miR-3922-5p","CAAGGCC",5,"targetscan","MIMAT0019227","hsa-miR-3922-5p","LSM10","84967","ENSG00000181817","-0.298","predicted"
6,"hsa-miR-3922-5p","CAAGGCC",5,"targetscan","MIMAT0019227","hsa-miR-3922-5p","KRT77","374454","ENSG00000189182","-0.298","predicted"
6,"hsa-miR-3922-5p","CAAGGCC",5,"targetscan","MIMAT0019227","hsa-miR-3922-5p","GRAPL","400581","ENSG00000189152","-0.298","predicted"
6,"hsa-miR-3922-5p","CAAGGCC",5,"targetscan","MIMAT0019227","hsa-miR-3922-5p","TRPC5","7224","ENSG00000072315","-0.298","predicted"
6,"hsa-miR-3922-5p","CAAGGCC",5,"targetscan","MIMAT0019227","hsa-miR-3922-5p","NECTIN4","81607","ENSG00000143217","-0.298","predicted"
6,"hsa-miR-3922-5p","CAAGGCC",5,"targetscan","MIMAT0019227","hsa-miR-3922-5p","JOSD1","9929","ENSG00000100221","-0.299","predicted"
6,"hsa-miR-3922-5p","CAAGGCC",5,"targetscan","MIMAT0019227","hsa-miR-3922-5p","THUMPD1","55623","ENSG00000066654","-0.299","predicted"
6,"hsa-miR-3922-5p","CAAGGCC",5,"targetscan","MIMAT0019227","hsa-miR-3922-5p","FAM124B","79843","ENSG00000124019","-0.299","predicted"
6,"hsa-miR-3922-5p","CAAGGCC",5,"targetscan","MIMAT0019227","hsa-miR-3922-5p","LIN28B","389421","ENSG00000187772","-0.299","predicted"
6,"hsa-miR-3922-5p","CAAGGCC",5,"targetscan","MIMAT0019227","hsa-miR-3922-5p","HSPB3","8988","ENSG00000169271","-0.3","predicted"
6,"hsa-miR-3922-5p","CAAGGCC",5,"targetscan","MIMAT0019227","hsa-miR-3922-5p","MEX3C","51320","ENSG00000176624","-0.3","predicted"
6,"hsa-miR-3922-5p","CAAGGCC",5,"targetscan","MIMAT0019227","hsa-miR-3922-5p","GIPC2","54810","ENSG00000137960","-0.301","predicted"
6,"hsa-miR-3922-5p","CAAGGCC",5,"targetscan","MIMAT0019227","hsa-miR-3922-5p","ZNF436-AS1","148898","ENSG00000249087","-0.301","predicted"
6,"hsa-miR-3922-5p","CAAGGCC",5,"targetscan","MIMAT0019227","hsa-miR-3922-5p","PARS2","25973","ENSG00000162396","-0.302","predicted"
6,"hsa-miR-3922-5p","CAAGGCC",5,"targetscan","MIMAT0019227","hsa-miR-3922-5p","PI4K2B","55300","ENSG00000038210","-0.303","predicted"
6,"hsa-miR-3922-5p","CAAGGCC",5,"targetscan","MIMAT0019227","hsa-miR-3922-5p","DDI1","414301","ENSG00000170967","-0.303","predicted"
6,"hsa-miR-3922-5p","CAAGGCC",5,"targetscan","MIMAT0019227","hsa-miR-3922-5p","FXYD7","53822","ENSG00000221946","-0.303","predicted"
6,"hsa-miR-3922-5p","CAAGGCC",5,"targetscan","MIMAT0019227","hsa-miR-3922-5p","DDB2","1643","ENSG00000134574","-0.304","predicted"
6,"hsa-miR-3922-5p","CAAGGCC",5,"targetscan","MIMAT0019227","hsa-miR-3922-5p","GPR39","2863","ENSG00000183840","-0.304","predicted"
6,"hsa-miR-3922-5p","CAAGGCC",5,"targetscan","MIMAT0019227","hsa-miR-3922-5p","AZIN1","51582","ENSG00000155096","-0.304","predicted"
6,"hsa-miR-3922-5p","CAAGGCC",5,"targetscan","MIMAT0019227","hsa-miR-3922-5p","INTS2","57508","ENSG00000108506","-0.304","predicted"
6,"hsa-miR-3922-5p","CAAGGCC",5,"targetscan","MIMAT0019227","hsa-miR-3922-5p","PEX26","55670","ENSG00000215193","-0.304","predicted"
6,"hsa-miR-3922-5p","CAAGGCC",5,"targetscan","MIMAT0019227","hsa-miR-3922-5p","CRABP1","1381","ENSG00000166426","-0.305","predicted"
6,"hsa-miR-3922-5p","CAAGGCC",5,"targetscan","MIMAT0019227","hsa-miR-3922-5p","CDH18","1016","ENSG00000145526","-0.305","predicted"
6,"hsa-miR-3922-5p","CAAGGCC",5,"targetscan","MIMAT0019227","hsa-miR-3922-5p","ZFP3","124961","ENSG00000180787","-0.306","predicted"
6,"hsa-miR-3922-5p","CAAGGCC",5,"targetscan","MIMAT0019227","hsa-miR-3922-5p","MORN4","118812","ENSG00000171160","-0.306","predicted"
6,"hsa-miR-3922-5p","CAAGGCC",5,"targetscan","MIMAT0019227","hsa-miR-3922-5p","COMTD1","118881","ENSG00000165644","-0.306","predicted"
6,"hsa-miR-3922-5p","CAAGGCC",5,"targetscan","MIMAT0019227","hsa-miR-3922-5p","LRRC41","10489","ENSG00000132128","-0.307","predicted"
6,"hsa-miR-3922-5p","CAAGGCC",5,"targetscan","MIMAT0019227","hsa-miR-3922-5p","RRAGC","64121","ENSG00000116954","-0.307","predicted"
6,"hsa-miR-3922-5p","CAAGGCC",5,"targetscan","MIMAT0019227","hsa-miR-3922-5p","LURAP1","541468","ENSG00000171357","-0.307","predicted"
6,"hsa-miR-3922-5p","CAAGGCC",5,"targetscan","MIMAT0019227","hsa-miR-3922-5p","MAPK13","5603","ENSG00000156711","-0.307","predicted"
6,"hsa-miR-3922-5p","CAAGGCC",5,"targetscan","MIMAT0019227","hsa-miR-3922-5p","FADS6","283985","ENSG00000172782","-0.307","predicted"
6,"hsa-miR-3922-5p","CAAGGCC",5,"targetscan","MIMAT0019227","hsa-miR-3922-5p","ADD3-AS1","100505933","ENSG00000203876","-0.307","predicted"
6,"hsa-miR-3922-5p","CAAGGCC",5,"targetscan","MIMAT0019227","hsa-miR-3922-5p","CCDC22","28952","ENSG00000101997","-0.308","predicted"
6,"hsa-miR-3922-5p","CAAGGCC",5,"targetscan","MIMAT0019227","hsa-miR-3922-5p","RHBDD1","84236","ENSG00000144468","-0.308","predicted"
6,"hsa-miR-3922-5p","CAAGGCC",5,"targetscan","MIMAT0019227","hsa-miR-3922-5p","SRXN1","140809","ENSG00000271303","-0.31","predicted"
6,"hsa-miR-3922-5p","CAAGGCC",5,"targetscan","MIMAT0019227","hsa-miR-3922-5p","C2orf72","257407","ENSG00000204128","-0.31","predicted"
6,"hsa-miR-3922-5p","CAAGGCC",5,"targetscan","MIMAT0019227","hsa-miR-3922-5p","LYNX1","66004","ENSG00000180155","-0.31","predicted"
6,"hsa-miR-3922-5p","CAAGGCC",5,"targetscan","MIMAT0019227","hsa-miR-3922-5p","SPOUT1","51490","ENSG00000198917","-0.31","predicted"
6,"hsa-miR-3922-5p","CAAGGCC",5,"targetscan","MIMAT0019227","hsa-miR-3922-5p","","","ENSG00000270299","-0.31","predicted"
6,"hsa-miR-3922-5p","CAAGGCC",5,"targetscan","MIMAT0019227","hsa-miR-3922-5p","VAPA","9218","ENSG00000101558","-0.311","predicted"
6,"hsa-miR-3922-5p","CAAGGCC",5,"targetscan","MIMAT0019227","hsa-miR-3922-5p","DENND6B","414918","ENSG00000205593","-0.311","predicted"
6,"hsa-miR-3922-5p","CAAGGCC",5,"targetscan","MIMAT0019227","hsa-miR-3922-5p","ZXDB","158586","ENSG00000198455","-0.311","predicted"
6,"hsa-miR-3922-5p","CAAGGCC",5,"targetscan","MIMAT0019227","hsa-miR-3922-5p","ATG7","10533","ENSG00000197548","-0.312","predicted"
6,"hsa-miR-3922-5p","CAAGGCC",5,"targetscan","MIMAT0019227","hsa-miR-3922-5p","RNGTT","8732","ENSG00000111880","-0.312","predicted"
6,"hsa-miR-3922-5p","CAAGGCC",5,"targetscan","MIMAT0019227","hsa-miR-3922-5p","MAU2","23383","ENSG00000129933","-0.312","predicted"
6,"hsa-miR-3922-5p","CAAGGCC",5,"targetscan","MIMAT0019227","hsa-miR-3922-5p","MAPK4","5596","ENSG00000141639","-0.313","predicted"
6,"hsa-miR-3922-5p","CAAGGCC",5,"targetscan","MIMAT0019227","hsa-miR-3922-5p","ABHD4","63874","ENSG00000100439","-0.313","predicted"
6,"hsa-miR-3922-5p","CAAGGCC",5,"targetscan","MIMAT0019227","hsa-miR-3922-5p","PIK3R6","","ENSG00000174083","-0.313","predicted"
6,"hsa-miR-3922-5p","CAAGGCC",5,"targetscan","MIMAT0019227","hsa-miR-3922-5p","SYBU-AS1","","ENSG00000248050","-0.313","predicted"
6,"hsa-miR-3922-5p","CAAGGCC",5,"targetscan","MIMAT0019227","hsa-miR-3922-5p","AK4","205","ENSG00000162433","-0.314","predicted"
6,"hsa-miR-3922-5p","CAAGGCC",5,"targetscan","MIMAT0019227","hsa-miR-3922-5p","IPO9","55705","ENSG00000198700","-0.314","predicted"
6,"hsa-miR-3922-5p","CAAGGCC",5,"targetscan","MIMAT0019227","hsa-miR-3922-5p","POMGNT1","55624","ENSG00000085998","-0.314","predicted"
6,"hsa-miR-3922-5p","CAAGGCC",5,"targetscan","MIMAT0019227","hsa-miR-3922-5p","NIT2","56954","ENSG00000114021","-0.314","predicted"
6,"hsa-miR-3922-5p","CAAGGCC",5,"targetscan","MIMAT0019227","hsa-miR-3922-5p","AP2S1","1175","ENSG00000042753","-0.315","predicted"
6,"hsa-miR-3922-5p","CAAGGCC",5,"targetscan","MIMAT0019227","hsa-miR-3922-5p","SRSF6","6431","ENSG00000124193","-0.315","predicted"
6,"hsa-miR-3922-5p","CAAGGCC",5,"targetscan","MIMAT0019227","hsa-miR-3922-5p","TMEM74B","55321","ENSG00000125895","-0.315","predicted"
6,"hsa-miR-3922-5p","CAAGGCC",5,"targetscan","MIMAT0019227","hsa-miR-3922-5p","ATG16L2","89849","ENSG00000168010","-0.315","predicted"
6,"hsa-miR-3922-5p","CAAGGCC",5,"targetscan","MIMAT0019227","hsa-miR-3922-5p","SYNE4","163183","ENSG00000181392","-0.315","predicted"
6,"hsa-miR-3922-5p","CAAGGCC",5,"targetscan","MIMAT0019227","hsa-miR-3922-5p","PNO1","56902","ENSG00000115946","-0.315","predicted"
6,"hsa-miR-3922-5p","CAAGGCC",5,"targetscan","MIMAT0019227","hsa-miR-3922-5p","DHRS4","10901","ENSG00000157326","-0.315","predicted"
6,"hsa-miR-3922-5p","CAAGGCC",5,"targetscan","MIMAT0019227","hsa-miR-3922-5p","PSME3IP1","80011","ENSG00000172775","-0.315","predicted"
6,"hsa-miR-3922-5p","CAAGGCC",5,"targetscan","MIMAT0019227","hsa-miR-3922-5p","RAB26","25837","ENSG00000167964","-0.316","predicted"
6,"hsa-miR-3922-5p","CAAGGCC",5,"targetscan","MIMAT0019227","hsa-miR-3922-5p","TOR1A","1861","ENSG00000136827","-0.316","predicted"
6,"hsa-miR-3922-5p","CAAGGCC",5,"targetscan","MIMAT0019227","hsa-miR-3922-5p","VSX1","30813","ENSG00000100987","-0.316","predicted"
6,"hsa-miR-3922-5p","CAAGGCC",5,"targetscan","MIMAT0019227","hsa-miR-3922-5p","RNF130","55819","ENSG00000113269","-0.316","predicted"
6,"hsa-miR-3922-5p","CAAGGCC",5,"targetscan","MIMAT0019227","hsa-miR-3922-5p","TIGIT","201633","ENSG00000181847","-0.316","predicted"
6,"hsa-miR-3922-5p","CAAGGCC",5,"targetscan","MIMAT0019227","hsa-miR-3922-5p","ALPL","249","ENSG00000162551","-0.317","predicted"
6,"hsa-miR-3922-5p","CAAGGCC",5,"targetscan","MIMAT0019227","hsa-miR-3922-5p","QDPR","5860","ENSG00000151552","-0.317","predicted"
6,"hsa-miR-3922-5p","CAAGGCC",5,"targetscan","MIMAT0019227","hsa-miR-3922-5p","UBE2N","7334","ENSG00000177889","-0.317","predicted"
6,"hsa-miR-3922-5p","CAAGGCC",5,"targetscan","MIMAT0019227","hsa-miR-3922-5p","NPNT","255743","ENSG00000168743","-0.317","predicted"
6,"hsa-miR-3922-5p","CAAGGCC",5,"targetscan","MIMAT0019227","hsa-miR-3922-5p","SYNJ2","8871","ENSG00000078269","-0.317","predicted"
6,"hsa-miR-3922-5p","CAAGGCC",5,"targetscan","MIMAT0019227","hsa-miR-3922-5p","CLEC4F","165530","ENSG00000152672","-0.317","predicted"
6,"hsa-miR-3922-5p","CAAGGCC",5,"targetscan","MIMAT0019227","hsa-miR-3922-5p","CYP4F31P","","ENSG00000178206","-0.317","predicted"
6,"hsa-miR-3922-5p","CAAGGCC",5,"targetscan","MIMAT0019227","hsa-miR-3922-5p","DNMBP","23268","ENSG00000107554","-0.318","predicted"
6,"hsa-miR-3922-5p","CAAGGCC",5,"targetscan","MIMAT0019227","hsa-miR-3922-5p","CACUL1","143384","ENSG00000151893","-0.318","predicted"
6,"hsa-miR-3922-5p","CAAGGCC",5,"targetscan","MIMAT0019227","hsa-miR-3922-5p","NME6","10201","ENSG00000172113","-0.319","predicted"
6,"hsa-miR-3922-5p","CAAGGCC",5,"targetscan","MIMAT0019227","hsa-miR-3922-5p","RCE1","9986","ENSG00000173653","-0.32","predicted"
6,"hsa-miR-3922-5p","CAAGGCC",5,"targetscan","MIMAT0019227","hsa-miR-3922-5p","RPRD1A","55197","ENSG00000141425","-0.32","predicted"
6,"hsa-miR-3922-5p","CAAGGCC",5,"targetscan","MIMAT0019227","hsa-miR-3922-5p","SAXO1","158297","ENSG00000155875","-0.32","predicted"
6,"hsa-miR-3922-5p","CAAGGCC",5,"targetscan","MIMAT0019227","hsa-miR-3922-5p","RSRC1","51319","ENSG00000174891","-0.321","predicted"
6,"hsa-miR-3922-5p","CAAGGCC",5,"targetscan","MIMAT0019227","hsa-miR-3922-5p","PABIR2","159090","ENSG00000156504","-0.321","predicted"
6,"hsa-miR-3922-5p","CAAGGCC",5,"targetscan","MIMAT0019227","hsa-miR-3922-5p","VAX2","25806","ENSG00000116035","-0.323","predicted"
6,"hsa-miR-3922-5p","CAAGGCC",5,"targetscan","MIMAT0019227","hsa-miR-3922-5p","PRR18","285800","ENSG00000176381","-0.323","predicted"
6,"hsa-miR-3922-5p","CAAGGCC",5,"targetscan","MIMAT0019227","hsa-miR-3922-5p","PFN2","5217","ENSG00000070087","-0.325","predicted"
6,"hsa-miR-3922-5p","CAAGGCC",5,"targetscan","MIMAT0019227","hsa-miR-3922-5p","SLC45A1","50651","ENSG00000162426","-0.325","predicted"
6,"hsa-miR-3922-5p","CAAGGCC",5,"targetscan","MIMAT0019227","hsa-miR-3922-5p","PLGRKT","55848","ENSG00000107020","-0.325","predicted"
6,"hsa-miR-3922-5p","CAAGGCC",5,"targetscan","MIMAT0019227","hsa-miR-3922-5p","INTS11","54973","ENSG00000127054","-0.325","predicted"
6,"hsa-miR-3922-5p","CAAGGCC",5,"targetscan","MIMAT0019227","hsa-miR-3922-5p","PTPRG","5793","ENSG00000144724","-0.326","predicted"
6,"hsa-miR-3922-5p","CAAGGCC",5,"targetscan","MIMAT0019227","hsa-miR-3922-5p","ZBTB42","100128927","ENSG00000179627","-0.326","predicted"
6,"hsa-miR-3922-5p","CAAGGCC",5,"targetscan","MIMAT0019227","hsa-miR-3922-5p","MTMR2","8898","ENSG00000087053","-0.326","predicted"
6,"hsa-miR-3922-5p","CAAGGCC",5,"targetscan","MIMAT0019227","hsa-miR-3922-5p","FAM203B","728071","ENSG00000230567","-0.326","predicted"
6,"hsa-miR-3922-5p","CAAGGCC",5,"targetscan","MIMAT0019227","hsa-miR-3922-5p","HGH1","51236","ENSG00000235173","-0.326","predicted"
6,"hsa-miR-3922-5p","CAAGGCC",5,"targetscan","MIMAT0019227","hsa-miR-3922-5p","PYCARD","29108","ENSG00000103490","-0.327","predicted"
6,"hsa-miR-3922-5p","CAAGGCC",5,"targetscan","MIMAT0019227","hsa-miR-3922-5p","LEPROT","54741","ENSG00000213625","-0.327","predicted"
6,"hsa-miR-3922-5p","CAAGGCC",5,"targetscan","MIMAT0019227","hsa-miR-3922-5p","ENO2","2026","ENSG00000111674","-0.327","predicted"
6,"hsa-miR-3922-5p","CAAGGCC",5,"targetscan","MIMAT0019227","hsa-miR-3922-5p","RD3","343035","ENSG00000198570","-0.328","predicted"
6,"hsa-miR-3922-5p","CAAGGCC",5,"targetscan","MIMAT0019227","hsa-miR-3922-5p","CRYGS","1427","ENSG00000213139","-0.329","predicted"
6,"hsa-miR-3922-5p","CAAGGCC",5,"targetscan","MIMAT0019227","hsa-miR-3922-5p","HSD17B8","7923","ENSG00000204228","-0.329","predicted"
6,"hsa-miR-3922-5p","CAAGGCC",5,"targetscan","MIMAT0019227","hsa-miR-3922-5p","DCTN4","51164","ENSG00000132912","-0.329","predicted"
6,"hsa-miR-3922-5p","CAAGGCC",5,"targetscan","MIMAT0019227","hsa-miR-3922-5p","FAM169B","283777","ENSG00000185087","-0.329","predicted"
6,"hsa-miR-3922-5p","CAAGGCC",5,"targetscan","MIMAT0019227","hsa-miR-3922-5p","SLC36A2","153201","ENSG00000186335","-0.33","predicted"
6,"hsa-miR-3922-5p","CAAGGCC",5,"targetscan","MIMAT0019227","hsa-miR-3922-5p","GRID1","2894","ENSG00000182771","-0.331","predicted"
6,"hsa-miR-3922-5p","CAAGGCC",5,"targetscan","MIMAT0019227","hsa-miR-3922-5p","UQCC1","55245","ENSG00000101019","-0.332","predicted"
6,"hsa-miR-3922-5p","CAAGGCC",5,"targetscan","MIMAT0019227","hsa-miR-3922-5p","SAA1","6288","ENSG00000173432","-0.333","predicted"
6,"hsa-miR-3922-5p","CAAGGCC",5,"targetscan","MIMAT0019227","hsa-miR-3922-5p","TPT1","7178","ENSG00000133112","-0.333","predicted"
6,"hsa-miR-3922-5p","CAAGGCC",5,"targetscan","MIMAT0019227","hsa-miR-3922-5p","HOXB4","3214","ENSG00000182742","-0.333","predicted"
6,"hsa-miR-3922-5p","CAAGGCC",5,"targetscan","MIMAT0019227","hsa-miR-3922-5p","RNF13","11342","ENSG00000082996","-0.334","predicted"
6,"hsa-miR-3922-5p","CAAGGCC",5,"targetscan","MIMAT0019227","hsa-miR-3922-5p","CACNG4","27092","ENSG00000075461","-0.334","predicted"
6,"hsa-miR-3922-5p","CAAGGCC",5,"targetscan","MIMAT0019227","hsa-miR-3922-5p","REPIN1","29803","ENSG00000214022","-0.334","predicted"
6,"hsa-miR-3922-5p","CAAGGCC",5,"targetscan","MIMAT0019227","hsa-miR-3922-5p","GLCCI1","113263","ENSG00000106415","-0.335","predicted"
6,"hsa-miR-3922-5p","CAAGGCC",5,"targetscan","MIMAT0019227","hsa-miR-3922-5p","RAB11A","8766","ENSG00000103769","-0.335","predicted"
6,"hsa-miR-3922-5p","CAAGGCC",5,"targetscan","MIMAT0019227","hsa-miR-3922-5p","GMPR2","51292","ENSG00000100938","-0.335","predicted"
6,"hsa-miR-3922-5p","CAAGGCC",5,"targetscan","MIMAT0019227","hsa-miR-3922-5p","DEFB118","117285","ENSG00000131068","-0.335","predicted"
6,"hsa-miR-3922-5p","CAAGGCC",5,"targetscan","MIMAT0019227","hsa-miR-3922-5p","MSRB3","253827","ENSG00000174099","-0.335","predicted"
6,"hsa-miR-3922-5p","CAAGGCC",5,"targetscan","MIMAT0019227","hsa-miR-3922-5p","EGLN3","112399","ENSG00000129521","-0.336","predicted"
6,"hsa-miR-3922-5p","CAAGGCC",5,"targetscan","MIMAT0019227","hsa-miR-3922-5p","SLBP","7884","ENSG00000163950","-0.336","predicted"
6,"hsa-miR-3922-5p","CAAGGCC",5,"targetscan","MIMAT0019227","hsa-miR-3922-5p","RNF169","254225","ENSG00000166439","-0.337","predicted"
6,"hsa-miR-3922-5p","CAAGGCC",5,"targetscan","MIMAT0019227","hsa-miR-3922-5p","FAM151B","167555","ENSG00000152380","-0.337","predicted"
6,"hsa-miR-3922-5p","CAAGGCC",5,"targetscan","MIMAT0019227","hsa-miR-3922-5p","ZFX","7543","ENSG00000005889","-0.338","predicted"
6,"hsa-miR-3922-5p","CAAGGCC",5,"targetscan","MIMAT0019227","hsa-miR-3922-5p","ZIK1","284307","ENSG00000171649","-0.338","predicted"
6,"hsa-miR-3922-5p","CAAGGCC",5,"targetscan","MIMAT0019227","hsa-miR-3922-5p","PRKAG3","53632","ENSG00000115592","-0.338","predicted"
6,"hsa-miR-3922-5p","CAAGGCC",5,"targetscan","MIMAT0019227","hsa-miR-3922-5p","GADD45GIP1","90480","ENSG00000179271","-0.339","predicted"
6,"hsa-miR-3922-5p","CAAGGCC",5,"targetscan","MIMAT0019227","hsa-miR-3922-5p","METTL14","57721","ENSG00000145388","-0.339","predicted"
6,"hsa-miR-3922-5p","CAAGGCC",5,"targetscan","MIMAT0019227","hsa-miR-3922-5p","MRGPRE","116534","ENSG00000184350","-0.34","predicted"
6,"hsa-miR-3922-5p","CAAGGCC",5,"targetscan","MIMAT0019227","hsa-miR-3922-5p","SLC5A9","200010","ENSG00000117834","-0.341","predicted"
6,"hsa-miR-3922-5p","CAAGGCC",5,"targetscan","MIMAT0019227","hsa-miR-3922-5p","TP53TG3D","24150","ENSG00000205456","-0.341","predicted"
6,"hsa-miR-3922-5p","CAAGGCC",5,"targetscan","MIMAT0019227","hsa-miR-3922-5p","TP53TG3D","729264","ENSG00000205456","-0.341","predicted"
6,"hsa-miR-3922-5p","CAAGGCC",5,"targetscan","MIMAT0019227","hsa-miR-3922-5p","TP53TG3D","729355","ENSG00000205456","-0.341","predicted"
6,"hsa-miR-3922-5p","CAAGGCC",5,"targetscan","MIMAT0019227","hsa-miR-3922-5p","TP53TG3D","102723655","ENSG00000205456","-0.341","predicted"
6,"hsa-miR-3922-5p","CAAGGCC",5,"targetscan","MIMAT0019227","hsa-miR-3922-5p","TP53TG3D","102723713","ENSG00000205456","-0.341","predicted"
6,"hsa-miR-3922-5p","CAAGGCC",5,"targetscan","MIMAT0019227","hsa-miR-3922-5p","AC008443.1","","ENSG00000268397","-0.341","predicted"
6,"hsa-miR-3922-5p","CAAGGCC",5,"targetscan","MIMAT0019227","hsa-miR-3922-5p","CNOT6L","246175","ENSG00000138767","-0.342","predicted"
6,"hsa-miR-3922-5p","CAAGGCC",5,"targetscan","MIMAT0019227","hsa-miR-3922-5p","YTHDF3","253943","ENSG00000185728","-0.342","predicted"
6,"hsa-miR-3922-5p","CAAGGCC",5,"targetscan","MIMAT0019227","hsa-miR-3922-5p","LCMT2","9836","ENSG00000168806","-0.343","predicted"
6,"hsa-miR-3922-5p","CAAGGCC",5,"targetscan","MIMAT0019227","hsa-miR-3922-5p","AC003102.1","","ENSG00000214921","-0.343","predicted"
6,"hsa-miR-3922-5p","CAAGGCC",5,"targetscan","MIMAT0019227","hsa-miR-3922-5p","SPMIP7","100130988","ENSG00000164500","-0.343","predicted"
6,"hsa-miR-3922-5p","CAAGGCC",5,"targetscan","MIMAT0019227","hsa-miR-3922-5p","C15orf61","145853","ENSG00000189227","-0.344","predicted"
6,"hsa-miR-3922-5p","CAAGGCC",5,"targetscan","MIMAT0019227","hsa-miR-3922-5p","UQCR11","10975","ENSG00000127540","-0.344","predicted"
6,"hsa-miR-3922-5p","CAAGGCC",5,"targetscan","MIMAT0019227","hsa-miR-3922-5p","RP6-24A23.6","","ENSG00000260548","-0.344","predicted"
6,"hsa-miR-3922-5p","CAAGGCC",5,"targetscan","MIMAT0019227","hsa-miR-3922-5p","ATRIP","84126","ENSG00000164053","-0.345","predicted"
6,"hsa-miR-3922-5p","CAAGGCC",5,"targetscan","MIMAT0019227","hsa-miR-3922-5p","TTC31","64427","ENSG00000115282","-0.345","predicted"
6,"hsa-miR-3922-5p","CAAGGCC",5,"targetscan","MIMAT0019227","hsa-miR-3922-5p","CMTM8","152189","ENSG00000170293","-0.345","predicted"
6,"hsa-miR-3922-5p","CAAGGCC",5,"targetscan","MIMAT0019227","hsa-miR-3922-5p","MATCAP1","653319","ENSG00000196123","-0.345","predicted"
6,"hsa-miR-3922-5p","CAAGGCC",5,"targetscan","MIMAT0019227","hsa-miR-3922-5p","BARX2","8538","ENSG00000043039","-0.346","predicted"
6,"hsa-miR-3922-5p","CAAGGCC",5,"targetscan","MIMAT0019227","hsa-miR-3922-5p","HEATR1","55127","ENSG00000119285","-0.346","predicted"
6,"hsa-miR-3922-5p","CAAGGCC",5,"targetscan","MIMAT0019227","hsa-miR-3922-5p","IGLON5","402665","ENSG00000142549","-0.346","predicted"
6,"hsa-miR-3922-5p","CAAGGCC",5,"targetscan","MIMAT0019227","hsa-miR-3922-5p","TMEM33","55161","ENSG00000109133","-0.347","predicted"
6,"hsa-miR-3922-5p","CAAGGCC",5,"targetscan","MIMAT0019227","hsa-miR-3922-5p","ZNHIT6","54680","ENSG00000117174","-0.348","predicted"
6,"hsa-miR-3922-5p","CAAGGCC",5,"targetscan","MIMAT0019227","hsa-miR-3922-5p","SMDT1","91689","ENSG00000183172","-0.348","predicted"
6,"hsa-miR-3922-5p","CAAGGCC",5,"targetscan","MIMAT0019227","hsa-miR-3922-5p","MYO1A","4640","ENSG00000166866","-0.351","predicted"
6,"hsa-miR-3922-5p","CAAGGCC",5,"targetscan","MIMAT0019227","hsa-miR-3922-5p","DDX54","79039","ENSG00000123064","-0.352","predicted"
6,"hsa-miR-3922-5p","CAAGGCC",5,"targetscan","MIMAT0019227","hsa-miR-3922-5p","SUOX","6821","ENSG00000139531","-0.352","predicted"
6,"hsa-miR-3922-5p","CAAGGCC",5,"targetscan","MIMAT0019227","hsa-miR-3922-5p","ZNF812P","","ENSG00000224689","-0.352","predicted"
6,"hsa-miR-3922-5p","CAAGGCC",5,"targetscan","MIMAT0019227","hsa-miR-3922-5p","CABP2","51475","ENSG00000167791","-0.353","predicted"
6,"hsa-miR-3922-5p","CAAGGCC",5,"targetscan","MIMAT0019227","hsa-miR-3922-5p","CHCHD4","131474","ENSG00000163528","-0.354","predicted"
6,"hsa-miR-3922-5p","CAAGGCC",5,"targetscan","MIMAT0019227","hsa-miR-3922-5p","CENPX","201254","ENSG00000169689","-0.357","predicted"
6,"hsa-miR-3922-5p","CAAGGCC",5,"targetscan","MIMAT0019227","hsa-miR-3922-5p","SELENBP1","8991","ENSG00000143416","-0.358","predicted"
6,"hsa-miR-3922-5p","CAAGGCC",5,"targetscan","MIMAT0019227","hsa-miR-3922-5p","PPM1D","8493","ENSG00000170836","-0.359","predicted"
6,"hsa-miR-3922-5p","CAAGGCC",5,"targetscan","MIMAT0019227","hsa-miR-3922-5p","INCA1","388324","ENSG00000196388","-0.36","predicted"
6,"hsa-miR-3922-5p","CAAGGCC",5,"targetscan","MIMAT0019227","hsa-miR-3922-5p","FGF5","2250","ENSG00000138675","-0.361","predicted"
6,"hsa-miR-3922-5p","CAAGGCC",5,"targetscan","MIMAT0019227","hsa-miR-3922-5p","MED22","6837","ENSG00000148297","-0.361","predicted"
6,"hsa-miR-3922-5p","CAAGGCC",5,"targetscan","MIMAT0019227","hsa-miR-3922-5p","EMILIN3","90187","ENSG00000183798","-0.361","predicted"
6,"hsa-miR-3922-5p","CAAGGCC",5,"targetscan","MIMAT0019227","hsa-miR-3922-5p","CSAD","51380","ENSG00000139631","-0.361","predicted"
6,"hsa-miR-3922-5p","CAAGGCC",5,"targetscan","MIMAT0019227","hsa-miR-3922-5p","DSC3","1825","ENSG00000134762","-0.362","predicted"
6,"hsa-miR-3922-5p","CAAGGCC",5,"targetscan","MIMAT0019227","hsa-miR-3922-5p","CNGA2","1260","ENSG00000183862","-0.363","predicted"
6,"hsa-miR-3922-5p","CAAGGCC",5,"targetscan","MIMAT0019227","hsa-miR-3922-5p","NLRP4","147945","ENSG00000160505","-0.363","predicted"
6,"hsa-miR-3922-5p","CAAGGCC",5,"targetscan","MIMAT0019227","hsa-miR-3922-5p","ZFY","7544","ENSG00000067646","-0.364","predicted"
6,"hsa-miR-3922-5p","CAAGGCC",5,"targetscan","MIMAT0019227","hsa-miR-3922-5p","ESYT2","57488","ENSG00000117868","-0.365","predicted"
6,"hsa-miR-3922-5p","CAAGGCC",5,"targetscan","MIMAT0019227","hsa-miR-3922-5p","GNA11","2767","ENSG00000088256","-0.365","predicted"
6,"hsa-miR-3922-5p","CAAGGCC",5,"targetscan","MIMAT0019227","hsa-miR-3922-5p","LCE1C","353133","ENSG00000197084","-0.365","predicted"
6,"hsa-miR-3922-5p","CAAGGCC",5,"targetscan","MIMAT0019227","hsa-miR-3922-5p","IL3","3562","ENSG00000164399","-0.366","predicted"
6,"hsa-miR-3922-5p","CAAGGCC",5,"targetscan","MIMAT0019227","hsa-miR-3922-5p","PSMC4","5704","ENSG00000013275","-0.366","predicted"
6,"hsa-miR-3922-5p","CAAGGCC",5,"targetscan","MIMAT0019227","hsa-miR-3922-5p","C1GALT1","56913","ENSG00000106392","-0.367","predicted"
6,"hsa-miR-3922-5p","CAAGGCC",5,"targetscan","MIMAT0019227","hsa-miR-3922-5p","PLEK","5341","ENSG00000115956","-0.367","predicted"
6,"hsa-miR-3922-5p","CAAGGCC",5,"targetscan","MIMAT0019227","hsa-miR-3922-5p","CNPY3","10695","ENSG00000137161","-0.368","predicted"
6,"hsa-miR-3922-5p","CAAGGCC",5,"targetscan","MIMAT0019227","hsa-miR-3922-5p","TEX56P","","ENSG00000185689","-0.368","predicted"
6,"hsa-miR-3922-5p","CAAGGCC",5,"targetscan","MIMAT0019227","hsa-miR-3922-5p","TIMM10B","26515","ENSG00000132286","-0.369","predicted"
6,"hsa-miR-3922-5p","CAAGGCC",5,"targetscan","MIMAT0019227","hsa-miR-3922-5p","KCNMB4","27345","ENSG00000135643","-0.369","predicted"
6,"hsa-miR-3922-5p","CAAGGCC",5,"targetscan","MIMAT0019227","hsa-miR-3922-5p","DNAJA4","55466","ENSG00000140403","-0.369","predicted"
6,"hsa-miR-3922-5p","CAAGGCC",5,"targetscan","MIMAT0019227","hsa-miR-3922-5p","GTF2B","2959","ENSG00000137947","-0.37","predicted"
6,"hsa-miR-3922-5p","CAAGGCC",5,"targetscan","MIMAT0019227","hsa-miR-3922-5p","AGER","177","ENSG00000204305","-0.37","predicted"
6,"hsa-miR-3922-5p","CAAGGCC",5,"targetscan","MIMAT0019227","hsa-miR-3922-5p","OSBPL2","9885","ENSG00000130703","-0.37","predicted"
6,"hsa-miR-3922-5p","CAAGGCC",5,"targetscan","MIMAT0019227","hsa-miR-3922-5p","ELMOD3","84173","ENSG00000115459","-0.372","predicted"
6,"hsa-miR-3922-5p","CAAGGCC",5,"targetscan","MIMAT0019227","hsa-miR-3922-5p","RHNO1","83695","ENSG00000171792","-0.372","predicted"
6,"hsa-miR-3922-5p","CAAGGCC",5,"targetscan","MIMAT0019227","hsa-miR-3922-5p","TRIM23","373","ENSG00000113595","-0.373","predicted"
6,"hsa-miR-3922-5p","CAAGGCC",5,"targetscan","MIMAT0019227","hsa-miR-3922-5p","ARL15","54622","ENSG00000185305","-0.373","predicted"
6,"hsa-miR-3922-5p","CAAGGCC",5,"targetscan","MIMAT0019227","hsa-miR-3922-5p","TCEAL4","79921","ENSG00000133142","-0.373","predicted"
6,"hsa-miR-3922-5p","CAAGGCC",5,"targetscan","MIMAT0019227","hsa-miR-3922-5p","CCDC103","388389","ENSG00000167131","-0.374","predicted"
6,"hsa-miR-3922-5p","CAAGGCC",5,"targetscan","MIMAT0019227","hsa-miR-3922-5p","CRIP1","1396","ENSG00000213145","-0.374","predicted"
6,"hsa-miR-3922-5p","CAAGGCC",5,"targetscan","MIMAT0019227","hsa-miR-3922-5p","BRIX1","55299","ENSG00000113460","-0.374","predicted"
6,"hsa-miR-3922-5p","CAAGGCC",5,"targetscan","MIMAT0019227","hsa-miR-3922-5p","P4HA3","283208","ENSG00000149380","-0.375","predicted"
6,"hsa-miR-3922-5p","CAAGGCC",5,"targetscan","MIMAT0019227","hsa-miR-3922-5p","NPC2","10577","ENSG00000119655","-0.375","predicted"
6,"hsa-miR-3922-5p","CAAGGCC",5,"targetscan","MIMAT0019227","hsa-miR-3922-5p","LRRC74B","400891","ENSG00000187905","-0.375","predicted"
6,"hsa-miR-3922-5p","CAAGGCC",5,"targetscan","MIMAT0019227","hsa-miR-3922-5p","MRTFA","57591","ENSG00000196588","-0.375","predicted"
6,"hsa-miR-3922-5p","CAAGGCC",5,"targetscan","MIMAT0019227","hsa-miR-3922-5p","TSKU","25987","ENSG00000182704","-0.378","predicted"
6,"hsa-miR-3922-5p","CAAGGCC",5,"targetscan","MIMAT0019227","hsa-miR-3922-5p","TMEM217","221468","ENSG00000172738","-0.378","predicted"
6,"hsa-miR-3922-5p","CAAGGCC",5,"targetscan","MIMAT0019227","hsa-miR-3922-5p","IRX5","10265","ENSG00000176842","-0.381","predicted"
6,"hsa-miR-3922-5p","CAAGGCC",5,"targetscan","MIMAT0019227","hsa-miR-3922-5p","TMEM82","388595","ENSG00000162460","-0.382","predicted"
6,"hsa-miR-3922-5p","CAAGGCC",5,"targetscan","MIMAT0019227","hsa-miR-3922-5p","BUB1B","701","ENSG00000156970","-0.383","predicted"
6,"hsa-miR-3922-5p","CAAGGCC",5,"targetscan","MIMAT0019227","hsa-miR-3922-5p","ZDHHC22","283576","ENSG00000177108","-0.383","predicted"
6,"hsa-miR-3922-5p","CAAGGCC",5,"targetscan","MIMAT0019227","hsa-miR-3922-5p","KRT32","3882","ENSG00000108759","-0.385","predicted"
6,"hsa-miR-3922-5p","CAAGGCC",5,"targetscan","MIMAT0019227","hsa-miR-3922-5p","POLM","27434","ENSG00000122678","-0.385","predicted"
6,"hsa-miR-3922-5p","CAAGGCC",5,"targetscan","MIMAT0019227","hsa-miR-3922-5p","TMEM38A","79041","ENSG00000072954","-0.386","predicted"
6,"hsa-miR-3922-5p","CAAGGCC",5,"targetscan","MIMAT0019227","hsa-miR-3922-5p","EDN3","1908","ENSG00000124205","-0.387","predicted"
6,"hsa-miR-3922-5p","CAAGGCC",5,"targetscan","MIMAT0019227","hsa-miR-3922-5p","GSTT1","","ENSG00000184674","-0.389","predicted"
6,"hsa-miR-3922-5p","CAAGGCC",5,"targetscan","MIMAT0019227","hsa-miR-3922-5p","ZNF571","51276","ENSG00000180479","-0.39","predicted"
6,"hsa-miR-3922-5p","CAAGGCC",5,"targetscan","MIMAT0019227","hsa-miR-3922-5p","OCLM","10896","ENSG00000262180","-0.39","predicted"
6,"hsa-miR-3922-5p","CAAGGCC",5,"targetscan","MIMAT0019227","hsa-miR-3922-5p","RXRB","6257","ENSG00000204231","-0.392","predicted"
6,"hsa-miR-3922-5p","CAAGGCC",5,"targetscan","MIMAT0019227","hsa-miR-3922-5p","ALG1","56052","ENSG00000033011","-0.394","predicted"
6,"hsa-miR-3922-5p","CAAGGCC",5,"targetscan","MIMAT0019227","hsa-miR-3922-5p","C10orf105","414152","ENSG00000214688","-0.395","predicted"
6,"hsa-miR-3922-5p","CAAGGCC",5,"targetscan","MIMAT0019227","hsa-miR-3922-5p","VPS33A","65082","ENSG00000139719","-0.396","predicted"
6,"hsa-miR-3922-5p","CAAGGCC",5,"targetscan","MIMAT0019227","hsa-miR-3922-5p","LRMDA","83938","ENSG00000148655","-0.397","predicted"
6,"hsa-miR-3922-5p","CAAGGCC",5,"targetscan","MIMAT0019227","hsa-miR-3922-5p","VTCN1","79679","ENSG00000134258","-0.399","predicted"
6,"hsa-miR-3922-5p","CAAGGCC",5,"targetscan","MIMAT0019227","hsa-miR-3922-5p","HEXIM2","124790","ENSG00000168517","-0.399","predicted"
6,"hsa-miR-3922-5p","CAAGGCC",5,"targetscan","MIMAT0019227","hsa-miR-3922-5p","CLDN4","1364","ENSG00000189143","-0.402","predicted"
6,"hsa-miR-3922-5p","CAAGGCC",5,"targetscan","MIMAT0019227","hsa-miR-3922-5p","FAM216B","144809","ENSG00000179813","-0.402","predicted"
6,"hsa-miR-3922-5p","CAAGGCC",5,"targetscan","MIMAT0019227","hsa-miR-3922-5p","TES","26136","ENSG00000135269","-0.403","predicted"
6,"hsa-miR-3922-5p","CAAGGCC",5,"targetscan","MIMAT0019227","hsa-miR-3922-5p","SPMIP8","374739","ENSG00000159648","-0.403","predicted"
6,"hsa-miR-3922-5p","CAAGGCC",5,"targetscan","MIMAT0019227","hsa-miR-3922-5p","EMILIN3","90187","ENSG00000183798","-0.404","predicted"
6,"hsa-miR-3922-5p","CAAGGCC",5,"targetscan","MIMAT0019227","hsa-miR-3922-5p","MKS1","54903","ENSG00000011143","-0.404","predicted"
6,"hsa-miR-3922-5p","CAAGGCC",5,"targetscan","MIMAT0019227","hsa-miR-3922-5p","TEDDM1","127670","ENSG00000203730","-0.404","predicted"
6,"hsa-miR-3922-5p","CAAGGCC",5,"targetscan","MIMAT0019227","hsa-miR-3922-5p","GP2","2813","ENSG00000169347","-0.405","predicted"
6,"hsa-miR-3922-5p","CAAGGCC",5,"targetscan","MIMAT0019227","hsa-miR-3922-5p","INIP","58493","ENSG00000148153","-0.406","predicted"
6,"hsa-miR-3922-5p","CAAGGCC",5,"targetscan","MIMAT0019227","hsa-miR-3922-5p","ARSI","340075","ENSG00000183876","-0.406","predicted"
6,"hsa-miR-3922-5p","CAAGGCC",5,"targetscan","MIMAT0019227","hsa-miR-3922-5p","PLA2G4C","8605","ENSG00000105499","-0.407","predicted"
6,"hsa-miR-3922-5p","CAAGGCC",5,"targetscan","MIMAT0019227","hsa-miR-3922-5p","KRTAP5-8","57830","ENSG00000241233","-0.407","predicted"
6,"hsa-miR-3922-5p","CAAGGCC",5,"targetscan","MIMAT0019227","hsa-miR-3922-5p","MRPS33","51650","ENSG00000090263","-0.414","predicted"
6,"hsa-miR-3922-5p","CAAGGCC",5,"targetscan","MIMAT0019227","hsa-miR-3922-5p","ENSA","2029","ENSG00000143420","-0.414","predicted"
6,"hsa-miR-3922-5p","CAAGGCC",5,"targetscan","MIMAT0019227","hsa-miR-3922-5p","EFCC1","79825","ENSG00000114654","-0.417","predicted"
6,"hsa-miR-3922-5p","CAAGGCC",5,"targetscan","MIMAT0019227","hsa-miR-3922-5p","TPRXL","348825","ENSG00000180438","-0.417","predicted"
6,"hsa-miR-3922-5p","CAAGGCC",5,"targetscan","MIMAT0019227","hsa-miR-3922-5p","KIFBP","26128","ENSG00000198954","-0.417","predicted"
6,"hsa-miR-3922-5p","CAAGGCC",5,"targetscan","MIMAT0019227","hsa-miR-3922-5p","LINC02872","401535","ENSG00000204446","-0.418","predicted"
6,"hsa-miR-3922-5p","CAAGGCC",5,"targetscan","MIMAT0019227","hsa-miR-3922-5p","RGS14","10636","ENSG00000169220","-0.421","predicted"
6,"hsa-miR-3922-5p","CAAGGCC",5,"targetscan","MIMAT0019227","hsa-miR-3922-5p","ICA1L","130026","ENSG00000163596","-0.422","predicted"
6,"hsa-miR-3922-5p","CAAGGCC",5,"targetscan","MIMAT0019227","hsa-miR-3922-5p","RP11-379H8.1","","ENSG00000261086","-0.424","predicted"
6,"hsa-miR-3922-5p","CAAGGCC",5,"targetscan","MIMAT0019227","hsa-miR-3922-5p","ARSJ","79642","ENSG00000180801","-0.425","predicted"
6,"hsa-miR-3922-5p","CAAGGCC",5,"targetscan","MIMAT0019227","hsa-miR-3922-5p","ZNF586","54807","ENSG00000083828","-0.425","predicted"
6,"hsa-miR-3922-5p","CAAGGCC",5,"targetscan","MIMAT0019227","hsa-miR-3922-5p","TNFRSF10A","8797","ENSG00000104689","-0.427","predicted"
6,"hsa-miR-3922-5p","CAAGGCC",5,"targetscan","MIMAT0019227","hsa-miR-3922-5p","TPM2","7169","ENSG00000198467","-0.428","predicted"
6,"hsa-miR-3922-5p","CAAGGCC",5,"targetscan","MIMAT0019227","hsa-miR-3922-5p","HMBS","3145","ENSG00000256269","-0.428","predicted"
6,"hsa-miR-3922-5p","CAAGGCC",5,"targetscan","MIMAT0019227","hsa-miR-3922-5p","HSPB3","8988","ENSG00000169271","-0.429","predicted"
6,"hsa-miR-3922-5p","CAAGGCC",5,"targetscan","MIMAT0019227","hsa-miR-3922-5p","RAB10","10890","ENSG00000084733","-0.429","predicted"
6,"hsa-miR-3922-5p","CAAGGCC",5,"targetscan","MIMAT0019227","hsa-miR-3922-5p","ZNF667","63934","ENSG00000198046","-0.429","predicted"
6,"hsa-miR-3922-5p","CAAGGCC",5,"targetscan","MIMAT0019227","hsa-miR-3922-5p","PRKD2","25865","ENSG00000105287","-0.431","predicted"
6,"hsa-miR-3922-5p","CAAGGCC",5,"targetscan","MIMAT0019227","hsa-miR-3922-5p","KIR2DL4","3805","ENSG00000189013","-0.431","predicted"
6,"hsa-miR-3922-5p","CAAGGCC",5,"targetscan","MIMAT0019227","hsa-miR-3922-5p","OTOA","146183","ENSG00000155719","-0.431","predicted"
6,"hsa-miR-3922-5p","CAAGGCC",5,"targetscan","MIMAT0019227","hsa-miR-3922-5p","CYP4F11","57834","ENSG00000171903","-0.433","predicted"
6,"hsa-miR-3922-5p","CAAGGCC",5,"targetscan","MIMAT0019227","hsa-miR-3922-5p","","","ENSG00000204422","-0.435","predicted"
6,"hsa-miR-3922-5p","CAAGGCC",5,"targetscan","MIMAT0019227","hsa-miR-3922-5p","ABHD15","116236","ENSG00000168792","-0.437","predicted"
6,"hsa-miR-3922-5p","CAAGGCC",5,"targetscan","MIMAT0019227","hsa-miR-3922-5p","MOCS2","4338","ENSG00000164172","-0.438","predicted"
6,"hsa-miR-3922-5p","CAAGGCC",5,"targetscan","MIMAT0019227","hsa-miR-3922-5p","GID4","79018","ENSG00000141034","-0.439","predicted"
6,"hsa-miR-3922-5p","CAAGGCC",5,"targetscan","MIMAT0019227","hsa-miR-3922-5p","KCNJ8","3764","ENSG00000121361","-0.44","predicted"
6,"hsa-miR-3922-5p","CAAGGCC",5,"targetscan","MIMAT0019227","hsa-miR-3922-5p","DCUN1D5","84259","ENSG00000137692","-0.441","predicted"
6,"hsa-miR-3922-5p","CAAGGCC",5,"targetscan","MIMAT0019227","hsa-miR-3922-5p","FBXL9P","","ENSG00000125122","-0.441","predicted"
6,"hsa-miR-3922-5p","CAAGGCC",5,"targetscan","MIMAT0019227","hsa-miR-3922-5p","COASY","80347","ENSG00000068120","-0.442","predicted"
6,"hsa-miR-3922-5p","CAAGGCC",5,"targetscan","MIMAT0019227","hsa-miR-3922-5p","ASAH2B","653308","ENSG00000204147","-0.443","predicted"
6,"hsa-miR-3922-5p","CAAGGCC",5,"targetscan","MIMAT0019227","hsa-miR-3922-5p","BLCAP","10904","ENSG00000166619","-0.446","predicted"
6,"hsa-miR-3922-5p","CAAGGCC",5,"targetscan","MIMAT0019227","hsa-miR-3922-5p","ZNF205","7755","ENSG00000122386","-0.446","predicted"
6,"hsa-miR-3922-5p","CAAGGCC",5,"targetscan","MIMAT0019227","hsa-miR-3922-5p","ZNF396","252884","ENSG00000186496","-0.446","predicted"
6,"hsa-miR-3922-5p","CAAGGCC",5,"targetscan","MIMAT0019227","hsa-miR-3922-5p","SSPN","8082","ENSG00000123096","-0.447","predicted"
6,"hsa-miR-3922-5p","CAAGGCC",5,"targetscan","MIMAT0019227","hsa-miR-3922-5p","ZNF74","7625","ENSG00000185252","-0.448","predicted"
6,"hsa-miR-3922-5p","CAAGGCC",5,"targetscan","MIMAT0019227","hsa-miR-3922-5p","TLCD2","727910","ENSG00000185561","-0.448","predicted"
6,"hsa-miR-3922-5p","CAAGGCC",5,"targetscan","MIMAT0019227","hsa-miR-3922-5p","GADD45B","4616","ENSG00000099860","-0.448","predicted"
6,"hsa-miR-3922-5p","CAAGGCC",5,"targetscan","MIMAT0019227","hsa-miR-3922-5p","TMEM223","79064","ENSG00000168569","-0.45","predicted"
6,"hsa-miR-3922-5p","CAAGGCC",5,"targetscan","MIMAT0019227","hsa-miR-3922-5p","TP53","7157","ENSG00000141510","-0.453","predicted"
6,"hsa-miR-3922-5p","CAAGGCC",5,"targetscan","MIMAT0019227","hsa-miR-3922-5p","EML3","256364","ENSG00000149499","-0.453","predicted"
6,"hsa-miR-3922-5p","CAAGGCC",5,"targetscan","MIMAT0019227","hsa-miR-3922-5p","NOP9","161424","ENSG00000196943","-0.455","predicted"
6,"hsa-miR-3922-5p","CAAGGCC",5,"targetscan","MIMAT0019227","hsa-miR-3922-5p","NIP7","51388","ENSG00000132603","-0.456","predicted"
6,"hsa-miR-3922-5p","CAAGGCC",5,"targetscan","MIMAT0019227","hsa-miR-3922-5p","MIEF1","54471","ENSG00000100335","-0.456","predicted"
6,"hsa-miR-3922-5p","CAAGGCC",5,"targetscan","MIMAT0019227","hsa-miR-3922-5p","PPP2R1A","5518","ENSG00000105568","-0.458","predicted"
6,"hsa-miR-3922-5p","CAAGGCC",5,"targetscan","MIMAT0019227","hsa-miR-3922-5p","ABCG5","64240","ENSG00000138075","-0.458","predicted"
6,"hsa-miR-3922-5p","CAAGGCC",5,"targetscan","MIMAT0019227","hsa-miR-3922-5p","HNRNPF","3185","ENSG00000169813","-0.459","predicted"
6,"hsa-miR-3922-5p","CAAGGCC",5,"targetscan","MIMAT0019227","hsa-miR-3922-5p","MTRES1","51250","ENSG00000130349","-0.459","predicted"
6,"hsa-miR-3922-5p","CAAGGCC",5,"targetscan","MIMAT0019227","hsa-miR-3922-5p","KCNK17","89822","ENSG00000124780","-0.461","predicted"
6,"hsa-miR-3922-5p","CAAGGCC",5,"targetscan","MIMAT0019227","hsa-miR-3922-5p","","","ENSG00000111780","-0.461","predicted"
6,"hsa-miR-3922-5p","CAAGGCC",5,"targetscan","MIMAT0019227","hsa-miR-3922-5p","TERF2IP","54386","ENSG00000166848","-0.465","predicted"
6,"hsa-miR-3922-5p","CAAGGCC",5,"targetscan","MIMAT0019227","hsa-miR-3922-5p","NMNAT3","349565","ENSG00000163864","-0.465","predicted"
6,"hsa-miR-3922-5p","CAAGGCC",5,"targetscan","MIMAT0019227","hsa-miR-3922-5p","STX2","2054","ENSG00000111450","-0.471","predicted"
6,"hsa-miR-3922-5p","CAAGGCC",5,"targetscan","MIMAT0019227","hsa-miR-3922-5p","BTF3L4","91408","ENSG00000134717","-0.471","predicted"
6,"hsa-miR-3922-5p","CAAGGCC",5,"targetscan","MIMAT0019227","hsa-miR-3922-5p","TBX22","50945","ENSG00000122145","-0.475","predicted"
6,"hsa-miR-3922-5p","CAAGGCC",5,"targetscan","MIMAT0019227","hsa-miR-3922-5p","ZNF589","51385","ENSG00000164048","-0.475","predicted"
6,"hsa-miR-3922-5p","CAAGGCC",5,"targetscan","MIMAT0019227","hsa-miR-3922-5p","B4GAT1","11041","ENSG00000174684","-0.479","predicted"
6,"hsa-miR-3922-5p","CAAGGCC",5,"targetscan","MIMAT0019227","hsa-miR-3922-5p","CD47","961","ENSG00000196776","-0.48","predicted"
6,"hsa-miR-3922-5p","CAAGGCC",5,"targetscan","MIMAT0019227","hsa-miR-3922-5p","CPB1","1360","ENSG00000153002","-0.48","predicted"
6,"hsa-miR-3922-5p","CAAGGCC",5,"targetscan","MIMAT0019227","hsa-miR-3922-5p","GAGE1","2543","ENSG00000205777","-0.481","predicted"
6,"hsa-miR-3922-5p","CAAGGCC",5,"targetscan","MIMAT0019227","hsa-miR-3922-5p","MTERF1","7978","ENSG00000127989","-0.481","predicted"
6,"hsa-miR-3922-5p","CAAGGCC",5,"targetscan","MIMAT0019227","hsa-miR-3922-5p","IL1F10","84639","ENSG00000136697","-0.483","predicted"
6,"hsa-miR-3922-5p","CAAGGCC",5,"targetscan","MIMAT0019227","hsa-miR-3922-5p","NABP1","64859","ENSG00000173559","-0.484","predicted"
6,"hsa-miR-3922-5p","CAAGGCC",5,"targetscan","MIMAT0019227","hsa-miR-3922-5p","GATC","283459","ENSG00000257218","-0.484","predicted"
6,"hsa-miR-3922-5p","CAAGGCC",5,"targetscan","MIMAT0019227","hsa-miR-3922-5p","KIR3DL3","115653","ENSG00000242019","-0.485","predicted"
6,"hsa-miR-3922-5p","CAAGGCC",5,"targetscan","MIMAT0019227","hsa-miR-3922-5p","FLI1","2313","ENSG00000151702","-0.486","predicted"
6,"hsa-miR-3922-5p","CAAGGCC",5,"targetscan","MIMAT0019227","hsa-miR-3922-5p","KLHL34","257240","ENSG00000185915","-0.494","predicted"
6,"hsa-miR-3922-5p","CAAGGCC",5,"targetscan","MIMAT0019227","hsa-miR-3922-5p","PPP1R21","129285","ENSG00000162869","-0.497","predicted"
6,"hsa-miR-3922-5p","CAAGGCC",5,"targetscan","MIMAT0019227","hsa-miR-3922-5p","KRTAP2-1","81872","ENSG00000212725","-0.5","predicted"
6,"hsa-miR-3922-5p","CAAGGCC",5,"targetscan","MIMAT0019227","hsa-miR-3922-5p","RRP9","9136","ENSG00000114767","-0.505","predicted"
6,"hsa-miR-3922-5p","CAAGGCC",5,"targetscan","MIMAT0019227","hsa-miR-3922-5p","DPPA2","151871","ENSG00000163530","-0.506","predicted"
6,"hsa-miR-3922-5p","CAAGGCC",5,"targetscan","MIMAT0019227","hsa-miR-3922-5p","TMEM37","140738","ENSG00000171227","-0.511","predicted"
6,"hsa-miR-3922-5p","CAAGGCC",5,"targetscan","MIMAT0019227","hsa-miR-3922-5p","AGO2","27161","ENSG00000123908","-0.512","predicted"
6,"hsa-miR-3922-5p","CAAGGCC",5,"targetscan","MIMAT0019227","hsa-miR-3922-5p","ERG","2078","ENSG00000157554","-0.515","predicted"
6,"hsa-miR-3922-5p","CAAGGCC",5,"targetscan","MIMAT0019227","hsa-miR-3922-5p","MGST2","4258","ENSG00000085871","-0.517","predicted"
6,"hsa-miR-3922-5p","CAAGGCC",5,"targetscan","MIMAT0019227","hsa-miR-3922-5p","PGS1","9489","ENSG00000087157","-0.518","predicted"
6,"hsa-miR-3922-5p","CAAGGCC",5,"targetscan","MIMAT0019227","hsa-miR-3922-5p","NF2","4771","ENSG00000186575","-0.52","predicted"
6,"hsa-miR-3922-5p","CAAGGCC",5,"targetscan","MIMAT0019227","hsa-miR-3922-5p","NAGS","162417","ENSG00000161653","-0.521","predicted"
6,"hsa-miR-3922-5p","CAAGGCC",5,"targetscan","MIMAT0019227","hsa-miR-3922-5p","ANKH","56172","ENSG00000154122","-0.525","predicted"
6,"hsa-miR-3922-5p","CAAGGCC",5,"targetscan","MIMAT0019227","hsa-miR-3922-5p","NAP1L1","4673","ENSG00000187109","-0.527","predicted"
6,"hsa-miR-3922-5p","CAAGGCC",5,"targetscan","MIMAT0019227","hsa-miR-3922-5p","AGR2","10551","ENSG00000106541","-0.528","predicted"
6,"hsa-miR-3922-5p","CAAGGCC",5,"targetscan","MIMAT0019227","hsa-miR-3922-5p","RFK","55312","ENSG00000135002","-0.533","predicted"
6,"hsa-miR-3922-5p","CAAGGCC",5,"targetscan","MIMAT0019227","hsa-miR-3922-5p","TPD52L1","7164","ENSG00000111907","-0.536","predicted"
6,"hsa-miR-3922-5p","CAAGGCC",5,"targetscan","MIMAT0019227","hsa-miR-3922-5p","HDDC3","374659","ENSG00000184508","-0.54","predicted"
6,"hsa-miR-3922-5p","CAAGGCC",5,"targetscan","MIMAT0019227","hsa-miR-3922-5p","RFK","55312","ENSG00000135002","-0.544","predicted"
6,"hsa-miR-3922-5p","CAAGGCC",5,"targetscan","MIMAT0019227","hsa-miR-3922-5p","HNRNPH1","3187","ENSG00000169045","-0.552","predicted"
6,"hsa-miR-3922-5p","CAAGGCC",5,"targetscan","MIMAT0019227","hsa-miR-3922-5p","CHRNA1","1134","ENSG00000138435","-0.552","predicted"
6,"hsa-miR-3922-5p","CAAGGCC",5,"targetscan","MIMAT0019227","hsa-miR-3922-5p","CCL13","6357","ENSG00000181374","-0.552","predicted"
6,"hsa-miR-3922-5p","CAAGGCC",5,"targetscan","MIMAT0019227","hsa-miR-3922-5p","RP11-268J15.5","","ENSG00000116883","-0.552","predicted"
6,"hsa-miR-3922-5p","CAAGGCC",5,"targetscan","MIMAT0019227","hsa-miR-3922-5p","BBLN","79095","ENSG00000171159","-0.555","predicted"
6,"hsa-miR-3922-5p","CAAGGCC",5,"targetscan","MIMAT0019227","hsa-miR-3922-5p","C1orf210","149466","ENSG00000253313","-0.56","predicted"
6,"hsa-miR-3922-5p","CAAGGCC",5,"targetscan","MIMAT0019227","hsa-miR-3922-5p","BTG1","694","ENSG00000133639","-0.57","predicted"
6,"hsa-miR-3922-5p","CAAGGCC",5,"targetscan","MIMAT0019227","hsa-miR-3922-5p","RNF214","257160","ENSG00000167257","-0.583","predicted"
6,"hsa-miR-3922-5p","CAAGGCC",5,"targetscan","MIMAT0019227","hsa-miR-3922-5p","COQ2","27235","ENSG00000173085","-0.584","predicted"
6,"hsa-miR-3922-5p","CAAGGCC",5,"targetscan","MIMAT0019227","hsa-miR-3922-5p","STPG1","90529","ENSG00000001460","-0.596","predicted"
6,"hsa-miR-3922-5p","CAAGGCC",5,"targetscan","MIMAT0019227","hsa-miR-3922-5p","GALT","2592","ENSG00000213930","-0.604","predicted"
6,"hsa-miR-3922-5p","CAAGGCC",5,"targetscan","MIMAT0019227","hsa-miR-3922-5p","COX15","1355","ENSG00000014919","-0.605","predicted"
6,"hsa-miR-3922-5p","CAAGGCC",5,"targetscan","MIMAT0019227","hsa-miR-3922-5p","H2AC13","8329","ENSG00000196747","-0.61","predicted"
6,"hsa-miR-3922-5p","CAAGGCC",5,"targetscan","MIMAT0019227","hsa-miR-3922-5p","NUDT10","170685","ENSG00000122824","-0.633","predicted"
6,"hsa-miR-3922-5p","CAAGGCC",5,"targetscan","MIMAT0019227","hsa-miR-3922-5p","HILPDA","29923","ENSG00000135245","-0.634","predicted"
6,"hsa-miR-3922-5p","CAAGGCC",5,"targetscan","MIMAT0019227","hsa-miR-3922-5p","SMIM19","114926","ENSG00000176209","-0.642","predicted"
6,"hsa-miR-3922-5p","CAAGGCC",5,"targetscan","MIMAT0019227","hsa-miR-3922-5p","ZNF195","7748","ENSG00000005801","-0.644","predicted"
6,"hsa-miR-3922-5p","CAAGGCC",5,"targetscan","MIMAT0019227","hsa-miR-3922-5p","MB21D2","151963","ENSG00000180611","-0.65","predicted"
6,"hsa-miR-3922-5p","CAAGGCC",5,"targetscan","MIMAT0019227","hsa-miR-3922-5p","COPB1","1315","ENSG00000129083","-0.684","predicted"
6,"hsa-miR-3922-5p","CAAGGCC",5,"targetscan","MIMAT0019227","hsa-miR-3922-5p","GALT","2592","ENSG00000213930","-0.698","predicted"
6,"hsa-miR-3922-5p","CAAGGCC",5,"targetscan","MIMAT0019227","hsa-miR-3922-5p","FAM163B","642968","ENSG00000196990","-0.718","predicted"
6,"hsa-miR-3922-5p","CAAGGCC",5,"targetscan","MIMAT0019227","hsa-miR-3922-5p","ARL15","54622","ENSG00000185305","-0.729","predicted"
6,"hsa-miR-3922-5p","CAAGGCC",5,"targetscan","MIMAT0019227","hsa-miR-3922-5p","HBE1","3046","ENSG00000213931","-0.735","predicted"
6,"hsa-miR-3922-5p","CAAGGCC",5,"targetscan","MIMAT0019227","hsa-miR-3922-5p","HBB","3043","ENSG00000244734","-0.755","predicted"
6,"hsa-miR-3922-5p","CAAGGCC",5,"targetscan","MIMAT0019227","hsa-miR-3922-5p","FKBP3","2287","ENSG00000100442","-0.815","predicted"
6,"hsa-miR-3922-5p","CAAGGCC",5,"targetscan","MIMAT0019227","hsa-miR-3922-5p","C12orf57","113246","ENSG00000111678","-0.828","predicted"
