"sequence_rank","queried_miRNA","circRNA_seed_2_8","circRNA_weighted_seed_score","database","mature_mirna_acc","mature_mirna_id","target_symbol","target_entrez","target_ensembl","score","type"
1,"hsa-miR-217-5p","ACUGCAU",7,"targetscan","","hsa-miR-217","CHSY1","22856","ENSG00000131873","-0.178","predicted"
1,"hsa-miR-217-5p","ACUGCAU",7,"targetscan","","hsa-miR-217","RHOT1","55288","ENSG00000126858","-0.178","predicted"
1,"hsa-miR-217-5p","ACUGCAU",7,"targetscan","","hsa-miR-217","IWS1","55677","ENSG00000163166","-0.178","predicted"
1,"hsa-miR-217-5p","ACUGCAU",7,"targetscan","","hsa-miR-217","ALG8","79053","ENSG00000159063","-0.178","predicted"
1,"hsa-miR-217-5p","ACUGCAU",7,"targetscan","","hsa-miR-217","CCDC115","84317","ENSG00000136710","-0.178","predicted"
1,"hsa-miR-217-5p","ACUGCAU",7,"targetscan","","hsa-miR-217","MTTP","4547","ENSG00000138823","-0.178","predicted"
1,"hsa-miR-217-5p","ACUGCAU",7,"targetscan","","hsa-miR-217","GOT2","2806","ENSG00000125166","-0.178","predicted"
1,"hsa-miR-217-5p","ACUGCAU",7,"targetscan","","hsa-miR-217","","10795","ENSG00000256825","-0.178","predicted"
1,"hsa-miR-217-5p","ACUGCAU",7,"targetscan","","hsa-miR-217","","389602","ENSG00000204876","-0.178","predicted"
1,"hsa-miR-217-5p","ACUGCAU",7,"targetscan","","hsa-miR-217","ABRAXAS1","84142","ENSG00000163322","-0.178","predicted"
1,"hsa-miR-217-5p","ACUGCAU",7,"targetscan","","hsa-miR-217","FLJ00104","","ENSG00000205047","-0.178","predicted"
1,"hsa-miR-217-5p","ACUGCAU",7,"targetscan","","hsa-miR-217","SLC2A11","66035","ENSG00000133460","-0.179","predicted"
1,"hsa-miR-217-5p","ACUGCAU",7,"targetscan","","hsa-miR-217","ATP11C","286410","ENSG00000101974","-0.179","predicted"
1,"hsa-miR-217-5p","ACUGCAU",7,"targetscan","","hsa-miR-217","ZNF774","342132","ENSG00000196391","-0.179","predicted"
1,"hsa-miR-217-5p","ACUGCAU",7,"targetscan","","hsa-miR-217","CPSF2","53981","ENSG00000165934","-0.179","predicted"
1,"hsa-miR-217-5p","ACUGCAU",7,"targetscan","","hsa-miR-217","NIPAL3","57185","ENSG00000001461","-0.179","predicted"
1,"hsa-miR-217-5p","ACUGCAU",7,"targetscan","","hsa-miR-217","UCN2","90226","ENSG00000145040","-0.179","predicted"
1,"hsa-miR-217-5p","ACUGCAU",7,"targetscan","","hsa-miR-217","MSH2","4436","ENSG00000095002","-0.18","predicted"
1,"hsa-miR-217-5p","ACUGCAU",7,"targetscan","","hsa-miR-217","FN1","2335","ENSG00000115414","-0.18","predicted"
1,"hsa-miR-217-5p","ACUGCAU",7,"targetscan","","hsa-miR-217","WNT5A","7474","ENSG00000114251","-0.18","predicted"
1,"hsa-miR-217-5p","ACUGCAU",7,"targetscan","","hsa-miR-217","DLC1","10395","ENSG00000164741","-0.18","predicted"
1,"hsa-miR-217-5p","ACUGCAU",7,"targetscan","","hsa-miR-217","SOST","50964","ENSG00000167941","-0.18","predicted"
1,"hsa-miR-217-5p","ACUGCAU",7,"targetscan","","hsa-miR-217","UFSP2","55325","ENSG00000109775","-0.18","predicted"
1,"hsa-miR-217-5p","ACUGCAU",7,"targetscan","","hsa-miR-217","NR0B1","190","ENSG00000169297","-0.18","predicted"
1,"hsa-miR-217-5p","ACUGCAU",7,"targetscan","","hsa-miR-217","NT5C1B-RDH14","100526794","ENSG00000250741","-0.18","predicted"
1,"hsa-miR-217-5p","ACUGCAU",7,"targetscan","","hsa-miR-217","COQ4","51117","ENSG00000167113","-0.18","predicted"
1,"hsa-miR-217-5p","ACUGCAU",7,"targetscan","","hsa-miR-217","C20orf144","128864","ENSG00000149609","-0.18","predicted"
1,"hsa-miR-217-5p","ACUGCAU",7,"targetscan","","hsa-miR-217","HPSE","10855","ENSG00000173083","-0.181","predicted"
1,"hsa-miR-217-5p","ACUGCAU",7,"targetscan","","hsa-miR-217","PCDH8","5100","ENSG00000136099","-0.181","predicted"
1,"hsa-miR-217-5p","ACUGCAU",7,"targetscan","","hsa-miR-217","SKP2","6502","ENSG00000145604","-0.181","predicted"
1,"hsa-miR-217-5p","ACUGCAU",7,"targetscan","","hsa-miR-217","ZNF45","7596","ENSG00000124459","-0.181","predicted"
1,"hsa-miR-217-5p","ACUGCAU",7,"targetscan","","hsa-miR-217","ZNF74","7625","ENSG00000185252","-0.181","predicted"
1,"hsa-miR-217-5p","ACUGCAU",7,"targetscan","","hsa-miR-217","SYAP1","94056","ENSG00000169895","-0.181","predicted"
1,"hsa-miR-217-5p","ACUGCAU",7,"targetscan","","hsa-miR-217","TDRP","157695","ENSG00000180190","-0.181","predicted"
1,"hsa-miR-217-5p","ACUGCAU",7,"targetscan","","hsa-miR-217","ZDHHC13","54503","ENSG00000177054","-0.181","predicted"
1,"hsa-miR-217-5p","ACUGCAU",7,"targetscan","","hsa-miR-217","MBOAT1","154141","ENSG00000172197","-0.181","predicted"
1,"hsa-miR-217-5p","ACUGCAU",7,"targetscan","","hsa-miR-217","SIKE1","80143","ENSG00000052723","-0.181","predicted"
1,"hsa-miR-217-5p","ACUGCAU",7,"targetscan","","hsa-miR-217","KIF3C","3797","ENSG00000084731","-0.181","predicted"
1,"hsa-miR-217-5p","ACUGCAU",7,"targetscan","","hsa-miR-217","ASXL1","171023","ENSG00000171456","-0.181","predicted"
1,"hsa-miR-217-5p","ACUGCAU",7,"targetscan","","hsa-miR-217","SLC4A5","57835","ENSG00000188687","-0.181","predicted"
1,"hsa-miR-217-5p","ACUGCAU",7,"targetscan","","hsa-miR-217","FOXJ3","22887","ENSG00000198815","-0.182","predicted"
1,"hsa-miR-217-5p","ACUGCAU",7,"targetscan","","hsa-miR-217","KLF5","688","ENSG00000102554","-0.182","predicted"
1,"hsa-miR-217-5p","ACUGCAU",7,"targetscan","","hsa-miR-217","CDH13","1012","ENSG00000140945","-0.182","predicted"
1,"hsa-miR-217-5p","ACUGCAU",7,"targetscan","","hsa-miR-217","PSIP1","11168","ENSG00000164985","-0.182","predicted"
1,"hsa-miR-217-5p","ACUGCAU",7,"targetscan","","hsa-miR-217","LYPD6","130574","ENSG00000187123","-0.182","predicted"
1,"hsa-miR-217-5p","ACUGCAU",7,"targetscan","","hsa-miR-217","SH3BP2","6452","ENSG00000087266","-0.182","predicted"
1,"hsa-miR-217-5p","ACUGCAU",7,"targetscan","","hsa-miR-217","CBLN1","869","ENSG00000102924","-0.182","predicted"
1,"hsa-miR-217-5p","ACUGCAU",7,"targetscan","","hsa-miR-217","KCND2","3751","ENSG00000184408","-0.182","predicted"
1,"hsa-miR-217-5p","ACUGCAU",7,"targetscan","","hsa-miR-217","OSBPL2","9885","ENSG00000130703","-0.182","predicted"
1,"hsa-miR-217-5p","ACUGCAU",7,"targetscan","","hsa-miR-217","ZNF684","127396","ENSG00000117010","-0.182","predicted"
1,"hsa-miR-217-5p","ACUGCAU",7,"targetscan","","hsa-miR-217","GRK3","157","ENSG00000100077","-0.182","predicted"
1,"hsa-miR-217-5p","ACUGCAU",7,"targetscan","","hsa-miR-217","CISD3","","ENSG00000230055","-0.182","predicted"
1,"hsa-miR-217-5p","ACUGCAU",7,"targetscan","","hsa-miR-217","ATP6V1E1","529","ENSG00000131100","-0.183","predicted"
1,"hsa-miR-217-5p","ACUGCAU",7,"targetscan","","hsa-miR-217","GPR183","1880","ENSG00000169508","-0.183","predicted"
1,"hsa-miR-217-5p","ACUGCAU",7,"targetscan","","hsa-miR-217","GPD2","2820","ENSG00000115159","-0.183","predicted"
1,"hsa-miR-217-5p","ACUGCAU",7,"targetscan","","hsa-miR-217","RAB27A","5873","ENSG00000069974","-0.183","predicted"
1,"hsa-miR-217-5p","ACUGCAU",7,"targetscan","","hsa-miR-217","PTER","9317","ENSG00000165983","-0.183","predicted"
1,"hsa-miR-217-5p","ACUGCAU",7,"targetscan","","hsa-miR-217","G3BP2","9908","ENSG00000138757","-0.183","predicted"
1,"hsa-miR-217-5p","ACUGCAU",7,"targetscan","","hsa-miR-217","NUDT15","55270","ENSG00000136159","-0.183","predicted"
1,"hsa-miR-217-5p","ACUGCAU",7,"targetscan","","hsa-miR-217","AGPAT4","56895","ENSG00000026652","-0.183","predicted"
1,"hsa-miR-217-5p","ACUGCAU",7,"targetscan","","hsa-miR-217","ASPG","374569","ENSG00000166183","-0.183","predicted"
1,"hsa-miR-217-5p","ACUGCAU",7,"targetscan","","hsa-miR-217","CENPP","401541","ENSG00000188312","-0.183","predicted"
1,"hsa-miR-217-5p","ACUGCAU",7,"targetscan","","hsa-miR-217","ATXN7L3B","552889","ENSG00000253719","-0.183","predicted"
1,"hsa-miR-217-5p","ACUGCAU",7,"targetscan","","hsa-miR-217","ZNF431","170959","ENSG00000196705","-0.183","predicted"
1,"hsa-miR-217-5p","ACUGCAU",7,"targetscan","","hsa-miR-217","TAS2R20","259295","ENSG00000255837","-0.183","predicted"
1,"hsa-miR-217-5p","ACUGCAU",7,"targetscan","","hsa-miR-217","OTUD7B","","ENSG00000163113","-0.183","predicted"
1,"hsa-miR-217-5p","ACUGCAU",7,"targetscan","","hsa-miR-217","NDUFA9","4704","ENSG00000139180","-0.184","predicted"
1,"hsa-miR-217-5p","ACUGCAU",7,"targetscan","","hsa-miR-217","CNOT4","4850","ENSG00000080802","-0.184","predicted"
1,"hsa-miR-217-5p","ACUGCAU",7,"targetscan","","hsa-miR-217","PEA15","8682","ENSG00000162734","-0.184","predicted"
1,"hsa-miR-217-5p","ACUGCAU",7,"targetscan","","hsa-miR-217","SERINC3","10955","ENSG00000132824","-0.184","predicted"
1,"hsa-miR-217-5p","ACUGCAU",7,"targetscan","","hsa-miR-217","PSMC3IP","29893","ENSG00000131470","-0.184","predicted"
1,"hsa-miR-217-5p","ACUGCAU",7,"targetscan","","hsa-miR-217","EXOC4","60412","ENSG00000131558","-0.184","predicted"
1,"hsa-miR-217-5p","ACUGCAU",7,"targetscan","","hsa-miR-217","ZC3H12B","340554","ENSG00000102053","-0.184","predicted"
1,"hsa-miR-217-5p","ACUGCAU",7,"targetscan","","hsa-miR-217","SSRP1","6749","ENSG00000149136","-0.184","predicted"
1,"hsa-miR-217-5p","ACUGCAU",7,"targetscan","","hsa-miR-217","AAK1","22848","ENSG00000115977","-0.184","predicted"
1,"hsa-miR-217-5p","ACUGCAU",7,"targetscan","","hsa-miR-217","CIPC","85457","ENSG00000198894","-0.184","predicted"
1,"hsa-miR-217-5p","ACUGCAU",7,"targetscan","","hsa-miR-217","PRMT9","90826","ENSG00000164169","-0.184","predicted"
1,"hsa-miR-217-5p","ACUGCAU",7,"targetscan","","hsa-miR-217","ACVR2A","92","ENSG00000121989","-0.185","predicted"
1,"hsa-miR-217-5p","ACUGCAU",7,"targetscan","","hsa-miR-217","DNAJA1","3301","ENSG00000086061","-0.185","predicted"
1,"hsa-miR-217-5p","ACUGCAU",7,"targetscan","","hsa-miR-217","CEP68","23177","ENSG00000011523","-0.185","predicted"
1,"hsa-miR-217-5p","ACUGCAU",7,"targetscan","","hsa-miR-217","NUP62CL","54830","ENSG00000198088","-0.185","predicted"
1,"hsa-miR-217-5p","ACUGCAU",7,"targetscan","","hsa-miR-217","APH1B","83464","ENSG00000138613","-0.185","predicted"
1,"hsa-miR-217-5p","ACUGCAU",7,"targetscan","","hsa-miR-217","ME2","4200","ENSG00000082212","-0.185","predicted"
1,"hsa-miR-217-5p","ACUGCAU",7,"targetscan","","hsa-miR-217","TRPV2","51393","ENSG00000187688","-0.185","predicted"
1,"hsa-miR-217-5p","ACUGCAU",7,"targetscan","","hsa-miR-217","NIPAL3","57185","ENSG00000001461","-0.185","predicted"
1,"hsa-miR-217-5p","ACUGCAU",7,"targetscan","","hsa-miR-217","KRTAP17-1","83902","ENSG00000186860","-0.185","predicted"
1,"hsa-miR-217-5p","ACUGCAU",7,"targetscan","","hsa-miR-217","SLC4A5","57835","ENSG00000188687","-0.185","predicted"
1,"hsa-miR-217-5p","ACUGCAU",7,"targetscan","","hsa-miR-217","TMEM200C","645369","ENSG00000206432","-0.185","predicted"
1,"hsa-miR-217-5p","ACUGCAU",7,"targetscan","","hsa-miR-217","HACD4","401494","ENSG00000188921","-0.185","predicted"
1,"hsa-miR-217-5p","ACUGCAU",7,"targetscan","","hsa-miR-217","G6PC1","2538","ENSG00000131482","-0.185","predicted"
1,"hsa-miR-217-5p","ACUGCAU",7,"targetscan","","hsa-miR-217","BRD10","158358","ENSG00000183354","-0.185","predicted"
1,"hsa-miR-217-5p","ACUGCAU",7,"targetscan","","hsa-miR-217","BACH1","571","ENSG00000156273","-0.186","predicted"
1,"hsa-miR-217-5p","ACUGCAU",7,"targetscan","","hsa-miR-217","BACH1","100379661","ENSG00000156273","-0.186","predicted"
1,"hsa-miR-217-5p","ACUGCAU",7,"targetscan","","hsa-miR-217","ZNF254","9534","ENSG00000213096","-0.186","predicted"
1,"hsa-miR-217-5p","ACUGCAU",7,"targetscan","","hsa-miR-217","CCNO","10309","ENSG00000152669","-0.186","predicted"
1,"hsa-miR-217-5p","ACUGCAU",7,"targetscan","","hsa-miR-217","MAN1A2","10905","ENSG00000198162","-0.186","predicted"
1,"hsa-miR-217-5p","ACUGCAU",7,"targetscan","","hsa-miR-217","SAP30L","79685","ENSG00000164576","-0.186","predicted"
1,"hsa-miR-217-5p","ACUGCAU",7,"targetscan","","hsa-miR-217","MTDH","92140","ENSG00000147649","-0.186","predicted"
1,"hsa-miR-217-5p","ACUGCAU",7,"targetscan","","hsa-miR-217","ZNF555","148254","ENSG00000186300","-0.186","predicted"
1,"hsa-miR-217-5p","ACUGCAU",7,"targetscan","","hsa-miR-217","KCNJ1","3758","ENSG00000151704","-0.186","predicted"
1,"hsa-miR-217-5p","ACUGCAU",7,"targetscan","","hsa-miR-217","PARP3","10039","ENSG00000041880","-0.186","predicted"
1,"hsa-miR-217-5p","ACUGCAU",7,"targetscan","","hsa-miR-217","ELAC1","55520","ENSG00000141642","-0.186","predicted"
1,"hsa-miR-217-5p","ACUGCAU",7,"targetscan","","hsa-miR-217","APOC3","345","ENSG00000110245","-0.186","predicted"
1,"hsa-miR-217-5p","ACUGCAU",7,"targetscan","","hsa-miR-217","ATOX1","475","ENSG00000177556","-0.187","predicted"
1,"hsa-miR-217-5p","ACUGCAU",7,"targetscan","","hsa-miR-217","SLC33A1","9197","ENSG00000169359","-0.187","predicted"
1,"hsa-miR-217-5p","ACUGCAU",7,"targetscan","","hsa-miR-217","DOCK4","9732","ENSG00000128512","-0.187","predicted"
1,"hsa-miR-217-5p","ACUGCAU",7,"targetscan","","hsa-miR-217","ZBTB5","9925","ENSG00000168795","-0.187","predicted"
1,"hsa-miR-217-5p","ACUGCAU",7,"targetscan","","hsa-miR-217","GPN1","11321","ENSG00000198522","-0.187","predicted"
1,"hsa-miR-217-5p","ACUGCAU",7,"targetscan","","hsa-miR-217","MCU","90550","ENSG00000156026","-0.187","predicted"
1,"hsa-miR-217-5p","ACUGCAU",7,"targetscan","","hsa-miR-217","ASB14","142686","ENSG00000239388","-0.187","predicted"
1,"hsa-miR-217-5p","ACUGCAU",7,"targetscan","","hsa-miR-217","TTC9","23508","ENSG00000133985","-0.187","predicted"
1,"hsa-miR-217-5p","ACUGCAU",7,"targetscan","","hsa-miR-217","OSER1","51526","ENSG00000132823","-0.187","predicted"
1,"hsa-miR-217-5p","ACUGCAU",7,"targetscan","","hsa-miR-217","SLC7A14","57709","ENSG00000013293","-0.187","predicted"
1,"hsa-miR-217-5p","ACUGCAU",7,"targetscan","","hsa-miR-217","TMEM35A","59353","ENSG00000126950","-0.187","predicted"
1,"hsa-miR-217-5p","ACUGCAU",7,"targetscan","","hsa-miR-217","CYRIB","51571","ENSG00000153310","-0.187","predicted"
1,"hsa-miR-217-5p","ACUGCAU",7,"targetscan","","hsa-miR-217","DACH1","","ENSG00000165659","-0.187","predicted"
1,"hsa-miR-217-5p","ACUGCAU",7,"targetscan","","hsa-miR-217","MKRN1","23608","ENSG00000133606","-0.188","predicted"
1,"hsa-miR-217-5p","ACUGCAU",7,"targetscan","","hsa-miR-217","MBD2","8932","ENSG00000134046","-0.188","predicted"
1,"hsa-miR-217-5p","ACUGCAU",7,"targetscan","","hsa-miR-217","KDM2B","84678","ENSG00000089094","-0.188","predicted"
1,"hsa-miR-217-5p","ACUGCAU",7,"targetscan","","hsa-miR-217","ANKRD13A","88455","ENSG00000076513","-0.188","predicted"
1,"hsa-miR-217-5p","ACUGCAU",7,"targetscan","","hsa-miR-217","TMPRSS11A","339967","ENSG00000187054","-0.188","predicted"
1,"hsa-miR-217-5p","ACUGCAU",7,"targetscan","","hsa-miR-217","TCTE1","202500","ENSG00000146221","-0.188","predicted"
1,"hsa-miR-217-5p","ACUGCAU",7,"targetscan","","hsa-miR-217","EMP1","2012","ENSG00000134531","-0.189","predicted"
1,"hsa-miR-217-5p","ACUGCAU",7,"targetscan","","hsa-miR-217","REEP5","7905","ENSG00000129625","-0.189","predicted"
1,"hsa-miR-217-5p","ACUGCAU",7,"targetscan","","hsa-miR-217","ZCCHC2","54877","ENSG00000141664","-0.189","predicted"
1,"hsa-miR-217-5p","ACUGCAU",7,"targetscan","","hsa-miR-217","FBXO30","84085","ENSG00000118496","-0.189","predicted"
1,"hsa-miR-217-5p","ACUGCAU",7,"targetscan","","hsa-miR-217","ZSCAN23","222696","ENSG00000187987","-0.189","predicted"
1,"hsa-miR-217-5p","ACUGCAU",7,"targetscan","","hsa-miR-217","ZNF430","80264","ENSG00000118620","-0.189","predicted"
1,"hsa-miR-217-5p","ACUGCAU",7,"targetscan","","hsa-miR-217","C18orf63","644041","ENSG00000206043","-0.189","predicted"
1,"hsa-miR-217-5p","ACUGCAU",7,"targetscan","","hsa-miR-217","FAM200A","221786","ENSG00000221909","-0.189","predicted"
1,"hsa-miR-217-5p","ACUGCAU",7,"targetscan","","hsa-miR-217","ELOC","6921","ENSG00000154582","-0.189","predicted"
1,"hsa-miR-217-5p","ACUGCAU",7,"targetscan","","hsa-miR-217","DYRK1A","1859","ENSG00000157540","-0.19","predicted"
1,"hsa-miR-217-5p","ACUGCAU",7,"targetscan","","hsa-miR-217","TFPI2","7980","ENSG00000105825","-0.19","predicted"
1,"hsa-miR-217-5p","ACUGCAU",7,"targetscan","","hsa-miR-217","YBX3","8531","ENSG00000060138","-0.19","predicted"
1,"hsa-miR-217-5p","ACUGCAU",7,"targetscan","","hsa-miR-217","TAF1D","79101","ENSG00000166012","-0.19","predicted"
1,"hsa-miR-217-5p","ACUGCAU",7,"targetscan","","hsa-miR-217","TRIM6","117854","ENSG00000121236","-0.19","predicted"
1,"hsa-miR-217-5p","ACUGCAU",7,"targetscan","","hsa-miR-217","AP1S3","130340","ENSG00000152056","-0.19","predicted"
1,"hsa-miR-217-5p","ACUGCAU",7,"targetscan","","hsa-miR-217","EMB","133418","ENSG00000170571","-0.19","predicted"
1,"hsa-miR-217-5p","ACUGCAU",7,"targetscan","","hsa-miR-217","POC1B","282809","ENSG00000139323","-0.19","predicted"
1,"hsa-miR-217-5p","ACUGCAU",7,"targetscan","","hsa-miR-217","CXCL10","3627","ENSG00000169245","-0.19","predicted"
1,"hsa-miR-217-5p","ACUGCAU",7,"targetscan","","hsa-miR-217","SMIM15","643155","ENSG00000188725","-0.19","predicted"
1,"hsa-miR-217-5p","ACUGCAU",7,"targetscan","","hsa-miR-217","EIF4E3","317649","ENSG00000163412","-0.19","predicted"
1,"hsa-miR-217-5p","ACUGCAU",7,"targetscan","","hsa-miR-217","HNF4G","3174","ENSG00000164749","-0.19","predicted"
1,"hsa-miR-217-5p","ACUGCAU",7,"targetscan","","hsa-miR-217","GIPC3","126326","ENSG00000179855","-0.19","predicted"
1,"hsa-miR-217-5p","ACUGCAU",7,"targetscan","","hsa-miR-217","TP63","8626","ENSG00000073282","-0.191","predicted"
1,"hsa-miR-217-5p","ACUGCAU",7,"targetscan","","hsa-miR-217","TUBB6","84617","ENSG00000176014","-0.191","predicted"
1,"hsa-miR-217-5p","ACUGCAU",7,"targetscan","","hsa-miR-217","REST","5978","ENSG00000084093","-0.191","predicted"
1,"hsa-miR-217-5p","ACUGCAU",7,"targetscan","","hsa-miR-217","TP53INP2","58476","ENSG00000078804","-0.191","predicted"
1,"hsa-miR-217-5p","ACUGCAU",7,"targetscan","","hsa-miR-217","PPM1F","9647","ENSG00000100034","-0.191","predicted"
1,"hsa-miR-217-5p","ACUGCAU",7,"targetscan","","hsa-miR-217","ABCC9","10060","ENSG00000069431","-0.191","predicted"
1,"hsa-miR-217-5p","ACUGCAU",7,"targetscan","","hsa-miR-217","CD2AP","23607","ENSG00000198087","-0.191","predicted"
1,"hsa-miR-217-5p","ACUGCAU",7,"targetscan","","hsa-miR-217","CXXC5","51523","ENSG00000171604","-0.191","predicted"
1,"hsa-miR-217-5p","ACUGCAU",7,"targetscan","","hsa-miR-217","HECTD2","143279","ENSG00000165338","-0.191","predicted"
1,"hsa-miR-217-5p","ACUGCAU",7,"targetscan","","hsa-miR-217","FAM221B","392307","ENSG00000204930","-0.191","predicted"
1,"hsa-miR-217-5p","ACUGCAU",7,"targetscan","","hsa-miR-217","ONECUT1","3175","ENSG00000169856","-0.191","predicted"
1,"hsa-miR-217-5p","ACUGCAU",7,"targetscan","","hsa-miR-217","UGP2","7360","ENSG00000169764","-0.192","predicted"
1,"hsa-miR-217-5p","ACUGCAU",7,"targetscan","","hsa-miR-217","EIF4A2","1974","ENSG00000156976","-0.192","predicted"
1,"hsa-miR-217-5p","ACUGCAU",7,"targetscan","","hsa-miR-217","STX6","10228","ENSG00000135823","-0.192","predicted"
1,"hsa-miR-217-5p","ACUGCAU",7,"targetscan","","hsa-miR-217","KLF8","11279","ENSG00000102349","-0.192","predicted"
1,"hsa-miR-217-5p","ACUGCAU",7,"targetscan","","hsa-miR-217","DNAJC15","29103","ENSG00000120675","-0.192","predicted"
1,"hsa-miR-217-5p","ACUGCAU",7,"targetscan","","hsa-miR-217","MIER3","166968","ENSG00000155545","-0.192","predicted"
1,"hsa-miR-217-5p","ACUGCAU",7,"targetscan","","hsa-miR-217","NNAT","4826","ENSG00000053438","-0.192","predicted"
1,"hsa-miR-217-5p","ACUGCAU",7,"targetscan","","hsa-miR-217","MAP3K3","4215","ENSG00000198909","-0.193","predicted"
1,"hsa-miR-217-5p","ACUGCAU",7,"targetscan","","hsa-miR-217","NEK4","6787","ENSG00000114904","-0.193","predicted"
1,"hsa-miR-217-5p","ACUGCAU",7,"targetscan","","hsa-miR-217","AGO4","192670","ENSG00000134698","-0.193","predicted"
1,"hsa-miR-217-5p","ACUGCAU",7,"targetscan","","hsa-miR-217","PLBD2","196463","ENSG00000151176","-0.193","predicted"
1,"hsa-miR-217-5p","ACUGCAU",7,"targetscan","","hsa-miR-217","CADM1","23705","ENSG00000182985","-0.194","predicted"
1,"hsa-miR-217-5p","ACUGCAU",7,"targetscan","","hsa-miR-217","ZBTB24","9841","ENSG00000112365","-0.194","predicted"
1,"hsa-miR-217-5p","ACUGCAU",7,"targetscan","","hsa-miR-217","YOD1","55432","ENSG00000180667","-0.194","predicted"
1,"hsa-miR-217-5p","ACUGCAU",7,"targetscan","","hsa-miR-217","TPRA1","131601","ENSG00000163870","-0.194","predicted"
1,"hsa-miR-217-5p","ACUGCAU",7,"targetscan","","hsa-miR-217","MIER3","166968","ENSG00000155545","-0.194","predicted"
1,"hsa-miR-217-5p","ACUGCAU",7,"targetscan","","hsa-miR-217","C4orf46","201725","ENSG00000205208","-0.194","predicted"
1,"hsa-miR-217-5p","ACUGCAU",7,"targetscan","","hsa-miR-217","ZNF772","400720","ENSG00000197128","-0.194","predicted"
1,"hsa-miR-217-5p","ACUGCAU",7,"targetscan","","hsa-miR-217","IGBP1","3476","ENSG00000089289","-0.194","predicted"
1,"hsa-miR-217-5p","ACUGCAU",7,"targetscan","","hsa-miR-217","GPR52","9293","ENSG00000203737","-0.194","predicted"
1,"hsa-miR-217-5p","ACUGCAU",7,"targetscan","","hsa-miR-217","RALBP1","10928","ENSG00000017797","-0.194","predicted"
1,"hsa-miR-217-5p","ACUGCAU",7,"targetscan","","hsa-miR-217","SPACA1","81833","ENSG00000118434","-0.194","predicted"
1,"hsa-miR-217-5p","ACUGCAU",7,"targetscan","","hsa-miR-217","IAPP","3375","ENSG00000121351","-0.195","predicted"
1,"hsa-miR-217-5p","ACUGCAU",7,"targetscan","","hsa-miR-217","MFAP5","8076","ENSG00000197614","-0.195","predicted"
1,"hsa-miR-217-5p","ACUGCAU",7,"targetscan","","hsa-miR-217","ASF1A","25842","ENSG00000111875","-0.195","predicted"
1,"hsa-miR-217-5p","ACUGCAU",7,"targetscan","","hsa-miR-217","CNOT7","29883","ENSG00000198791","-0.195","predicted"
1,"hsa-miR-217-5p","ACUGCAU",7,"targetscan","","hsa-miR-217","PSG4","5672","ENSG00000243137","-0.195","predicted"
1,"hsa-miR-217-5p","ACUGCAU",7,"targetscan","","hsa-miR-217","NRSN1","140767","ENSG00000152954","-0.195","predicted"
1,"hsa-miR-217-5p","ACUGCAU",7,"targetscan","","hsa-miR-217","YWHAG","7532","ENSG00000170027","-0.196","predicted"
1,"hsa-miR-217-5p","ACUGCAU",7,"targetscan","","hsa-miR-217","GMPS","8833","ENSG00000163655","-0.196","predicted"
1,"hsa-miR-217-5p","ACUGCAU",7,"targetscan","","hsa-miR-217","POP1","10940","ENSG00000104356","-0.196","predicted"
1,"hsa-miR-217-5p","ACUGCAU",7,"targetscan","","hsa-miR-217","CNTRL","11064","ENSG00000119397","-0.196","predicted"
1,"hsa-miR-217-5p","ACUGCAU",7,"targetscan","","hsa-miR-217","USP25","29761","ENSG00000155313","-0.196","predicted"
1,"hsa-miR-217-5p","ACUGCAU",7,"targetscan","","hsa-miR-217","SENP7","57337","ENSG00000138468","-0.196","predicted"
1,"hsa-miR-217-5p","ACUGCAU",7,"targetscan","","hsa-miR-217","YIPF6","286451","ENSG00000181704","-0.196","predicted"
1,"hsa-miR-217-5p","ACUGCAU",7,"targetscan","","hsa-miR-217","SEMA3D","223117","ENSG00000153993","-0.196","predicted"
1,"hsa-miR-217-5p","ACUGCAU",7,"targetscan","","hsa-miR-217","TCIM","56892","ENSG00000176907","-0.196","predicted"
1,"hsa-miR-217-5p","ACUGCAU",7,"targetscan","","hsa-miR-217","AKT3","10000","ENSG00000117020","-0.197","predicted"
1,"hsa-miR-217-5p","ACUGCAU",7,"targetscan","","hsa-miR-217","FZD4","8322","ENSG00000174804","-0.197","predicted"
1,"hsa-miR-217-5p","ACUGCAU",7,"targetscan","","hsa-miR-217","PDE5A","8654","ENSG00000138735","-0.197","predicted"
1,"hsa-miR-217-5p","ACUGCAU",7,"targetscan","","hsa-miR-217","RGS17","26575","ENSG00000091844","-0.197","predicted"
1,"hsa-miR-217-5p","ACUGCAU",7,"targetscan","","hsa-miR-217","LUC7L3","51747","ENSG00000108848","-0.197","predicted"
1,"hsa-miR-217-5p","ACUGCAU",7,"targetscan","","hsa-miR-217","CHRDL1","91851","ENSG00000101938","-0.197","predicted"
1,"hsa-miR-217-5p","ACUGCAU",7,"targetscan","","hsa-miR-217","GDI2","2665","ENSG00000057608","-0.197","predicted"
1,"hsa-miR-217-5p","ACUGCAU",7,"targetscan","","hsa-miR-217","FBXO32","114907","ENSG00000156804","-0.197","predicted"
1,"hsa-miR-217-5p","ACUGCAU",7,"targetscan","","hsa-miR-217","RNF115","101060478","ENSG00000121848","-0.197","predicted"
1,"hsa-miR-217-5p","ACUGCAU",7,"targetscan","","hsa-miR-217","NEDD4","4734","ENSG00000069869","-0.198","predicted"
1,"hsa-miR-217-5p","ACUGCAU",7,"targetscan","","hsa-miR-217","ITM2B","9445","ENSG00000136156","-0.198","predicted"
1,"hsa-miR-217-5p","ACUGCAU",7,"targetscan","","hsa-miR-217","CCNDBP1","23582","ENSG00000166946","-0.198","predicted"
1,"hsa-miR-217-5p","ACUGCAU",7,"targetscan","","hsa-miR-217","MYEF2","50804","ENSG00000104177","-0.198","predicted"
1,"hsa-miR-217-5p","ACUGCAU",7,"targetscan","","hsa-miR-217","ASB1","51665","ENSG00000065802","-0.198","predicted"
1,"hsa-miR-217-5p","ACUGCAU",7,"targetscan","","hsa-miR-217","TRMT10A","93587","ENSG00000145331","-0.198","predicted"
1,"hsa-miR-217-5p","ACUGCAU",7,"targetscan","","hsa-miR-217","DCBLD2","131566","ENSG00000057019","-0.198","predicted"
1,"hsa-miR-217-5p","ACUGCAU",7,"targetscan","","hsa-miR-217","ZNF616","90317","ENSG00000204611","-0.198","predicted"
1,"hsa-miR-217-5p","ACUGCAU",7,"targetscan","","hsa-miR-217","CHODL","140578","ENSG00000154645","-0.199","predicted"
1,"hsa-miR-217-5p","ACUGCAU",7,"targetscan","","hsa-miR-217","BCL2L11","10018","ENSG00000153094","-0.199","predicted"
1,"hsa-miR-217-5p","ACUGCAU",7,"targetscan","","hsa-miR-217","CYP3A5","1577","ENSG00000106258","-0.199","predicted"
1,"hsa-miR-217-5p","ACUGCAU",7,"targetscan","","hsa-miR-217","EIF4EBP2","1979","ENSG00000148730","-0.199","predicted"
1,"hsa-miR-217-5p","ACUGCAU",7,"targetscan","","hsa-miR-217","ACSL4","2182","ENSG00000068366","-0.199","predicted"
1,"hsa-miR-217-5p","ACUGCAU",7,"targetscan","","hsa-miR-217","HSPA13","6782","ENSG00000155304","-0.199","predicted"
1,"hsa-miR-217-5p","ACUGCAU",7,"targetscan","","hsa-miR-217","COL21A1","81578","ENSG00000124749","-0.199","predicted"
1,"hsa-miR-217-5p","ACUGCAU",7,"targetscan","","hsa-miR-217","C12orf74","338809","ENSG00000214215","-0.199","predicted"
1,"hsa-miR-217-5p","ACUGCAU",7,"targetscan","","hsa-miR-217","RBM23","55147","ENSG00000100461","-0.199","predicted"
1,"hsa-miR-217-5p","ACUGCAU",7,"targetscan","","hsa-miR-217","MEMO1","51072","ENSG00000162959","-0.199","predicted"
1,"hsa-miR-217-5p","ACUGCAU",7,"targetscan","","hsa-miR-217","PAX9","5083","ENSG00000198807","-0.199","predicted"
1,"hsa-miR-217-5p","ACUGCAU",7,"targetscan","","hsa-miR-217","SV2A","9900","ENSG00000159164","-0.199","predicted"
1,"hsa-miR-217-5p","ACUGCAU",7,"targetscan","","hsa-miR-217","SDR42E1","93517","ENSG00000184860","-0.199","predicted"
1,"hsa-miR-217-5p","ACUGCAU",7,"targetscan","","hsa-miR-217","CABP4","57010","ENSG00000175544","-0.199","predicted"
1,"hsa-miR-217-5p","ACUGCAU",7,"targetscan","","hsa-miR-217","MTURN","222166","ENSG00000180354","-0.199","predicted"
1,"hsa-miR-217-5p","ACUGCAU",7,"targetscan","","hsa-miR-217","SEPTIN7","989","ENSG00000122545","-0.199","predicted"
1,"hsa-miR-217-5p","ACUGCAU",7,"targetscan","","hsa-miR-217","LINC02693","339263","ENSG00000212719","-0.199","predicted"
1,"hsa-miR-217-5p","ACUGCAU",7,"targetscan","","hsa-miR-217","AL953854.2","","ENSG00000236029","-0.199","predicted"
1,"hsa-miR-217-5p","ACUGCAU",7,"targetscan","","hsa-miR-217","LBR","3930","ENSG00000143815","-0.2","predicted"
1,"hsa-miR-217-5p","ACUGCAU",7,"targetscan","","hsa-miR-217","SCP2","6342","ENSG00000116171","-0.2","predicted"
1,"hsa-miR-217-5p","ACUGCAU",7,"targetscan","","hsa-miR-217","FXR1","8087","ENSG00000114416","-0.2","predicted"
1,"hsa-miR-217-5p","ACUGCAU",7,"targetscan","","hsa-miR-217","TOB2","10766","ENSG00000183864","-0.2","predicted"
1,"hsa-miR-217-5p","ACUGCAU",7,"targetscan","","hsa-miR-217","WDHD1","11169","ENSG00000198554","-0.2","predicted"
1,"hsa-miR-217-5p","ACUGCAU",7,"targetscan","","hsa-miR-217","CNNM3","26505","ENSG00000168763","-0.2","predicted"
1,"hsa-miR-217-5p","ACUGCAU",7,"targetscan","","hsa-miR-217","POLR3E","55718","ENSG00000058600","-0.2","predicted"
1,"hsa-miR-217-5p","ACUGCAU",7,"targetscan","","hsa-miR-217","TSHZ3","57616","ENSG00000121297","-0.2","predicted"
1,"hsa-miR-217-5p","ACUGCAU",7,"targetscan","","hsa-miR-217","DCP2","167227","ENSG00000172795","-0.2","predicted"
1,"hsa-miR-217-5p","ACUGCAU",7,"targetscan","","hsa-miR-217","SLC26A11","284129","ENSG00000181045","-0.2","predicted"
1,"hsa-miR-217-5p","ACUGCAU",7,"targetscan","","hsa-miR-217","NUDT16","131870","ENSG00000198585","-0.2","predicted"
1,"hsa-miR-217-5p","ACUGCAU",7,"targetscan","","hsa-miR-217","ZEB1","6935","ENSG00000148516","-0.201","predicted"
1,"hsa-miR-217-5p","ACUGCAU",7,"targetscan","","hsa-miR-217","AZIN1","51582","ENSG00000155096","-0.201","predicted"
1,"hsa-miR-217-5p","ACUGCAU",7,"targetscan","","hsa-miR-217","MCOLN2","255231","ENSG00000153898","-0.201","predicted"
1,"hsa-miR-217-5p","ACUGCAU",7,"targetscan","","hsa-miR-217","FBXO43","286151","ENSG00000156509","-0.201","predicted"
1,"hsa-miR-217-5p","ACUGCAU",7,"targetscan","","hsa-miR-217","RNF135","84282","ENSG00000181481","-0.201","predicted"
1,"hsa-miR-217-5p","ACUGCAU",7,"targetscan","","hsa-miR-217","FARSB","10056","ENSG00000116120","-0.201","predicted"
1,"hsa-miR-217-5p","ACUGCAU",7,"targetscan","","hsa-miR-217","DAB1","1600","ENSG00000173406","-0.201","predicted"
1,"hsa-miR-217-5p","ACUGCAU",7,"targetscan","","hsa-miR-217","SLC7A11","23657","ENSG00000151012","-0.202","predicted"
1,"hsa-miR-217-5p","ACUGCAU",7,"targetscan","","hsa-miR-217","NDN","4692","ENSG00000182636","-0.202","predicted"
1,"hsa-miR-217-5p","ACUGCAU",7,"targetscan","","hsa-miR-217","ZNF207","7756","ENSG00000010244","-0.202","predicted"
1,"hsa-miR-217-5p","ACUGCAU",7,"targetscan","","hsa-miR-217","SMC4","10051","ENSG00000113810","-0.202","predicted"
1,"hsa-miR-217-5p","ACUGCAU",7,"targetscan","","hsa-miR-217","TJAP1","93643","ENSG00000137221","-0.202","predicted"
1,"hsa-miR-217-5p","ACUGCAU",7,"targetscan","","hsa-miR-217","PKD1L2","114780","ENSG00000166473","-0.202","predicted"
1,"hsa-miR-217-5p","ACUGCAU",7,"targetscan","","hsa-miR-217","VRTN","55237","ENSG00000133980","-0.202","predicted"
1,"hsa-miR-217-5p","ACUGCAU",7,"targetscan","","hsa-miR-217","DCLK3","85443","ENSG00000163673","-0.202","predicted"
1,"hsa-miR-217-5p","ACUGCAU",7,"targetscan","","hsa-miR-217","EIF2S3B","255308","ENSG00000180574","-0.202","predicted"
1,"hsa-miR-217-5p","ACUGCAU",7,"targetscan","","hsa-miR-217","HTRA1","5654","ENSG00000166033","-0.203","predicted"
1,"hsa-miR-217-5p","ACUGCAU",7,"targetscan","","hsa-miR-217","CCSER2","54462","ENSG00000107771","-0.203","predicted"
1,"hsa-miR-217-5p","ACUGCAU",7,"targetscan","","hsa-miR-217","AMOT","154796","ENSG00000126016","-0.203","predicted"
1,"hsa-miR-217-5p","ACUGCAU",7,"targetscan","","hsa-miR-217","ALG13","79868","ENSG00000101901","-0.203","predicted"
1,"hsa-miR-217-5p","ACUGCAU",7,"targetscan","","hsa-miR-217","PTPN21","11099","ENSG00000070778","-0.203","predicted"
1,"hsa-miR-217-5p","ACUGCAU",7,"targetscan","","hsa-miR-217","CERS3","204219","ENSG00000154227","-0.203","predicted"
1,"hsa-miR-217-5p","ACUGCAU",7,"targetscan","","hsa-miR-217","ITGAV","3685","ENSG00000138448","-0.204","predicted"
1,"hsa-miR-217-5p","ACUGCAU",7,"targetscan","","hsa-miR-217","DYNC1LI1","51143","ENSG00000144635","-0.204","predicted"
1,"hsa-miR-217-5p","ACUGCAU",7,"targetscan","","hsa-miR-217","ERMP1","79956","ENSG00000099219","-0.204","predicted"
1,"hsa-miR-217-5p","ACUGCAU",7,"targetscan","","hsa-miR-217","MTAP","4507","ENSG00000099810","-0.205","predicted"
1,"hsa-miR-217-5p","ACUGCAU",7,"targetscan","","hsa-miR-217","ZNF85","7639","ENSG00000105750","-0.205","predicted"
1,"hsa-miR-217-5p","ACUGCAU",7,"targetscan","","hsa-miR-217","ITM2B","9445","ENSG00000136156","-0.205","predicted"
1,"hsa-miR-217-5p","ACUGCAU",7,"targetscan","","hsa-miR-217","EFCAB6","64800","ENSG00000186976","-0.205","predicted"
1,"hsa-miR-217-5p","ACUGCAU",7,"targetscan","","hsa-miR-217","SLC25A51","92014","ENSG00000122696","-0.205","predicted"
1,"hsa-miR-217-5p","ACUGCAU",7,"targetscan","","hsa-miR-217","FAM91A1","157769","ENSG00000176853","-0.205","predicted"
1,"hsa-miR-217-5p","ACUGCAU",7,"targetscan","","hsa-miR-217","HSBP1","3281","ENSG00000230989","-0.205","predicted"
1,"hsa-miR-217-5p","ACUGCAU",7,"targetscan","","hsa-miR-217","MAF","4094","ENSG00000178573","-0.205","predicted"
1,"hsa-miR-217-5p","ACUGCAU",7,"targetscan","","hsa-miR-217","RP11-10A14.4","","ENSG00000253426","-0.205","predicted"
1,"hsa-miR-217-5p","ACUGCAU",7,"targetscan","","hsa-miR-217","VEZT","55591","ENSG00000028203","-0.206","predicted"
1,"hsa-miR-217-5p","ACUGCAU",7,"targetscan","","hsa-miR-217","GPR37","2861","ENSG00000170775","-0.206","predicted"
1,"hsa-miR-217-5p","ACUGCAU",7,"targetscan","","hsa-miR-217","CDS2","8760","ENSG00000101290","-0.206","predicted"
1,"hsa-miR-217-5p","ACUGCAU",7,"targetscan","","hsa-miR-217","ZNF584","201514","ENSG00000171574","-0.206","predicted"
1,"hsa-miR-217-5p","ACUGCAU",7,"targetscan","","hsa-miR-217","SLC25A5","292","ENSG00000005022","-0.206","predicted"
1,"hsa-miR-217-5p","ACUGCAU",7,"targetscan","","hsa-miR-217","IL12B","3593","ENSG00000113302","-0.206","predicted"
1,"hsa-miR-217-5p","ACUGCAU",7,"targetscan","","hsa-miR-217","ITGAE","3682","ENSG00000083457","-0.206","predicted"
1,"hsa-miR-217-5p","ACUGCAU",7,"targetscan","","hsa-miR-217","FAM169A","26049","ENSG00000198780","-0.206","predicted"
1,"hsa-miR-217-5p","ACUGCAU",7,"targetscan","","hsa-miR-217","RP9","6100","ENSG00000164610","-0.206","predicted"
1,"hsa-miR-217-5p","ACUGCAU",7,"targetscan","","hsa-miR-217","POGLUT2","79070","ENSG00000134901","-0.206","predicted"
1,"hsa-miR-217-5p","ACUGCAU",7,"targetscan","","hsa-miR-217","AC025278.1","","ENSG00000204752","-0.206","predicted"
1,"hsa-miR-217-5p","ACUGCAU",7,"targetscan","","hsa-miR-217","YWHAG","7532","ENSG00000170027","-0.207","predicted"
1,"hsa-miR-217-5p","ACUGCAU",7,"targetscan","","hsa-miR-217","KIAA0232","9778","ENSG00000170871","-0.207","predicted"
1,"hsa-miR-217-5p","ACUGCAU",7,"targetscan","","hsa-miR-217","PELO","53918","ENSG00000152684","-0.207","predicted"
1,"hsa-miR-217-5p","ACUGCAU",7,"targetscan","","hsa-miR-217","TRIM44","54765","ENSG00000166326","-0.207","predicted"
1,"hsa-miR-217-5p","ACUGCAU",7,"targetscan","","hsa-miR-217","FRA10AC1","118924","ENSG00000148690","-0.207","predicted"
1,"hsa-miR-217-5p","ACUGCAU",7,"targetscan","","hsa-miR-217","KIAA0087","9808","ENSG00000122548","-0.207","predicted"
1,"hsa-miR-217-5p","ACUGCAU",7,"targetscan","","hsa-miR-217","SSPN","8082","ENSG00000123096","-0.208","predicted"
1,"hsa-miR-217-5p","ACUGCAU",7,"targetscan","","hsa-miR-217","LAMTOR3","8649","ENSG00000109270","-0.208","predicted"
1,"hsa-miR-217-5p","ACUGCAU",7,"targetscan","","hsa-miR-217","CLPX","10845","ENSG00000166855","-0.208","predicted"
1,"hsa-miR-217-5p","ACUGCAU",7,"targetscan","","hsa-miR-217","MPC1","51660","ENSG00000060762","-0.208","predicted"
1,"hsa-miR-217-5p","ACUGCAU",7,"targetscan","","hsa-miR-217","SLC3A1","6519","ENSG00000138079","-0.208","predicted"
1,"hsa-miR-217-5p","ACUGCAU",7,"targetscan","","hsa-miR-217","ZNF43","7594","ENSG00000198521","-0.208","predicted"
1,"hsa-miR-217-5p","ACUGCAU",7,"targetscan","","hsa-miR-217","HOXC11","3227","ENSG00000123388","-0.208","predicted"
1,"hsa-miR-217-5p","ACUGCAU",7,"targetscan","","hsa-miR-217","SYCP2","10388","ENSG00000196074","-0.208","predicted"
1,"hsa-miR-217-5p","ACUGCAU",7,"targetscan","","hsa-miR-217","PJVK","494513","ENSG00000204311","-0.208","predicted"
1,"hsa-miR-217-5p","ACUGCAU",7,"targetscan","","hsa-miR-217","EIF3J","8669","ENSG00000104131","-0.209","predicted"
1,"hsa-miR-217-5p","ACUGCAU",7,"targetscan","","hsa-miR-217","TBC1D30","23329","ENSG00000111490","-0.209","predicted"
1,"hsa-miR-217-5p","ACUGCAU",7,"targetscan","","hsa-miR-217","C21orf62","56245","ENSG00000205929","-0.209","predicted"
1,"hsa-miR-217-5p","ACUGCAU",7,"targetscan","","hsa-miR-217","RFT1","91869","ENSG00000163933","-0.209","predicted"
1,"hsa-miR-217-5p","ACUGCAU",7,"targetscan","","hsa-miR-217","ZNF385D","79750","ENSG00000151789","-0.209","predicted"
1,"hsa-miR-217-5p","ACUGCAU",7,"targetscan","","hsa-miR-217","GBP3","2635","ENSG00000117226","-0.21","predicted"
1,"hsa-miR-217-5p","ACUGCAU",7,"targetscan","","hsa-miR-217","SAMD9","54809","ENSG00000205413","-0.21","predicted"
1,"hsa-miR-217-5p","ACUGCAU",7,"targetscan","","hsa-miR-217","CDV3","55573","ENSG00000091527","-0.21","predicted"
1,"hsa-miR-217-5p","ACUGCAU",7,"targetscan","","hsa-miR-217","INIP","58493","ENSG00000148153","-0.21","predicted"
1,"hsa-miR-217-5p","ACUGCAU",7,"targetscan","","hsa-miR-217","ERMP1","79956","ENSG00000099219","-0.21","predicted"
1,"hsa-miR-217-5p","ACUGCAU",7,"targetscan","","hsa-miR-217","C12orf76","400073","ENSG00000174456","-0.21","predicted"
1,"hsa-miR-217-5p","ACUGCAU",7,"targetscan","","hsa-miR-217","RAB3IP","117177","ENSG00000127328","-0.21","predicted"
1,"hsa-miR-217-5p","ACUGCAU",7,"targetscan","","hsa-miR-217","ZNF607","84775","ENSG00000198182","-0.21","predicted"
1,"hsa-miR-217-5p","ACUGCAU",7,"targetscan","","hsa-miR-217","ZNF256","10172","ENSG00000152454","-0.21","predicted"
1,"hsa-miR-217-5p","ACUGCAU",7,"targetscan","","hsa-miR-217","RD3L","647286","ENSG00000227729","-0.21","predicted"
1,"hsa-miR-217-5p","ACUGCAU",7,"targetscan","","hsa-miR-217","TLR4","7099","ENSG00000136869","-0.211","predicted"
1,"hsa-miR-217-5p","ACUGCAU",7,"targetscan","","hsa-miR-217","FCHSD2","9873","ENSG00000137478","-0.211","predicted"
1,"hsa-miR-217-5p","ACUGCAU",7,"targetscan","","hsa-miR-217","DDX25","29118","ENSG00000109832","-0.211","predicted"
1,"hsa-miR-217-5p","ACUGCAU",7,"targetscan","","hsa-miR-217","ASAP1","50807","ENSG00000153317","-0.211","predicted"
1,"hsa-miR-217-5p","ACUGCAU",7,"targetscan","","hsa-miR-217","ZNF625","90589","ENSG00000257591","-0.211","predicted"
1,"hsa-miR-217-5p","ACUGCAU",7,"targetscan","","hsa-miR-217","ZNF268","10795","ENSG00000090612","-0.211","predicted"
1,"hsa-miR-217-5p","ACUGCAU",7,"targetscan","","hsa-miR-217","","","ENSG00000258989","-0.211","predicted"
1,"hsa-miR-217-5p","ACUGCAU",7,"targetscan","","hsa-miR-217","CYP1B1","1545","ENSG00000138061","-0.212","predicted"
1,"hsa-miR-217-5p","ACUGCAU",7,"targetscan","","hsa-miR-217","RNF186","54546","ENSG00000178828","-0.212","predicted"
1,"hsa-miR-217-5p","ACUGCAU",7,"targetscan","","hsa-miR-217","RAP2C","57826","ENSG00000123728","-0.212","predicted"
1,"hsa-miR-217-5p","ACUGCAU",7,"targetscan","","hsa-miR-217","MBP","4155","ENSG00000197971","-0.212","predicted"
1,"hsa-miR-217-5p","ACUGCAU",7,"targetscan","","hsa-miR-217","SPOCK3","50859","ENSG00000196104","-0.212","predicted"
1,"hsa-miR-217-5p","ACUGCAU",7,"targetscan","","hsa-miR-217","RSL24D1","51187","ENSG00000137876","-0.212","predicted"
1,"hsa-miR-217-5p","ACUGCAU",7,"targetscan","","hsa-miR-217","BMERB1","89927","ENSG00000166780","-0.212","predicted"
1,"hsa-miR-217-5p","ACUGCAU",7,"targetscan","","hsa-miR-217","BMERB1","127898555","ENSG00000166780","-0.212","predicted"
1,"hsa-miR-217-5p","ACUGCAU",7,"targetscan","","hsa-miR-217","PRKD2","25865","ENSG00000105287","-0.213","predicted"
1,"hsa-miR-217-5p","ACUGCAU",7,"targetscan","","hsa-miR-217","DTL","51514","ENSG00000143476","-0.213","predicted"
1,"hsa-miR-217-5p","ACUGCAU",7,"targetscan","","hsa-miR-217","DKK1","22943","ENSG00000107984","-0.213","predicted"
1,"hsa-miR-217-5p","ACUGCAU",7,"targetscan","","hsa-miR-217","YOD1","55432","ENSG00000180667","-0.213","predicted"
1,"hsa-miR-217-5p","ACUGCAU",7,"targetscan","","hsa-miR-217","IMPA1","3612","ENSG00000133731","-0.214","predicted"
1,"hsa-miR-217-5p","ACUGCAU",7,"targetscan","","hsa-miR-217","PDE6H","5149","ENSG00000139053","-0.214","predicted"
1,"hsa-miR-217-5p","ACUGCAU",7,"targetscan","","hsa-miR-217","SOWAHC","65124","ENSG00000198142","-0.214","predicted"
1,"hsa-miR-217-5p","ACUGCAU",7,"targetscan","","hsa-miR-217","SLC25A21","89874","ENSG00000183032","-0.214","predicted"
1,"hsa-miR-217-5p","ACUGCAU",7,"targetscan","","hsa-miR-217","SLC30A5","64924","ENSG00000145740","-0.214","predicted"
1,"hsa-miR-217-5p","ACUGCAU",7,"targetscan","","hsa-miR-217","LIN7A","8825","ENSG00000111052","-0.215","predicted"
1,"hsa-miR-217-5p","ACUGCAU",7,"targetscan","","hsa-miR-217","XCL1","6375","ENSG00000143184","-0.215","predicted"
1,"hsa-miR-217-5p","ACUGCAU",7,"targetscan","","hsa-miR-217","ITGB1BP1","9270","ENSG00000119185","-0.215","predicted"
1,"hsa-miR-217-5p","ACUGCAU",7,"targetscan","","hsa-miR-217","ZNF253","56242","ENSG00000256771","-0.215","predicted"
1,"hsa-miR-217-5p","ACUGCAU",7,"targetscan","","hsa-miR-217","AGBL4","84871","ENSG00000186094","-0.215","predicted"
1,"hsa-miR-217-5p","ACUGCAU",7,"targetscan","","hsa-miR-217","MICU3","286097","ENSG00000155970","-0.215","predicted"
1,"hsa-miR-217-5p","ACUGCAU",7,"targetscan","","hsa-miR-217","MCL1","4170","ENSG00000143384","-0.216","predicted"
1,"hsa-miR-217-5p","ACUGCAU",7,"targetscan","","hsa-miR-217","TIA1","7072","ENSG00000116001","-0.216","predicted"
1,"hsa-miR-217-5p","ACUGCAU",7,"targetscan","","hsa-miR-217","HELLS","3070","ENSG00000119969","-0.216","predicted"
1,"hsa-miR-217-5p","ACUGCAU",7,"targetscan","","hsa-miR-217","PEX13","5194","ENSG00000162928","-0.216","predicted"
1,"hsa-miR-217-5p","ACUGCAU",7,"targetscan","","hsa-miR-217","STXBP6","29091","ENSG00000168952","-0.216","predicted"
1,"hsa-miR-217-5p","ACUGCAU",7,"targetscan","","hsa-miR-217","GOLIM4","27333","ENSG00000173905","-0.216","predicted"
1,"hsa-miR-217-5p","ACUGCAU",7,"targetscan","","hsa-miR-217","GJA9","81025","ENSG00000131233","-0.216","predicted"
1,"hsa-miR-217-5p","ACUGCAU",7,"targetscan","","hsa-miR-217","MCL1","574406","ENSG00000143384","-0.216","predicted"
1,"hsa-miR-217-5p","ACUGCAU",7,"targetscan","","hsa-miR-217","DLEU1","10301","ENSG00000176124","-0.216","predicted"
1,"hsa-miR-217-5p","ACUGCAU",7,"targetscan","","hsa-miR-217","DLEU1","100874074","ENSG00000176124","-0.216","predicted"
1,"hsa-miR-217-5p","ACUGCAU",7,"targetscan","","hsa-miR-217","DTL","51514","ENSG00000143476","-0.217","predicted"
1,"hsa-miR-217-5p","ACUGCAU",7,"targetscan","","hsa-miR-217","CDK5R1","8851","ENSG00000176749","-0.217","predicted"
1,"hsa-miR-217-5p","ACUGCAU",7,"targetscan","","hsa-miR-217","BOLA3","388962","ENSG00000163170","-0.217","predicted"
1,"hsa-miR-217-5p","ACUGCAU",7,"targetscan","","hsa-miR-217","CLDN11","5010","ENSG00000013297","-0.217","predicted"
1,"hsa-miR-217-5p","ACUGCAU",7,"targetscan","","hsa-miR-217","ZNF488","","ENSG00000165388","-0.217","predicted"
1,"hsa-miR-217-5p","ACUGCAU",7,"targetscan","","hsa-miR-217","NR4A2","4929","ENSG00000153234","-0.218","predicted"
1,"hsa-miR-217-5p","ACUGCAU",7,"targetscan","","hsa-miR-217","COX7B","1349","ENSG00000131174","-0.218","predicted"
1,"hsa-miR-217-5p","ACUGCAU",7,"targetscan","","hsa-miR-217","EIF2S3","1968","ENSG00000130741","-0.218","predicted"
1,"hsa-miR-217-5p","ACUGCAU",7,"targetscan","","hsa-miR-217","MS4A2","2206","ENSG00000149534","-0.218","predicted"
1,"hsa-miR-217-5p","ACUGCAU",7,"targetscan","","hsa-miR-217","OLR1","4973","ENSG00000173391","-0.218","predicted"
1,"hsa-miR-217-5p","ACUGCAU",7,"targetscan","","hsa-miR-217","ZNF708","7562","ENSG00000182141","-0.218","predicted"
1,"hsa-miR-217-5p","ACUGCAU",7,"targetscan","","hsa-miR-217","KLRC4","8302","ENSG00000183542","-0.218","predicted"
1,"hsa-miR-217-5p","ACUGCAU",7,"targetscan","","hsa-miR-217","TBC1D15","64786","ENSG00000121749","-0.218","predicted"
1,"hsa-miR-217-5p","ACUGCAU",7,"targetscan","","hsa-miR-217","HNRNPH2","3188","ENSG00000126945","-0.218","predicted"
1,"hsa-miR-217-5p","ACUGCAU",7,"targetscan","","hsa-miR-217","MT1A","4489","ENSG00000205362","-0.218","predicted"
1,"hsa-miR-217-5p","ACUGCAU",7,"targetscan","","hsa-miR-217","MMADHC","27249","ENSG00000168288","-0.218","predicted"
1,"hsa-miR-217-5p","ACUGCAU",7,"targetscan","","hsa-miR-217","ZNF528","84436","ENSG00000167555","-0.218","predicted"
1,"hsa-miR-217-5p","ACUGCAU",7,"targetscan","","hsa-miR-217","SDHAF3","57001","ENSG00000196636","-0.218","predicted"
1,"hsa-miR-217-5p","ACUGCAU",7,"targetscan","","hsa-miR-217","CD38","952","ENSG00000004468","-0.219","predicted"
1,"hsa-miR-217-5p","ACUGCAU",7,"targetscan","","hsa-miR-217","FGF11","2256","ENSG00000161958","-0.219","predicted"
1,"hsa-miR-217-5p","ACUGCAU",7,"targetscan","","hsa-miR-217","TRIM13","10206","ENSG00000204977","-0.219","predicted"
1,"hsa-miR-217-5p","ACUGCAU",7,"targetscan","","hsa-miR-217","FBXO11","80204","ENSG00000138081","-0.219","predicted"
1,"hsa-miR-217-5p","ACUGCAU",7,"targetscan","","hsa-miR-217","TMEM154","201799","ENSG00000170006","-0.219","predicted"
1,"hsa-miR-217-5p","ACUGCAU",7,"targetscan","","hsa-miR-217","ZNRF2","223082","ENSG00000180233","-0.219","predicted"
1,"hsa-miR-217-5p","ACUGCAU",7,"targetscan","","hsa-miR-217","B3GLCT","145173","ENSG00000187676","-0.219","predicted"
1,"hsa-miR-217-5p","ACUGCAU",7,"targetscan","","hsa-miR-217","SLC25A51P4","","ENSG00000189332","-0.219","predicted"
1,"hsa-miR-217-5p","ACUGCAU",7,"targetscan","","hsa-miR-217","GMFB","2764","ENSG00000197045","-0.22","predicted"
1,"hsa-miR-217-5p","ACUGCAU",7,"targetscan","","hsa-miR-217","POLD3","10714","ENSG00000077514","-0.22","predicted"
1,"hsa-miR-217-5p","ACUGCAU",7,"targetscan","","hsa-miR-217","SYF2","25949","ENSG00000117614","-0.22","predicted"
1,"hsa-miR-217-5p","ACUGCAU",7,"targetscan","","hsa-miR-217","SOWAHC","65124","ENSG00000198142","-0.22","predicted"
1,"hsa-miR-217-5p","ACUGCAU",7,"targetscan","","hsa-miR-217","SPECC1","92521","ENSG00000128487","-0.22","predicted"
1,"hsa-miR-217-5p","ACUGCAU",7,"targetscan","","hsa-miR-217","HHIP","64399","ENSG00000164161","-0.22","predicted"
1,"hsa-miR-217-5p","ACUGCAU",7,"targetscan","","hsa-miR-217","B3GAT2","135152","ENSG00000112309","-0.22","predicted"
1,"hsa-miR-217-5p","ACUGCAU",7,"targetscan","","hsa-miR-217","TCEANC","170082","ENSG00000176896","-0.22","predicted"
1,"hsa-miR-217-5p","ACUGCAU",7,"targetscan","","hsa-miR-217","FAM218A","152756","ENSG00000250486","-0.22","predicted"
1,"hsa-miR-217-5p","ACUGCAU",7,"targetscan","","hsa-miR-217","SKAP2","8935","ENSG00000005020","-0.221","predicted"
1,"hsa-miR-217-5p","ACUGCAU",7,"targetscan","","hsa-miR-217","EED","8726","ENSG00000074266","-0.221","predicted"
1,"hsa-miR-217-5p","ACUGCAU",7,"targetscan","","hsa-miR-217","SMC2","10592","ENSG00000136824","-0.221","predicted"
1,"hsa-miR-217-5p","ACUGCAU",7,"targetscan","","hsa-miR-217","PYGO1","26108","ENSG00000171016","-0.221","predicted"
1,"hsa-miR-217-5p","ACUGCAU",7,"targetscan","","hsa-miR-217","UFSP2","55325","ENSG00000109775","-0.221","predicted"
1,"hsa-miR-217-5p","ACUGCAU",7,"targetscan","","hsa-miR-217","ARMC10","83787","ENSG00000170632","-0.221","predicted"
1,"hsa-miR-217-5p","ACUGCAU",7,"targetscan","","hsa-miR-217","DPH3","285381","ENSG00000154813","-0.221","predicted"
1,"hsa-miR-217-5p","ACUGCAU",7,"targetscan","","hsa-miR-217","MBOAT4","619373","ENSG00000177669","-0.221","predicted"
1,"hsa-miR-217-5p","ACUGCAU",7,"targetscan","","hsa-miR-217","PRKAR2B","5577","ENSG00000005249","-0.222","predicted"
1,"hsa-miR-217-5p","ACUGCAU",7,"targetscan","","hsa-miR-217","RAD23B","5887","ENSG00000119318","-0.222","predicted"
1,"hsa-miR-217-5p","ACUGCAU",7,"targetscan","","hsa-miR-217","KAT2B","8850","ENSG00000114166","-0.222","predicted"
1,"hsa-miR-217-5p","ACUGCAU",7,"targetscan","","hsa-miR-217","HOMER1","9456","ENSG00000152413","-0.222","predicted"
1,"hsa-miR-217-5p","ACUGCAU",7,"targetscan","","hsa-miR-217","RER1","11079","ENSG00000157916","-0.222","predicted"
1,"hsa-miR-217-5p","ACUGCAU",7,"targetscan","","hsa-miR-217","TDRP","157695","ENSG00000180190","-0.222","predicted"
1,"hsa-miR-217-5p","ACUGCAU",7,"targetscan","","hsa-miR-217","ICA1L","130026","ENSG00000163596","-0.222","predicted"
1,"hsa-miR-217-5p","ACUGCAU",7,"targetscan","","hsa-miR-217","ZNF396","252884","ENSG00000186496","-0.222","predicted"
1,"hsa-miR-217-5p","ACUGCAU",7,"targetscan","","hsa-miR-217","H2BC15","8341","ENSG00000233822","-0.222","predicted"
1,"hsa-miR-217-5p","ACUGCAU",7,"targetscan","","hsa-miR-217","BAAT","570","ENSG00000136881","-0.223","predicted"
1,"hsa-miR-217-5p","ACUGCAU",7,"targetscan","","hsa-miR-217","MAPK8IP1","9479","ENSG00000121653","-0.223","predicted"
1,"hsa-miR-217-5p","ACUGCAU",7,"targetscan","","hsa-miR-217","SIGLEC8","27181","ENSG00000105366","-0.223","predicted"
1,"hsa-miR-217-5p","ACUGCAU",7,"targetscan","","hsa-miR-217","CEP72","55722","ENSG00000112877","-0.223","predicted"
1,"hsa-miR-217-5p","ACUGCAU",7,"targetscan","","hsa-miR-217","VGLL3","389136","ENSG00000206538","-0.223","predicted"
1,"hsa-miR-217-5p","ACUGCAU",7,"targetscan","","hsa-miR-217","CASS4","57091","ENSG00000087589","-0.223","predicted"
1,"hsa-miR-217-5p","ACUGCAU",7,"targetscan","","hsa-miR-217","PON2","5445","ENSG00000105854","-0.224","predicted"
1,"hsa-miR-217-5p","ACUGCAU",7,"targetscan","","hsa-miR-217","UBE2G1","7326","ENSG00000132388","-0.224","predicted"
1,"hsa-miR-217-5p","ACUGCAU",7,"targetscan","","hsa-miR-217","MEMO1","51072","ENSG00000162959","-0.224","predicted"
1,"hsa-miR-217-5p","ACUGCAU",7,"targetscan","","hsa-miR-217","ZCCHC4","29063","ENSG00000168228","-0.224","predicted"
1,"hsa-miR-217-5p","ACUGCAU",7,"targetscan","","hsa-miR-217","DNAJC30","84277","ENSG00000176410","-0.224","predicted"
1,"hsa-miR-217-5p","ACUGCAU",7,"targetscan","","hsa-miR-217","ZC3H8","84524","ENSG00000144161","-0.224","predicted"
1,"hsa-miR-217-5p","ACUGCAU",7,"targetscan","","hsa-miR-217","DACH1","","ENSG00000165659","-0.224","predicted"
1,"hsa-miR-217-5p","ACUGCAU",7,"targetscan","","hsa-miR-217","CLIC4","25932","ENSG00000169504","-0.225","predicted"
1,"hsa-miR-217-5p","ACUGCAU",7,"targetscan","","hsa-miR-217","DNAJC12","56521","ENSG00000108176","-0.225","predicted"
1,"hsa-miR-217-5p","ACUGCAU",7,"targetscan","","hsa-miR-217","C2CD5","9847","ENSG00000111731","-0.225","predicted"
1,"hsa-miR-217-5p","ACUGCAU",7,"targetscan","","hsa-miR-217","RAB17","64284","ENSG00000124839","-0.225","predicted"
1,"hsa-miR-217-5p","ACUGCAU",7,"targetscan","","hsa-miR-217","OR52A1","23538","ENSG00000182070","-0.225","predicted"
1,"hsa-miR-217-5p","ACUGCAU",7,"targetscan","","hsa-miR-217","YBX1","4904","ENSG00000065978","-0.226","predicted"
1,"hsa-miR-217-5p","ACUGCAU",7,"targetscan","","hsa-miR-217","ARL4A","10124","ENSG00000122644","-0.226","predicted"
1,"hsa-miR-217-5p","ACUGCAU",7,"targetscan","","hsa-miR-217","PPP1R17","10842","ENSG00000106341","-0.226","predicted"
1,"hsa-miR-217-5p","ACUGCAU",7,"targetscan","","hsa-miR-217","HIBADH","11112","ENSG00000106049","-0.226","predicted"
1,"hsa-miR-217-5p","ACUGCAU",7,"targetscan","","hsa-miR-217","ZFP28","140612","ENSG00000196867","-0.226","predicted"
1,"hsa-miR-217-5p","ACUGCAU",7,"targetscan","","hsa-miR-217","ZNF287","57336","ENSG00000141040","-0.226","predicted"
1,"hsa-miR-217-5p","ACUGCAU",7,"targetscan","","hsa-miR-217","AMPD3","272","ENSG00000133805","-0.227","predicted"
1,"hsa-miR-217-5p","ACUGCAU",7,"targetscan","","hsa-miR-217","POLR2E","5434","ENSG00000099817","-0.227","predicted"
1,"hsa-miR-217-5p","ACUGCAU",7,"targetscan","","hsa-miR-217","NME6","10201","ENSG00000172113","-0.227","predicted"
1,"hsa-miR-217-5p","ACUGCAU",7,"targetscan","","hsa-miR-217","LCA5","167691","ENSG00000135338","-0.227","predicted"
1,"hsa-miR-217-5p","ACUGCAU",7,"targetscan","","hsa-miR-217","CYRIB","51571","ENSG00000153310","-0.227","predicted"
1,"hsa-miR-217-5p","ACUGCAU",7,"targetscan","","hsa-miR-217","KRAS","3845","ENSG00000133703","-0.228","predicted"
1,"hsa-miR-217-5p","ACUGCAU",7,"targetscan","","hsa-miR-217","NAB1","4664","ENSG00000138386","-0.228","predicted"
1,"hsa-miR-217-5p","ACUGCAU",7,"targetscan","","hsa-miR-217","SRPK2","6733","ENSG00000135250","-0.228","predicted"
1,"hsa-miR-217-5p","ACUGCAU",7,"targetscan","","hsa-miR-217","TFCP2","7024","ENSG00000135457","-0.228","predicted"
1,"hsa-miR-217-5p","ACUGCAU",7,"targetscan","","hsa-miR-217","EEF1E1","9521","ENSG00000124802","-0.228","predicted"
1,"hsa-miR-217-5p","ACUGCAU",7,"targetscan","","hsa-miR-217","BET1","10282","ENSG00000105829","-0.228","predicted"
1,"hsa-miR-217-5p","ACUGCAU",7,"targetscan","","hsa-miR-217","NIPBL","25836","ENSG00000164190","-0.228","predicted"
1,"hsa-miR-217-5p","ACUGCAU",7,"targetscan","","hsa-miR-217","NABP1","64859","ENSG00000173559","-0.228","predicted"
1,"hsa-miR-217-5p","ACUGCAU",7,"targetscan","","hsa-miR-217","TM2D2","83877","ENSG00000169490","-0.228","predicted"
1,"hsa-miR-217-5p","ACUGCAU",7,"targetscan","","hsa-miR-217","IARS1","3376","ENSG00000196305","-0.228","predicted"
1,"hsa-miR-217-5p","ACUGCAU",7,"targetscan","","hsa-miR-217","COX7A2L","9167","ENSG00000115944","-0.229","predicted"
1,"hsa-miR-217-5p","ACUGCAU",7,"targetscan","","hsa-miR-217","ATAD2","29028","ENSG00000156802","-0.229","predicted"
1,"hsa-miR-217-5p","ACUGCAU",7,"targetscan","","hsa-miR-217","MRPS5","64969","ENSG00000144029","-0.229","predicted"
1,"hsa-miR-217-5p","ACUGCAU",7,"targetscan","","hsa-miR-217","DYTN","391475","ENSG00000232125","-0.229","predicted"
1,"hsa-miR-217-5p","ACUGCAU",7,"targetscan","","hsa-miR-217","MYNN","55892","ENSG00000085274","-0.229","predicted"
1,"hsa-miR-217-5p","ACUGCAU",7,"targetscan","","hsa-miR-217","COLEC11","78989","ENSG00000118004","-0.229","predicted"
1,"hsa-miR-217-5p","ACUGCAU",7,"targetscan","","hsa-miR-217","LHX1","","ENSG00000132130","-0.229","predicted"
1,"hsa-miR-217-5p","ACUGCAU",7,"targetscan","","hsa-miR-217","MFSD14CP","","ENSG00000196312","-0.229","predicted"
1,"hsa-miR-217-5p","ACUGCAU",7,"targetscan","","hsa-miR-217","VMP1","81671","ENSG00000062716","-0.23","predicted"
1,"hsa-miR-217-5p","ACUGCAU",7,"targetscan","","hsa-miR-217","METTL21A","151194","ENSG00000144401","-0.23","predicted"
1,"hsa-miR-217-5p","ACUGCAU",7,"targetscan","","hsa-miR-217","RPL36A-HNRNPH2","100529097","ENSG00000257529","-0.23","predicted"
1,"hsa-miR-217-5p","ACUGCAU",7,"targetscan","","hsa-miR-217","LIN7C","55327","ENSG00000148943","-0.231","predicted"
1,"hsa-miR-217-5p","ACUGCAU",7,"targetscan","","hsa-miR-217","RNF138","51444","ENSG00000134758","-0.231","predicted"
1,"hsa-miR-217-5p","ACUGCAU",7,"targetscan","","hsa-miR-217","HNRNPA2B1","3181","ENSG00000122566","-0.231","predicted"
1,"hsa-miR-217-5p","ACUGCAU",7,"targetscan","","hsa-miR-217","PEX13","5194","ENSG00000162928","-0.231","predicted"
1,"hsa-miR-217-5p","ACUGCAU",7,"targetscan","","hsa-miR-217","WNT3","7473","ENSG00000108379","-0.231","predicted"
1,"hsa-miR-217-5p","ACUGCAU",7,"targetscan","","hsa-miR-217","SLC19A2","10560","ENSG00000117479","-0.231","predicted"
1,"hsa-miR-217-5p","ACUGCAU",7,"targetscan","","hsa-miR-217","CMPK2","129607","ENSG00000134326","-0.231","predicted"
1,"hsa-miR-217-5p","ACUGCAU",7,"targetscan","","hsa-miR-217","SLC3A1","6519","ENSG00000138079","-0.231","predicted"
1,"hsa-miR-217-5p","ACUGCAU",7,"targetscan","","hsa-miR-217","PSMB11","122706","ENSG00000222028","-0.231","predicted"
1,"hsa-miR-217-5p","ACUGCAU",7,"targetscan","","hsa-miR-217","MAGEB16","139604","ENSG00000189023","-0.231","predicted"
1,"hsa-miR-217-5p","ACUGCAU",7,"targetscan","","hsa-miR-217","TM4SF18","116441","ENSG00000163762","-0.231","predicted"
1,"hsa-miR-217-5p","ACUGCAU",7,"targetscan","","hsa-miR-217","PF4V1","5197","ENSG00000109272","-0.231","predicted"
1,"hsa-miR-217-5p","ACUGCAU",7,"targetscan","","hsa-miR-217","TBCC","6903","ENSG00000124659","-0.231","predicted"
1,"hsa-miR-217-5p","ACUGCAU",7,"targetscan","","hsa-miR-217","RBSN","64145","ENSG00000131381","-0.231","predicted"
1,"hsa-miR-217-5p","ACUGCAU",7,"targetscan","","hsa-miR-217","WNT3","101929777","ENSG00000108379","-0.231","predicted"
1,"hsa-miR-217-5p","ACUGCAU",7,"targetscan","","hsa-miR-217","BMAL2","56938","ENSG00000029153","-0.231","predicted"
1,"hsa-miR-217-5p","ACUGCAU",7,"targetscan","","hsa-miR-217","IL7","3574","ENSG00000104432","-0.232","predicted"
1,"hsa-miR-217-5p","ACUGCAU",7,"targetscan","","hsa-miR-217","AGPAT4","56895","ENSG00000026652","-0.232","predicted"
1,"hsa-miR-217-5p","ACUGCAU",7,"targetscan","","hsa-miR-217","TMED4","222068","ENSG00000158604","-0.232","predicted"
1,"hsa-miR-217-5p","ACUGCAU",7,"targetscan","","hsa-miR-217","TSHZ1","10194","ENSG00000179981","-0.232","predicted"
1,"hsa-miR-217-5p","ACUGCAU",7,"targetscan","","hsa-miR-217","PCGF2","","ENSG00000056661","-0.232","predicted"
1,"hsa-miR-217-5p","ACUGCAU",7,"targetscan","","hsa-miR-217","HSPA9","3313","ENSG00000113013","-0.233","predicted"
1,"hsa-miR-217-5p","ACUGCAU",7,"targetscan","","hsa-miR-217","NUP214","8021","ENSG00000126883","-0.233","predicted"
1,"hsa-miR-217-5p","ACUGCAU",7,"targetscan","","hsa-miR-217","TOR1AIP1","26092","ENSG00000143337","-0.233","predicted"
1,"hsa-miR-217-5p","ACUGCAU",7,"targetscan","","hsa-miR-217","SPTLC3","55304","ENSG00000172296","-0.233","predicted"
1,"hsa-miR-217-5p","ACUGCAU",7,"targetscan","","hsa-miR-217","TBC1D15","64786","ENSG00000121749","-0.233","predicted"
1,"hsa-miR-217-5p","ACUGCAU",7,"targetscan","","hsa-miR-217","CCDC102A","92922","ENSG00000135736","-0.233","predicted"
1,"hsa-miR-217-5p","ACUGCAU",7,"targetscan","","hsa-miR-217","CERS6","253782","ENSG00000172292","-0.233","predicted"
1,"hsa-miR-217-5p","ACUGCAU",7,"targetscan","","hsa-miR-217","RASSF3","283349","ENSG00000153179","-0.233","predicted"
1,"hsa-miR-217-5p","ACUGCAU",7,"targetscan","","hsa-miR-217","RPS23","6228","ENSG00000186468","-0.233","predicted"
1,"hsa-miR-217-5p","ACUGCAU",7,"targetscan","","hsa-miR-217","CFHR4","10877","ENSG00000134365","-0.233","predicted"
1,"hsa-miR-217-5p","ACUGCAU",7,"targetscan","","hsa-miR-217","LMO7","4008","ENSG00000136153","-0.234","predicted"
1,"hsa-miR-217-5p","ACUGCAU",7,"targetscan","","hsa-miR-217","URB2","9816","ENSG00000135763","-0.234","predicted"
1,"hsa-miR-217-5p","ACUGCAU",7,"targetscan","","hsa-miR-217","ATP11C","286410","ENSG00000101974","-0.234","predicted"
1,"hsa-miR-217-5p","ACUGCAU",7,"targetscan","","hsa-miR-217","PICALM","8301","ENSG00000073921","-0.235","predicted"
1,"hsa-miR-217-5p","ACUGCAU",7,"targetscan","","hsa-miR-217","EIF5B","9669","ENSG00000158417","-0.235","predicted"
1,"hsa-miR-217-5p","ACUGCAU",7,"targetscan","","hsa-miR-217","SMC4","10051","ENSG00000113810","-0.235","predicted"
1,"hsa-miR-217-5p","ACUGCAU",7,"targetscan","","hsa-miR-217","RNF187","149603","ENSG00000168159","-0.235","predicted"
1,"hsa-miR-217-5p","ACUGCAU",7,"targetscan","","hsa-miR-217","RASSF6","166824","ENSG00000169435","-0.235","predicted"
1,"hsa-miR-217-5p","ACUGCAU",7,"targetscan","","hsa-miR-217","PCDH15","65217","ENSG00000150275","-0.235","predicted"
1,"hsa-miR-217-5p","ACUGCAU",7,"targetscan","","hsa-miR-217","LRRC75A","388341","ENSG00000181350","-0.235","predicted"
1,"hsa-miR-217-5p","ACUGCAU",7,"targetscan","","hsa-miR-217","FLJ20306","","ENSG00000269781","-0.235","predicted"
1,"hsa-miR-217-5p","ACUGCAU",7,"targetscan","","hsa-miR-217","EXTL2","2135","ENSG00000162694","-0.236","predicted"
1,"hsa-miR-217-5p","ACUGCAU",7,"targetscan","","hsa-miR-217","ZMAT4","79698","ENSG00000165061","-0.236","predicted"
1,"hsa-miR-217-5p","ACUGCAU",7,"targetscan","","hsa-miR-217","LCA5","167691","ENSG00000135338","-0.236","predicted"
1,"hsa-miR-217-5p","ACUGCAU",7,"targetscan","","hsa-miR-217","ARPC2","10109","ENSG00000163466","-0.236","predicted"
1,"hsa-miR-217-5p","ACUGCAU",7,"targetscan","","hsa-miR-217","ZMYND11","10771","ENSG00000015171","-0.237","predicted"
1,"hsa-miR-217-5p","ACUGCAU",7,"targetscan","","hsa-miR-217","SHCBP1","79801","ENSG00000171241","-0.237","predicted"
1,"hsa-miR-217-5p","ACUGCAU",7,"targetscan","","hsa-miR-217","KLHL29","114818","ENSG00000119771","-0.237","predicted"
1,"hsa-miR-217-5p","ACUGCAU",7,"targetscan","","hsa-miR-217","AK3","50808","ENSG00000147853","-0.238","predicted"
1,"hsa-miR-217-5p","ACUGCAU",7,"targetscan","","hsa-miR-217","PSEN2","5664","ENSG00000143801","-0.238","predicted"
1,"hsa-miR-217-5p","ACUGCAU",7,"targetscan","","hsa-miR-217","CD68","968","ENSG00000129226","-0.239","predicted"
1,"hsa-miR-217-5p","ACUGCAU",7,"targetscan","","hsa-miR-217","B4GALT5","9334","ENSG00000158470","-0.239","predicted"
1,"hsa-miR-217-5p","ACUGCAU",7,"targetscan","","hsa-miR-217","TCEAL4","79921","ENSG00000133142","-0.239","predicted"
1,"hsa-miR-217-5p","ACUGCAU",7,"targetscan","","hsa-miR-217","CFHR3","10878","ENSG00000116785","-0.239","predicted"
1,"hsa-miR-217-5p","ACUGCAU",7,"targetscan","","hsa-miR-217","SNTG1","54212","ENSG00000147481","-0.239","predicted"
1,"hsa-miR-217-5p","ACUGCAU",7,"targetscan","","hsa-miR-217","PALM2AKAP2","445815","ENSG00000157654","-0.239","predicted"
1,"hsa-miR-217-5p","ACUGCAU",7,"targetscan","","hsa-miR-217","RIMS2","9699","ENSG00000176406","-0.24","predicted"
1,"hsa-miR-217-5p","ACUGCAU",7,"targetscan","","hsa-miR-217","VAT1L","57687","ENSG00000171724","-0.24","predicted"
1,"hsa-miR-217-5p","ACUGCAU",7,"targetscan","","hsa-miR-217","UCHL1","7345","ENSG00000154277","-0.24","predicted"
1,"hsa-miR-217-5p","ACUGCAU",7,"targetscan","","hsa-miR-217","OTUD7B","","ENSG00000163113","-0.24","predicted"
1,"hsa-miR-217-5p","ACUGCAU",7,"targetscan","","hsa-miR-217","FAS","355","ENSG00000026103","-0.241","predicted"
1,"hsa-miR-217-5p","ACUGCAU",7,"targetscan","","hsa-miR-217","UBL3","5412","ENSG00000122042","-0.241","predicted"
1,"hsa-miR-217-5p","ACUGCAU",7,"targetscan","","hsa-miR-217","ADI1","55256","ENSG00000182551","-0.241","predicted"
1,"hsa-miR-217-5p","ACUGCAU",7,"targetscan","","hsa-miR-217","ZNF92","168374","ENSG00000146757","-0.241","predicted"
1,"hsa-miR-217-5p","ACUGCAU",7,"targetscan","","hsa-miR-217","CAVIN4","347273","ENSG00000170681","-0.241","predicted"
1,"hsa-miR-217-5p","ACUGCAU",7,"targetscan","","hsa-miR-217","EDIL3","10085","ENSG00000164176","-0.242","predicted"
1,"hsa-miR-217-5p","ACUGCAU",7,"targetscan","","hsa-miR-217","GOLT1B","51026","ENSG00000111711","-0.242","predicted"
1,"hsa-miR-217-5p","ACUGCAU",7,"targetscan","","hsa-miR-217","DCUN1D1","54165","ENSG00000043093","-0.242","predicted"
1,"hsa-miR-217-5p","ACUGCAU",7,"targetscan","","hsa-miR-217","GDAP1","54332","ENSG00000104381","-0.242","predicted"
1,"hsa-miR-217-5p","ACUGCAU",7,"targetscan","","hsa-miR-217","CCDC38","120935","ENSG00000165972","-0.242","predicted"
1,"hsa-miR-217-5p","ACUGCAU",7,"targetscan","","hsa-miR-217","GPRASP2","114928","ENSG00000158301","-0.242","predicted"
1,"hsa-miR-217-5p","ACUGCAU",7,"targetscan","","hsa-miR-217","GPRASP2","100528062","ENSG00000158301","-0.242","predicted"
1,"hsa-miR-217-5p","ACUGCAU",7,"targetscan","","hsa-miR-217","KRBOX4","55634","ENSG00000147121","-0.242","predicted"
1,"hsa-miR-217-5p","ACUGCAU",7,"targetscan","","hsa-miR-217","ITGAE","3682","ENSG00000083457","-0.242","predicted"
1,"hsa-miR-217-5p","ACUGCAU",7,"targetscan","","hsa-miR-217","SCP2","6342","ENSG00000116171","-0.243","predicted"
1,"hsa-miR-217-5p","ACUGCAU",7,"targetscan","","hsa-miR-217","C5orf15","56951","ENSG00000113583","-0.243","predicted"
1,"hsa-miR-217-5p","ACUGCAU",7,"targetscan","","hsa-miR-217","LYSMD3","116068","ENSG00000176018","-0.243","predicted"
1,"hsa-miR-217-5p","ACUGCAU",7,"targetscan","","hsa-miR-217","RBM12B","389677","ENSG00000183808","-0.243","predicted"
1,"hsa-miR-217-5p","ACUGCAU",7,"targetscan","","hsa-miR-217","SOS1","6654","ENSG00000115904","-0.243","predicted"
1,"hsa-miR-217-5p","ACUGCAU",7,"targetscan","","hsa-miR-217","","","ENSG00000267561","-0.243","predicted"
1,"hsa-miR-217-5p","ACUGCAU",7,"targetscan","","hsa-miR-217","EPM2A","7957","ENSG00000112425","-0.244","predicted"
1,"hsa-miR-217-5p","ACUGCAU",7,"targetscan","","hsa-miR-217","SLC17A3","10786","ENSG00000124564","-0.244","predicted"
1,"hsa-miR-217-5p","ACUGCAU",7,"targetscan","","hsa-miR-217","CHRAC1","54108","ENSG00000104472","-0.244","predicted"
1,"hsa-miR-217-5p","ACUGCAU",7,"targetscan","","hsa-miR-217","TMEM170B","100113407","ENSG00000205269","-0.244","predicted"
1,"hsa-miR-217-5p","ACUGCAU",7,"targetscan","","hsa-miR-217","ABCC6","368","ENSG00000091262","-0.244","predicted"
1,"hsa-miR-217-5p","ACUGCAU",7,"targetscan","","hsa-miR-217","ITGB1BP1","9270","ENSG00000119185","-0.244","predicted"
1,"hsa-miR-217-5p","ACUGCAU",7,"targetscan","","hsa-miR-217","OR4N2","390429","ENSG00000176294","-0.244","predicted"
1,"hsa-miR-217-5p","ACUGCAU",7,"targetscan","","hsa-miR-217","CLVS1","157807","ENSG00000177182","-0.245","predicted"
1,"hsa-miR-217-5p","ACUGCAU",7,"targetscan","","hsa-miR-217","MARVELD2","153562","ENSG00000152939","-0.245","predicted"
1,"hsa-miR-217-5p","ACUGCAU",7,"targetscan","","hsa-miR-217","CWH43","80157","ENSG00000109182","-0.245","predicted"
1,"hsa-miR-217-5p","ACUGCAU",7,"targetscan","","hsa-miR-217","TXNDC17","84817","ENSG00000129235","-0.245","predicted"
1,"hsa-miR-217-5p","ACUGCAU",7,"targetscan","","hsa-miR-217","BUD23","114049","ENSG00000071462","-0.245","predicted"
1,"hsa-miR-217-5p","ACUGCAU",7,"targetscan","","hsa-miR-217","FGF20","26281","ENSG00000078579","-0.246","predicted"
1,"hsa-miR-217-5p","ACUGCAU",7,"targetscan","","hsa-miR-217","MEP1A","4224","ENSG00000112818","-0.246","predicted"
1,"hsa-miR-217-5p","ACUGCAU",7,"targetscan","","hsa-miR-217","CLIC4","25932","ENSG00000169504","-0.246","predicted"
1,"hsa-miR-217-5p","ACUGCAU",7,"targetscan","","hsa-miR-217","STX1A","6804","ENSG00000106089","-0.246","predicted"
1,"hsa-miR-217-5p","ACUGCAU",7,"targetscan","","hsa-miR-217","NSUN4","387338","ENSG00000117481","-0.246","predicted"
1,"hsa-miR-217-5p","ACUGCAU",7,"targetscan","","hsa-miR-217","EIF1B","10289","ENSG00000114784","-0.246","predicted"
1,"hsa-miR-217-5p","ACUGCAU",7,"targetscan","","hsa-miR-217","TAS2R5","54429","ENSG00000127366","-0.246","predicted"
1,"hsa-miR-217-5p","ACUGCAU",7,"targetscan","","hsa-miR-217","ADSS2","159","ENSG00000035687","-0.246","predicted"
1,"hsa-miR-217-5p","ACUGCAU",7,"targetscan","","hsa-miR-217","MTCL3","387104","ENSG00000214338","-0.246","predicted"
1,"hsa-miR-217-5p","ACUGCAU",7,"targetscan","","hsa-miR-217","TDG","6996","ENSG00000139372","-0.247","predicted"
1,"hsa-miR-217-5p","ACUGCAU",7,"targetscan","","hsa-miR-217","LMAN1","3998","ENSG00000074695","-0.247","predicted"
1,"hsa-miR-217-5p","ACUGCAU",7,"targetscan","","hsa-miR-217","ARL4A","10124","ENSG00000122644","-0.247","predicted"
1,"hsa-miR-217-5p","ACUGCAU",7,"targetscan","","hsa-miR-217","CCAR1","55749","ENSG00000060339","-0.247","predicted"
1,"hsa-miR-217-5p","ACUGCAU",7,"targetscan","","hsa-miR-217","MGARP","84709","ENSG00000137463","-0.247","predicted"
1,"hsa-miR-217-5p","ACUGCAU",7,"targetscan","","hsa-miR-217","HOMER2","9455","ENSG00000103942","-0.248","predicted"
1,"hsa-miR-217-5p","ACUGCAU",7,"targetscan","","hsa-miR-217","LRRC8D","55144","ENSG00000171492","-0.248","predicted"
1,"hsa-miR-217-5p","ACUGCAU",7,"targetscan","","hsa-miR-217","EHMT1","79813","ENSG00000181090","-0.248","predicted"
1,"hsa-miR-217-5p","ACUGCAU",7,"targetscan","","hsa-miR-217","R3HCC1L","27291","ENSG00000166024","-0.248","predicted"
1,"hsa-miR-217-5p","ACUGCAU",7,"targetscan","","hsa-miR-217","HPS3","84343","ENSG00000163755","-0.248","predicted"
1,"hsa-miR-217-5p","ACUGCAU",7,"targetscan","","hsa-miR-217","AKAIN1","642597","ENSG00000231824","-0.248","predicted"
1,"hsa-miR-217-5p","ACUGCAU",7,"targetscan","","hsa-miR-217","MAIP1","79568","ENSG00000162972","-0.248","predicted"
1,"hsa-miR-217-5p","ACUGCAU",7,"targetscan","","hsa-miR-217","ACKR3","57007","ENSG00000144476","-0.249","predicted"
1,"hsa-miR-217-5p","ACUGCAU",7,"targetscan","","hsa-miR-217","MEAF6","64769","ENSG00000163875","-0.249","predicted"
1,"hsa-miR-217-5p","ACUGCAU",7,"targetscan","","hsa-miR-217","BID","637","ENSG00000015475","-0.249","predicted"
1,"hsa-miR-217-5p","ACUGCAU",7,"targetscan","","hsa-miR-217","AP5S1","55317","ENSG00000125843","-0.249","predicted"
1,"hsa-miR-217-5p","ACUGCAU",7,"targetscan","","hsa-miR-217","B3GALT2","8707","ENSG00000162630","-0.249","predicted"
1,"hsa-miR-217-5p","ACUGCAU",7,"targetscan","","hsa-miR-217","SEPSECS","51091","ENSG00000109618","-0.249","predicted"
1,"hsa-miR-217-5p","ACUGCAU",7,"targetscan","","hsa-miR-217","MRPL10","124995","ENSG00000159111","-0.25","predicted"
1,"hsa-miR-217-5p","ACUGCAU",7,"targetscan","","hsa-miR-217","FRMD5","84978","ENSG00000171877","-0.25","predicted"
1,"hsa-miR-217-5p","ACUGCAU",7,"targetscan","","hsa-miR-217","LRRC3B","116135","ENSG00000179796","-0.25","predicted"
1,"hsa-miR-217-5p","ACUGCAU",7,"targetscan","","hsa-miR-217","ARL6IP6","151188","ENSG00000177917","-0.251","predicted"
1,"hsa-miR-217-5p","ACUGCAU",7,"targetscan","","hsa-miR-217","BICC1","80114","ENSG00000122870","-0.251","predicted"
1,"hsa-miR-217-5p","ACUGCAU",7,"targetscan","","hsa-miR-217","GLUD1","2746","ENSG00000148672","-0.251","predicted"
1,"hsa-miR-217-5p","ACUGCAU",7,"targetscan","","hsa-miR-217","MOSMO","730094","ENSG00000185716","-0.251","predicted"
1,"hsa-miR-217-5p","ACUGCAU",7,"targetscan","","hsa-miR-217","LINC01560","","ENSG00000196741","-0.251","predicted"
1,"hsa-miR-217-5p","ACUGCAU",7,"targetscan","","hsa-miR-217","MXI1","4601","ENSG00000119950","-0.252","predicted"
1,"hsa-miR-217-5p","ACUGCAU",7,"targetscan","","hsa-miR-217","PPP1R3C","5507","ENSG00000119938","-0.252","predicted"
1,"hsa-miR-217-5p","ACUGCAU",7,"targetscan","","hsa-miR-217","USP15","9958","ENSG00000135655","-0.252","predicted"
1,"hsa-miR-217-5p","ACUGCAU",7,"targetscan","","hsa-miR-217","KRBOX4","55634","ENSG00000147121","-0.252","predicted"
1,"hsa-miR-217-5p","ACUGCAU",7,"targetscan","","hsa-miR-217","AKAIN1","642597","ENSG00000231824","-0.252","predicted"
1,"hsa-miR-217-5p","ACUGCAU",7,"targetscan","","hsa-miR-217","SRSF9","8683","ENSG00000111786","-0.253","predicted"
1,"hsa-miR-217-5p","ACUGCAU",7,"targetscan","","hsa-miR-217","LONP1","9361","ENSG00000196365","-0.253","predicted"
1,"hsa-miR-217-5p","ACUGCAU",7,"targetscan","","hsa-miR-217","NRG4","145957","ENSG00000169752","-0.253","predicted"
1,"hsa-miR-217-5p","ACUGCAU",7,"targetscan","","hsa-miR-217","CSF1R","1436","ENSG00000182578","-0.253","predicted"
1,"hsa-miR-217-5p","ACUGCAU",7,"targetscan","","hsa-miR-217","MBTPS1","8720","ENSG00000140943","-0.253","predicted"
1,"hsa-miR-217-5p","ACUGCAU",7,"targetscan","","hsa-miR-217","NFE2L3","9603","ENSG00000050344","-0.253","predicted"
1,"hsa-miR-217-5p","ACUGCAU",7,"targetscan","","hsa-miR-217","SARAF","51669","ENSG00000133872","-0.253","predicted"
1,"hsa-miR-217-5p","ACUGCAU",7,"targetscan","","hsa-miR-217","FGF1","2246","ENSG00000113578","-0.254","predicted"
1,"hsa-miR-217-5p","ACUGCAU",7,"targetscan","","hsa-miR-217","NAP1L1","4673","ENSG00000187109","-0.254","predicted"
1,"hsa-miR-217-5p","ACUGCAU",7,"targetscan","","hsa-miR-217","GRHL1","29841","ENSG00000134317","-0.254","predicted"
1,"hsa-miR-217-5p","ACUGCAU",7,"targetscan","","hsa-miR-217","RAB37","326624","ENSG00000172794","-0.254","predicted"
1,"hsa-miR-217-5p","ACUGCAU",7,"targetscan","","hsa-miR-217","SIAE","54414","ENSG00000110013","-0.254","predicted"
1,"hsa-miR-217-5p","ACUGCAU",7,"targetscan","","hsa-miR-217","COL8A1","1295","ENSG00000144810","-0.254","predicted"
1,"hsa-miR-217-5p","ACUGCAU",7,"targetscan","","hsa-miR-217","TUBB1","81027","ENSG00000101162","-0.254","predicted"
1,"hsa-miR-217-5p","ACUGCAU",7,"targetscan","","hsa-miR-217","ATF1","466","ENSG00000123268","-0.255","predicted"
1,"hsa-miR-217-5p","ACUGCAU",7,"targetscan","","hsa-miR-217","PFN2","5217","ENSG00000070087","-0.255","predicted"
1,"hsa-miR-217-5p","ACUGCAU",7,"targetscan","","hsa-miR-217","BET1","10282","ENSG00000105829","-0.255","predicted"
1,"hsa-miR-217-5p","ACUGCAU",7,"targetscan","","hsa-miR-217","PURG","29942","ENSG00000172733","-0.255","predicted"
1,"hsa-miR-217-5p","ACUGCAU",7,"targetscan","","hsa-miR-217","MPC1","51660","ENSG00000060762","-0.255","predicted"
1,"hsa-miR-217-5p","ACUGCAU",7,"targetscan","","hsa-miR-217","DYM","54808","ENSG00000141627","-0.255","predicted"
1,"hsa-miR-217-5p","ACUGCAU",7,"targetscan","","hsa-miR-217","","","ENSG00000253207","-0.255","predicted"
1,"hsa-miR-217-5p","ACUGCAU",7,"targetscan","","hsa-miR-217","MICA","100507436","ENSG00000204520","-0.256","predicted"
1,"hsa-miR-217-5p","ACUGCAU",7,"targetscan","","hsa-miR-217","B3GALNT1","8706","ENSG00000169255","-0.256","predicted"
1,"hsa-miR-217-5p","ACUGCAU",7,"targetscan","","hsa-miR-217","FBXO33","254170","ENSG00000165355","-0.256","predicted"
1,"hsa-miR-217-5p","ACUGCAU",7,"targetscan","","hsa-miR-217","CLEC4E","26253","ENSG00000166523","-0.256","predicted"
1,"hsa-miR-217-5p","ACUGCAU",7,"targetscan","","hsa-miR-217","TMEM151A","256472","ENSG00000179292","-0.256","predicted"
1,"hsa-miR-217-5p","ACUGCAU",7,"targetscan","","hsa-miR-217","VKORC1L1","154807","ENSG00000196715","-0.256","predicted"
1,"hsa-miR-217-5p","ACUGCAU",7,"targetscan","","hsa-miR-217","NAB1","4664","ENSG00000138386","-0.257","predicted"
1,"hsa-miR-217-5p","ACUGCAU",7,"targetscan","","hsa-miR-217","FUBP1","8880","ENSG00000162613","-0.257","predicted"
1,"hsa-miR-217-5p","ACUGCAU",7,"targetscan","","hsa-miR-217","C1orf210","149466","ENSG00000253313","-0.257","predicted"
1,"hsa-miR-217-5p","ACUGCAU",7,"targetscan","","hsa-miR-217","ZNF736","728927","ENSG00000234444","-0.257","predicted"
1,"hsa-miR-217-5p","ACUGCAU",7,"targetscan","","hsa-miR-217","SELENOK","58515","ENSG00000113811","-0.257","predicted"
1,"hsa-miR-217-5p","ACUGCAU",7,"targetscan","","hsa-miR-217","FNDC1","84624","ENSG00000164694","-0.258","predicted"
1,"hsa-miR-217-5p","ACUGCAU",7,"targetscan","","hsa-miR-217","CD36","948","ENSG00000135218","-0.259","predicted"
1,"hsa-miR-217-5p","ACUGCAU",7,"targetscan","","hsa-miR-217","MLX","6945","ENSG00000108788","-0.259","predicted"
1,"hsa-miR-217-5p","ACUGCAU",7,"targetscan","","hsa-miR-217","YES1","7525","ENSG00000176105","-0.259","predicted"
1,"hsa-miR-217-5p","ACUGCAU",7,"targetscan","","hsa-miR-217","FAM98A","25940","ENSG00000119812","-0.259","predicted"
1,"hsa-miR-217-5p","ACUGCAU",7,"targetscan","","hsa-miR-217","PLXNA4","91584","ENSG00000221866","-0.259","predicted"
1,"hsa-miR-217-5p","ACUGCAU",7,"targetscan","","hsa-miR-217","EYS","346007","ENSG00000188107","-0.259","predicted"
1,"hsa-miR-217-5p","ACUGCAU",7,"targetscan","","hsa-miR-217","NPAS3","64067","ENSG00000151322","-0.259","predicted"
1,"hsa-miR-217-5p","ACUGCAU",7,"targetscan","","hsa-miR-217","MBTPS2","51360","ENSG00000012174","-0.259","predicted"
1,"hsa-miR-217-5p","ACUGCAU",7,"targetscan","","hsa-miR-217","DPY19L4","286148","ENSG00000156162","-0.259","predicted"
1,"hsa-miR-217-5p","ACUGCAU",7,"targetscan","","hsa-miR-217","HTRA1","5654","ENSG00000166033","-0.26","predicted"
1,"hsa-miR-217-5p","ACUGCAU",7,"targetscan","","hsa-miR-217","TCERG1","10915","ENSG00000113649","-0.26","predicted"
1,"hsa-miR-217-5p","ACUGCAU",7,"targetscan","","hsa-miR-217","PRPF39","55015","ENSG00000185246","-0.26","predicted"
1,"hsa-miR-217-5p","ACUGCAU",7,"targetscan","","hsa-miR-217","FEM1C","56929","ENSG00000145780","-0.26","predicted"
1,"hsa-miR-217-5p","ACUGCAU",7,"targetscan","","hsa-miR-217","CENPW","387103","ENSG00000203760","-0.26","predicted"
1,"hsa-miR-217-5p","ACUGCAU",7,"targetscan","","hsa-miR-217","DCAF12L2","340578","ENSG00000198354","-0.26","predicted"
1,"hsa-miR-217-5p","ACUGCAU",7,"targetscan","","hsa-miR-217","RUNX2","860","ENSG00000124813","-0.261","predicted"
1,"hsa-miR-217-5p","ACUGCAU",7,"targetscan","","hsa-miR-217","LAMP2","3920","ENSG00000005893","-0.261","predicted"
1,"hsa-miR-217-5p","ACUGCAU",7,"targetscan","","hsa-miR-217","KRTAP4-1","85285","ENSG00000198443","-0.261","predicted"
1,"hsa-miR-217-5p","ACUGCAU",7,"targetscan","","hsa-miR-217","EZH2","2146","ENSG00000106462","-0.262","predicted"
1,"hsa-miR-217-5p","ACUGCAU",7,"targetscan","","hsa-miR-217","SMAD9","4093","ENSG00000120693","-0.262","predicted"
1,"hsa-miR-217-5p","ACUGCAU",7,"targetscan","","hsa-miR-217","EEIG2","284611","ENSG00000162636","-0.262","predicted"
1,"hsa-miR-217-5p","ACUGCAU",7,"targetscan","","hsa-miR-217","HIST1H2AE","8335","ENSG00000168274","-0.263","predicted"
1,"hsa-miR-217-5p","ACUGCAU",7,"targetscan","","hsa-miR-217","GSTA4","2941","ENSG00000170899","-0.263","predicted"
1,"hsa-miR-217-5p","ACUGCAU",7,"targetscan","","hsa-miR-217","FRMD5","84978","ENSG00000171877","-0.263","predicted"
1,"hsa-miR-217-5p","ACUGCAU",7,"targetscan","","hsa-miR-217","FGF16","8823","ENSG00000196468","-0.263","predicted"
1,"hsa-miR-217-5p","ACUGCAU",7,"targetscan","","hsa-miR-217","ATF1","466","ENSG00000123268","-0.264","predicted"
1,"hsa-miR-217-5p","ACUGCAU",7,"targetscan","","hsa-miR-217","TMEM135","65084","ENSG00000166575","-0.264","predicted"
1,"hsa-miR-217-5p","ACUGCAU",7,"targetscan","","hsa-miR-217","ACOT12","134526","ENSG00000172497","-0.264","predicted"
1,"hsa-miR-217-5p","ACUGCAU",7,"targetscan","","hsa-miR-217","MTPN","136319","ENSG00000105887","-0.264","predicted"
1,"hsa-miR-217-5p","ACUGCAU",7,"targetscan","","hsa-miR-217","PARD6G-AS1","100130522","ENSG00000267270","-0.264","predicted"
1,"hsa-miR-217-5p","ACUGCAU",7,"targetscan","","hsa-miR-217","CLIC4","25932","ENSG00000169504","-0.265","predicted"
1,"hsa-miR-217-5p","ACUGCAU",7,"targetscan","","hsa-miR-217","SLC26A4","5172","ENSG00000091137","-0.265","predicted"
1,"hsa-miR-217-5p","ACUGCAU",7,"targetscan","","hsa-miR-217","SLC35G3","146861","ENSG00000164729","-0.265","predicted"
1,"hsa-miR-217-5p","ACUGCAU",7,"targetscan","","hsa-miR-217","DGAT2L6","347516","ENSG00000184210","-0.265","predicted"
1,"hsa-miR-217-5p","ACUGCAU",7,"targetscan","","hsa-miR-217","PLD1","5337","ENSG00000075651","-0.266","predicted"
1,"hsa-miR-217-5p","ACUGCAU",7,"targetscan","","hsa-miR-217","SUGP2","10147","ENSG00000064607","-0.266","predicted"
1,"hsa-miR-217-5p","ACUGCAU",7,"targetscan","","hsa-miR-217","METTL23","124512","ENSG00000181038","-0.266","predicted"
1,"hsa-miR-217-5p","ACUGCAU",7,"targetscan","","hsa-miR-217","ZC3H14","79882","ENSG00000100722","-0.266","predicted"
1,"hsa-miR-217-5p","ACUGCAU",7,"targetscan","","hsa-miR-217","FAM169A","26049","ENSG00000198780","-0.266","predicted"
1,"hsa-miR-217-5p","ACUGCAU",7,"targetscan","","hsa-miR-217","ARL11","115761","ENSG00000152213","-0.266","predicted"
1,"hsa-miR-217-5p","ACUGCAU",7,"targetscan","","hsa-miR-217","AL590452.1","","ENSG00000268172","-0.266","predicted"
1,"hsa-miR-217-5p","ACUGCAU",7,"targetscan","","hsa-miR-217","SFPQ","6421","ENSG00000116560","-0.267","predicted"
1,"hsa-miR-217-5p","ACUGCAU",7,"targetscan","","hsa-miR-217","SIRT1","23411","ENSG00000096717","-0.267","predicted"
1,"hsa-miR-217-5p","ACUGCAU",7,"targetscan","","hsa-miR-217","TP53INP1","94241","ENSG00000164938","-0.267","predicted"
1,"hsa-miR-217-5p","ACUGCAU",7,"targetscan","","hsa-miR-217","SLC30A1","7779","ENSG00000170385","-0.267","predicted"
1,"hsa-miR-217-5p","ACUGCAU",7,"targetscan","","hsa-miR-217","","10548","ENSG00000254692","-0.267","predicted"
1,"hsa-miR-217-5p","ACUGCAU",7,"targetscan","","hsa-miR-217","ERH","2079","ENSG00000100632","-0.268","predicted"
1,"hsa-miR-217-5p","ACUGCAU",7,"targetscan","","hsa-miR-217","SPTLC3","55304","ENSG00000172296","-0.268","predicted"
1,"hsa-miR-217-5p","ACUGCAU",7,"targetscan","","hsa-miR-217","F2R","2149","ENSG00000181104","-0.268","predicted"
1,"hsa-miR-217-5p","ACUGCAU",7,"targetscan","","hsa-miR-217","APPBP2","10513","ENSG00000062725","-0.268","predicted"
1,"hsa-miR-217-5p","ACUGCAU",7,"targetscan","","hsa-miR-217","LAMA3","3909","ENSG00000053747","-0.269","predicted"
1,"hsa-miR-217-5p","ACUGCAU",7,"targetscan","","hsa-miR-217","COX7A2L","9167","ENSG00000115944","-0.269","predicted"
1,"hsa-miR-217-5p","ACUGCAU",7,"targetscan","","hsa-miR-217","CKAP2","26586","ENSG00000136108","-0.269","predicted"
1,"hsa-miR-217-5p","ACUGCAU",7,"targetscan","","hsa-miR-217","FRA10AC1","118924","ENSG00000148690","-0.269","predicted"
1,"hsa-miR-217-5p","ACUGCAU",7,"targetscan","","hsa-miR-217","PYURF","100996939","ENSG00000145337","-0.269","predicted"
1,"hsa-miR-217-5p","ACUGCAU",7,"targetscan","","hsa-miR-217","RAP1GDS1","5910","ENSG00000138698","-0.269","predicted"
1,"hsa-miR-217-5p","ACUGCAU",7,"targetscan","","hsa-miR-217","HSF2BP","11077","ENSG00000160207","-0.269","predicted"
1,"hsa-miR-217-5p","ACUGCAU",7,"targetscan","","hsa-miR-217","SURF4","6836","ENSG00000148248","-0.27","predicted"
1,"hsa-miR-217-5p","ACUGCAU",7,"targetscan","","hsa-miR-217","TMEM202","338949","ENSG00000187806","-0.27","predicted"
1,"hsa-miR-217-5p","ACUGCAU",7,"targetscan","","hsa-miR-217","C15orf40","123207","ENSG00000169609","-0.27","predicted"
1,"hsa-miR-217-5p","ACUGCAU",7,"targetscan","","hsa-miR-217","FPR3","2359","ENSG00000187474","-0.27","predicted"
1,"hsa-miR-217-5p","ACUGCAU",7,"targetscan","","hsa-miR-217","TRDMT1","1787","ENSG00000107614","-0.27","predicted"
1,"hsa-miR-217-5p","ACUGCAU",7,"targetscan","","hsa-miR-217","UBA5","79876","ENSG00000081307","-0.27","predicted"
1,"hsa-miR-217-5p","ACUGCAU",7,"targetscan","","hsa-miR-217","","","ENSG00000257955","-0.27","predicted"
1,"hsa-miR-217-5p","ACUGCAU",7,"targetscan","","hsa-miR-217","DR1","1810","ENSG00000117505","-0.271","predicted"
1,"hsa-miR-217-5p","ACUGCAU",7,"targetscan","","hsa-miR-217","NDUFS4","4724","ENSG00000164258","-0.271","predicted"
1,"hsa-miR-217-5p","ACUGCAU",7,"targetscan","","hsa-miR-217","ZNF799","90576","ENSG00000196466","-0.271","predicted"
1,"hsa-miR-217-5p","ACUGCAU",7,"targetscan","","hsa-miR-217","SASS6","163786","ENSG00000156876","-0.271","predicted"
1,"hsa-miR-217-5p","ACUGCAU",7,"targetscan","","hsa-miR-217","ASB9","140462","ENSG00000102048","-0.271","predicted"
1,"hsa-miR-217-5p","ACUGCAU",7,"targetscan","","hsa-miR-217","SLC25A27","9481","ENSG00000153291","-0.271","predicted"
1,"hsa-miR-217-5p","ACUGCAU",7,"targetscan","","hsa-miR-217","SMU1","55234","ENSG00000122692","-0.271","predicted"
1,"hsa-miR-217-5p","ACUGCAU",7,"targetscan","","hsa-miR-217","MOSPD1","56180","ENSG00000101928","-0.271","predicted"
1,"hsa-miR-217-5p","ACUGCAU",7,"targetscan","","hsa-miR-217","EREG","2069","ENSG00000124882","-0.272","predicted"
1,"hsa-miR-217-5p","ACUGCAU",7,"targetscan","","hsa-miR-217","LSM14A","26065","ENSG00000257103","-0.272","predicted"
1,"hsa-miR-217-5p","ACUGCAU",7,"targetscan","","hsa-miR-217","SMIM13","221710","ENSG00000224531","-0.272","predicted"
1,"hsa-miR-217-5p","ACUGCAU",7,"targetscan","","hsa-miR-217","AQR","9716","ENSG00000021776","-0.272","predicted"
1,"hsa-miR-217-5p","ACUGCAU",7,"targetscan","","hsa-miR-217","ID4","3400","ENSG00000172201","-0.273","predicted"
1,"hsa-miR-217-5p","ACUGCAU",7,"targetscan","","hsa-miR-217","NPHP3","27031","ENSG00000113971","-0.273","predicted"
1,"hsa-miR-217-5p","ACUGCAU",7,"targetscan","","hsa-miR-217","KCTD9","54793","ENSG00000104756","-0.273","predicted"
1,"hsa-miR-217-5p","ACUGCAU",7,"targetscan","","hsa-miR-217","TMEM61","199964","ENSG00000143001","-0.273","predicted"
1,"hsa-miR-217-5p","ACUGCAU",7,"targetscan","","hsa-miR-217","TMEM64","169200","ENSG00000180694","-0.274","predicted"
1,"hsa-miR-217-5p","ACUGCAU",7,"targetscan","","hsa-miR-217","TMEM225","338661","ENSG00000204300","-0.274","predicted"
1,"hsa-miR-217-5p","ACUGCAU",7,"targetscan","","hsa-miR-217","DYNLL1","8655","ENSG00000088986","-0.274","predicted"
1,"hsa-miR-217-5p","ACUGCAU",7,"targetscan","","hsa-miR-217","MBTPS2","51360","ENSG00000012174","-0.274","predicted"
1,"hsa-miR-217-5p","ACUGCAU",7,"targetscan","","hsa-miR-217","SUCLA2","8803","ENSG00000136143","-0.275","predicted"
1,"hsa-miR-217-5p","ACUGCAU",7,"targetscan","","hsa-miR-217","ADGRB3","577","ENSG00000135298","-0.275","predicted"
1,"hsa-miR-217-5p","ACUGCAU",7,"targetscan","","hsa-miR-217","BORCS5","118426","ENSG00000165714","-0.275","predicted"
1,"hsa-miR-217-5p","ACUGCAU",7,"targetscan","","hsa-miR-217","OTUD1","220213","ENSG00000165312","-0.276","predicted"
1,"hsa-miR-217-5p","ACUGCAU",7,"targetscan","","hsa-miR-217","RPL13","6137","ENSG00000167526","-0.277","predicted"
1,"hsa-miR-217-5p","ACUGCAU",7,"targetscan","","hsa-miR-217","DLX3","1747","ENSG00000064195","-0.277","predicted"
1,"hsa-miR-217-5p","ACUGCAU",7,"targetscan","","hsa-miR-217","EIF2S3B","255308","ENSG00000180574","-0.277","predicted"
1,"hsa-miR-217-5p","ACUGCAU",7,"targetscan","","hsa-miR-217","FGF20","26281","ENSG00000078579","-0.278","predicted"
1,"hsa-miR-217-5p","ACUGCAU",7,"targetscan","","hsa-miR-217","LEPR","3953","ENSG00000116678","-0.278","predicted"
1,"hsa-miR-217-5p","ACUGCAU",7,"targetscan","","hsa-miR-217","PDHA1","5160","ENSG00000131828","-0.278","predicted"
1,"hsa-miR-217-5p","ACUGCAU",7,"targetscan","","hsa-miR-217","SEL1L","6400","ENSG00000071537","-0.278","predicted"
1,"hsa-miR-217-5p","ACUGCAU",7,"targetscan","","hsa-miR-217","SMIM14","201895","ENSG00000163683","-0.278","predicted"
1,"hsa-miR-217-5p","ACUGCAU",7,"targetscan","","hsa-miR-217","FAR2","55711","ENSG00000064763","-0.278","predicted"
1,"hsa-miR-217-5p","ACUGCAU",7,"targetscan","","hsa-miR-217","ATP13A4","84239","ENSG00000127249","-0.278","predicted"
1,"hsa-miR-217-5p","ACUGCAU",7,"targetscan","","hsa-miR-217","ABTB3","121551","ENSG00000151136","-0.278","predicted"
1,"hsa-miR-217-5p","ACUGCAU",7,"targetscan","","hsa-miR-217","ITM2A","9452","ENSG00000078596","-0.279","predicted"
1,"hsa-miR-217-5p","ACUGCAU",7,"targetscan","","hsa-miR-217","DMRT2","10655","ENSG00000173253","-0.279","predicted"
1,"hsa-miR-217-5p","ACUGCAU",7,"targetscan","","hsa-miR-217","HNRNPA3","220988","ENSG00000170144","-0.279","predicted"
1,"hsa-miR-217-5p","ACUGCAU",7,"targetscan","","hsa-miR-217","DCLRE1C","64421","ENSG00000152457","-0.279","predicted"
1,"hsa-miR-217-5p","ACUGCAU",7,"targetscan","","hsa-miR-217","PLK2","10769","ENSG00000145632","-0.28","predicted"
1,"hsa-miR-217-5p","ACUGCAU",7,"targetscan","","hsa-miR-217","ZNF438","220929","ENSG00000183621","-0.28","predicted"
1,"hsa-miR-217-5p","ACUGCAU",7,"targetscan","","hsa-miR-217","FOXL2NB","401089","ENSG00000206262","-0.28","predicted"
1,"hsa-miR-217-5p","ACUGCAU",7,"targetscan","","hsa-miR-217","PLGRKT","55848","ENSG00000107020","-0.281","predicted"
1,"hsa-miR-217-5p","ACUGCAU",7,"targetscan","","hsa-miR-217","CILK1","22858","ENSG00000112144","-0.281","predicted"
1,"hsa-miR-217-5p","ACUGCAU",7,"targetscan","","hsa-miR-217","RBM14","10432","ENSG00000239306","-0.282","predicted"
1,"hsa-miR-217-5p","ACUGCAU",7,"targetscan","","hsa-miR-217","CHP2","63928","ENSG00000166869","-0.282","predicted"
1,"hsa-miR-217-5p","ACUGCAU",7,"targetscan","","hsa-miR-217","SEM1","7979","ENSG00000127922","-0.282","predicted"
1,"hsa-miR-217-5p","ACUGCAU",7,"targetscan","","hsa-miR-217","ELOC","6921","ENSG00000154582","-0.282","predicted"
1,"hsa-miR-217-5p","ACUGCAU",7,"targetscan","","hsa-miR-217","LPAR1","1902","ENSG00000198121","-0.283","predicted"
1,"hsa-miR-217-5p","ACUGCAU",7,"targetscan","","hsa-miR-217","CALHM2","51063","ENSG00000138172","-0.283","predicted"
1,"hsa-miR-217-5p","ACUGCAU",7,"targetscan","","hsa-miR-217","AL353791.1","","ENSG00000227921","-0.283","predicted"
1,"hsa-miR-217-5p","ACUGCAU",7,"targetscan","","hsa-miR-217","ERCC6","2074","ENSG00000225830","-0.285","predicted"
1,"hsa-miR-217-5p","ACUGCAU",7,"targetscan","","hsa-miR-217","CHN2","1124","ENSG00000106069","-0.285","predicted"
1,"hsa-miR-217-5p","ACUGCAU",7,"targetscan","","hsa-miR-217","TPD52L2","7165","ENSG00000101150","-0.286","predicted"
1,"hsa-miR-217-5p","ACUGCAU",7,"targetscan","","hsa-miR-217","HMGB2","3148","ENSG00000164104","-0.286","predicted"
1,"hsa-miR-217-5p","ACUGCAU",7,"targetscan","","hsa-miR-217","ZBTB14","7541","ENSG00000198081","-0.286","predicted"
1,"hsa-miR-217-5p","ACUGCAU",7,"targetscan","","hsa-miR-217","YME1L1","10730","ENSG00000136758","-0.287","predicted"
1,"hsa-miR-217-5p","ACUGCAU",7,"targetscan","","hsa-miR-217","WDR47","22911","ENSG00000085433","-0.287","predicted"
1,"hsa-miR-217-5p","ACUGCAU",7,"targetscan","","hsa-miR-217","PYGO1","26108","ENSG00000171016","-0.287","predicted"
1,"hsa-miR-217-5p","ACUGCAU",7,"targetscan","","hsa-miR-217","GNAZ","2781","ENSG00000128266","-0.287","predicted"
1,"hsa-miR-217-5p","ACUGCAU",7,"targetscan","","hsa-miR-217","TFRC","7037","ENSG00000072274","-0.288","predicted"
1,"hsa-miR-217-5p","ACUGCAU",7,"targetscan","","hsa-miR-217","FLVCR1","28982","ENSG00000162769","-0.289","predicted"
1,"hsa-miR-217-5p","ACUGCAU",7,"targetscan","","hsa-miR-217","NDUFB4","4710","ENSG00000065518","-0.29","predicted"
1,"hsa-miR-217-5p","ACUGCAU",7,"targetscan","","hsa-miR-217","ZNF492","57615","ENSG00000229676","-0.29","predicted"
1,"hsa-miR-217-5p","ACUGCAU",7,"targetscan","","hsa-miR-217","MFSD14A","64645","ENSG00000156875","-0.29","predicted"
1,"hsa-miR-217-5p","ACUGCAU",7,"targetscan","","hsa-miR-217","SELENOI","85465","ENSG00000138018","-0.291","predicted"
1,"hsa-miR-217-5p","ACUGCAU",7,"targetscan","","hsa-miR-217","NFATC2IP","84901","ENSG00000176953","-0.292","predicted"
1,"hsa-miR-217-5p","ACUGCAU",7,"targetscan","","hsa-miR-217","PCMT1","5110","ENSG00000120265","-0.292","predicted"
1,"hsa-miR-217-5p","ACUGCAU",7,"targetscan","","hsa-miR-217","MYCBP","26292","ENSG00000214114","-0.292","predicted"
1,"hsa-miR-217-5p","ACUGCAU",7,"targetscan","","hsa-miR-217","POLM","27434","ENSG00000122678","-0.292","predicted"
1,"hsa-miR-217-5p","ACUGCAU",7,"targetscan","","hsa-miR-217","ATG10","83734","ENSG00000152348","-0.292","predicted"
1,"hsa-miR-217-5p","ACUGCAU",7,"targetscan","","hsa-miR-217","BRMS1L","84312","ENSG00000100916","-0.292","predicted"
1,"hsa-miR-217-5p","ACUGCAU",7,"targetscan","","hsa-miR-217","ORAI3","93129","ENSG00000175938","-0.293","predicted"
1,"hsa-miR-217-5p","ACUGCAU",7,"targetscan","","hsa-miR-217","CDYL2","124359","ENSG00000166446","-0.293","predicted"
1,"hsa-miR-217-5p","ACUGCAU",7,"targetscan","","hsa-miR-217","HERPUD1","9709","ENSG00000051108","-0.294","predicted"
1,"hsa-miR-217-5p","ACUGCAU",7,"targetscan","","hsa-miR-217","FGFR2","2263","ENSG00000066468","-0.294","predicted"
1,"hsa-miR-217-5p","ACUGCAU",7,"targetscan","","hsa-miR-217","EPHX3","79852","ENSG00000105131","-0.294","predicted"
1,"hsa-miR-217-5p","ACUGCAU",7,"targetscan","","hsa-miR-217","ZCCHC4","29063","ENSG00000168228","-0.294","predicted"
1,"hsa-miR-217-5p","ACUGCAU",7,"targetscan","","hsa-miR-217","WNT3","7473","ENSG00000108379","-0.295","predicted"
1,"hsa-miR-217-5p","ACUGCAU",7,"targetscan","","hsa-miR-217","CTSO","1519","ENSG00000256043","-0.295","predicted"
1,"hsa-miR-217-5p","ACUGCAU",7,"targetscan","","hsa-miR-217","HS3ST3A1","9955","ENSG00000153976","-0.295","predicted"
1,"hsa-miR-217-5p","ACUGCAU",7,"targetscan","","hsa-miR-217","NUP58","9818","ENSG00000139496","-0.295","predicted"
1,"hsa-miR-217-5p","ACUGCAU",7,"targetscan","","hsa-miR-217","WNT3","101929777","ENSG00000108379","-0.295","predicted"
1,"hsa-miR-217-5p","ACUGCAU",7,"targetscan","","hsa-miR-217","CHRNB1","1140","ENSG00000170175","-0.296","predicted"
1,"hsa-miR-217-5p","ACUGCAU",7,"targetscan","","hsa-miR-217","EBNA1BP2","10969","ENSG00000117395","-0.296","predicted"
1,"hsa-miR-217-5p","ACUGCAU",7,"targetscan","","hsa-miR-217","ATG4C","84938","ENSG00000125703","-0.296","predicted"
1,"hsa-miR-217-5p","ACUGCAU",7,"targetscan","","hsa-miR-217","GRAPL","400581","ENSG00000189152","-0.296","predicted"
1,"hsa-miR-217-5p","ACUGCAU",7,"targetscan","","hsa-miR-217","IL6","3569","ENSG00000136244","-0.297","predicted"
1,"hsa-miR-217-5p","ACUGCAU",7,"targetscan","","hsa-miR-217","C15orf61","145853","ENSG00000189227","-0.297","predicted"
1,"hsa-miR-217-5p","ACUGCAU",7,"targetscan","","hsa-miR-217","GNG11","2791","ENSG00000127920","-0.297","predicted"
1,"hsa-miR-217-5p","ACUGCAU",7,"targetscan","","hsa-miR-217","MED17","9440","ENSG00000042429","-0.297","predicted"
1,"hsa-miR-217-5p","ACUGCAU",7,"targetscan","","hsa-miR-217","EIF1B","10289","ENSG00000114784","-0.297","predicted"
1,"hsa-miR-217-5p","ACUGCAU",7,"targetscan","","hsa-miR-217","GATSL2","","ENSG00000198750","-0.297","predicted"
1,"hsa-miR-217-5p","ACUGCAU",7,"targetscan","","hsa-miR-217","HIST1H3F","","ENSG00000256316","-0.297","predicted"
1,"hsa-miR-217-5p","ACUGCAU",7,"targetscan","","hsa-miR-217","RPS27A","6233","ENSG00000143947","-0.298","predicted"
1,"hsa-miR-217-5p","ACUGCAU",7,"targetscan","","hsa-miR-217","VPS29","51699","ENSG00000111237","-0.298","predicted"
1,"hsa-miR-217-5p","ACUGCAU",7,"targetscan","","hsa-miR-217","WAPL","23063","ENSG00000062650","-0.298","predicted"
1,"hsa-miR-217-5p","ACUGCAU",7,"targetscan","","hsa-miR-217","CHST11","50515","ENSG00000171310","-0.299","predicted"
1,"hsa-miR-217-5p","ACUGCAU",7,"targetscan","","hsa-miR-217","ZNF711","7552","ENSG00000147180","-0.299","predicted"
1,"hsa-miR-217-5p","ACUGCAU",7,"targetscan","","hsa-miR-217","OIP5","11339","ENSG00000104147","-0.299","predicted"
1,"hsa-miR-217-5p","ACUGCAU",7,"targetscan","","hsa-miR-217","TMEM167A","153339","ENSG00000174695","-0.299","predicted"
1,"hsa-miR-217-5p","ACUGCAU",7,"targetscan","","hsa-miR-217","ADAM9","8754","ENSG00000168615","-0.3","predicted"
1,"hsa-miR-217-5p","ACUGCAU",7,"targetscan","","hsa-miR-217","NT5DC1","221294","ENSG00000178425","-0.3","predicted"
1,"hsa-miR-217-5p","ACUGCAU",7,"targetscan","","hsa-miR-217","SAT1","6303","ENSG00000130066","-0.3","predicted"
1,"hsa-miR-217-5p","ACUGCAU",7,"targetscan","","hsa-miR-217","RTF1","23168","ENSG00000137815","-0.3","predicted"
1,"hsa-miR-217-5p","ACUGCAU",7,"targetscan","","hsa-miR-217","RBFOX1","54715","ENSG00000078328","-0.3","predicted"
1,"hsa-miR-217-5p","ACUGCAU",7,"targetscan","","hsa-miR-217","HFM1","164045","ENSG00000162669","-0.3","predicted"
1,"hsa-miR-217-5p","ACUGCAU",7,"targetscan","","hsa-miR-217","TDG","6996","ENSG00000139372","-0.301","predicted"
1,"hsa-miR-217-5p","ACUGCAU",7,"targetscan","","hsa-miR-217","ZNF675","171392","ENSG00000197372","-0.301","predicted"
1,"hsa-miR-217-5p","ACUGCAU",7,"targetscan","","hsa-miR-217","RMND5A","64795","ENSG00000153561","-0.302","predicted"
1,"hsa-miR-217-5p","ACUGCAU",7,"targetscan","","hsa-miR-217","PRR3","80742","ENSG00000204576","-0.302","predicted"
1,"hsa-miR-217-5p","ACUGCAU",7,"targetscan","","hsa-miR-217","TRIM64B","642446","ENSG00000189253","-0.302","predicted"
1,"hsa-miR-217-5p","ACUGCAU",7,"targetscan","","hsa-miR-217","PIGY","84992","ENSG00000255072","-0.302","predicted"
1,"hsa-miR-217-5p","ACUGCAU",7,"targetscan","","hsa-miR-217","PHF6","84295","ENSG00000156531","-0.303","predicted"
1,"hsa-miR-217-5p","ACUGCAU",7,"targetscan","","hsa-miR-217","DENR","8562","ENSG00000139726","-0.303","predicted"
1,"hsa-miR-217-5p","ACUGCAU",7,"targetscan","","hsa-miR-217","RAB4A","5867","ENSG00000168118","-0.303","predicted"
1,"hsa-miR-217-5p","ACUGCAU",7,"targetscan","","hsa-miR-217","ENAH","55740","ENSG00000154380","-0.304","predicted"
1,"hsa-miR-217-5p","ACUGCAU",7,"targetscan","","hsa-miR-217","EFHC2","80258","ENSG00000183690","-0.304","predicted"
1,"hsa-miR-217-5p","ACUGCAU",7,"targetscan","","hsa-miR-217","CYB5B","80777","ENSG00000103018","-0.305","predicted"
1,"hsa-miR-217-5p","ACUGCAU",7,"targetscan","","hsa-miR-217","ARMH4","145407","ENSG00000139971","-0.305","predicted"
1,"hsa-miR-217-5p","ACUGCAU",7,"targetscan","","hsa-miR-217","MPDZ","8777","ENSG00000107186","-0.306","predicted"
1,"hsa-miR-217-5p","ACUGCAU",7,"targetscan","","hsa-miR-217","HBS1L","10767","ENSG00000112339","-0.306","predicted"
1,"hsa-miR-217-5p","ACUGCAU",7,"targetscan","","hsa-miR-217","BTN3A1","11119","ENSG00000026950","-0.306","predicted"
1,"hsa-miR-217-5p","ACUGCAU",7,"targetscan","","hsa-miR-217","STEAP3","55240","ENSG00000115107","-0.306","predicted"
1,"hsa-miR-217-5p","ACUGCAU",7,"targetscan","","hsa-miR-217","ZNF682","91120","ENSG00000197124","-0.306","predicted"
1,"hsa-miR-217-5p","ACUGCAU",7,"targetscan","","hsa-miR-217","CLEC7A","64581","ENSG00000172243","-0.306","predicted"
1,"hsa-miR-217-5p","ACUGCAU",7,"targetscan","","hsa-miR-217","TEX9","374618","ENSG00000151575","-0.306","predicted"
1,"hsa-miR-217-5p","ACUGCAU",7,"targetscan","","hsa-miR-217","IKBIP","121457","ENSG00000166130","-0.307","predicted"
1,"hsa-miR-217-5p","ACUGCAU",7,"targetscan","","hsa-miR-217","MTURN","222166","ENSG00000180354","-0.307","predicted"
1,"hsa-miR-217-5p","ACUGCAU",7,"targetscan","","hsa-miR-217","TXNDC16","57544","ENSG00000087301","-0.308","predicted"
1,"hsa-miR-217-5p","ACUGCAU",7,"targetscan","","hsa-miR-217","CADPS2","93664","ENSG00000081803","-0.308","predicted"
1,"hsa-miR-217-5p","ACUGCAU",7,"targetscan","","hsa-miR-217","GLUD2","2747","ENSG00000182890","-0.308","predicted"
1,"hsa-miR-217-5p","ACUGCAU",7,"targetscan","","hsa-miR-217","ZNF257","113835","ENSG00000197134","-0.309","predicted"
1,"hsa-miR-217-5p","ACUGCAU",7,"targetscan","","hsa-miR-217","CTDSPL2","51496","ENSG00000137770","-0.31","predicted"
1,"hsa-miR-217-5p","ACUGCAU",7,"targetscan","","hsa-miR-217","PTTG1IP","754","ENSG00000183255","-0.311","predicted"
1,"hsa-miR-217-5p","ACUGCAU",7,"targetscan","","hsa-miR-217","YAF2","10138","ENSG00000015153","-0.311","predicted"
1,"hsa-miR-217-5p","ACUGCAU",7,"targetscan","","hsa-miR-217","SMIM15","643155","ENSG00000188725","-0.311","predicted"
1,"hsa-miR-217-5p","ACUGCAU",7,"targetscan","","hsa-miR-217","PLA2G2C","391013","ENSG00000187980","-0.311","predicted"
1,"hsa-miR-217-5p","ACUGCAU",7,"targetscan","","hsa-miR-217","MRPS28","28957","ENSG00000147586","-0.312","predicted"
1,"hsa-miR-217-5p","ACUGCAU",7,"targetscan","","hsa-miR-217","DHX40","79665","ENSG00000108406","-0.312","predicted"
1,"hsa-miR-217-5p","ACUGCAU",7,"targetscan","","hsa-miR-217","MRPL42","28977","ENSG00000198015","-0.313","predicted"
1,"hsa-miR-217-5p","ACUGCAU",7,"targetscan","","hsa-miR-217","SLC39A12","221074","ENSG00000148482","-0.313","predicted"
1,"hsa-miR-217-5p","ACUGCAU",7,"targetscan","","hsa-miR-217","PBX2","5089","ENSG00000204304","-0.313","predicted"
1,"hsa-miR-217-5p","ACUGCAU",7,"targetscan","","hsa-miR-217","PELO","53918","ENSG00000152684","-0.314","predicted"
1,"hsa-miR-217-5p","ACUGCAU",7,"targetscan","","hsa-miR-217","FBXO48","554251","ENSG00000204923","-0.315","predicted"
1,"hsa-miR-217-5p","ACUGCAU",7,"targetscan","","hsa-miR-217","TM9SF3","56889","ENSG00000077147","-0.317","predicted"
1,"hsa-miR-217-5p","ACUGCAU",7,"targetscan","","hsa-miR-217","PROSER1","80209","ENSG00000120685","-0.317","predicted"
1,"hsa-miR-217-5p","ACUGCAU",7,"targetscan","","hsa-miR-217","ATP11C","286410","ENSG00000101974","-0.317","predicted"
1,"hsa-miR-217-5p","ACUGCAU",7,"targetscan","","hsa-miR-217","ATP1B1","481","ENSG00000143153","-0.319","predicted"
1,"hsa-miR-217-5p","ACUGCAU",7,"targetscan","","hsa-miR-217","SLC15A2","6565","ENSG00000163406","-0.319","predicted"
1,"hsa-miR-217-5p","ACUGCAU",7,"targetscan","","hsa-miR-217","ITM2B","9445","ENSG00000136156","-0.32","predicted"
1,"hsa-miR-217-5p","ACUGCAU",7,"targetscan","","hsa-miR-217","GOPC","57120","ENSG00000047932","-0.32","predicted"
1,"hsa-miR-217-5p","ACUGCAU",7,"targetscan","","hsa-miR-217","SNRNP27","11017","ENSG00000124380","-0.32","predicted"
1,"hsa-miR-217-5p","ACUGCAU",7,"targetscan","","hsa-miR-217","SEC11A","23478","ENSG00000140612","-0.321","predicted"
1,"hsa-miR-217-5p","ACUGCAU",7,"targetscan","","hsa-miR-217","C1orf52","148423","ENSG00000162642","-0.322","predicted"
1,"hsa-miR-217-5p","ACUGCAU",7,"targetscan","","hsa-miR-217","DNAJC5","80331","ENSG00000101152","-0.324","predicted"
1,"hsa-miR-217-5p","ACUGCAU",7,"targetscan","","hsa-miR-217","TMED2","10959","ENSG00000086598","-0.325","predicted"
1,"hsa-miR-217-5p","ACUGCAU",7,"targetscan","","hsa-miR-217","BTC","685","ENSG00000174808","-0.327","predicted"
1,"hsa-miR-217-5p","ACUGCAU",7,"targetscan","","hsa-miR-217","MMGT1","93380","ENSG00000169446","-0.327","predicted"
1,"hsa-miR-217-5p","ACUGCAU",7,"targetscan","","hsa-miR-217","ZMPSTE24","10269","ENSG00000084073","-0.328","predicted"
1,"hsa-miR-217-5p","ACUGCAU",7,"targetscan","","hsa-miR-217","DEUP1","159989","ENSG00000165325","-0.328","predicted"
1,"hsa-miR-217-5p","ACUGCAU",7,"targetscan","","hsa-miR-217","TOMM20","9804","ENSG00000173726","-0.329","predicted"
1,"hsa-miR-217-5p","ACUGCAU",7,"targetscan","","hsa-miR-217","STAU2","27067","ENSG00000040341","-0.329","predicted"
1,"hsa-miR-217-5p","ACUGCAU",7,"targetscan","","hsa-miR-217","ZPBP2","124626","ENSG00000186075","-0.329","predicted"
1,"hsa-miR-217-5p","ACUGCAU",7,"targetscan","","hsa-miR-217","LIPF","8513","ENSG00000182333","-0.329","predicted"
1,"hsa-miR-217-5p","ACUGCAU",7,"targetscan","","hsa-miR-217","ENTR1","10807","ENSG00000165689","-0.329","predicted"
1,"hsa-miR-217-5p","ACUGCAU",7,"targetscan","","hsa-miR-217","CILK1","22858","ENSG00000112144","-0.329","predicted"
1,"hsa-miR-217-5p","ACUGCAU",7,"targetscan","","hsa-miR-217","PSMA8","143471","ENSG00000154611","-0.33","predicted"
1,"hsa-miR-217-5p","ACUGCAU",7,"targetscan","","hsa-miR-217","SENP6","26054","ENSG00000112701","-0.33","predicted"
1,"hsa-miR-217-5p","ACUGCAU",7,"targetscan","","hsa-miR-217","AP005482.1","","ENSG00000215527","-0.33","predicted"
1,"hsa-miR-217-5p","ACUGCAU",7,"targetscan","","hsa-miR-217","ZNF429","353088","ENSG00000197013","-0.331","predicted"
1,"hsa-miR-217-5p","ACUGCAU",7,"targetscan","","hsa-miR-217","TMSB4X","7114","ENSG00000205542","-0.332","predicted"
1,"hsa-miR-217-5p","ACUGCAU",7,"targetscan","","hsa-miR-217","LIN9","286826","ENSG00000183814","-0.332","predicted"
1,"hsa-miR-217-5p","ACUGCAU",7,"targetscan","","hsa-miR-217","AMHR2","269","ENSG00000135409","-0.333","predicted"
1,"hsa-miR-217-5p","ACUGCAU",7,"targetscan","","hsa-miR-217","SRP19","6728","ENSG00000153037","-0.333","predicted"
1,"hsa-miR-217-5p","ACUGCAU",7,"targetscan","","hsa-miR-217","C5orf24","134553","ENSG00000181904","-0.333","predicted"
1,"hsa-miR-217-5p","ACUGCAU",7,"targetscan","","hsa-miR-217","COX5A","9377","ENSG00000178741","-0.334","predicted"
1,"hsa-miR-217-5p","ACUGCAU",7,"targetscan","","hsa-miR-217","ACER3","55331","ENSG00000078124","-0.334","predicted"
1,"hsa-miR-217-5p","ACUGCAU",7,"targetscan","","hsa-miR-217","ISCA2","122961","ENSG00000165898","-0.334","predicted"
1,"hsa-miR-217-5p","ACUGCAU",7,"targetscan","","hsa-miR-217","GLRA1","2741","ENSG00000145888","-0.335","predicted"
1,"hsa-miR-217-5p","ACUGCAU",7,"targetscan","","hsa-miR-217","FHIT","2272","ENSG00000189283","-0.335","predicted"
1,"hsa-miR-217-5p","ACUGCAU",7,"targetscan","","hsa-miR-217","PKIB","5570","ENSG00000135549","-0.336","predicted"
1,"hsa-miR-217-5p","ACUGCAU",7,"targetscan","","hsa-miR-217","KTI12","112970","ENSG00000198841","-0.336","predicted"
1,"hsa-miR-217-5p","ACUGCAU",7,"targetscan","","hsa-miR-217","GMFB","2764","ENSG00000197045","-0.337","predicted"
1,"hsa-miR-217-5p","ACUGCAU",7,"targetscan","","hsa-miR-217","NF1","4763","ENSG00000196712","-0.337","predicted"
1,"hsa-miR-217-5p","ACUGCAU",7,"targetscan","","hsa-miR-217","YWHAB","7529","ENSG00000166913","-0.337","predicted"
1,"hsa-miR-217-5p","ACUGCAU",7,"targetscan","","hsa-miR-217","C8orf34","116328","ENSG00000165084","-0.338","predicted"
1,"hsa-miR-217-5p","ACUGCAU",7,"targetscan","","hsa-miR-217","FOXL2NB","401089","ENSG00000206262","-0.338","predicted"
1,"hsa-miR-217-5p","ACUGCAU",7,"targetscan","","hsa-miR-217","GKAP1","80318","ENSG00000165113","-0.339","predicted"
1,"hsa-miR-217-5p","ACUGCAU",7,"targetscan","","hsa-miR-217","CTXN3","613212","ENSG00000205279","-0.339","predicted"
1,"hsa-miR-217-5p","ACUGCAU",7,"targetscan","","hsa-miR-217","CRBN","51185","ENSG00000113851","-0.339","predicted"
1,"hsa-miR-217-5p","ACUGCAU",7,"targetscan","","hsa-miR-217","FBN2","2201","ENSG00000138829","-0.34","predicted"
1,"hsa-miR-217-5p","ACUGCAU",7,"targetscan","","hsa-miR-217","EFNA5","1946","ENSG00000184349","-0.34","predicted"
1,"hsa-miR-217-5p","ACUGCAU",7,"targetscan","","hsa-miR-217","SNRPC","6631","ENSG00000124562","-0.34","predicted"
1,"hsa-miR-217-5p","ACUGCAU",7,"targetscan","","hsa-miR-217","NANP","140838","ENSG00000170191","-0.34","predicted"
1,"hsa-miR-217-5p","ACUGCAU",7,"targetscan","","hsa-miR-217","CHRAC1","54108","ENSG00000104472","-0.341","predicted"
1,"hsa-miR-217-5p","ACUGCAU",7,"targetscan","","hsa-miR-217","FGF10","2255","ENSG00000070193","-0.342","predicted"
1,"hsa-miR-217-5p","ACUGCAU",7,"targetscan","","hsa-miR-217","GPR15","2838","ENSG00000154165","-0.342","predicted"
1,"hsa-miR-217-5p","ACUGCAU",7,"targetscan","","hsa-miR-217","MRPL27","51264","ENSG00000108826","-0.343","predicted"
1,"hsa-miR-217-5p","ACUGCAU",7,"targetscan","","hsa-miR-217","MEIG1","644890","ENSG00000197889","-0.343","predicted"
1,"hsa-miR-217-5p","ACUGCAU",7,"targetscan","","hsa-miR-217","HTR3A","3359","ENSG00000166736","-0.344","predicted"
1,"hsa-miR-217-5p","ACUGCAU",7,"targetscan","","hsa-miR-217","TIFA","92610","ENSG00000145365","-0.344","predicted"
1,"hsa-miR-217-5p","ACUGCAU",7,"targetscan","","hsa-miR-217","ZNF100","163227","ENSG00000197020","-0.344","predicted"
1,"hsa-miR-217-5p","ACUGCAU",7,"targetscan","","hsa-miR-217","GPM6A","2823","ENSG00000150625","-0.345","predicted"
1,"hsa-miR-217-5p","ACUGCAU",7,"targetscan","","hsa-miR-217","SKA3","221150","ENSG00000165480","-0.345","predicted"
1,"hsa-miR-217-5p","ACUGCAU",7,"targetscan","","hsa-miR-217","COX18","285521","ENSG00000163626","-0.346","predicted"
1,"hsa-miR-217-5p","ACUGCAU",7,"targetscan","","hsa-miR-217","RILPL1","353116","ENSG00000188026","-0.346","predicted"
1,"hsa-miR-217-5p","ACUGCAU",7,"targetscan","","hsa-miR-217","UCP1","7350","ENSG00000109424","-0.346","predicted"
1,"hsa-miR-217-5p","ACUGCAU",7,"targetscan","","hsa-miR-217","SFT2D3","84826","ENSG00000173349","-0.347","predicted"
1,"hsa-miR-217-5p","ACUGCAU",7,"targetscan","","hsa-miR-217","KRTAP4-5","85289","ENSG00000198271","-0.348","predicted"
1,"hsa-miR-217-5p","ACUGCAU",7,"targetscan","","hsa-miR-217","TMEM65","157378","ENSG00000164983","-0.349","predicted"
1,"hsa-miR-217-5p","ACUGCAU",7,"targetscan","","hsa-miR-217","CABCOCO1","219621","ENSG00000183346","-0.349","predicted"
1,"hsa-miR-217-5p","ACUGCAU",7,"targetscan","","hsa-miR-217","NAP1L2","4674","ENSG00000186462","-0.351","predicted"
1,"hsa-miR-217-5p","ACUGCAU",7,"targetscan","","hsa-miR-217","AGGF1","55109","ENSG00000164252","-0.351","predicted"
1,"hsa-miR-217-5p","ACUGCAU",7,"targetscan","","hsa-miR-217","SCO1","6341","ENSG00000133028","-0.351","predicted"
1,"hsa-miR-217-5p","ACUGCAU",7,"targetscan","","hsa-miR-217","CXCL2","2920","ENSG00000081041","-0.352","predicted"
1,"hsa-miR-217-5p","ACUGCAU",7,"targetscan","","hsa-miR-217","GPC5","2262","ENSG00000179399","-0.352","predicted"
1,"hsa-miR-217-5p","ACUGCAU",7,"targetscan","","hsa-miR-217","RBMX2","51634","ENSG00000134597","-0.353","predicted"
1,"hsa-miR-217-5p","ACUGCAU",7,"targetscan","","hsa-miR-217","RTN4IP1","84816","ENSG00000130347","-0.353","predicted"
1,"hsa-miR-217-5p","ACUGCAU",7,"targetscan","","hsa-miR-217","MPIG6B","80739","ENSG00000204420","-0.353","predicted"
1,"hsa-miR-217-5p","ACUGCAU",7,"targetscan","","hsa-miR-217","HNF1B","","ENSG00000108753","-0.353","predicted"
1,"hsa-miR-217-5p","ACUGCAU",7,"targetscan","","hsa-miR-217","AP3S1","1176","ENSG00000177879","-0.354","predicted"
1,"hsa-miR-217-5p","ACUGCAU",7,"targetscan","","hsa-miR-217","SLC25A52","147407","ENSG00000141437","-0.355","predicted"
1,"hsa-miR-217-5p","ACUGCAU",7,"targetscan","","hsa-miR-217","SEC23IP","11196","ENSG00000107651","-0.356","predicted"
1,"hsa-miR-217-5p","ACUGCAU",7,"targetscan","","hsa-miR-217","","","ENSG00000267168","-0.356","predicted"
1,"hsa-miR-217-5p","ACUGCAU",7,"targetscan","","hsa-miR-217","CHPF","79586","ENSG00000123989","-0.357","predicted"
1,"hsa-miR-217-5p","ACUGCAU",7,"targetscan","","hsa-miR-217","NICN1","84276","ENSG00000145029","-0.357","predicted"
1,"hsa-miR-217-5p","ACUGCAU",7,"targetscan","","hsa-miR-217","TEX9","374618","ENSG00000151575","-0.357","predicted"
1,"hsa-miR-217-5p","ACUGCAU",7,"targetscan","","hsa-miR-217","TRIQK","286144","ENSG00000205133","-0.358","predicted"
1,"hsa-miR-217-5p","ACUGCAU",7,"targetscan","","hsa-miR-217","PCGF5","84333","ENSG00000180628","-0.359","predicted"
1,"hsa-miR-217-5p","ACUGCAU",7,"targetscan","","hsa-miR-217","TMEM263","90488","ENSG00000151135","-0.359","predicted"
1,"hsa-miR-217-5p","ACUGCAU",7,"targetscan","","hsa-miR-217","RBM33","155435","ENSG00000184863","-0.36","predicted"
1,"hsa-miR-217-5p","ACUGCAU",7,"targetscan","","hsa-miR-217","OR11L1","391189","ENSG00000197591","-0.361","predicted"
1,"hsa-miR-217-5p","ACUGCAU",7,"targetscan","","hsa-miR-217","FN3KRP","79672","ENSG00000141560","-0.362","predicted"
1,"hsa-miR-217-5p","ACUGCAU",7,"targetscan","","hsa-miR-217","STT3A","3703","ENSG00000134910","-0.363","predicted"
1,"hsa-miR-217-5p","ACUGCAU",7,"targetscan","","hsa-miR-217","PCNA","5111","ENSG00000132646","-0.364","predicted"
1,"hsa-miR-217-5p","ACUGCAU",7,"targetscan","","hsa-miR-217","PFDN1","5201","ENSG00000113068","-0.364","predicted"
1,"hsa-miR-217-5p","ACUGCAU",7,"targetscan","","hsa-miR-217","CROT","54677","ENSG00000005469","-0.364","predicted"
1,"hsa-miR-217-5p","ACUGCAU",7,"targetscan","","hsa-miR-217","ARHGAP40","343578","ENSG00000124143","-0.364","predicted"
1,"hsa-miR-217-5p","ACUGCAU",7,"targetscan","","hsa-miR-217","RHOXF2B","727940","ENSG00000203989","-0.365","predicted"
1,"hsa-miR-217-5p","ACUGCAU",7,"targetscan","","hsa-miR-217","ZNF669","79862","ENSG00000188295","-0.365","predicted"
1,"hsa-miR-217-5p","ACUGCAU",7,"targetscan","","hsa-miR-217","SNRNP27","11017","ENSG00000124380","-0.365","predicted"
1,"hsa-miR-217-5p","ACUGCAU",7,"targetscan","","hsa-miR-217","WDR48","57599","ENSG00000114742","-0.365","predicted"
1,"hsa-miR-217-5p","ACUGCAU",7,"targetscan","","hsa-miR-217","PAGE3","139793","ENSG00000204279","-0.365","predicted"
1,"hsa-miR-217-5p","ACUGCAU",7,"targetscan","","hsa-miR-217","IVNS1ABP","10625","ENSG00000116679","-0.366","predicted"
1,"hsa-miR-217-5p","ACUGCAU",7,"targetscan","","hsa-miR-217","GTF2H2C","728340","ENSG00000183474","-0.366","predicted"
1,"hsa-miR-217-5p","ACUGCAU",7,"targetscan","","hsa-miR-217","ZNF721","170960","ENSG00000182903","-0.367","predicted"
1,"hsa-miR-217-5p","ACUGCAU",7,"targetscan","","hsa-miR-217","TBP","6908","ENSG00000112592","-0.371","predicted"
1,"hsa-miR-217-5p","ACUGCAU",7,"targetscan","","hsa-miR-217","KIAA0408","9729","ENSG00000189367","-0.371","predicted"
1,"hsa-miR-217-5p","ACUGCAU",7,"targetscan","","hsa-miR-217","AKAIN1","642597","ENSG00000231824","-0.371","predicted"
1,"hsa-miR-217-5p","ACUGCAU",7,"targetscan","","hsa-miR-217","ARL5A","26225","ENSG00000162980","-0.372","predicted"
1,"hsa-miR-217-5p","ACUGCAU",7,"targetscan","","hsa-miR-217","TMTC4","84899","ENSG00000125247","-0.372","predicted"
1,"hsa-miR-217-5p","ACUGCAU",7,"targetscan","","hsa-miR-217","TLK1","9874","ENSG00000198586","-0.374","predicted"
1,"hsa-miR-217-5p","ACUGCAU",7,"targetscan","","hsa-miR-217","CD59","966","ENSG00000085063","-0.376","predicted"
1,"hsa-miR-217-5p","ACUGCAU",7,"targetscan","","hsa-miR-217","ANG","283","ENSG00000214274","-0.376","predicted"
1,"hsa-miR-217-5p","ACUGCAU",7,"targetscan","","hsa-miR-217","CUL4B","8450","ENSG00000158290","-0.376","predicted"
1,"hsa-miR-217-5p","ACUGCAU",7,"targetscan","","hsa-miR-217","RAC1","5879","ENSG00000136238","-0.378","predicted"
1,"hsa-miR-217-5p","ACUGCAU",7,"targetscan","","hsa-miR-217","ZNF302","55900","ENSG00000089335","-0.378","predicted"
1,"hsa-miR-217-5p","ACUGCAU",7,"targetscan","","hsa-miR-217","SPOPL","339745","ENSG00000144228","-0.378","predicted"
1,"hsa-miR-217-5p","ACUGCAU",7,"targetscan","","hsa-miR-217","ACOT12","134526","ENSG00000172497","-0.379","predicted"
1,"hsa-miR-217-5p","ACUGCAU",7,"targetscan","","hsa-miR-217","CACHD1","57685","ENSG00000158966","-0.38","predicted"
1,"hsa-miR-217-5p","ACUGCAU",7,"targetscan","","hsa-miR-217","SLC38A2","54407","ENSG00000134294","-0.382","predicted"
1,"hsa-miR-217-5p","ACUGCAU",7,"targetscan","","hsa-miR-217","CXCL14","9547","ENSG00000145824","-0.383","predicted"
1,"hsa-miR-217-5p","ACUGCAU",7,"targetscan","","hsa-miR-217","ZNF667","63934","ENSG00000198046","-0.385","predicted"
1,"hsa-miR-217-5p","ACUGCAU",7,"targetscan","","hsa-miR-217","PPP4R2","151987","ENSG00000163605","-0.386","predicted"
1,"hsa-miR-217-5p","ACUGCAU",7,"targetscan","","hsa-miR-217","GUCY1A1","2982","ENSG00000164116","-0.386","predicted"
1,"hsa-miR-217-5p","ACUGCAU",7,"targetscan","","hsa-miR-217","ESCO1","114799","ENSG00000141446","-0.387","predicted"
1,"hsa-miR-217-5p","ACUGCAU",7,"targetscan","","hsa-miR-217","COX18","285521","ENSG00000163626","-0.387","predicted"
1,"hsa-miR-217-5p","ACUGCAU",7,"targetscan","","hsa-miR-217","GLRB","2743","ENSG00000109738","-0.388","predicted"
1,"hsa-miR-217-5p","ACUGCAU",7,"targetscan","","hsa-miR-217","TACC2","10579","ENSG00000138162","-0.39","predicted"
1,"hsa-miR-217-5p","ACUGCAU",7,"targetscan","","hsa-miR-217","SURF4","6836","ENSG00000148248","-0.39","predicted"
1,"hsa-miR-217-5p","ACUGCAU",7,"targetscan","","hsa-miR-217","HMGN3","9324","ENSG00000118418","-0.39","predicted"
1,"hsa-miR-217-5p","ACUGCAU",7,"targetscan","","hsa-miR-217","PNRC2","55629","ENSG00000189266","-0.393","predicted"
1,"hsa-miR-217-5p","ACUGCAU",7,"targetscan","","hsa-miR-217","CDKN2B","1030","ENSG00000147883","-0.396","predicted"
1,"hsa-miR-217-5p","ACUGCAU",7,"targetscan","","hsa-miR-217","CLCF1","23529","ENSG00000175505","-0.396","predicted"
1,"hsa-miR-217-5p","ACUGCAU",7,"targetscan","","hsa-miR-217","ZNF616","90317","ENSG00000204611","-0.396","predicted"
1,"hsa-miR-217-5p","ACUGCAU",7,"targetscan","","hsa-miR-217","YTHDC1","91746","ENSG00000083896","-0.398","predicted"
1,"hsa-miR-217-5p","ACUGCAU",7,"targetscan","","hsa-miR-217","LINC03042","","ENSG00000196166","-0.398","predicted"
1,"hsa-miR-217-5p","ACUGCAU",7,"targetscan","","hsa-miR-217","SDC2","6383","ENSG00000169439","-0.399","predicted"
1,"hsa-miR-217-5p","ACUGCAU",7,"targetscan","","hsa-miR-217","EPC1","80314","ENSG00000120616","-0.4","predicted"
1,"hsa-miR-217-5p","ACUGCAU",7,"targetscan","","hsa-miR-217","PINK1","65018","ENSG00000158828","-0.4","predicted"
1,"hsa-miR-217-5p","ACUGCAU",7,"targetscan","","hsa-miR-217","MRPL33","9553","ENSG00000243147","-0.402","predicted"
1,"hsa-miR-217-5p","ACUGCAU",7,"targetscan","","hsa-miR-217","NEXN","91624","ENSG00000162614","-0.405","predicted"
1,"hsa-miR-217-5p","ACUGCAU",7,"targetscan","","hsa-miR-217","TOPORS","10210","ENSG00000197579","-0.406","predicted"
1,"hsa-miR-217-5p","ACUGCAU",7,"targetscan","","hsa-miR-217","PPM1D","8493","ENSG00000170836","-0.407","predicted"
1,"hsa-miR-217-5p","ACUGCAU",7,"targetscan","","hsa-miR-217","URB2","9816","ENSG00000135763","-0.407","predicted"
1,"hsa-miR-217-5p","ACUGCAU",7,"targetscan","","hsa-miR-217","ATP1B1","481","ENSG00000143153","-0.408","predicted"
1,"hsa-miR-217-5p","ACUGCAU",7,"targetscan","","hsa-miR-217","SLC6A3","6531","ENSG00000142319","-0.408","predicted"
1,"hsa-miR-217-5p","ACUGCAU",7,"targetscan","","hsa-miR-217","SELENOP","6414","ENSG00000250722","-0.409","predicted"
1,"hsa-miR-217-5p","ACUGCAU",7,"targetscan","","hsa-miR-217","POU3F3","5455","ENSG00000198914","-0.411","predicted"
1,"hsa-miR-217-5p","ACUGCAU",7,"targetscan","","hsa-miR-217","ATG7","10533","ENSG00000197548","-0.414","predicted"
1,"hsa-miR-217-5p","ACUGCAU",7,"targetscan","","hsa-miR-217","TWSG1","57045","ENSG00000128791","-0.414","predicted"
1,"hsa-miR-217-5p","ACUGCAU",7,"targetscan","","hsa-miR-217","CCNYL1","151195","ENSG00000163249","-0.414","predicted"
1,"hsa-miR-217-5p","ACUGCAU",7,"targetscan","","hsa-miR-217","MCUB","55013","ENSG00000005059","-0.415","predicted"
1,"hsa-miR-217-5p","ACUGCAU",7,"targetscan","","hsa-miR-217","IPO11","51194","ENSG00000086200","-0.417","predicted"
1,"hsa-miR-217-5p","ACUGCAU",7,"targetscan","","hsa-miR-217","CARD16","114769","ENSG00000204397","-0.417","predicted"
1,"hsa-miR-217-5p","ACUGCAU",7,"targetscan","","hsa-miR-217","SUB1","10923","ENSG00000113387","-0.419","predicted"
1,"hsa-miR-217-5p","ACUGCAU",7,"targetscan","","hsa-miR-217","WDR77","79084","ENSG00000116455","-0.419","predicted"
1,"hsa-miR-217-5p","ACUGCAU",7,"targetscan","","hsa-miR-217","DPH6","89978","ENSG00000134146","-0.42","predicted"
1,"hsa-miR-217-5p","ACUGCAU",7,"targetscan","","hsa-miR-217","ZDHHC5","25921","ENSG00000156599","-0.421","predicted"
1,"hsa-miR-217-5p","ACUGCAU",7,"targetscan","","hsa-miR-217","ATP13A4","84239","ENSG00000127249","-0.421","predicted"
1,"hsa-miR-217-5p","ACUGCAU",7,"targetscan","","hsa-miR-217","DACT1","51339","ENSG00000165617","-0.423","predicted"
1,"hsa-miR-217-5p","ACUGCAU",7,"targetscan","","hsa-miR-217","SCAMP1","9522","ENSG00000085365","-0.426","predicted"
1,"hsa-miR-217-5p","ACUGCAU",7,"targetscan","","hsa-miR-217","KRT35","3886","ENSG00000197079","-0.426","predicted"
1,"hsa-miR-217-5p","ACUGCAU",7,"targetscan","","hsa-miR-217","GAR1","54433","ENSG00000109534","-0.427","predicted"
1,"hsa-miR-217-5p","ACUGCAU",7,"targetscan","","hsa-miR-217","ZNF92","168374","ENSG00000146757","-0.428","predicted"
1,"hsa-miR-217-5p","ACUGCAU",7,"targetscan","","hsa-miR-217","ANLN","54443","ENSG00000011426","-0.429","predicted"
1,"hsa-miR-217-5p","ACUGCAU",7,"targetscan","","hsa-miR-217","GTF2H2","2966","ENSG00000145736","-0.43","predicted"
1,"hsa-miR-217-5p","ACUGCAU",7,"targetscan","","hsa-miR-217","GTF2H2","728340","ENSG00000145736","-0.43","predicted"
1,"hsa-miR-217-5p","ACUGCAU",7,"targetscan","","hsa-miR-217","ANP32E","81611","ENSG00000143401","-0.431","predicted"
1,"hsa-miR-217-5p","ACUGCAU",7,"targetscan","","hsa-miR-217","ALDH16A1","126133","ENSG00000161618","-0.431","predicted"
1,"hsa-miR-217-5p","ACUGCAU",7,"targetscan","","hsa-miR-217","AC135178.1","","ENSG00000198150","-0.431","predicted"
1,"hsa-miR-217-5p","ACUGCAU",7,"targetscan","","hsa-miR-217","BAG3","9531","ENSG00000151929","-0.432","predicted"
1,"hsa-miR-217-5p","ACUGCAU",7,"targetscan","","hsa-miR-217","MRPL9","65005","ENSG00000143436","-0.433","predicted"
1,"hsa-miR-217-5p","ACUGCAU",7,"targetscan","","hsa-miR-217","ZNF354B","117608","ENSG00000178338","-0.436","predicted"
1,"hsa-miR-217-5p","ACUGCAU",7,"targetscan","","hsa-miR-217","IAPP","3375","ENSG00000121351","-0.439","predicted"
1,"hsa-miR-217-5p","ACUGCAU",7,"targetscan","","hsa-miR-217","CCT6B","10693","ENSG00000132141","-0.439","predicted"
1,"hsa-miR-217-5p","ACUGCAU",7,"targetscan","","hsa-miR-217","UBL3","5412","ENSG00000122042","-0.44","predicted"
1,"hsa-miR-217-5p","ACUGCAU",7,"targetscan","","hsa-miR-217","RABL3","285282","ENSG00000144840","-0.44","predicted"
1,"hsa-miR-217-5p","ACUGCAU",7,"targetscan","","hsa-miR-217","SEMA3A","10371","ENSG00000075213","-0.44","predicted"
1,"hsa-miR-217-5p","ACUGCAU",7,"targetscan","","hsa-miR-217","FIGLA","344018","ENSG00000183733","-0.44","predicted"
1,"hsa-miR-217-5p","ACUGCAU",7,"targetscan","","hsa-miR-217","BEND6","221336","ENSG00000151917","-0.449","predicted"
1,"hsa-miR-217-5p","ACUGCAU",7,"targetscan","","hsa-miR-217","LINC03010","","ENSG00000218672","-0.45","predicted"
1,"hsa-miR-217-5p","ACUGCAU",7,"targetscan","","hsa-miR-217","LINC02914","283598","ENSG00000176605","-0.451","predicted"
1,"hsa-miR-217-5p","ACUGCAU",7,"targetscan","","hsa-miR-217","ZNF443","10224","ENSG00000180855","-0.454","predicted"
1,"hsa-miR-217-5p","ACUGCAU",7,"targetscan","","hsa-miR-217","RTN1","6252","ENSG00000139970","-0.454","predicted"
1,"hsa-miR-217-5p","ACUGCAU",7,"targetscan","","hsa-miR-217","DACH2","117154","ENSG00000126733","-0.457","predicted"
1,"hsa-miR-217-5p","ACUGCAU",7,"targetscan","","hsa-miR-217","SLC66A3","130814","ENSG00000162976","-0.46","predicted"
1,"hsa-miR-217-5p","ACUGCAU",7,"targetscan","","hsa-miR-217","USP27X","","ENSG00000242013","-0.462","predicted"
1,"hsa-miR-217-5p","ACUGCAU",7,"targetscan","","hsa-miR-217","CD300LD","100131439","ENSG00000204345","-0.463","predicted"
1,"hsa-miR-217-5p","ACUGCAU",7,"targetscan","","hsa-miR-217","SCAMP1","9522","ENSG00000085365","-0.466","predicted"
1,"hsa-miR-217-5p","ACUGCAU",7,"targetscan","","hsa-miR-217","KLHL10","317719","ENSG00000161594","-0.474","predicted"
1,"hsa-miR-217-5p","ACUGCAU",7,"targetscan","","hsa-miR-217","CES4A","283848","ENSG00000172824","-0.476","predicted"
1,"hsa-miR-217-5p","ACUGCAU",7,"targetscan","","hsa-miR-217","GHITM","27069","ENSG00000165678","-0.478","predicted"
1,"hsa-miR-217-5p","ACUGCAU",7,"targetscan","","hsa-miR-217","TNFSF11","8600","ENSG00000120659","-0.481","predicted"
1,"hsa-miR-217-5p","ACUGCAU",7,"targetscan","","hsa-miR-217","TUBB6","84617","ENSG00000176014","-0.483","predicted"
1,"hsa-miR-217-5p","ACUGCAU",7,"targetscan","","hsa-miR-217","MORF4L2","9643","ENSG00000123562","-0.484","predicted"
1,"hsa-miR-217-5p","ACUGCAU",7,"targetscan","","hsa-miR-217","KCNMB3","27094","ENSG00000171121","-0.484","predicted"
1,"hsa-miR-217-5p","ACUGCAU",7,"targetscan","","hsa-miR-217","SPATA22","84690","ENSG00000141255","-0.485","predicted"
1,"hsa-miR-217-5p","ACUGCAU",7,"targetscan","","hsa-miR-217","ST8SIA6","338596","ENSG00000148488","-0.486","predicted"
1,"hsa-miR-217-5p","ACUGCAU",7,"targetscan","","hsa-miR-217","HMOX1","3162","ENSG00000100292","-0.489","predicted"
1,"hsa-miR-217-5p","ACUGCAU",7,"targetscan","","hsa-miR-217","DNA2","1763","ENSG00000138346","-0.489","predicted"
1,"hsa-miR-217-5p","ACUGCAU",7,"targetscan","","hsa-miR-217","RAB4A","5867","ENSG00000168118","-0.489","predicted"
1,"hsa-miR-217-5p","ACUGCAU",7,"targetscan","","hsa-miR-217","TMEM126B","55863","ENSG00000171204","-0.491","predicted"
1,"hsa-miR-217-5p","ACUGCAU",7,"targetscan","","hsa-miR-217","TMEM68","137695","ENSG00000167904","-0.495","predicted"
1,"hsa-miR-217-5p","ACUGCAU",7,"targetscan","","hsa-miR-217","LHPP","64077","ENSG00000107902","-0.496","predicted"
1,"hsa-miR-217-5p","ACUGCAU",7,"targetscan","","hsa-miR-217","TMEM178A","130733","ENSG00000152154","-0.501","predicted"
1,"hsa-miR-217-5p","ACUGCAU",7,"targetscan","","hsa-miR-217","VSNL1","7447","ENSG00000163032","-0.502","predicted"
1,"hsa-miR-217-5p","ACUGCAU",7,"targetscan","","hsa-miR-217","LAMA4","3910","ENSG00000112769","-0.509","predicted"
1,"hsa-miR-217-5p","ACUGCAU",7,"targetscan","","hsa-miR-217","EZH2","2146","ENSG00000106462","-0.51","predicted"
1,"hsa-miR-217-5p","ACUGCAU",7,"targetscan","","hsa-miR-217","TMA16","55319","ENSG00000198498","-0.51","predicted"
1,"hsa-miR-217-5p","ACUGCAU",7,"targetscan","","hsa-miR-217","GBE1","2632","ENSG00000114480","-0.521","predicted"
1,"hsa-miR-217-5p","ACUGCAU",7,"targetscan","","hsa-miR-217","LINC01558","26238","ENSG00000146521","-0.522","predicted"
1,"hsa-miR-217-5p","ACUGCAU",7,"targetscan","","hsa-miR-217","PTP4A1","7803","ENSG00000112245","-0.527","predicted"
1,"hsa-miR-217-5p","ACUGCAU",7,"targetscan","","hsa-miR-217","TEX101","83639","ENSG00000131126","-0.527","predicted"
1,"hsa-miR-217-5p","ACUGCAU",7,"targetscan","","hsa-miR-217","TMEM67","91147","ENSG00000164953","-0.527","predicted"
1,"hsa-miR-217-5p","ACUGCAU",7,"targetscan","","hsa-miR-217","AGO2","27161","ENSG00000123908","-0.546","predicted"
1,"hsa-miR-217-5p","ACUGCAU",7,"targetscan","","hsa-miR-217","LDHAL6B","92483","ENSG00000171989","-0.566","predicted"
1,"hsa-miR-217-5p","ACUGCAU",7,"targetscan","","hsa-miR-217","SURF1","6834","ENSG00000148290","-0.568","predicted"
1,"hsa-miR-217-5p","ACUGCAU",7,"targetscan","","hsa-miR-217","TDO2","6999","ENSG00000151790","-0.577","predicted"
1,"hsa-miR-217-5p","ACUGCAU",7,"targetscan","","hsa-miR-217","NSUN3","63899","ENSG00000178694","-0.577","predicted"
1,"hsa-miR-217-5p","ACUGCAU",7,"targetscan","","hsa-miR-217","DIO1","1733","ENSG00000211452","-0.583","predicted"
1,"hsa-miR-217-5p","ACUGCAU",7,"targetscan","","hsa-miR-217","MYL12A","10627","ENSG00000101608","-0.583","predicted"
1,"hsa-miR-217-5p","ACUGCAU",7,"targetscan","","hsa-miR-217","CAV3","859","ENSG00000182533","-0.585","predicted"
1,"hsa-miR-217-5p","ACUGCAU",7,"targetscan","","hsa-miR-217","POGLUT2","79070","ENSG00000134901","-0.59","predicted"
1,"hsa-miR-217-5p","ACUGCAU",7,"targetscan","","hsa-miR-217","KATNA1","11104","ENSG00000186625","-0.616","predicted"
1,"hsa-miR-217-5p","ACUGCAU",7,"targetscan","","hsa-miR-217","DDX53","168400","ENSG00000184735","-0.634","predicted"
1,"hsa-miR-217-5p","ACUGCAU",7,"targetscan","","hsa-miR-217","TMPRSS7","344805","ENSG00000176040","-0.635","predicted"
1,"hsa-miR-217-5p","ACUGCAU",7,"targetscan","","hsa-miR-217","MTERF3","51001","ENSG00000156469","-0.647","predicted"
1,"hsa-miR-217-5p","ACUGCAU",7,"targetscan","","hsa-miR-217","MYL12B","103910","ENSG00000118680","-0.653","predicted"
1,"hsa-miR-217-5p","ACUGCAU",7,"targetscan","","hsa-miR-217","ITPA","3704","ENSG00000125877","-0.674","predicted"
